ISO-10303-21;
HEADER;
FILE_DESCRIPTION (( 'STEP AP214' ),
    '1' );
FILE_NAME ('KPEG222.STEP',
    '2026-03-02T11:50:59',
    ( '' ),
    ( '' ),
    'SwSTEP 2.0',
    'SolidWorks 2024',
    '' );
FILE_SCHEMA (( 'AUTOMOTIVE_DESIGN' ));
ENDSEC;

DATA;
#1 = VERTEX_POINT ( 'NONE', #70 ) ;
#2 = DIRECTION ( 'NONE',  ( 0.000000000000000000, 0.000000000000000000, -1.000000000000000000 ) ) ;
#3 = EDGE_CURVE ( 'NONE', #778, #422, #964, .T. ) ;
#4 = FACE_OUTER_BOUND ( 'NONE', #380, .T. ) ;
#5 = LINE ( 'NONE', #265, #1350 ) ;
#6 = DIRECTION ( 'NONE',  ( -1.000000000000000000, 0.000000000000000000, 0.000000000000000000 ) ) ;
#7 = CARTESIAN_POINT ( 'NONE',  ( 0.000000000000000000, 0.000000000000000000, 0.000000000000000000 ) ) ;
#8 = AXIS2_PLACEMENT_3D ( 'NONE', #754, #1230, #235 ) ;
#9 = ORIENTED_EDGE ( 'NONE', *, *, #152, .T. ) ;
#10 = ORIENTED_EDGE ( 'NONE', *, *, #691, .F. ) ;
#11 = CYLINDRICAL_SURFACE ( 'NONE', #748, 0.4000000000000000222 ) ;
#12 = CARTESIAN_POINT ( 'NONE',  ( 0.000000000000000000, 9.900000000000000355, 8.349999999999999645 ) ) ;
#13 = CARTESIAN_POINT ( 'NONE',  ( -0.4000000000000000222, 0.000000000000000000, -7.500000000000000000 ) ) ;
#14 = EDGE_CURVE ( 'NONE', #1157, #1321, #568, .T. ) ;
#15 = FILL_AREA_STYLE ('',( #376 ) ) ;
#16 = VERTEX_POINT ( 'NONE', #941 ) ;
#17 = EDGE_LOOP ( 'NONE', ( #958, #885, #1254, #966 ) ) ;
#18 = SURFACE_STYLE_FILL_AREA ( #260 ) ;
#19 = VECTOR ( 'NONE', #1186, 1000.000000000000000 ) ;
#20 =( GEOMETRIC_REPRESENTATION_CONTEXT ( 3 ) GLOBAL_UNCERTAINTY_ASSIGNED_CONTEXT ( ( #1281 ) ) GLOBAL_UNIT_ASSIGNED_CONTEXT ( ( #288, #1167, #1013 ) ) REPRESENTATION_CONTEXT ( 'NONE', 'WORKASPACE' ) );
#21 = STYLED_ITEM ( 'NONE', ( #1237 ), #513 ) ;
#22 = DIRECTION ( 'NONE',  ( 1.000000000000000000, 0.000000000000000000, 0.000000000000000000 ) ) ;
#23 = DIRECTION ( 'NONE',  ( 0.8512597775750988527, 0.000000000000000000, -0.5247445007646988069 ) ) ;
#24 = CARTESIAN_POINT ( 'NONE',  ( -0.3238860646945000421, -0.2999999999999999889, 11.64549689008999955 ) ) ;
#25 = CARTESIAN_POINT ( 'NONE',  ( 0.4000000000000000222, 0.000000000000000000, -7.500000000000000000 ) ) ;
#26 = EDGE_CURVE ( 'NONE', #153, #1091, #307, .T. ) ;
#27 = ORIENTED_EDGE ( 'NONE', *, *, #965, .T. ) ;
#28 = PRESENTATION_LAYER_ASSIGNMENT (  '', '', ( #967 ) ) ;
#29 = VERTEX_POINT ( 'NONE', #1050 ) ;
#30 = DIRECTION ( 'NONE',  ( -0.8512597775750988527, 0.000000000000000000, -0.5247445007646988069 ) ) ;
#31 = APPLICATION_CONTEXT ( 'automotive_design' ) ;
#32 = CARTESIAN_POINT ( 'NONE',  ( -7.143614905007000360, 9.900000000000000355, 0.06689611615637999775 ) ) ;
#33 = CARTESIAN_POINT ( 'NONE',  ( 0.000000000000000000, -6.500000000000000000, -7.500000000000000000 ) ) ;
#34 = AXIS2_PLACEMENT_3D ( 'NONE', #1046, #1176, #1168 ) ;
#35 = EDGE_LOOP ( 'NONE', ( #1554, #1079, #790, #1029 ) ) ;
#36 = ORIENTED_EDGE ( 'NONE', *, *, #799, .T. ) ;
#37 = CARTESIAN_POINT ( 'NONE',  ( 0.000000000000000000, 9.900000000000000355, 0.000000000000000000 ) ) ;
#38 = CIRCLE ( 'NONE', #163, 11.24129002966999380 ) ;
#39 = EDGE_CURVE ( 'NONE', #1236, #29, #699, .T. ) ;
#40 = DIRECTION ( 'NONE',  ( 0.000000000000000000, -1.000000000000000000, 0.000000000000000000 ) ) ;
#41 = CARTESIAN_POINT ( 'NONE',  ( 0.000000000000000000, -6.500000000000000000, -7.500000000000000000 ) ) ;
#42 = VERTEX_POINT ( 'NONE', #179 ) ;
#43 = ORIENTED_EDGE ( 'NONE', *, *, #558, .F. ) ;
#44 = LINE ( 'NONE', #532, #1529 ) ;
#45 = ADVANCED_FACE ( 'NONE', ( #706 ), #1316, .T. ) ;
#46 = MECHANICAL_DESIGN_GEOMETRIC_PRESENTATION_REPRESENTATION (  '', ( #21 ), #1579 ) ;
#47 = DIRECTION ( 'NONE',  ( 1.000000000000000000, 0.000000000000000000, 0.000000000000000000 ) ) ;
#48 = COLOUR_RGB ( '',0.1098039215686274495, 0.1098039215686274495, 0.1098039215686274495 ) ;
#49 = DIRECTION ( 'NONE',  ( 0.000000000000000000, 0.000000000000000000, -1.000000000000000000 ) ) ;
#50 = ORIENTED_EDGE ( 'NONE', *, *, #730, .T. ) ;
#51 = EDGE_LOOP ( 'NONE', ( #976, #1045, #1349, #1491 ) ) ;
#52 = CARTESIAN_POINT ( 'NONE',  ( 11.65000000000000036, 0.000000000000000000, 0.000000000000000000 ) ) ;
#53 = EDGE_CURVE ( 'NONE', #85, #936, #690, .T. ) ;
#54 = DIRECTION ( 'NONE',  ( 0.000000000000000000, -1.000000000000000000, 0.000000000000000000 ) ) ;
#55 = EDGE_CURVE ( 'NONE', #645, #1328, #760, .T. ) ;
#56 = CARTESIAN_POINT ( 'NONE',  ( 0.000000000000000000, 0.5000000000000000000, 0.000000000000000000 ) ) ;
#57 = CIRCLE ( 'NONE', #263, 9.750000000000000000 ) ;
#58 = ORIENTED_EDGE ( 'NONE', *, *, #1317, .T. ) ;
#59 = AXIS2_PLACEMENT_3D ( 'NONE', #1047, #804, #1298 ) ;
#60 = FACE_BOUND ( 'NONE', #1589, .T. ) ;
#61 = CARTESIAN_POINT ( 'NONE',  ( -7.271274464256999970, 10.00000000000000000, 0.06689611615637999775 ) ) ;
#62 = CARTESIAN_POINT ( 'NONE',  ( 10.24723917885999924, -0.2999999999999999889, -5.542254885088000016 ) ) ;
#63 = CARTESIAN_POINT ( 'NONE',  ( 9.923353114162999589, 0.000000000000000000, -6.103242005001999537 ) ) ;
#64 = EDGE_CURVE ( 'NONE', #501, #1515, #1301, .T. ) ;
#65 = EDGE_LOOP ( 'NONE', ( #1305, #353, #519, #209 ) ) ;
#66 = ORIENTED_EDGE ( 'NONE', *, *, #139, .F. ) ;
#67 = FACE_BOUND ( 'NONE', #1539, .T. ) ;
#68 = DIRECTION ( 'NONE',  ( 0.000000000000000000, -1.000000000000000000, 0.000000000000000000 ) ) ;
#69 = DIRECTION ( 'NONE',  ( 0.000000000000000000, 1.000000000000000000, 0.000000000000000000 ) ) ;
#70 = CARTESIAN_POINT ( 'NONE',  ( -11.15000000000000036, 8.400000000000000355, 0.000000000000000000 ) ) ;
#71 = ADVANCED_FACE ( 'NONE', ( #1444 ), #466, .F. ) ;
#72 = ORIENTED_EDGE ( 'NONE', *, *, #820, .F. ) ;
#73 = SURFACE_STYLE_USAGE ( .BOTH. , #1322 ) ;
#74 = LINE ( 'NONE', #711, #1026 ) ;
#75 = DIRECTION ( 'NONE',  ( 0.000000000000000000, 1.000000000000000000, 0.000000000000000000 ) ) ;
#76 = DIRECTION ( 'NONE',  ( 0.000000000000000000, -1.000000000000000000, 0.000000000000000000 ) ) ;
#77 = EDGE_LOOP ( 'NONE', ( #361, #1065, #1037, #516 ) ) ;
#78 = VECTOR ( 'NONE', #498, 1000.000000000000000 ) ;
#79 = ORIENTED_EDGE ( 'NONE', *, *, #1317, .F. ) ;
#80 =( NAMED_UNIT ( * ) PLANE_ANGLE_UNIT ( ) SI_UNIT ( $, .RADIAN. ) );
#81 = EDGE_CURVE ( 'NONE', #1204, #225, #1078, .T. ) ;
#82 = DIRECTION ( 'NONE',  ( 1.000000000000000000, 0.000000000000000000, 0.000000000000000000 ) ) ;
#83 = CARTESIAN_POINT ( 'NONE',  ( -6.632976578600000117, 9.900000000000000355, -0.05810385404129000259 ) ) ;
#84 = CARTESIAN_POINT ( 'NONE',  ( 0.000000000000000000, 0.000000000000000000, 0.000000000000000000 ) ) ;
#85 = VERTEX_POINT ( 'NONE', #1547 ) ;
#86 = ORIENTED_EDGE ( 'NONE', *, *, #551, .F. ) ;
#87 = DIRECTION ( 'NONE',  ( -1.000000000000000000, 0.000000000000000000, 0.000000000000000000 ) ) ;
#88 = EDGE_CURVE ( 'NONE', #1243, #1219, #933, .T. ) ;
#89 = FACE_OUTER_BOUND ( 'NONE', #347, .T. ) ;
#90 = CARTESIAN_POINT ( 'NONE',  ( -7.143614905007000360, 9.900000000000000355, 0.5668961310575000301 ) ) ;
#91 = CARTESIAN_POINT ( 'NONE',  ( 0.000000000000000000, -0.2999999999999999889, 1.420588684613000061E-14 ) ) ;
#92 = CIRCLE ( 'NONE', #303, 8.349999999999999645 ) ;
#93 = AXIS2_PLACEMENT_3D ( 'NONE', #281, #1511, #914 ) ;
#94 = CIRCLE ( 'NONE', #124, 11.24129002966999913 ) ;
#95 = VERTEX_POINT ( 'NONE', #1181 ) ;
#96 = VERTEX_POINT ( 'NONE', #559 ) ;
#97 = FACE_OUTER_BOUND ( 'NONE', #525, .T. ) ;
#98 = CARTESIAN_POINT ( 'NONE',  ( 0.000000000000000000, 9.700000000000001066, 0.000000000000000000 ) ) ;
#99 = ADVANCED_FACE ( 'NONE', ( #1002 ), #616, .T. ) ;
#100 = DIRECTION ( 'NONE',  ( -0.8660254037844288266, 0.000000000000000000, -0.5000000000000169864 ) ) ;
#101 = CIRCLE ( 'NONE', #1014, 11.24129002966999913 ) ;
#102 = CARTESIAN_POINT ( 'NONE',  ( -7.271274464256999970, 9.900000000000000355, -0.05810385404129000259 ) ) ;
#103 = EDGE_CURVE ( 'NONE', #685, #1236, #994, .T. ) ;
#104 = VERTEX_POINT ( 'NONE', #1111 ) ;
#105 = EDGE_LOOP ( 'NONE', ( #612, #1453, #1164, #1004, #636, #1209, #1020, #493, #1565, #652, #324, #1211 ) ) ;
#106 = DIRECTION ( 'NONE',  ( 0.000000000000000000, 0.000000000000000000, 1.000000000000000000 ) ) ;
#107 = CIRCLE ( 'NONE', #1021, 11.65000000000000036 ) ;
#108 = CARTESIAN_POINT ( 'NONE',  ( 0.000000000000000000, -6.500000000000000000, 0.000000000000000000 ) ) ;
#109 = CARTESIAN_POINT ( 'NONE',  ( 0.4000000000000000222, 0.000000000000000000, 7.500000000000000000 ) ) ;
#110 = AXIS2_PLACEMENT_3D ( 'NONE', #1584, #471, #945 ) ;
#111 = EDGE_CURVE ( 'NONE', #1378, #752, #489, .T. ) ;
#112 = VERTEX_POINT ( 'NONE', #856 ) ;
#113 = ORIENTED_EDGE ( 'NONE', *, *, #88, .F. ) ;
#114 = FILL_AREA_STYLE_COLOUR ( '', #518 ) ;
#115 = DIRECTION ( 'NONE',  ( 0.000000000000000000, -1.000000000000000000, 0.000000000000000000 ) ) ;
#116 =( NAMED_UNIT ( * ) PLANE_ANGLE_UNIT ( ) SI_UNIT ( $, .RADIAN. ) );
#117 = FACE_OUTER_BOUND ( 'NONE', #105, .T. ) ;
#118 = FACE_OUTER_BOUND ( 'NONE', #1359, .T. ) ;
#119 = ORIENTED_EDGE ( 'NONE', *, *, #1141, .F. ) ;
#120 = CIRCLE ( 'NONE', #1578, 11.64999999999999680 ) ;
#121 = ADVANCED_FACE ( 'NONE', ( #117 ), #863, .T. ) ;
#122 = AXIS2_PLACEMENT_3D ( 'NONE', #897, #1295, #22 ) ;
#123 = ORIENTED_EDGE ( 'NONE', *, *, #1527, .F. ) ;
#124 = AXIS2_PLACEMENT_3D ( 'NONE', #1152, #1143, #30 ) ;
#125 = DIRECTION ( 'NONE',  ( 0.000000000000000000, 1.000000000000000000, 0.000000000000000000 ) ) ;
#126 = LINE ( 'NONE', #839, #679 ) ;
#127 = FACE_OUTER_BOUND ( 'NONE', #51, .T. ) ;
#128 = ORIENTED_EDGE ( 'NONE', *, *, #1398, .F. ) ;
#129 = ORIENTED_EDGE ( 'NONE', *, *, #524, .F. ) ;
#130 = DIRECTION ( 'NONE',  ( 1.000000000000000000, 0.000000000000000000, 0.000000000000000000 ) ) ;
#131 = ADVANCED_FACE ( 'NONE', ( #1348, #871 ), #1333, .T. ) ;
#132 = FACE_OUTER_BOUND ( 'NONE', #1234, .T. ) ;
#133 = DIRECTION ( 'NONE',  ( 0.000000000000000000, 1.000000000000000000, 2.798712447615999813E-14 ) ) ;
#134 = CARTESIAN_POINT ( 'NONE',  ( 0.000000000000000000, -0.2999999999999999889, 0.000000000000000000 ) ) ;
#135 = CIRCLE ( 'NONE', #1255, 10.14999999999999858 ) ;
#136 = ORIENTED_EDGE ( 'NONE', *, *, #310, .F. ) ;
#137 = EDGE_LOOP ( 'NONE', ( #833, #478 ) ) ;
#138 = DIRECTION ( 'NONE',  ( 0.000000000000000000, 1.000000000000000000, 0.000000000000000000 ) ) ;
#139 = EDGE_CURVE ( 'NONE', #957, #95, #57, .T. ) ;
#140 = CARTESIAN_POINT ( 'NONE',  ( 0.000000000000000000, 9.400000000000000355, -3.000000000000000000 ) ) ;
#141 = DIRECTION ( 'NONE',  ( 0.000000000000000000, 1.000000000000000000, 0.000000000000000000 ) ) ;
#142 = ORIENTED_EDGE ( 'NONE', *, *, #1588, .F. ) ;
#143 = ORIENTED_EDGE ( 'NONE', *, *, #1205, .F. ) ;
#144 = DIRECTION ( 'NONE',  ( 0.000000000000000000, 0.000000000000000000, -1.000000000000000000 ) ) ;
#145 = AXIS2_PLACEMENT_3D ( 'NONE', #814, #796, #672 ) ;
#146 = AXIS2_PLACEMENT_3D ( 'NONE', #1115, #125, #487 ) ;
#147 = AXIS2_PLACEMENT_3D ( 'NONE', #977, #1463, #960 ) ;
#148 = DIRECTION ( 'NONE',  ( 0.000000000000000000, 0.000000000000000000, 1.000000000000000000 ) ) ;
#149 = EDGE_CURVE ( 'NONE', #381, #225, #846, .T. ) ;
#150 =( LENGTH_UNIT ( ) NAMED_UNIT ( * ) SI_UNIT ( .MILLI., .METRE. ) );
#151 = ORIENTED_EDGE ( 'NONE', *, *, #1296, .T. ) ;
#152 = EDGE_CURVE ( 'NONE', #647, #1150, #474, .T. ) ;
#153 = VERTEX_POINT ( 'NONE', #335 ) ;
#154 = DIRECTION ( 'NONE',  ( -0.9999896892736327425, 0.000000000000000000, -0.004541073267793149272 ) ) ;
#155 = UNCERTAINTY_MEASURE_WITH_UNIT (LENGTH_MEASURE( 1.000000000000000082E-05 ), #150, 'distance_accuracy_value', 'NONE');
#156 = CARTESIAN_POINT ( 'NONE',  ( -7.271274464256999970, 9.900000000000000355, 0.06689611615637999775 ) ) ;
#157 = CYLINDRICAL_SURFACE ( 'NONE', #909, 11.24129002966999913 ) ;
#158 = CIRCLE ( 'NONE', #577, 0.4000000000000000222 ) ;
#159 = ORIENTED_EDGE ( 'NONE', *, *, #430, .T. ) ;
#160 = EDGE_CURVE ( 'NONE', #1498, #1522, #126, .T. ) ;
#161 = ORIENTED_EDGE ( 'NONE', *, *, #1296, .F. ) ;
#162 = CARTESIAN_POINT ( 'NONE',  ( -1.640354518937999848E-14, 0.000000000000000000, 0.000000000000000000 ) ) ;
#163 = AXIS2_PLACEMENT_3D ( 'NONE', #1493, #115, #1240 ) ;
#164 = DIRECTION ( 'NONE',  ( 1.000000000000000000, 0.000000000000000000, 0.000000000000000000 ) ) ;
#165 = DIRECTION ( 'NONE',  ( 0.000000000000000000, 1.000000000000000000, 0.000000000000000000 ) ) ;
#166 = CARTESIAN_POINT ( 'NONE',  ( -0.4000000000000000222, 0.000000000000000000, 7.500000000000000000 ) ) ;
#167 = ORIENTED_EDGE ( 'NONE', *, *, #1409, .T. ) ;
#168 = VERTEX_POINT ( 'NONE', #483 ) ;
#169 = CARTESIAN_POINT ( 'NONE',  ( -7.143614905007000360, 9.900000000000000355, -0.05810385404129000259 ) ) ;
#170 = EDGE_CURVE ( 'NONE', #42, #467, #738, .T. ) ;
#171 = APPLICATION_PROTOCOL_DEFINITION ( 'draft international standard', 'automotive_design', 1998, #1221 ) ;
#172 = CIRCLE ( 'NONE', #1265, 11.65000000000000036 ) ;
#173 =( GEOMETRIC_REPRESENTATION_CONTEXT ( 3 ) GLOBAL_UNCERTAINTY_ASSIGNED_CONTEXT ( ( #1263 ) ) GLOBAL_UNIT_ASSIGNED_CONTEXT ( ( #1474, #639, #262 ) ) REPRESENTATION_CONTEXT ( 'NONE', 'WORKASPACE' ) );
#174 = FACE_OUTER_BOUND ( 'NONE', #750, .T. ) ;
#175 = CIRCLE ( 'NONE', #1165, 11.64999999999999680 ) ;
#176 = DIRECTION ( 'NONE',  ( 0.5000000000000168754, 0.000000000000000000, 0.8660254037844288266 ) ) ;
#177 = TOROIDAL_SURFACE ( 'NONE', #1371, 10.14999999999999858, 1.000000000000000000 ) ;
#178 = PLANE ( 'NONE',  #563 ) ;
#179 = CARTESIAN_POINT ( 'NONE',  ( -7.781912701255999210, 10.00000000000000000, 0.06689611615637999775 ) ) ;
#180 = ORIENTED_EDGE ( 'NONE', *, *, #339, .T. ) ;
#181 = DIRECTION ( 'NONE',  ( -1.000000000000000000, 0.000000000000000000, 0.000000000000000000 ) ) ;
#182 = ADVANCED_FACE ( 'NONE', ( #625 ), #1603, .T. ) ;
#183 = CARTESIAN_POINT ( 'NONE',  ( 0.000000000000000000, -6.500000000000000000, 7.500000000000000000 ) ) ;
#184 = DIRECTION ( 'NONE',  ( -1.000000000000000000, 0.000000000000000000, 0.000000000000000000 ) ) ;
#185 = DIRECTION ( 'NONE',  ( 0.000000000000000000, -1.000000000000000000, 0.000000000000000000 ) ) ;
#186 = AXIS2_PLACEMENT_3D ( 'NONE', #1259, #641, #141 ) ;
#187 = ORIENTED_EDGE ( 'NONE', *, *, #378, .T. ) ;
#188 = VERTEX_POINT ( 'NONE', #237 ) ;
#189 = TOROIDAL_SURFACE ( 'NONE', #1360, 10.14999999999999858, 1.000000000000000000 ) ;
#190 = DIRECTION ( 'NONE',  ( -1.126857723129000165E-14, 0.000000000000000000, -1.000000000000000000 ) ) ;
#191 = CARTESIAN_POINT ( 'NONE',  ( -9.569258050309999319, 0.000000000000000000, -5.898805124567999769 ) ) ;
#192 = EDGE_CURVE ( 'NONE', #1278, #381, #1339, .T. ) ;
#193 = FACE_OUTER_BOUND ( 'NONE', #269, .T. ) ;
#194 = CARTESIAN_POINT ( 'NONE',  ( 10.24723917885999924, 0.000000000000000000, -5.542254885088000016 ) ) ;
#195 = ORIENTED_EDGE ( 'NONE', *, *, #1287, .F. ) ;
#196 = EDGE_LOOP ( 'NONE', ( #569, #1261, #919, #675 ) ) ;
#197 = DIRECTION ( 'NONE',  ( 0.000000000000000000, 1.000000000000000000, 0.000000000000000000 ) ) ;
#198 = CARTESIAN_POINT ( 'NONE',  ( -10.14999999999999858, 8.400000000000000355, -1.003995497850000059E-12 ) ) ;
#199 = FILL_AREA_STYLE ('',( #821 ) ) ;
#200 = CARTESIAN_POINT ( 'NONE',  ( -10.24723917885999924, 0.000000000000000000, -5.542254885088000016 ) ) ;
#201 = VERTEX_POINT ( 'NONE', #109 ) ;
#202 = EDGE_LOOP ( 'NONE', ( #391, #928, #1438, #50, #1361, #867, #457, #1439 ) ) ;
#203 = DIRECTION ( 'NONE',  ( 0.000000000000000000, -1.000000000000000000, 0.000000000000000000 ) ) ;
#204 = DIRECTION ( 'NONE',  ( 0.000000000000000000, 1.000000000000000000, 0.000000000000000000 ) ) ;
#205 = DIRECTION ( 'NONE',  ( 0.000000000000000000, 1.000000000000000000, 0.000000000000000000 ) ) ;
#206 = ORIENTED_EDGE ( 'NONE', *, *, #1009, .F. ) ;
#207 =( GEOMETRIC_REPRESENTATION_CONTEXT ( 3 ) GLOBAL_UNCERTAINTY_ASSIGNED_CONTEXT ( ( #384 ) ) GLOBAL_UNIT_ASSIGNED_CONTEXT ( ( #1173, #1430, #553 ) ) REPRESENTATION_CONTEXT ( 'NONE', 'WORKASPACE' ) );
#208 = EDGE_CURVE ( 'NONE', #407, #381, #1304, .T. ) ;
#209 = ORIENTED_EDGE ( 'NONE', *, *, #55, .T. ) ;
#210 =( LENGTH_UNIT ( ) NAMED_UNIT ( * ) SI_UNIT ( .MILLI., .METRE. ) );
#211 = AXIS2_PLACEMENT_3D ( 'NONE', #788, #1289, #176 ) ;
#212 = DIRECTION ( 'NONE',  ( 0.000000000000000000, 0.000000000000000000, 1.000000000000000000 ) ) ;
#213 = DIRECTION ( 'NONE',  ( -1.000000000000000000, 0.000000000000000000, 0.000000000000000000 ) ) ;
#214 = CARTESIAN_POINT ( 'NONE',  ( 9.569258050309999319, -0.2999999999999999889, -5.898805124567999769 ) ) ;
#215 = EDGE_LOOP ( 'NONE', ( #142, #733 ) ) ;
#216 = VERTEX_POINT ( 'NONE', #1587 ) ;
#217 = EDGE_CURVE ( 'NONE', #468, #912, #473, .T. ) ;
#218 = DIRECTION ( 'NONE',  ( 0.000000000000000000, -1.000000000000000000, 0.000000000000000000 ) ) ;
#219 = ADVANCED_FACE ( 'NONE', ( #722 ), #1096, .T. ) ;
#220 = CARTESIAN_POINT ( 'NONE',  ( -7.271274464256999970, 9.900000000000000355, 0.06689611615637999775 ) ) ;
#221 = DIRECTION ( 'NONE',  ( 0.000000000000000000, 1.000000000000000000, 0.000000000000000000 ) ) ;
#222 = AXIS2_PLACEMENT_3D ( 'NONE', #805, #658, #781 ) ;
#223 = CIRCLE ( 'NONE', #854, 1.499999999999999556 ) ;
#224 = ORIENTED_EDGE ( 'NONE', *, *, #390, .F. ) ;
#225 = VERTEX_POINT ( 'NONE', #1217 ) ;
#226 = DIRECTION ( 'NONE',  ( 0.000000000000000000, 1.000000000000000000, 0.000000000000000000 ) ) ;
#227 = DIRECTION ( 'NONE',  ( 0.000000000000000000, 0.000000000000000000, -1.000000000000000000 ) ) ;
#228 = EDGE_CURVE ( 'NONE', #112, #300, #1069, .T. ) ;
#229 =( NAMED_UNIT ( * ) SI_UNIT ( $, .STERADIAN. ) SOLID_ANGLE_UNIT ( ) );
#230 = DIRECTION ( 'NONE',  ( 0.000000000000000000, -1.000000000000000000, 0.000000000000000000 ) ) ;
#231 = VERTEX_POINT ( 'NONE', #1550 ) ;
#232 = ORIENTED_EDGE ( 'NONE', *, *, #700, .F. ) ;
#233 = LINE ( 'NONE', #1012, #1192 ) ;
#234 = VECTOR ( 'NONE', #1008, 1000.000000000000000 ) ;
#235 = DIRECTION ( 'NONE',  ( 1.000000000000000000, 0.000000000000000000, 0.000000000000000000 ) ) ;
#236 = DIRECTION ( 'NONE',  ( 0.000000000000000000, -1.000000000000000000, 0.000000000000000000 ) ) ;
#237 = CARTESIAN_POINT ( 'NONE',  ( -11.15000000000000036, 0.5000000000000000000, 0.000000000000000000 ) ) ;
#238 = AXIS2_PLACEMENT_3D ( 'NONE', #1195, #203, #588 ) ;
#239 = EDGE_CURVE ( 'NONE', #1060, #1605, #549, .T. ) ;
#240 = CARTESIAN_POINT ( 'NONE',  ( -11.15000000000000036, 0.5000000000000000000, 0.000000000000000000 ) ) ;
#241 = ORIENTED_EDGE ( 'NONE', *, *, #916, .F. ) ;
#242 = EDGE_LOOP ( 'NONE', ( #875, #72, #1271, #628 ) ) ;
#243 = CARTESIAN_POINT ( 'NONE',  ( 10.14999999999999858, 9.900000000000000355, 0.000000000000000000 ) ) ;
#244 = CARTESIAN_POINT ( 'NONE',  ( -10.24723917885999924, 0.000000000000000000, -5.542254885088000016 ) ) ;
#245 = CARTESIAN_POINT ( 'NONE',  ( 0.000000000000000000, 9.400000000000000355, 0.000000000000000000 ) ) ;
#246 = SURFACE_STYLE_FILL_AREA ( #15 ) ;
#247 = VERTEX_POINT ( 'NONE', #375 ) ;
#248 = VECTOR ( 'NONE', #418, 1000.000000000000000 ) ;
#249 = EDGE_CURVE ( 'NONE', #96, #1030, #1306, .T. ) ;
#250 = ORIENTED_EDGE ( 'NONE', *, *, #590, .F. ) ;
#251 = CIRCLE ( 'NONE', #961, 11.65000000000000036 ) ;
#252 = CARTESIAN_POINT ( 'NONE',  ( 0.000000000000000000, 9.900000000000000355, -9.750000000000000000 ) ) ;
#253 = DIRECTION ( 'NONE',  ( 0.000000000000000000, 1.000000000000000000, 0.000000000000000000 ) ) ;
#254 = FILL_AREA_STYLE_COLOUR ( '', #726 ) ;
#255 = FACE_OUTER_BOUND ( 'NONE', #1018, .T. ) ;
#256 = AXIS2_PLACEMENT_3D ( 'NONE', #1126, #1007, #1363 ) ;
#257 = LINE ( 'NONE', #1163, #1397 ) ;
#258 = ORIENTED_EDGE ( 'NONE', *, *, #274, .T. ) ;
#259 = VERTEX_POINT ( 'NONE', #1297 ) ;
#260 = FILL_AREA_STYLE ('',( #114 ) ) ;
#261 = EDGE_CURVE ( 'NONE', #448, #16, #938, .T. ) ;
#262 =( NAMED_UNIT ( * ) SI_UNIT ( $, .STERADIAN. ) SOLID_ANGLE_UNIT ( ) );
#263 = AXIS2_PLACEMENT_3D ( 'NONE', #1596, #1104, #1364 ) ;
#264 = AXIS2_PLACEMENT_3D ( 'NONE', #768, #922, #634 ) ;
#265 = CARTESIAN_POINT ( 'NONE',  ( 0.000000000000000000, 9.900000000000000355, 8.349999999999999645 ) ) ;
#266 = DIRECTION ( 'NONE',  ( 1.000000000000000000, 0.000000000000000000, 0.000000000000000000 ) ) ;
#267 = DIRECTION ( 'NONE',  ( 0.000000000000000000, -1.000000000000000000, 0.000000000000000000 ) ) ;
#268 = ORIENTED_EDGE ( 'NONE', *, *, #841, .F. ) ;
#269 = EDGE_LOOP ( 'NONE', ( #1516, #113, #701, #554 ) ) ;
#270 = DIRECTION ( 'NONE',  ( 0.000000000000000000, -1.000000000000000000, 0.000000000000000000 ) ) ;
#271 = UNCERTAINTY_MEASURE_WITH_UNIT (LENGTH_MEASURE( 1.000000000000000082E-05 ), #899, 'distance_accuracy_value', 'NONE');
#272 = EDGE_CURVE ( 'NONE', #16, #247, #107, .T. ) ;
#273 = APPLICATION_PROTOCOL_DEFINITION ( 'draft international standard', 'automotive_design', 1998, #31 ) ;
#274 = EDGE_CURVE ( 'NONE', #778, #1368, #894, .T. ) ;
#275 = CARTESIAN_POINT ( 'NONE',  ( 9.569258050309999319, 0.000000000000000000, -5.898805124567999769 ) ) ;
#276 = LINE ( 'NONE', #240, #934 ) ;
#277 = VERTEX_POINT ( 'NONE', #670 ) ;
#278 = ORIENTED_EDGE ( 'NONE', *, *, #710, .T. ) ;
#279 = CARTESIAN_POINT ( 'NONE',  ( 11.65000000000000036, 0.000000000000000000, 0.000000000000000000 ) ) ;
#280 = AXIS2_PLACEMENT_3D ( 'NONE', #37, #793, #920 ) ;
#281 = CARTESIAN_POINT ( 'NONE',  ( 0.000000000000000000, -0.2999999999999999889, 0.000000000000000000 ) ) ;
#282 = FACE_OUTER_BOUND ( 'NONE', #1066, .T. ) ;
#283 = ADVANCED_FACE ( 'NONE', ( #802 ), #419, .T. ) ;
#284 = CARTESIAN_POINT ( 'NONE',  ( 9.893144115005000572, 0.000000000000000000, -5.337818004654000248 ) ) ;
#285 = ORIENTED_EDGE ( 'NONE', *, *, #1187, .T. ) ;
#286 = ORIENTED_EDGE ( 'NONE', *, *, #1067, .F. ) ;
#287 = CARTESIAN_POINT ( 'NONE',  ( 10.24723917885999924, 0.000000000000000000, -5.542254885088000016 ) ) ;
#288 =( LENGTH_UNIT ( ) NAMED_UNIT ( * ) SI_UNIT ( .MILLI., .METRE. ) );
#289 = LINE ( 'NONE', #436, #1480 ) ;
#290 = CARTESIAN_POINT ( 'NONE',  ( -7.143614905007000360, 10.00000000000000000, -0.5581038689424999699 ) ) ;
#291 = EDGE_CURVE ( 'NONE', #647, #1, #946, .T. ) ;
#292 = ORIENTED_EDGE ( 'NONE', *, *, #1075, .T. ) ;
#293 = ORIENTED_EDGE ( 'NONE', *, *, #1461, .T. ) ;
#294 = CARTESIAN_POINT ( 'NONE',  ( -10.14999999999999858, 9.400000000000000355, 0.000000000000000000 ) ) ;
#295 = CARTESIAN_POINT ( 'NONE',  ( 0.000000000000000000, 9.400000000000000355, 0.000000000000000000 ) ) ;
#296 = DIRECTION ( 'NONE',  ( 0.000000000000000000, 0.000000000000000000, 1.000000000000000000 ) ) ;
#297 = CYLINDRICAL_SURFACE ( 'NONE', #1171, 9.750000000000000000 ) ;
#298 = LINE ( 'NONE', #1530, #538 ) ;
#299 = ORIENTED_EDGE ( 'NONE', *, *, #192, .T. ) ;
#300 = VERTEX_POINT ( 'NONE', #1512 ) ;
#301 = ADVANCED_FACE ( 'NONE', ( #174 ), #1382, .T. ) ;
#302 = LINE ( 'NONE', #1396, #1501 ) ;
#303 = AXIS2_PLACEMENT_3D ( 'NONE', #583, #1465, #455 ) ;
#304 = LINE ( 'NONE', #52, #1432 ) ;
#305 = DIRECTION ( 'NONE',  ( 0.000000000000000000, -1.000000000000000000, 0.000000000000000000 ) ) ;
#306 = CYLINDRICAL_SURFACE ( 'NONE', #222, 3.000000000000000000 ) ;
#307 = LINE ( 'NONE', #456, #944 ) ;
#308 = ORIENTED_EDGE ( 'NONE', *, *, #55, .F. ) ;
#309 = ORIENTED_EDGE ( 'NONE', *, *, #700, .T. ) ;
#310 = EDGE_CURVE ( 'NONE', #637, #247, #304, .T. ) ;
#311 = CARTESIAN_POINT ( 'NONE',  ( 0.000000000000000000, -6.500000000000000000, 7.500000000000000000 ) ) ;
#312 = FACE_OUTER_BOUND ( 'NONE', #77, .T. ) ;
#313 = FACE_BOUND ( 'NONE', #1193, .T. ) ;
#314 = AXIS2_PLACEMENT_3D ( 'NONE', #930, #1543, #426 ) ;
#315 = ORIENTED_EDGE ( 'NONE', *, *, #1235, .F. ) ;
#316 = ORIENTED_EDGE ( 'NONE', *, *, #272, .T. ) ;
#317 = CIRCLE ( 'NONE', #451, 8.349999999999999645 ) ;
#318 = LINE ( 'NONE', #479, #364 ) ;
#319 = CARTESIAN_POINT ( 'NONE',  ( -7.271274464256999970, 9.900000000000000355, 0.5668961310575000301 ) ) ;
#320 = ADVANCED_FACE ( 'NONE', ( #60, #67, #255 ), #1136, .F. ) ;
#321 = CYLINDRICAL_SURFACE ( 'NONE', #387, 0.4000000000000000222 ) ;
#322 = SURFACE_STYLE_FILL_AREA ( #1188 ) ;
#323 = VERTEX_POINT ( 'NONE', #564 ) ;
#324 = ORIENTED_EDGE ( 'NONE', *, *, #390, .T. ) ;
#325 = FACE_OUTER_BOUND ( 'NONE', #484, .T. ) ;
#326 = LINE ( 'NONE', #1435, #1388 ) ;
#327 = LINE ( 'NONE', #1443, #358 ) ;
#328 = DIRECTION ( 'NONE',  ( 0.000000000000000000, 1.000000000000000000, 0.000000000000000000 ) ) ;
#329 = EDGE_CURVE ( 'NONE', #1091, #1030, #794, .T. ) ;
#330 = ORIENTED_EDGE ( 'NONE', *, *, #393, .F. ) ;
#331 = ORIENTED_EDGE ( 'NONE', *, *, #1075, .F. ) ;
#332 = MECHANICAL_DESIGN_GEOMETRIC_PRESENTATION_REPRESENTATION (  '', ( #755 ), #521 ) ;
#333 = LINE ( 'NONE', #1331, #869 ) ;
#334 = CARTESIAN_POINT ( 'NONE',  ( -7.781912701255999210, 10.00000000000000000, -0.05810385404129000259 ) ) ;
#335 = CARTESIAN_POINT ( 'NONE',  ( -0.3238860646945000421, 0.000000000000000000, 11.64549689008999955 ) ) ;
#336 = EDGE_CURVE ( 'NONE', #731, #1140, #971, .T. ) ;
#337 = EDGE_LOOP ( 'NONE', ( #858, #991 ) ) ;
#338 = AXIS2_PLACEMENT_3D ( 'NONE', #1458, #1232, #1118 ) ;
#339 = EDGE_CURVE ( 'NONE', #1440, #1312, #1127, .T. ) ;
#340 = ORIENTED_EDGE ( 'NONE', *, *, #1179, .T. ) ;
#341 = CARTESIAN_POINT ( 'NONE',  ( -7.143614905007000360, 9.900000000000000355, -0.5581038689424999699 ) ) ;
#342 = AXIS2_PLACEMENT_3D ( 'NONE', #650, #165, #657 ) ;
#343 = DIRECTION ( 'NONE',  ( 0.000000000000000000, 1.000000000000000000, 0.000000000000000000 ) ) ;
#344 = DIRECTION ( 'NONE',  ( 0.000000000000000000, 1.000000000000000000, 0.000000000000000000 ) ) ;
#345 = CARTESIAN_POINT ( 'NONE',  ( -6.632976578600000117, 9.900000000000000355, 0.06689611615637999775 ) ) ;
#346 = ORIENTED_EDGE ( 'NONE', *, *, #1138, .T. ) ;
#347 = EDGE_LOOP ( 'NONE', ( #1011, #1367, #974, #537 ) ) ;
#348 = FACE_OUTER_BOUND ( 'NONE', #35, .T. ) ;
#349 = SURFACE_STYLE_FILL_AREA ( #373 ) ;
#350 = DIRECTION ( 'NONE',  ( 0.000000000000000000, 1.000000000000000000, 0.000000000000000000 ) ) ;
#351 = DIRECTION ( 'NONE',  ( -0.000000000000000000, 1.000000000000000000, 0.000000000000000000 ) ) ;
#352 = AXIS2_PLACEMENT_3D ( 'NONE', #613, #1411, #913 ) ;
#353 = ORIENTED_EDGE ( 'NONE', *, *, #1546, .F. ) ;
#354 = VERTEX_POINT ( 'NONE', #520 ) ;
#355 = DIRECTION ( 'NONE',  ( 9.874392969955000851E-14, 0.000000000000000000, -1.000000000000000000 ) ) ;
#356 = EDGE_CURVE ( 'NONE', #1150, #216, #1151, .T. ) ;
#357 = DIRECTION ( 'NONE',  ( 0.000000000000000000, 1.000000000000000000, 0.000000000000000000 ) ) ;
#358 = VECTOR ( 'NONE', #100, 1000.000000000000114 ) ;
#359 = DIRECTION ( 'NONE',  ( 0.000000000000000000, 0.000000000000000000, -1.000000000000000000 ) ) ;
#360 = ORIENTED_EDGE ( 'NONE', *, *, #1116, .F. ) ;
#361 = ORIENTED_EDGE ( 'NONE', *, *, #291, .T. ) ;
#362 = VECTOR ( 'NONE', #1423, 1000.000000000000114 ) ;
#363 = DIRECTION ( 'NONE',  ( -0.8660254037844288266, 0.000000000000000000, 0.5000000000000169864 ) ) ;
#364 = VECTOR ( 'NONE', #1061, 1000.000000000000000 ) ;
#365 = FACE_OUTER_BOUND ( 'NONE', #1447, .T. ) ;
#366 = DIRECTION ( 'NONE',  ( 1.000000000000000000, 0.000000000000000000, 0.000000000000000000 ) ) ;
#367 = DIRECTION ( 'NONE',  ( 1.000000000000000000, 0.000000000000000000, 0.000000000000000000 ) ) ;
#368 = EDGE_CURVE ( 'NONE', #1498, #1147, #1016, .T. ) ;
#369 = PRESENTATION_STYLE_ASSIGNMENT (( #1478 ) ) ;
#370 = ORIENTED_EDGE ( 'NONE', *, *, #1269, .F. ) ;
#371 = ORIENTED_EDGE ( 'NONE', *, *, #1599, .T. ) ;
#372 = LINE ( 'NONE', #1006, #1446 ) ;
#373 = FILL_AREA_STYLE ('',( #502 ) ) ;
#374 = PRESENTATION_STYLE_ASSIGNMENT (( #504 ) ) ;
#375 = CARTESIAN_POINT ( 'NONE',  ( 11.65000000000000036, 8.400000000000000355, 0.000000000000000000 ) ) ;
#376 = FILL_AREA_STYLE_COLOUR ( '', #48 ) ;
#377 = CIRCLE ( 'NONE', #587, 0.4000000000000000222 ) ;
#378 = EDGE_CURVE ( 'NONE', #1394, #201, #158, .T. ) ;
#379 = CIRCLE ( 'NONE', #93, 11.64999999999999680 ) ;
#380 = EDGE_LOOP ( 'NONE', ( #1582, #997 ) ) ;
#381 = VERTEX_POINT ( 'NONE', #716 ) ;
#382 = AXIS2_PLACEMENT_3D ( 'NONE', #134, #267, #769 ) ;
#383 = DIRECTION ( 'NONE',  ( 0.000000000000000000, 1.000000000000000000, 0.000000000000000000 ) ) ;
#384 = UNCERTAINTY_MEASURE_WITH_UNIT (LENGTH_MEASURE( 1.000000000000000082E-05 ), #1173, 'distance_accuracy_value', 'NONE');
#385 = LINE ( 'NONE', #510, #1436 ) ;
#386 = DIRECTION ( 'NONE',  ( 0.000000000000000000, 0.000000000000000000, 1.000000000000000000 ) ) ;
#387 = AXIS2_PLACEMENT_3D ( 'NONE', #1504, #1381, #1258 ) ;
#388 = CARTESIAN_POINT ( 'NONE',  ( 0.000000000000000000, 9.400000000000000355, 3.000000000000000000 ) ) ;
#389 = EDGE_LOOP ( 'NONE', ( #309, #724, #653, #798 ) ) ;
#390 = EDGE_CURVE ( 'NONE', #752, #439, #318, .T. ) ;
#391 = ORIENTED_EDGE ( 'NONE', *, *, #310, .T. ) ;
#392 = CARTESIAN_POINT ( 'NONE',  ( 0.000000000000000000, -0.2999999999999999889, 0.000000000000000000 ) ) ;
#393 = EDGE_CURVE ( 'NONE', #1226, #1523, #1279, .T. ) ;
#394 = CARTESIAN_POINT ( 'NONE',  ( -7.781912701255999210, 9.900000000000000355, -0.05810385404129000259 ) ) ;
#395 = VECTOR ( 'NONE', #1466, 1000.000000000000000 ) ;
#396 = AXIS2_PLACEMENT_3D ( 'NONE', #555, #1053, #266 ) ;
#397 = FACE_OUTER_BOUND ( 'NONE', #1531, .T. ) ;
#398 = AXIS2_PLACEMENT_3D ( 'NONE', #688, #444, #719 ) ;
#399 = ORIENTED_EDGE ( 'NONE', *, *, #139, .T. ) ;
#400 = ORIENTED_EDGE ( 'NONE', *, *, #88, .T. ) ;
#401 = DIRECTION ( 'NONE',  ( 0.000000000000000000, -1.000000000000000000, 0.000000000000000000 ) ) ;
#402 = UNCERTAINTY_MEASURE_WITH_UNIT (LENGTH_MEASURE( 1.000000000000000082E-05 ), #1476, 'distance_accuracy_value', 'NONE');
#403 = DIRECTION ( 'NONE',  ( 0.000000000000000000, 0.000000000000000000, -1.000000000000000000 ) ) ;
#404 = ADVANCED_FACE ( 'NONE', ( #348 ), #1074, .T. ) ;
#405 = DIRECTION ( 'NONE',  ( 0.000000000000000000, 0.000000000000000000, 1.000000000000000000 ) ) ;
#406 = FACE_OUTER_BOUND ( 'NONE', #1571, .T. ) ;
#407 = VERTEX_POINT ( 'NONE', #442 ) ;
#408 = ORIENTED_EDGE ( 'NONE', *, *, #1380, .F. ) ;
#409 = LINE ( 'NONE', #1040, #565 ) ;
#410 = CIRCLE ( 'NONE', #146, 3.000000000000000000 ) ;
#411 = AXIS2_PLACEMENT_3D ( 'NONE', #1369, #753, #2 ) ;
#412 = PLANE ( 'NONE',  #1080 ) ;
#413 = EDGE_CURVE ( 'NONE', #1404, #621, #1567, .T. ) ;
#414 = FACE_OUTER_BOUND ( 'NONE', #215, .T. ) ;
#415 = DIRECTION ( 'NONE',  ( -0.000000000000000000, 1.000000000000000000, 0.000000000000000000 ) ) ;
#416 = ORIENTED_EDGE ( 'NONE', *, *, #336, .T. ) ;
#417 = EDGE_LOOP ( 'NONE', ( #817, #224, #1228, #58 ) ) ;
#418 = DIRECTION ( 'NONE',  ( -1.000000000000000000, 0.000000000000000000, 0.000000000000000000 ) ) ;
#419 = PLANE ( 'NONE',  #447 ) ;
#420 = DIRECTION ( 'NONE',  ( 0.000000000000000000, 1.000000000000000000, 0.000000000000000000 ) ) ;
#421 = DIRECTION ( 'NONE',  ( 0.000000000000000000, -1.000000000000000000, 0.000000000000000000 ) ) ;
#422 = VERTEX_POINT ( 'NONE', #1083 ) ;
#423 = EDGE_CURVE ( 'NONE', #723, #354, #581, .T. ) ;
#424 = ORIENTED_EDGE ( 'NONE', *, *, #524, .T. ) ;
#425 = LINE ( 'NONE', #394, #1341 ) ;
#426 = DIRECTION ( 'NONE',  ( 0.000000000000000000, 1.000000000000000000, 0.000000000000000000 ) ) ;
#427 = CARTESIAN_POINT ( 'NONE',  ( -7.143614905007000360, 10.00000000000000000, -0.5581038689424999699 ) ) ;
#428 = CARTESIAN_POINT ( 'NONE',  ( 0.000000000000000000, 9.900000000000000355, -9.750000000000000000 ) ) ;
#429 = DIRECTION ( 'NONE',  ( 0.000000000000000000, 0.000000000000000000, -1.000000000000000000 ) ) ;
#430 = EDGE_CURVE ( 'NONE', #431, #893, #1092, .T. ) ;
#431 = VERTEX_POINT ( 'NONE', #943 ) ;
#432 = AXIS2_PLACEMENT_3D ( 'NONE', #56, #1545, #932 ) ;
#433 = VECTOR ( 'NONE', #623, 1000.000000000000000 ) ;
#434 = DIRECTION ( 'NONE',  ( 1.000000000000000000, 0.000000000000000000, 0.000000000000000000 ) ) ;
#435 = AXIS2_PLACEMENT_3D ( 'NONE', #1482, #992, #859 ) ;
#436 = CARTESIAN_POINT ( 'NONE',  ( 0.3238860646945000421, 0.000000000000000000, 11.64549689008999955 ) ) ;
#437 = LINE ( 'NONE', #166, #1210 ) ;
#438 = CARTESIAN_POINT ( 'NONE',  ( -9.893144115005000572, 0.000000000000000000, -5.337818004654000248 ) ) ;
#439 = VERTEX_POINT ( 'NONE', #952 ) ;
#440 = EDGE_CURVE ( 'NONE', #1, #216, #1241, .T. ) ;
#441 = ORIENTED_EDGE ( 'NONE', *, *, #916, .T. ) ;
#442 = CARTESIAN_POINT ( 'NONE',  ( 9.893144115005000572, -0.2999999999999999889, -5.337818004654000248 ) ) ;
#443 = ADVANCED_FACE ( 'NONE', ( #97 ), #968, .T. ) ;
#444 = DIRECTION ( 'NONE',  ( 0.000000000000000000, 1.000000000000000000, 0.000000000000000000 ) ) ;
#445 = CARTESIAN_POINT ( 'NONE',  ( -0.3238860646945000421, 0.000000000000000000, 11.23662312921999984 ) ) ;
#446 = DIRECTION ( 'NONE',  ( -1.126857723129000165E-14, 0.000000000000000000, -1.000000000000000000 ) ) ;
#447 = AXIS2_PLACEMENT_3D ( 'NONE', #687, #386, #434 ) ;
#448 = VERTEX_POINT ( 'NONE', #1344 ) ;
#449 = PRODUCT ( 'KPEG222', 'KPEG222', '', ( #921 ) ) ;
#450 = ORIENTED_EDGE ( 'NONE', *, *, #580, .F. ) ;
#451 = AXIS2_PLACEMENT_3D ( 'NONE', #98, #218, #1574 ) ;
#452 = DIRECTION ( 'NONE',  ( -1.000000000000000000, 0.000000000000000000, 0.000000000000000000 ) ) ;
#453 = ADVANCED_FACE ( 'NONE', ( #843 ), #1422, .T. ) ;
#454 = DIRECTION ( 'NONE',  ( 0.000000000000000000, 0.000000000000000000, -1.000000000000000000 ) ) ;
#455 = DIRECTION ( 'NONE',  ( 0.000000000000000000, 0.000000000000000000, 1.000000000000000000 ) ) ;
#456 = CARTESIAN_POINT ( 'NONE',  ( -0.3238860646945000421, 0.000000000000000000, 11.64549689008999955 ) ) ;
#457 = ORIENTED_EDGE ( 'NONE', *, *, #1198, .F. ) ;
#458 = ORIENTED_EDGE ( 'NONE', *, *, #503, .T. ) ;
#459 = FILL_AREA_STYLE_COLOUR ( '', #696 ) ;
#460 = VECTOR ( 'NONE', #698, 1000.000000000000000 ) ;
#461 = DIRECTION ( 'NONE',  ( 0.000000000000000000, 1.000000000000000000, 0.000000000000000000 ) ) ;
#462 = CIRCLE ( 'NONE', #280, 8.349999999999999645 ) ;
#463 = EDGE_CURVE ( 'NONE', #685, #621, #818, .T. ) ;
#464 = DIRECTION ( 'NONE',  ( 0.000000000000000000, 0.000000000000000000, 1.000000000000000000 ) ) ;
#465 = STYLED_ITEM ( 'NONE', ( #369 ), #772 ) ;
#466 = CYLINDRICAL_SURFACE ( 'NONE', #1222, 11.15000000000000036 ) ;
#467 = VERTEX_POINT ( 'NONE', #695 ) ;
#468 = VERTEX_POINT ( 'NONE', #709 ) ;
#469 = DIRECTION ( 'NONE',  ( 0.000000000000000000, 1.000000000000000000, 0.000000000000000000 ) ) ;
#470 = AXIS2_PLACEMENT_3D ( 'NONE', #1103, #862, #366 ) ;
#471 = DIRECTION ( 'NONE',  ( 0.000000000000000000, 0.000000000000000000, -1.000000000000000000 ) ) ;
#472 = CARTESIAN_POINT ( 'NONE',  ( 9.569258050309999319, 0.000000000000000000, -5.898805124567999769 ) ) ;
#473 = LINE ( 'NONE', #345, #1514 ) ;
#474 = CIRCLE ( 'NONE', #1383, 10.14999999999999858 ) ;
#475 = ADVANCED_FACE ( 'NONE', ( #325 ), #1573, .T. ) ;
#476 = ORIENTED_EDGE ( 'NONE', *, *, #590, .T. ) ;
#477 = AXIS2_PLACEMENT_3D ( 'NONE', #311, #1505, #181 ) ;
#478 = ORIENTED_EDGE ( 'NONE', *, *, #1366, .T. ) ;
#479 = CARTESIAN_POINT ( 'NONE',  ( -7.271274464256999970, 10.00000000000000000, 0.5668961310575000301 ) ) ;
#480 = AXIS2_PLACEMENT_3D ( 'NONE', #1456, #1594, #82 ) ;
#481 = DIRECTION ( 'NONE',  ( 0.000000000000000000, 0.000000000000000000, -1.000000000000000000 ) ) ;
#482 = DIRECTION ( 'NONE',  ( 0.000000000000000000, 1.000000000000000000, 0.000000000000000000 ) ) ;
#483 = CARTESIAN_POINT ( 'NONE',  ( -7.143614905007000360, 10.00000000000000000, 0.06689611615637999775 ) ) ;
#484 = EDGE_LOOP ( 'NONE', ( #902, #918 ) ) ;
#485 = ORIENTED_EDGE ( 'NONE', *, *, #896, .T. ) ;
#486 = DIRECTION ( 'NONE',  ( 0.000000000000000000, 1.000000000000000000, 0.000000000000000000 ) ) ;
#487 = DIRECTION ( 'NONE',  ( 0.000000000000000000, 0.000000000000000000, 1.000000000000000000 ) ) ;
#488 = SURFACE_STYLE_USAGE ( .BOTH. , #987 ) ;
#489 = LINE ( 'NONE', #1611, #78 ) ;
#490 = AXIS2_PLACEMENT_3D ( 'NONE', #643, #1604, #1392 ) ;
#491 = VECTOR ( 'NONE', #144, 1000.000000000000000 ) ;
#492 = DIRECTION ( 'NONE',  ( 0.000000000000000000, 1.000000000000000000, 0.000000000000000000 ) ) ;
#493 = ORIENTED_EDGE ( 'NONE', *, *, #1067, .T. ) ;
#494 = ORIENTED_EDGE ( 'NONE', *, *, #954, .F. ) ;
#495 = DIRECTION ( 'NONE',  ( 0.000000000000000000, -1.000000000000000000, 0.000000000000000000 ) ) ;
#496 = CARTESIAN_POINT ( 'NONE',  ( 0.3238860646945000421, 0.000000000000000000, 11.23662312921999984 ) ) ;
#497 = CYLINDRICAL_SURFACE ( 'NONE', #1274, 0.4000000000000000222 ) ;
#498 = DIRECTION ( 'NONE',  ( 0.000000000000000000, 1.000000000000000000, 0.000000000000000000 ) ) ;
#499 = CARTESIAN_POINT ( 'NONE',  ( -7.143614905007000360, 9.900000000000000355, -0.5581038689424999699 ) ) ;
#500 = ORIENTED_EDGE ( 'NONE', *, *, #1003, .F. ) ;
#501 = VERTEX_POINT ( 'NONE', #999 ) ;
#502 = FILL_AREA_STYLE_COLOUR ( '', #852 ) ;
#503 = EDGE_CURVE ( 'NONE', #957, #507, #868, .T. ) ;
#504 = SURFACE_STYLE_USAGE ( .BOTH. , #888 ) ;
#505 = DIRECTION ( 'NONE',  ( 1.000000000000000000, 0.000000000000000000, 0.000000000000000000 ) ) ;
#506 = DIRECTION ( 'NONE',  ( 0.000000000000000000, 1.000000000000000000, 0.000000000000000000 ) ) ;
#507 = VERTEX_POINT ( 'NONE', #876 ) ;
#508 = ORIENTED_EDGE ( 'NONE', *, *, #463, .F. ) ;
#509 = DIRECTION ( 'NONE',  ( 0.000000000000000000, -1.000000000000000000, 0.000000000000000000 ) ) ;
#510 = CARTESIAN_POINT ( 'NONE',  ( -9.923353114162999589, 0.000000000000000000, -6.103242005001999537 ) ) ;
#511 = DIRECTION ( 'NONE',  ( 1.000000000000000000, 0.000000000000000000, 0.000000000000000000 ) ) ;
#512 = DIRECTION ( 'NONE',  ( 0.000000000000000000, 1.000000000000000000, 0.000000000000000000 ) ) ;
#513 = ADVANCED_FACE ( 'NONE', ( #1101 ), #11, .T. ) ;
#514 = SURFACE_SIDE_STYLE ('',( #246 ) ) ;
#515 = CIRCLE ( 'NONE', #1189, 10.14999999999999858 ) ;
#516 = ORIENTED_EDGE ( 'NONE', *, *, #1588, .T. ) ;
#517 = EDGE_CURVE ( 'NONE', #85, #1351, #638, .T. ) ;
#518 = COLOUR_RGB ( '',0.5019607843137254832, 0.5019607843137254832, 0.5019607843137254832 ) ;
#519 = ORIENTED_EDGE ( 'NONE', *, *, #1187, .F. ) ;
#520 = CARTESIAN_POINT ( 'NONE',  ( -7.143614905007000360, 10.00000000000000000, -0.05810385404129000259 ) ) ;
#521 =( GEOMETRIC_REPRESENTATION_CONTEXT ( 3 ) GLOBAL_UNCERTAINTY_ASSIGNED_CONTEXT ( ( #402 ) ) GLOBAL_UNIT_ASSIGNED_CONTEXT ( ( #1476, #640, #1117 ) ) REPRESENTATION_CONTEXT ( 'NONE', 'WORKASPACE' ) );
#522 = CARTESIAN_POINT ( 'NONE',  ( 11.15000000000000036, 0.5000000000000000000, 0.000000000000000000 ) ) ;
#523 = ORIENTED_EDGE ( 'NONE', *, *, #170, .F. ) ;
#524 = EDGE_CURVE ( 'NONE', #95, #1052, #1609, .T. ) ;
#525 = EDGE_LOOP ( 'NONE', ( #1142, #1114, #450, #702 ) ) ;
#526 = FACE_OUTER_BOUND ( 'NONE', #1183, .T. ) ;
#527 = CARTESIAN_POINT ( 'NONE',  ( 0.000000000000000000, 0.5000000000000000000, 0.000000000000000000 ) ) ;
#528 = FACE_OUTER_BOUND ( 'NONE', #668, .T. ) ;
#529 = AXIS2_PLACEMENT_3D ( 'NONE', #527, #1027, #1520 ) ;
#530 = ORIENTED_EDGE ( 'NONE', *, *, #1287, .T. ) ;
#531 = ORIENTED_EDGE ( 'NONE', *, *, #1548, .F. ) ;
#532 = CARTESIAN_POINT ( 'NONE',  ( 0.4000000000000000222, 0.000000000000000000, 7.500000000000000000 ) ) ;
#533 = EDGE_CURVE ( 'NONE', #259, #1243, #372, .T. ) ;
#534 = DIRECTION ( 'NONE',  ( 1.000000000000000000, 0.000000000000000000, 0.000000000000000000 ) ) ;
#535 = FACE_BOUND ( 'NONE', #578, .T. ) ;
#536 = DIRECTION ( 'NONE',  ( -1.000000000000000000, 0.000000000000000000, 0.000000000000000000 ) ) ;
#537 = ORIENTED_EDGE ( 'NONE', *, *, #682, .F. ) ;
#538 = VECTOR ( 'NONE', #1172, 1000.000000000000114 ) ;
#539 = EDGE_LOOP ( 'NONE', ( #686, #951, #808, #1197 ) ) ;
#540 = CARTESIAN_POINT ( 'NONE',  ( -6.632976578600000117, 10.00000000000000000, -0.05810385404129000259 ) ) ;
#541 = AXIS2_PLACEMENT_3D ( 'NONE', #1496, #882, #1374 ) ;
#542 = VECTOR ( 'NONE', #363, 1000.000000000000114 ) ;
#543 = LINE ( 'NONE', #1400, #1064 ) ;
#544 = DIRECTION ( 'NONE',  ( 0.000000000000000000, 0.000000000000000000, 1.000000000000000000 ) ) ;
#545 = EDGE_LOOP ( 'NONE', ( #299, #1072, #594, #119 ) ) ;
#546 = VECTOR ( 'NONE', #1267, 1000.000000000000000 ) ;
#547 = ORIENTED_EDGE ( 'NONE', *, *, #973, .F. ) ;
#548 = FACE_OUTER_BOUND ( 'NONE', #883, .T. ) ;
#549 = LINE ( 'NONE', #810, #1356 ) ;
#550 = DIRECTION ( 'NONE',  ( 1.000000000000000000, 0.000000000000000000, 0.000000000000000000 ) ) ;
#551 = EDGE_CURVE ( 'NONE', #579, #1385, #646, .T. ) ;
#552 = CARTESIAN_POINT ( 'NONE',  ( -6.632976578600000117, 10.00000000000000000, 0.06689611615637999775 ) ) ;
#553 =( NAMED_UNIT ( * ) SI_UNIT ( $, .STERADIAN. ) SOLID_ANGLE_UNIT ( ) );
#554 = ORIENTED_EDGE ( 'NONE', *, *, #1452, .T. ) ;
#555 = CARTESIAN_POINT ( 'NONE',  ( 0.000000000000000000, 0.000000000000000000, 0.000000000000000000 ) ) ;
#556 = PLANE ( 'NONE',  #633 ) ;
#557 = LINE ( 'NONE', #284, #1238 ) ;
#558 = EDGE_CURVE ( 'NONE', #579, #247, #223, .T. ) ;
#559 = CARTESIAN_POINT ( 'NONE',  ( -0.3238860646945000421, -0.2999999999999999889, 11.64549689008999955 ) ) ;
#560 = EDGE_CURVE ( 'NONE', #1030, #1522, #1110, .T. ) ;
#561 = ORIENTED_EDGE ( 'NONE', *, *, #440, .T. ) ;
#562 = ORIENTED_EDGE ( 'NONE', *, *, #1358, .F. ) ;
#563 = AXIS2_PLACEMENT_3D ( 'NONE', #1028, #415, #1552 ) ;
#564 = CARTESIAN_POINT ( 'NONE',  ( -6.632976578600000117, 9.900000000000000355, -0.05810385404129000259 ) ) ;
#565 = VECTOR ( 'NONE', #779, 1000.000000000000000 ) ;
#566 = LINE ( 'NONE', #1062, #1048 ) ;
#567 = CARTESIAN_POINT ( 'NONE',  ( 0.000000000000000000, 8.400000000000000355, 0.000000000000000000 ) ) ;
#568 = LINE ( 'NONE', #200, #762 ) ;
#569 = ORIENTED_EDGE ( 'NONE', *, *, #799, .F. ) ;
#570 = EDGE_CURVE ( 'NONE', #893, #1404, #886, .T. ) ;
#571 = VECTOR ( 'NONE', #305, 1000.000000000000000 ) ;
#572 = ORIENTED_EDGE ( 'NONE', *, *, #517, .F. ) ;
#573 = PRESENTATION_STYLE_ASSIGNMENT (( #73 ) ) ;
#574 = DIRECTION ( 'NONE',  ( 0.000000000000000000, 0.000000000000000000, -1.000000000000000000 ) ) ;
#575 = CARTESIAN_POINT ( 'NONE',  ( -6.632976578600000117, 9.900000000000000355, 0.06689611615637999775 ) ) ;
#576 = DIRECTION ( 'NONE',  ( 0.000000000000000000, -1.000000000000000000, 0.000000000000000000 ) ) ;
#577 = AXIS2_PLACEMENT_3D ( 'NONE', #1288, #1592, #87 ) ;
#578 = EDGE_LOOP ( 'NONE', ( #416, #784 ) ) ;
#579 = VERTEX_POINT ( 'NONE', #243 ) ;
#580 = EDGE_CURVE ( 'NONE', #153, #96, #233, .T. ) ;
#581 = LINE ( 'NONE', #1220, #1593 ) ;
#582 = DIRECTION ( 'NONE',  ( 0.000000000000000000, 1.000000000000000000, 0.000000000000000000 ) ) ;
#583 = CARTESIAN_POINT ( 'NONE',  ( 0.000000000000000000, 9.700000000000001066, 0.000000000000000000 ) ) ;
#584 = ORIENTED_EDGE ( 'NONE', *, *, #973, .T. ) ;
#585 = ORIENTED_EDGE ( 'NONE', *, *, #430, .F. ) ;
#586 = DIRECTION ( 'NONE',  ( 0.000000000000000000, 0.000000000000000000, -1.000000000000000000 ) ) ;
#587 = AXIS2_PLACEMENT_3D ( 'NONE', #1315, #1338, #1569 ) ;
#588 = DIRECTION ( 'NONE',  ( -1.000000000000000000, 0.000000000000000000, 0.000000000000000000 ) ) ;
#589 = VECTOR ( 'NONE', #1352, 1000.000000000000000 ) ;
#590 = EDGE_CURVE ( 'NONE', #1321, #1243, #1212, .T. ) ;
#591 = CYLINDRICAL_SURFACE ( 'NONE', #1144, 9.750000000000000000 ) ;
#592 = DIRECTION ( 'NONE',  ( 0.8800719569459606317, 0.000000000000000000, -0.4748403422175788147 ) ) ;
#593 = ORIENTED_EDGE ( 'NONE', *, *, #274, .F. ) ;
#594 = ORIENTED_EDGE ( 'NONE', *, *, #925, .F. ) ;
#595 = CARTESIAN_POINT ( 'NONE',  ( -7.271274464256999970, 10.00000000000000000, -0.5581038689424999699 ) ) ;
#596 = COLOUR_RGB ( '',0.5019607843137254832, 0.5019607843137254832, 0.5019607843137254832 ) ;
#597 = DIRECTION ( 'NONE',  ( -9.891566732367000848E-14, 0.000000000000000000, 1.000000000000000000 ) ) ;
#598 = FACE_OUTER_BOUND ( 'NONE', #741, .T. ) ;
#599 = CARTESIAN_POINT ( 'NONE',  ( 0.000000000000000000, -0.2999999999999999889, 0.000000000000000000 ) ) ;
#600 = ADVANCED_FACE ( 'NONE', ( #734 ), #1229, .T. ) ;
#601 = ORIENTED_EDGE ( 'NONE', *, *, #611, .T. ) ;
#602 = AXIS2_PLACEMENT_3D ( 'NONE', #91, #972, #592 ) ;
#603 = EDGE_LOOP ( 'NONE', ( #661, #1327, #1408, #1129 ) ) ;
#604 =( LENGTH_UNIT ( ) NAMED_UNIT ( * ) SI_UNIT ( .MILLI., .METRE. ) );
#605 = CIRCLE ( 'NONE', #1518, 9.750000000000000000 ) ;
#606 = CARTESIAN_POINT ( 'NONE',  ( 0.000000000000000000, 9.400000000000000355, 0.000000000000000000 ) ) ;
#607 = CARTESIAN_POINT ( 'NONE',  ( 0.000000000000000000, 0.000000000000000000, 1.420588684613000061E-14 ) ) ;
#608 = DIRECTION ( 'NONE',  ( 0.000000000000000000, -1.000000000000000000, 0.000000000000000000 ) ) ;
#609 = EDGE_CURVE ( 'NONE', #201, #300, #44, .T. ) ;
#610 = ORIENTED_EDGE ( 'NONE', *, *, #642, .F. ) ;
#611 = EDGE_CURVE ( 'NONE', #1226, #950, #409, .T. ) ;
#612 = ORIENTED_EDGE ( 'NONE', *, *, #1575, .T. ) ;
#613 = CARTESIAN_POINT ( 'NONE',  ( -6.632976578600000117, 9.900000000000000355, 0.06689611615637999775 ) ) ;
#614 = DIRECTION ( 'NONE',  ( 1.000000000000000000, 0.000000000000000000, 0.000000000000000000 ) ) ;
#615 = SURFACE_STYLE_FILL_AREA ( #1372 ) ;
#616 = PLANE ( 'NONE',  #338 ) ;
#617 = VECTOR ( 'NONE', #536, 1000.000000000000000 ) ;
#618 = VECTOR ( 'NONE', #270, 1000.000000000000000 ) ;
#619 = PLANE ( 'NONE',  #490 ) ;
#620 = EDGE_LOOP ( 'NONE', ( #1334, #777, #1445, #187 ) ) ;
#621 = VERTEX_POINT ( 'NONE', #1280 ) ;
#622 = ADVANCED_FACE ( 'NONE', ( #1031 ), #903, .F. ) ;
#623 = DIRECTION ( 'NONE',  ( 0.000000000000000000, 1.000000000000000000, 0.000000000000000000 ) ) ;
#624 = VECTOR ( 'NONE', #979, 1000.000000000000114 ) ;
#625 = FACE_OUTER_BOUND ( 'NONE', #1563, .T. ) ;
#626 = PLANE ( 'NONE',  #541 ) ;
#627 = ORIENTED_EDGE ( 'NONE', *, *, #832, .F. ) ;
#628 = ORIENTED_EDGE ( 'NONE', *, *, #1326, .T. ) ;
#629 = VECTOR ( 'NONE', #185, 1000.000000000000000 ) ;
#630 = DIRECTION ( 'NONE',  ( 0.000000000000000000, -1.000000000000000000, 0.000000000000000000 ) ) ;
#631 = ADVANCED_FACE ( 'NONE', ( #1405 ), #1395, .T. ) ;
#632 = CARTESIAN_POINT ( 'NONE',  ( 0.3238860646945000421, -0.2999999999999999889, 11.23662312921999984 ) ) ;
#633 = AXIS2_PLACEMENT_3D ( 'NONE', #32, #405, #550 ) ;
#634 = DIRECTION ( 'NONE',  ( 0.000000000000000000, 0.000000000000000000, 1.000000000000000000 ) ) ;
#635 = PLANE ( 'NONE',  #382 ) ;
#636 = ORIENTED_EDGE ( 'NONE', *, *, #841, .T. ) ;
#637 = VERTEX_POINT ( 'NONE', #279 ) ;
#638 = LINE ( 'NONE', #1492, #542 ) ;
#639 =( NAMED_UNIT ( * ) PLANE_ANGLE_UNIT ( ) SI_UNIT ( $, .RADIAN. ) );
#640 =( NAMED_UNIT ( * ) PLANE_ANGLE_UNIT ( ) SI_UNIT ( $, .RADIAN. ) );
#641 = DIRECTION ( 'NONE',  ( 9.874392969955000851E-14, 0.000000000000000000, -1.000000000000000000 ) ) ;
#642 = EDGE_CURVE ( 'NONE', #1219, #422, #94, .T. ) ;
#643 = CARTESIAN_POINT ( 'NONE',  ( 9.569258050309999319, 0.000000000000000000, -5.898805124567999769 ) ) ;
#644 = VECTOR ( 'NONE', #482, 1000.000000000000000 ) ;
#645 = VERTEX_POINT ( 'NONE', #648 ) ;
#646 = CIRCLE ( 'NONE', #1268, 10.14999999999999858 ) ;
#647 = VERTEX_POINT ( 'NONE', #294 ) ;
#648 = CARTESIAN_POINT ( 'NONE',  ( 0.000000000000000000, 9.900000000000000355, -3.000000000000000000 ) ) ;
#649 = PLANE ( 'NONE',  #910 ) ;
#650 = CARTESIAN_POINT ( 'NONE',  ( 0.000000000000000000, 0.000000000000000000, 0.000000000000000000 ) ) ;
#651 = DIRECTION ( 'NONE',  ( 0.000000000000000000, 1.000000000000000000, -2.847826771347000349E-14 ) ) ;
#652 = ORIENTED_EDGE ( 'NONE', *, *, #1205, .T. ) ;
#653 = ORIENTED_EDGE ( 'NONE', *, *, #423, .F. ) ;
#654 = CARTESIAN_POINT ( 'NONE',  ( -7.271274464256999970, 9.900000000000000355, -0.05810385404129000259 ) ) ;
#655 = VECTOR ( 'NONE', #797, 1000.000000000000000 ) ;
#656 = VECTOR ( 'NONE', #296, 1000.000000000000000 ) ;
#657 = DIRECTION ( 'NONE',  ( 1.000000000000000000, 0.000000000000000000, 0.000000000000000000 ) ) ;
#658 = DIRECTION ( 'NONE',  ( 0.000000000000000000, 1.000000000000000000, 0.000000000000000000 ) ) ;
#659 = CIRCLE ( 'NONE', #815, 0.4000000000000000222 ) ;
#660 = EDGE_LOOP ( 'NONE', ( #1557, #241, #1039, #292 ) ) ;
#661 = ORIENTED_EDGE ( 'NONE', *, *, #925, .T. ) ;
#662 = FACE_OUTER_BOUND ( 'NONE', #1497, .T. ) ;
#663 = ADVANCED_FACE ( 'NONE', ( #662 ), #959, .T. ) ;
#664 = CARTESIAN_POINT ( 'NONE',  ( -7.781912701255999210, 9.900000000000000355, -0.05810385404129000259 ) ) ;
#665 = PLANE ( 'NONE',  #1057 ) ;
#666 = ORIENTED_EDGE ( 'NONE', *, *, #718, .F. ) ;
#667 = VECTOR ( 'NONE', #213, 1000.000000000000000 ) ;
#668 = EDGE_LOOP ( 'NONE', ( #715, #771 ) ) ;
#669 = PRESENTATION_LAYER_ASSIGNMENT (  '', '', ( #465 ) ) ;
#670 = CARTESIAN_POINT ( 'NONE',  ( 0.000000000000000000, 9.700000000000001066, 8.349999999999999645 ) ) ;
#671 = CARTESIAN_POINT ( 'NONE',  ( 0.000000000000000000, 9.900000000000000355, 0.000000000000000000 ) ) ;
#672 = DIRECTION ( 'NONE',  ( 0.000000000000000000, -1.000000000000000000, 0.000000000000000000 ) ) ;
#673 = PRESENTATION_STYLE_ASSIGNMENT (( #948 ) ) ;
#674 = VECTOR ( 'NONE', #1170, 1000.000000000000000 ) ;
#675 = ORIENTED_EDGE ( 'NONE', *, *, #1472, .T. ) ;
#676 = DIRECTION ( 'NONE',  ( 0.000000000000000000, 0.000000000000000000, 1.000000000000000000 ) ) ;
#677 = DIRECTION ( 'NONE',  ( 0.000000000000000000, 0.000000000000000000, -1.000000000000000000 ) ) ;
#678 = EDGE_CURVE ( 'NONE', #1467, #354, #1517, .T. ) ;
#679 = VECTOR ( 'NONE', #230, 1000.000000000000000 ) ;
#680 = CARTESIAN_POINT ( 'NONE',  ( -7.271274464256999970, 9.900000000000000355, -0.5581038689424999699 ) ) ;
#681 = AXIS2_PLACEMENT_3D ( 'NONE', #1329, #1441, #1558 ) ;
#682 = EDGE_CURVE ( 'NONE', #1523, #1226, #462, .T. ) ;
#683 = DIRECTION ( 'NONE',  ( -0.8660254037844288266, 0.000000000000000000, -0.5000000000000169864 ) ) ;
#684 = CARTESIAN_POINT ( 'NONE',  ( -9.923353114162999589, -0.2999999999999999889, -6.103242005001999537 ) ) ;
#685 = VERTEX_POINT ( 'NONE', #654 ) ;
#686 = ORIENTED_EDGE ( 'NONE', *, *, #423, .T. ) ;
#687 = CARTESIAN_POINT ( 'NONE',  ( -7.271274464256999970, 9.900000000000000355, 0.5668961310575000301 ) ) ;
#688 = CARTESIAN_POINT ( 'NONE',  ( 0.000000000000000000, 0.000000000000000000, 0.000000000000000000 ) ) ;
#689 = FACE_OUTER_BOUND ( 'NONE', #620, .T. ) ;
#690 = LINE ( 'NONE', #194, #1148 ) ;
#691 = EDGE_CURVE ( 'NONE', #723, #431, #1286, .T. ) ;
#692 = EDGE_LOOP ( 'NONE', ( #1044, #610, #1166, #593 ) ) ;
#693 = ORIENTED_EDGE ( 'NONE', *, *, #1376, .T. ) ;
#694 = PRESENTATION_LAYER_ASSIGNMENT (  '', '', ( #1526 ) ) ;
#695 = CARTESIAN_POINT ( 'NONE',  ( -7.271274464256999970, 10.00000000000000000, 0.06689611615637999775 ) ) ;
#696 = COLOUR_RGB ( '',0.5019607843137254832, 0.5019607843137254832, 0.5019607843137254832 ) ;
#697 = CARTESIAN_POINT ( 'NONE',  ( -10.24723917885999924, -0.2999999999999999889, -5.542254885088000016 ) ) ;
#698 = DIRECTION ( 'NONE',  ( 0.000000000000000000, 1.000000000000000000, 0.000000000000000000 ) ) ;
#699 = LINE ( 'NONE', #806, #1200 ) ;
#700 = EDGE_CURVE ( 'NONE', #431, #1182, #1112, .T. ) ;
#701 = ORIENTED_EDGE ( 'NONE', *, *, #533, .F. ) ;
#702 = ORIENTED_EDGE ( 'NONE', *, *, #26, .T. ) ;
#703 = CARTESIAN_POINT ( 'NONE',  ( -7.271274464256999970, 10.00000000000000000, -0.5581038689424999699 ) ) ;
#704 = DIRECTION ( 'NONE',  ( 1.000000000000000000, 0.000000000000000000, 0.000000000000000000 ) ) ;
#705 = CLOSED_SHELL ( 'NONE', ( #121, #1257, #600, #1425, #1485, #803, #182, #99, #906, #1556, #1125, #283, #1597, #301, #1390, #1086, #1058, #1190, #1307, #71, #1149, #1336, #751, #1310, #853, #1508, #453, #849, #131, #663, #740, #443, #622, #404, #1475, #937, #631, #1247, #791, #219, #1519, #904, #927, #1033, #513, #1106, #475, #1537, #1159, #45, #320 ) ) ;
#706 = FACE_OUTER_BOUND ( 'NONE', #242, .T. ) ;
#707 = ORIENTED_EDGE ( 'NONE', *, *, #239, .T. ) ;
#708 = EDGE_LOOP ( 'NONE', ( #1089, #1470, #1608, #9 ) ) ;
#709 = CARTESIAN_POINT ( 'NONE',  ( -6.632976578600000117, 9.900000000000000355, 0.06689611615637999775 ) ) ;
#710 = EDGE_CURVE ( 'NONE', #231, #96, #175, .T. ) ;
#711 = CARTESIAN_POINT ( 'NONE',  ( -7.143614905007000360, 10.00000000000000000, 0.5668961310575000301 ) ) ;
#712 = PLANE ( 'NONE',  #1239 ) ;
#713 = CARTESIAN_POINT ( 'NONE',  ( -7.271274464256999970, 9.900000000000000355, -0.5581038689424999699 ) ) ;
#714 = EDGE_LOOP ( 'NONE', ( #835, #1590, #408, #86 ) ) ;
#715 = ORIENTED_EDGE ( 'NONE', *, *, #393, .T. ) ;
#716 = CARTESIAN_POINT ( 'NONE',  ( 9.569258050309999319, -0.2999999999999999889, -5.898805124567999769 ) ) ;
#717 = AXIS2_PLACEMENT_3D ( 'NONE', #33, #940, #1300 ) ;
#718 = EDGE_CURVE ( 'NONE', #501, #42, #1506, .T. ) ;
#719 = DIRECTION ( 'NONE',  ( 0.8517899668809711944, 0.000000000000000000, -0.5238834339057821810 ) ) ;
#720 = CIRCLE ( 'NONE', #122, 0.4000000000000000222 ) ;
#721 = CARTESIAN_POINT ( 'NONE',  ( 0.000000000000000000, 9.900000000000000355, 0.000000000000000000 ) ) ;
#722 = FACE_OUTER_BOUND ( 'NONE', #823, .T. ) ;
#723 = VERTEX_POINT ( 'NONE', #989 ) ;
#724 = ORIENTED_EDGE ( 'NONE', *, *, #811, .F. ) ;
#725 = DIRECTION ( 'NONE',  ( 0.000000000000000000, 0.000000000000000000, 1.000000000000000000 ) ) ;
#726 = COLOUR_RGB ( '',0.5019607843137254832, 0.5019607843137254832, 0.5019607843137254832 ) ;
#727 = DIRECTION ( 'NONE',  ( 1.000000000000000000, 0.000000000000000000, 0.000000000000000000 ) ) ;
#728 = EDGE_CURVE ( 'NONE', #998, #891, #1233, .T. ) ;
#729 = CARTESIAN_POINT ( 'NONE',  ( 0.000000000000000000, 10.00000000000000000, 0.000000000000000000 ) ) ;
#730 = EDGE_CURVE ( 'NONE', #448, #153, #251, .T. ) ;
#731 = VERTEX_POINT ( 'NONE', #388 ) ;
#732 = VECTOR ( 'NONE', #1250, 1000.000000000000000 ) ;
#733 = ORIENTED_EDGE ( 'NONE', *, *, #152, .F. ) ;
#734 = FACE_OUTER_BOUND ( 'NONE', #1340, .T. ) ;
#735 = VECTOR ( 'NONE', #68, 1000.000000000000000 ) ;
#736 = SURFACE_STYLE_USAGE ( .BOTH. , #870 ) ;
#737 = CARTESIAN_POINT ( 'NONE',  ( 0.3238860646945000421, 0.000000000000000000, 11.64549689008999955 ) ) ;
#738 = LINE ( 'NONE', #1088, #1591 ) ;
#739 = DIRECTION ( 'NONE',  ( 0.000000000000000000, 1.000000000000000000, 2.848186989404999759E-14 ) ) ;
#740 = ADVANCED_FACE ( 'NONE', ( #1489 ), #635, .T. ) ;
#741 = EDGE_LOOP ( 'NONE', ( #1285, #1460 ) ) ;
#742 = ORIENTED_EDGE ( 'NONE', *, *, #368, .F. ) ;
#743 = SURFACE_SIDE_STYLE ('',( #18 ) ) ;
#744 = FACE_OUTER_BOUND ( 'NONE', #65, .T. ) ;
#745 = DIRECTION ( 'NONE',  ( 0.000000000000000000, -1.000000000000000000, 0.000000000000000000 ) ) ;
#746 = DIRECTION ( 'NONE',  ( 0.000000000000000000, 1.000000000000000000, 0.000000000000000000 ) ) ;
#747 = AXIS2_PLACEMENT_3D ( 'NONE', #850, #1448, #106 ) ;
#748 = AXIS2_PLACEMENT_3D ( 'NONE', #1122, #509, #1601 ) ;
#749 = CARTESIAN_POINT ( 'NONE',  ( -7.271274464256999970, 10.00000000000000000, 0.5668961310575000301 ) ) ;
#750 = EDGE_LOOP ( 'NONE', ( #601, #942, #360, #330 ) ) ;
#751 = ADVANCED_FACE ( 'NONE', ( #1251 ), #177, .F. ) ;
#752 = VERTEX_POINT ( 'NONE', #749 ) ;
#753 = DIRECTION ( 'NONE',  ( 0.000000000000000000, -1.000000000000000000, 0.000000000000000000 ) ) ;
#754 = CARTESIAN_POINT ( 'NONE',  ( 0.000000000000000000, 8.400000000000000355, 0.000000000000000000 ) ) ;
#755 = STYLED_ITEM ( 'NONE', ( #1355 ), #1106 ) ;
#756 = CARTESIAN_POINT ( 'NONE',  ( 0.000000000000000000, 0.000000000000000000, -7.500000000000000000 ) ) ;
#757 = CARTESIAN_POINT ( 'NONE',  ( 0.000000000000000000, 9.900000000000000355, 0.000000000000000000 ) ) ;
#758 = DIRECTION ( 'NONE',  ( 0.000000000000000000, 1.000000000000000000, 0.000000000000000000 ) ) ;
#759 = ORIENTED_EDGE ( 'NONE', *, *, #39, .F. ) ;
#760 = CIRCLE ( 'NONE', #1119, 3.000000000000000000 ) ;
#761 = EDGE_LOOP ( 'NONE', ( #1105, #1010, #1335, #1120 ) ) ;
#762 = VECTOR ( 'NONE', #76, 1000.000000000000000 ) ;
#763 =( NAMED_UNIT ( * ) SI_UNIT ( $, .STERADIAN. ) SOLID_ANGLE_UNIT ( ) );
#764 = UNCERTAINTY_MEASURE_WITH_UNIT (LENGTH_MEASURE( 1.000000000000000082E-05 ), #210, 'distance_accuracy_value', 'NONE');
#765 = CARTESIAN_POINT ( 'NONE',  ( -6.632976578600000117, 10.00000000000000000, -0.05810385404129000259 ) ) ;
#766 = AXIS2_PLACEMENT_3D ( 'NONE', #1185, #812, #454 ) ;
#767 = CARTESIAN_POINT ( 'NONE',  ( 0.000000000000000000, 0.5000000000000000000, 0.000000000000000000 ) ) ;
#768 = CARTESIAN_POINT ( 'NONE',  ( 0.000000000000000000, 9.400000000000000355, 0.000000000000000000 ) ) ;
#769 = DIRECTION ( 'NONE',  ( 0.000000000000000000, 0.000000000000000000, -1.000000000000000000 ) ) ;
#770 = ORIENTED_EDGE ( 'NONE', *, *, #336, .F. ) ;
#771 = ORIENTED_EDGE ( 'NONE', *, *, #682, .T. ) ;
#772 = MANIFOLD_SOLID_BREP ( 'KPEG222.STEP<1>', #705 ) ;
#773 = PRODUCT_RELATED_PRODUCT_CATEGORY ( 'part', '', ( #449 ) ) ;
#774 = LINE ( 'NONE', #156, #1099 ) ;
#775 = DIRECTION ( 'NONE',  ( 0.000000000000000000, -1.000000000000000000, 0.000000000000000000 ) ) ;
#776 = CIRCLE ( 'NONE', #826, 3.000000000000000000 ) ;
#777 = ORIENTED_EDGE ( 'NONE', *, *, #228, .F. ) ;
#778 = VERTEX_POINT ( 'NONE', #900 ) ;
#779 = DIRECTION ( 'NONE',  ( 0.000000000000000000, -1.000000000000000000, 0.000000000000000000 ) ) ;
#780 = DIRECTION ( 'NONE',  ( 0.000000000000000000, 1.000000000000000000, 0.000000000000000000 ) ) ;
#781 = DIRECTION ( 'NONE',  ( 0.000000000000000000, 0.000000000000000000, -1.000000000000000000 ) ) ;
#782 = EDGE_LOOP ( 'NONE', ( #1203, #346 ) ) ;
#783 = EDGE_CURVE ( 'NONE', #104, #216, #1365, .T. ) ;
#784 = ORIENTED_EDGE ( 'NONE', *, *, #1546, .T. ) ;
#785 = DIRECTION ( 'NONE',  ( 0.5000000000000169864, 0.000000000000000000, 0.8660254037844288266 ) ) ;
#786 = CARTESIAN_POINT ( 'NONE',  ( -7.143614905007000360, 9.900000000000000355, 0.5668961310575000301 ) ) ;
#787 = PRESENTATION_LAYER_ASSIGNMENT (  '', '', ( #1303 ) ) ;
#788 = CARTESIAN_POINT ( 'NONE',  ( 0.000000000000000000, 0.000000000000000000, 1.420588684613000061E-14 ) ) ;
#789 = FACE_OUTER_BOUND ( 'NONE', #1156, .T. ) ;
#790 = ORIENTED_EDGE ( 'NONE', *, *, #160, .F. ) ;
#791 = ADVANCED_FACE ( 'NONE', ( #127 ), #619, .T. ) ;
#792 = ORIENTED_EDGE ( 'NONE', *, *, #1141, .T. ) ;
#793 = DIRECTION ( 'NONE',  ( 0.000000000000000000, 1.000000000000000000, 0.000000000000000000 ) ) ;
#794 = LINE ( 'NONE', #1373, #732 ) ;
#795 = CARTESIAN_POINT ( 'NONE',  ( 0.000000000000000000, 9.900000000000000355, 3.000000000000000000 ) ) ;
#796 = DIRECTION ( 'NONE',  ( 0.5000000000000169864, 0.000000000000000000, -0.8660254037844288266 ) ) ;
#797 = DIRECTION ( 'NONE',  ( 0.000000000000000000, -1.000000000000000000, 0.000000000000000000 ) ) ;
#798 = ORIENTED_EDGE ( 'NONE', *, *, #691, .T. ) ;
#799 = EDGE_CURVE ( 'NONE', #188, #1, #276, .T. ) ;
#800 = PRODUCT_DEFINITION_SHAPE ( 'NONE', 'NONE',  #872 ) ;
#801 = SHAPE_DEFINITION_REPRESENTATION ( #800, #1000 ) ;
#802 = FACE_OUTER_BOUND ( 'NONE', #417, .T. ) ;
#803 = ADVANCED_FACE ( 'NONE', ( #118 ), #626, .T. ) ;
#804 = DIRECTION ( 'NONE',  ( 0.000000000000000000, 1.000000000000000000, 0.000000000000000000 ) ) ;
#805 = CARTESIAN_POINT ( 'NONE',  ( 0.000000000000000000, 9.900000000000000355, 0.000000000000000000 ) ) ;
#806 = CARTESIAN_POINT ( 'NONE',  ( -7.781912701255999210, 9.900000000000000355, -0.05810385404129000259 ) ) ;
#807 = AXIS2_PLACEMENT_3D ( 'NONE', #767, #357, #511 ) ;
#808 = ORIENTED_EDGE ( 'NONE', *, *, #1041, .F. ) ;
#809 = ORIENTED_EDGE ( 'NONE', *, *, #1215, .F. ) ;
#810 = CARTESIAN_POINT ( 'NONE',  ( -7.143614905007000360, 9.900000000000000355, 0.5668961310575000301 ) ) ;
#811 = EDGE_CURVE ( 'NONE', #354, #1182, #257, .T. ) ;
#812 = DIRECTION ( 'NONE',  ( 0.000000000000000000, 1.000000000000000000, 0.000000000000000000 ) ) ;
#813 = VECTOR ( 'NONE', #190, 1000.000000000000000 ) ;
#814 = CARTESIAN_POINT ( 'NONE',  ( -9.923353114162999589, 0.000000000000000000, -6.103242005001999537 ) ) ;
#815 = AXIS2_PLACEMENT_3D ( 'NONE', #183, #40, #47 ) ;
#816 = ORIENTED_EDGE ( 'NONE', *, *, #111, .T. ) ;
#817 = ORIENTED_EDGE ( 'NONE', *, *, #975, .T. ) ;
#818 = LINE ( 'NONE', #1314, #1343 ) ;
#819 = FACE_OUTER_BOUND ( 'NONE', #539, .T. ) ;
#820 = EDGE_CURVE ( 'NONE', #1312, #891, #1606, .T. ) ;
#821 = FILL_AREA_STYLE_COLOUR ( '', #596 ) ;
#822 = CARTESIAN_POINT ( 'NONE',  ( 0.000000000000000000, 9.900000000000000355, 0.000000000000000000 ) ) ;
#823 = EDGE_LOOP ( 'NONE', ( #476, #400, #1393, #441 ) ) ;
#824 = ORIENTED_EDGE ( 'NONE', *, *, #1495, .T. ) ;
#825 = VECTOR ( 'NONE', #350, 1000.000000000000000 ) ;
#826 = AXIS2_PLACEMENT_3D ( 'NONE', #606, #905, #403 ) ;
#827 = FILL_AREA_STYLE ('',( #459 ) ) ;
#828 = AXIS2_PLACEMENT_3D ( 'NONE', #162, #1533, #1524 ) ;
#829 = CYLINDRICAL_SURFACE ( 'NONE', #766, 8.349999999999999645 ) ;
#830 = LINE ( 'NONE', #334, #1090 ) ;
#831 = DIRECTION ( 'NONE',  ( 1.000000000000000000, 0.000000000000000000, 0.000000000000000000 ) ) ;
#832 = EDGE_CURVE ( 'NONE', #891, #1312, #1036, .T. ) ;
#833 = ORIENTED_EDGE ( 'NONE', *, *, #1051, .T. ) ;
#834 = MECHANICAL_DESIGN_GEOMETRIC_PRESENTATION_REPRESENTATION (  '', ( #967 ), #1560 ) ;
#835 = ORIENTED_EDGE ( 'NONE', *, *, #558, .T. ) ;
#836 =( NAMED_UNIT ( * ) SI_UNIT ( $, .STERADIAN. ) SOLID_ANGLE_UNIT ( ) );
#837 = CARTESIAN_POINT ( 'NONE',  ( 9.893144115005000572, 0.000000000000000000, -5.337818004654000248 ) ) ;
#838 = CARTESIAN_POINT ( 'NONE',  ( -9.893144115005000572, 0.000000000000000000, -5.337818004654000248 ) ) ;
#839 = CARTESIAN_POINT ( 'NONE',  ( 0.3238860646945000421, 0.000000000000000000, 11.23662312921999984 ) ) ;
#840 = EDGE_LOOP ( 'NONE', ( #458, #1541, #129, #340 ) ) ;
#841 = EDGE_CURVE ( 'NONE', #1182, #1404, #1311, .T. ) ;
#842 = ORIENTED_EDGE ( 'NONE', *, *, #64, .F. ) ;
#843 = FACE_OUTER_BOUND ( 'NONE', #714, .T. ) ;
#844 = DIRECTION ( 'NONE',  ( 0.9999896892736327425, 0.000000000000000000, 0.004541073267792149204 ) ) ;
#845 = LINE ( 'NONE', #83, #644 ) ;
#846 = LINE ( 'NONE', #214, #1175 ) ;
#847 = ORIENTED_EDGE ( 'NONE', *, *, #1097, .F. ) ;
#848 = ORIENTED_EDGE ( 'NONE', *, *, #975, .F. ) ;
#849 = ADVANCED_FACE ( 'NONE', ( #1421, #313, #528 ), #178, .T. ) ;
#850 = CARTESIAN_POINT ( 'NONE',  ( -0.3238860646945000421, 0.000000000000000000, 11.64549689008999955 ) ) ;
#851 = CARTESIAN_POINT ( 'NONE',  ( -7.143614905007000360, 9.900000000000000355, -0.05810385404129000259 ) ) ;
#852 = COLOUR_RGB ( '',0.5019607843137254832, 0.5019607843137254832, 0.5019607843137254832 ) ;
#853 = ADVANCED_FACE ( 'NONE', ( #917 ), #306, .F. ) ;
#854 = AXIS2_PLACEMENT_3D ( 'NONE', #983, #355, #383 ) ;
#855 = CARTESIAN_POINT ( 'NONE',  ( -0.3238860646945000421, -0.2999999999999999889, 11.23662312921999984 ) ) ;
#856 = CARTESIAN_POINT ( 'NONE',  ( -0.4000000000000000222, -6.500000000000000000, 7.500000000000000000 ) ) ;
#857 = EDGE_LOOP ( 'NONE', ( #1059, #66 ) ) ;
#858 = ORIENTED_EDGE ( 'NONE', *, *, #551, .T. ) ;
#859 = DIRECTION ( 'NONE',  ( -0.02881217937084936190, 0.000000000000000000, 0.9995848429822763448 ) ) ;
#860 = AXIS2_PLACEMENT_3D ( 'NONE', #1450, #1087, #1561 ) ;
#861 = CARTESIAN_POINT ( 'NONE',  ( 0.000000000000000000, 0.000000000000000000, 0.000000000000000000 ) ) ;
#862 = DIRECTION ( 'NONE',  ( 0.000000000000000000, 1.000000000000000000, 0.000000000000000000 ) ) ;
#863 = PLANE ( 'NONE',  #1252 ) ;
#864 = MECHANICAL_DESIGN_GEOMETRIC_PRESENTATION_REPRESENTATION (  '', ( #1303 ), #207 ) ;
#865 = ORIENTED_EDGE ( 'NONE', *, *, #208, .T. ) ;
#866 = AXIS2_PLACEMENT_3D ( 'NONE', #599, #608, #359 ) ;
#867 = ORIENTED_EDGE ( 'NONE', *, *, #710, .F. ) ;
#868 = LINE ( 'NONE', #252, #1292 ) ;
#869 = VECTOR ( 'NONE', #212, 1000.000000000000000 ) ;
#870 = SURFACE_SIDE_STYLE ('',( #349 ) ) ;
#871 = FACE_OUTER_BOUND ( 'NONE', #337, .T. ) ;
#872 = PRODUCT_DEFINITION ( 'UNKNOWN', '', #1399, #1024 ) ;
#873 =( NAMED_UNIT ( * ) PLANE_ANGLE_UNIT ( ) SI_UNIT ( $, .RADIAN. ) );
#874 = ORIENTED_EDGE ( 'NONE', *, *, #249, .T. ) ;
#875 = ORIENTED_EDGE ( 'NONE', *, *, #728, .T. ) ;
#876 = CARTESIAN_POINT ( 'NONE',  ( 0.000000000000000000, 9.700000000000001066, -9.750000000000000000 ) ) ;
#877 = PRESENTATION_STYLE_ASSIGNMENT (( #736 ) ) ;
#878 = AXIS2_PLACEMENT_3D ( 'NONE', #41, #1180, #1283 ) ;
#879 = CARTESIAN_POINT ( 'NONE',  ( 0.000000000000000000, 8.400000000000000355, 0.000000000000000000 ) ) ;
#880 = VECTOR ( 'NONE', #758, 1000.000000000000000 ) ;
#881 = VECTOR ( 'NONE', #492, 1000.000000000000000 ) ;
#882 = DIRECTION ( 'NONE',  ( 0.000000000000000000, 0.000000000000000000, -1.000000000000000000 ) ) ;
#883 = EDGE_LOOP ( 'NONE', ( #1532, #1342, #848, #707 ) ) ;
#884 = EDGE_CURVE ( 'NONE', #1394, #112, #437, .T. ) ;
#885 = ORIENTED_EDGE ( 'NONE', *, *, #1256, .F. ) ;
#886 = LINE ( 'NONE', #1379, #589 ) ;
#887 = PLANE ( 'NONE',  #1420 ) ;
#888 = SURFACE_SIDE_STYLE ('',( #615 ) ) ;
#889 = CARTESIAN_POINT ( 'NONE',  ( -11.65000000000000036, 0.000000000000000000, 0.000000000000000000 ) ) ;
#890 = DIRECTION ( 'NONE',  ( 0.000000000000000000, 1.000000000000000000, 0.000000000000000000 ) ) ;
#891 = VERTEX_POINT ( 'NONE', #1146 ) ;
#892 = AXIS2_PLACEMENT_3D ( 'NONE', #713, #1208, #1477 ) ;
#893 = VERTEX_POINT ( 'NONE', #1521 ) ;
#894 = CIRCLE ( 'NONE', #34, 11.24129002967000268 ) ;
#895 = DIRECTION ( 'NONE',  ( 0.000000000000000000, -1.000000000000000000, 0.000000000000000000 ) ) ;
#896 = EDGE_CURVE ( 'NONE', #936, #407, #298, .T. ) ;
#897 = CARTESIAN_POINT ( 'NONE',  ( 0.000000000000000000, 0.000000000000000000, 7.500000000000000000 ) ) ;
#898 = VECTOR ( 'NONE', #1177, 1000.000000000000000 ) ;
#899 =( LENGTH_UNIT ( ) NAMED_UNIT ( * ) SI_UNIT ( .MILLI., .METRE. ) );
#900 = CARTESIAN_POINT ( 'NONE',  ( -9.893144115005000572, 0.000000000000000000, -5.337818004654000248 ) ) ;
#901 = ORIENTED_EDGE ( 'NONE', *, *, #1009, .T. ) ;
#902 = ORIENTED_EDGE ( 'NONE', *, *, #1256, .T. ) ;
#903 = CYLINDRICAL_SURFACE ( 'NONE', #828, 11.24129002966999913 ) ;
#904 = ADVANCED_FACE ( 'NONE', ( #193 ), #1407, .T. ) ;
#905 = DIRECTION ( 'NONE',  ( 0.000000000000000000, 1.000000000000000000, 0.000000000000000000 ) ) ;
#906 = ADVANCED_FACE ( 'NONE', ( #406 ), #665, .T. ) ;
#907 = LINE ( 'NONE', #1551, #571 ) ;
#908 = CARTESIAN_POINT ( 'NONE',  ( -7.781912701255999210, 9.900000000000000355, -0.05810385404129000259 ) ) ;
#909 = AXIS2_PLACEMENT_3D ( 'NONE', #1155, #1049, #1035 ) ;
#910 = AXIS2_PLACEMENT_3D ( 'NONE', #1535, #676, #1542 ) ;
#911 = ORIENTED_EDGE ( 'NONE', *, *, #39, .T. ) ;
#912 = VERTEX_POINT ( 'NONE', #552 ) ;
#913 = DIRECTION ( 'NONE',  ( 0.000000000000000000, 1.000000000000000000, 0.000000000000000000 ) ) ;
#914 = DIRECTION ( 'NONE',  ( 0.8517899668809711944, 0.000000000000000000, -0.5238834339057821810 ) ) ;
#915 = PLANE ( 'NONE',  #480 ) ;
#916 = EDGE_CURVE ( 'NONE', #422, #1321, #1402, .T. ) ;
#917 = FACE_OUTER_BOUND ( 'NONE', #1613, .T. ) ;
#918 = ORIENTED_EDGE ( 'NONE', *, *, #228, .T. ) ;
#919 = ORIENTED_EDGE ( 'NONE', *, *, #783, .T. ) ;
#920 = DIRECTION ( 'NONE',  ( 0.000000000000000000, 0.000000000000000000, 1.000000000000000000 ) ) ;
#921 = PRODUCT_CONTEXT ( 'NONE', #1221, 'mechanical' ) ;
#922 = DIRECTION ( 'NONE',  ( 0.000000000000000000, 1.000000000000000000, 0.000000000000000000 ) ) ;
#923 = CARTESIAN_POINT ( 'NONE',  ( -9.923353114162999589, -0.2999999999999999889, -6.103242005001999537 ) ) ;
#924 = DIRECTION ( 'NONE',  ( 0.000000000000000000, 0.000000000000000000, -1.000000000000000000 ) ) ;
#925 = EDGE_CURVE ( 'NONE', #1351, #407, #557, .T. ) ;
#926 = ORIENTED_EDGE ( 'NONE', *, *, #783, .F. ) ;
#927 = ADVANCED_FACE ( 'NONE', ( #1276 ), #157, .F. ) ;
#928 = ORIENTED_EDGE ( 'NONE', *, *, #272, .F. ) ;
#929 = CARTESIAN_POINT ( 'NONE',  ( 0.000000000000000000, 0.000000000000000000, 0.000000000000000000 ) ) ;
#930 = CARTESIAN_POINT ( 'NONE',  ( -10.14999999999999858, 8.400000000000000355, -1.003995497850000059E-12 ) ) ;
#931 = DIRECTION ( 'NONE',  ( 0.000000000000000000, 0.000000000000000000, -1.000000000000000000 ) ) ;
#932 = DIRECTION ( 'NONE',  ( -1.000000000000000000, 0.000000000000000000, 0.000000000000000000 ) ) ;
#933 = LINE ( 'NONE', #684, #362 ) ;
#934 = VECTOR ( 'NONE', #739, 1000.000000000000000 ) ;
#935 = AXIS2_PLACEMENT_3D ( 'NONE', #1610, #253, #130 ) ;
#936 = VERTEX_POINT ( 'NONE', #62 ) ;
#937 = ADVANCED_FACE ( 'NONE', ( #789 ), #1043, .T. ) ;
#938 = LINE ( 'NONE', #889, #1224 ) ;
#939 = CARTESIAN_POINT ( 'NONE',  ( 0.000000000000000000, 9.700000000000001066, 0.000000000000000000 ) ) ;
#940 = DIRECTION ( 'NONE',  ( 0.000000000000000000, -1.000000000000000000, 0.000000000000000000 ) ) ;
#941 = CARTESIAN_POINT ( 'NONE',  ( -11.65000000000000036, 8.400000000000000355, 0.000000000000000000 ) ) ;
#942 = ORIENTED_EDGE ( 'NONE', *, *, #1051, .F. ) ;
#943 = CARTESIAN_POINT ( 'NONE',  ( -7.143614905007000360, 9.900000000000000355, -0.5581038689424999699 ) ) ;
#944 = VECTOR ( 'NONE', #446, 1000.000000000000000 ) ;
#945 = DIRECTION ( 'NONE',  ( 0.000000000000000000, -1.000000000000000000, 0.000000000000000000 ) ) ;
#946 = CIRCLE ( 'NONE', #314, 0.9999999999999991118 ) ;
#947 = CARTESIAN_POINT ( 'NONE',  ( 0.000000000000000000, 9.700000000000001066, 0.000000000000000000 ) ) ;
#948 = SURFACE_STYLE_USAGE ( .BOTH. , #1056 ) ;
#949 = CIRCLE ( 'NONE', #342, 11.65000000000000036 ) ;
#950 = VERTEX_POINT ( 'NONE', #1291 ) ;
#951 = ORIENTED_EDGE ( 'NONE', *, *, #678, .F. ) ;
#952 = CARTESIAN_POINT ( 'NONE',  ( -7.143614905007000360, 10.00000000000000000, 0.5668961310575000301 ) ) ;
#953 = CARTESIAN_POINT ( 'NONE',  ( -0.4000000000000000222, -6.500000000000000000, -7.500000000000000000 ) ) ;
#954 = EDGE_CURVE ( 'NONE', #188, #104, #1370, .T. ) ;
#955 = CARTESIAN_POINT ( 'NONE',  ( -7.143614905007000360, 9.900000000000000355, 0.5668961310575000301 ) ) ;
#956 = DIRECTION ( 'NONE',  ( 1.000000000000000000, 0.000000000000000000, 0.000000000000000000 ) ) ;
#957 = VERTEX_POINT ( 'NONE', #428 ) ;
#958 = ORIENTED_EDGE ( 'NONE', *, *, #884, .T. ) ;
#959 = TOROIDAL_SURFACE ( 'NONE', #986, 10.14999999999999858, 1.500000000000000000 ) ;
#960 = DIRECTION ( 'NONE',  ( -1.000000000000000000, 0.000000000000000000, 0.000000000000000000 ) ) ;
#961 = AXIS2_PLACEMENT_3D ( 'NONE', #7, #890, #1270 ) ;
#962 = DIRECTION ( 'NONE',  ( 0.000000000000000000, 1.000000000000000000, 0.000000000000000000 ) ) ;
#963 = PLANE ( 'NONE',  #860 ) ;
#964 = LINE ( 'NONE', #438, #629 ) ;
#965 = EDGE_CURVE ( 'NONE', #468, #323, #1347, .T. ) ;
#966 = ORIENTED_EDGE ( 'NONE', *, *, #1548, .T. ) ;
#967 = STYLED_ITEM ( 'NONE', ( #374 ), #1159 ) ;
#968 = PLANE ( 'NONE',  #747 ) ;
#969 = CARTESIAN_POINT ( 'NONE',  ( -0.4000000000000000222, 0.000000000000000000, 7.500000000000000000 ) ) ;
#970 = DIRECTION ( 'NONE',  ( 0.02780137894373050506, 0.000000000000000000, 0.9996134669605183376 ) ) ;
#971 = CIRCLE ( 'NONE', #264, 3.000000000000000000 ) ;
#972 = DIRECTION ( 'NONE',  ( 0.000000000000000000, 1.000000000000000000, 0.000000000000000000 ) ) ;
#973 = EDGE_CURVE ( 'NONE', #1515, #467, #1196, .T. ) ;
#974 = ORIENTED_EDGE ( 'NONE', *, *, #611, .F. ) ;
#975 = EDGE_CURVE ( 'NONE', #1060, #439, #1332, .T. ) ;
#976 = ORIENTED_EDGE ( 'NONE', *, *, #81, .T. ) ;
#977 = CARTESIAN_POINT ( 'NONE',  ( 0.000000000000000000, 8.400000000000000355, 0.000000000000000000 ) ) ;
#978 = DIRECTION ( 'NONE',  ( 0.000000000000000000, 1.000000000000000000, 0.000000000000000000 ) ) ;
#979 = DIRECTION ( 'NONE',  ( 0.8660254037844288266, 0.000000000000000000, -0.5000000000000169864 ) ) ;
#980 = CARTESIAN_POINT ( 'NONE',  ( 0.000000000000000000, 9.900000000000000355, 0.000000000000000000 ) ) ;
#981 = ORIENTED_EDGE ( 'NONE', *, *, #1345, .F. ) ;
#982 = ORIENTED_EDGE ( 'NONE', *, *, #463, .T. ) ;
#983 = CARTESIAN_POINT ( 'NONE',  ( 10.14999999999999858, 8.400000000000000355, 1.002246896585999958E-12 ) ) ;
#984 = EDGE_CURVE ( 'NONE', #1052, #507, #1133, .T. ) ;
#985 = CYLINDRICAL_SURFACE ( 'NONE', #1109, 3.000000000000000000 ) ;
#986 = AXIS2_PLACEMENT_3D ( 'NONE', #1158, #1273, #154 ) ;
#987 = SURFACE_SIDE_STYLE ('',( #1015 ) ) ;
#988 = DIRECTION ( 'NONE',  ( 0.8660254037844288266, 0.000000000000000000, -0.5000000000000169864 ) ) ;
#989 = CARTESIAN_POINT ( 'NONE',  ( -7.143614905007000360, 9.900000000000000355, -0.05810385404129000259 ) ) ;
#990 = ORIENTED_EDGE ( 'NONE', *, *, #965, .F. ) ;
#991 = ORIENTED_EDGE ( 'NONE', *, *, #1345, .T. ) ;
#992 = DIRECTION ( 'NONE',  ( 0.000000000000000000, 1.000000000000000000, 0.000000000000000000 ) ) ;
#993 = PLANE ( 'NONE',  #1607 ) ;
#994 = LINE ( 'NONE', #102, #1484 ) ;
#995 = DIRECTION ( 'NONE',  ( -0.9999896892736327425, 0.000000000000000000, -0.004541073267793148405 ) ) ;
#996 = AXIS2_PLACEMENT_3D ( 'NONE', #980, #351, #505 ) ;
#997 = ORIENTED_EDGE ( 'NONE', *, *, #820, .T. ) ;
#998 = VERTEX_POINT ( 'NONE', #1094 ) ;
#999 = CARTESIAN_POINT ( 'NONE',  ( -7.781912701255999210, 9.900000000000000355, 0.06689611615637999775 ) ) ;
#1000 = ADVANCED_BREP_SHAPE_REPRESENTATION ( 'KPEG222', ( #772, #1134 ), #20 ) ;
#1001 = DIRECTION ( 'NONE',  ( 0.8660254037844288266, 0.000000000000000000, 0.5000000000000169864 ) ) ;
#1002 = FACE_OUTER_BOUND ( 'NONE', #1507, .T. ) ;
#1003 = EDGE_CURVE ( 'NONE', #621, #29, #1207, .T. ) ;
#1004 = ORIENTED_EDGE ( 'NONE', *, *, #811, .T. ) ;
#1005 = ORIENTED_EDGE ( 'NONE', *, *, #239, .F. ) ;
#1006 = CARTESIAN_POINT ( 'NONE',  ( -9.923353114162999589, 0.000000000000000000, -6.103242005001999537 ) ) ;
#1007 = DIRECTION ( 'NONE',  ( -1.000000000000000000, 0.000000000000000000, 0.000000000000000000 ) ) ;
#1008 = DIRECTION ( 'NONE',  ( 0.000000000000000000, -1.000000000000000000, 0.000000000000000000 ) ) ;
#1009 = EDGE_CURVE ( 'NONE', #998, #1440, #377, .T. ) ;
#1010 = ORIENTED_EDGE ( 'NONE', *, *, #560, .F. ) ;
#1011 = ORIENTED_EDGE ( 'NONE', *, *, #1116, .T. ) ;
#1012 = CARTESIAN_POINT ( 'NONE',  ( -0.3238860646945000421, 0.000000000000000000, 11.64549689008999955 ) ) ;
#1013 =( NAMED_UNIT ( * ) SI_UNIT ( $, .STERADIAN. ) SOLID_ANGLE_UNIT ( ) );
#1014 = AXIS2_PLACEMENT_3D ( 'NONE', #607, #745, #23 ) ;
#1015 = SURFACE_STYLE_FILL_AREA ( #199 ) ;
#1016 = LINE ( 'NONE', #1412, #656 ) ;
#1017 = DIRECTION ( 'NONE',  ( 0.02780137894373050506, 0.000000000000000000, 0.9996134669605183376 ) ) ;
#1018 = EDGE_LOOP ( 'NONE', ( #258, #1454, #1479, #847, #792, #572, #161, #1313, #742, #293, #1555, #1431, #315, #331 ) ) ;
#1019 = EDGE_CURVE ( 'NONE', #1147, #637, #120, .T. ) ;
#1020 = ORIENTED_EDGE ( 'NONE', *, *, #1003, .T. ) ;
#1021 = AXIS2_PLACEMENT_3D ( 'NONE', #879, #512, #1418 ) ;
#1022 = DIRECTION ( 'NONE',  ( 0.000000000000000000, -1.000000000000000000, 0.000000000000000000 ) ) ;
#1023 = EDGE_CURVE ( 'NONE', #247, #16, #172, .T. ) ;
#1024 = PRODUCT_DEFINITION_CONTEXT ( 'detailed design', #31, 'design' ) ;
#1025 = DIRECTION ( 'NONE',  ( 0.000000000000000000, 0.000000000000000000, 1.000000000000000000 ) ) ;
#1026 = VECTOR ( 'NONE', #1085, 1000.000000000000000 ) ;
#1027 = DIRECTION ( 'NONE',  ( -0.000000000000000000, 1.000000000000000000, 0.000000000000000000 ) ) ;
#1028 = CARTESIAN_POINT ( 'NONE',  ( 0.000000000000000000, 9.900000000000000355, 0.000000000000000000 ) ) ;
#1029 = ORIENTED_EDGE ( 'NONE', *, *, #368, .T. ) ;
#1030 = VERTEX_POINT ( 'NONE', #855 ) ;
#1031 = FACE_OUTER_BOUND ( 'NONE', #761, .T. ) ;
#1032 = DIRECTION ( 'NONE',  ( 0.000000000000000000, 1.000000000000000000, 0.000000000000000000 ) ) ;
#1033 = ADVANCED_FACE ( 'NONE', ( #1070 ), #712, .T. ) ;
#1034 = CARTESIAN_POINT ( 'NONE',  ( -9.569258050309999319, -0.2999999999999999889, -5.898805124567999769 ) ) ;
#1035 = DIRECTION ( 'NONE',  ( 0.5000000000000168754, 0.000000000000000000, -0.8660254037844288266 ) ) ;
#1036 = CIRCLE ( 'NONE', #878, 0.4000000000000000222 ) ;
#1037 = ORIENTED_EDGE ( 'NONE', *, *, #356, .F. ) ;
#1038 = MECHANICAL_DESIGN_GEOMETRIC_PRESENTATION_REPRESENTATION (  '', ( #1502 ), #1082 ) ;
#1039 = ORIENTED_EDGE ( 'NONE', *, *, #3, .F. ) ;
#1040 = CARTESIAN_POINT ( 'NONE',  ( 0.000000000000000000, 9.900000000000000355, -8.349999999999999645 ) ) ;
#1041 = EDGE_CURVE ( 'NONE', #323, #1467, #845, .T. ) ;
#1042 = CARTESIAN_POINT ( 'NONE',  ( 0.000000000000000000, 9.900000000000000355, -8.349999999999999645 ) ) ;
#1043 = PLANE ( 'NONE',  #1162 ) ;
#1044 = ORIENTED_EDGE ( 'NONE', *, *, #3, .T. ) ;
#1045 = ORIENTED_EDGE ( 'NONE', *, *, #149, .F. ) ;
#1046 = CARTESIAN_POINT ( 'NONE',  ( 0.000000000000000000, 0.000000000000000000, -1.420588684613000061E-14 ) ) ;
#1047 = CARTESIAN_POINT ( 'NONE',  ( 0.000000000000000000, 0.000000000000000000, 0.000000000000000000 ) ) ;
#1048 = VECTOR ( 'NONE', #574, 1000.000000000000000 ) ;
#1049 = DIRECTION ( 'NONE',  ( 0.000000000000000000, -1.000000000000000000, 0.000000000000000000 ) ) ;
#1050 = CARTESIAN_POINT ( 'NONE',  ( -7.781912701255999210, 10.00000000000000000, -0.05810385404129000259 ) ) ;
#1051 = EDGE_CURVE ( 'NONE', #277, #950, #92, .T. ) ;
#1052 = VERTEX_POINT ( 'NONE', #1576 ) ;
#1053 = DIRECTION ( 'NONE',  ( -0.000000000000000000, 1.000000000000000000, 0.000000000000000000 ) ) ;
#1054 = DIRECTION ( 'NONE',  ( -1.000000000000000000, 0.000000000000000000, 0.000000000000000000 ) ) ;
#1055 = DIRECTION ( 'NONE',  ( 0.000000000000000000, -1.000000000000000000, 0.000000000000000000 ) ) ;
#1056 = SURFACE_SIDE_STYLE ('',( #322 ) ) ;
#1057 = AXIS2_PLACEMENT_3D ( 'NONE', #908, #184, #544 ) ;
#1058 = ADVANCED_FACE ( 'NONE', ( #1437 ), #591, .F. ) ;
#1059 = ORIENTED_EDGE ( 'NONE', *, *, #1179, .F. ) ;
#1060 = VERTEX_POINT ( 'NONE', #90 ) ;
#1061 = DIRECTION ( 'NONE',  ( 1.000000000000000000, 0.000000000000000000, 0.000000000000000000 ) ) ;
#1062 = CARTESIAN_POINT ( 'NONE',  ( -6.632976578600000117, 10.00000000000000000, 0.06689611615637999775 ) ) ;
#1063 = FACE_BOUND ( 'NONE', #137, .T. ) ;
#1064 = VECTOR ( 'NONE', #1544, 1000.000000000000000 ) ;
#1065 = ORIENTED_EDGE ( 'NONE', *, *, #1472, .F. ) ;
#1066 = EDGE_LOOP ( 'NONE', ( #424, #128, #1302, #399 ) ) ;
#1067 = EDGE_CURVE ( 'NONE', #29, #42, #830, .T. ) ;
#1068 = CARTESIAN_POINT ( 'NONE',  ( -0.4000000000000000222, 0.000000000000000000, -7.500000000000000000 ) ) ;
#1069 = CIRCLE ( 'NONE', #477, 0.4000000000000000222 ) ;
#1070 = FACE_OUTER_BOUND ( 'NONE', #660, .T. ) ;
#1071 = CIRCLE ( 'NONE', #8, 11.15000000000000036 ) ;
#1072 = ORIENTED_EDGE ( 'NONE', *, *, #208, .F. ) ;
#1073 = ORIENTED_EDGE ( 'NONE', *, *, #261, .T. ) ;
#1074 = PLANE ( 'NONE',  #681 ) ;
#1075 = EDGE_CURVE ( 'NONE', #778, #1157, #327, .T. ) ;
#1076 = DIRECTION ( 'NONE',  ( -1.000000000000000000, 0.000000000000000000, 0.000000000000000000 ) ) ;
#1077 = DIRECTION ( 'NONE',  ( 0.000000000000000000, 1.000000000000000000, 0.000000000000000000 ) ) ;
#1078 = LINE ( 'NONE', #63, #655 ) ;
#1079 = ORIENTED_EDGE ( 'NONE', *, *, #1409, .F. ) ;
#1080 = AXIS2_PLACEMENT_3D ( 'NONE', #786, #164, #1032 ) ;
#1081 = ORIENTED_EDGE ( 'NONE', *, *, #217, .F. ) ;
#1082 =( GEOMETRIC_REPRESENTATION_CONTEXT ( 3 ) GLOBAL_UNCERTAINTY_ASSIGNED_CONTEXT ( ( #764 ) ) GLOBAL_UNIT_ASSIGNED_CONTEXT ( ( #210, #80, #836 ) ) REPRESENTATION_CONTEXT ( 'NONE', 'WORKASPACE' ) );
#1083 = CARTESIAN_POINT ( 'NONE',  ( -9.893144115005000572, -0.2999999999999999889, -5.337818004654000248 ) ) ;
#1084 = VECTOR ( 'NONE', #775, 1000.000000000000000 ) ;
#1085 = DIRECTION ( 'NONE',  ( 0.000000000000000000, 0.000000000000000000, -1.000000000000000000 ) ) ;
#1086 = ADVANCED_FACE ( 'NONE', ( #1063, #598 ), #963, .T. ) ;
#1087 = DIRECTION ( 'NONE',  ( -0.000000000000000000, 1.000000000000000000, 0.000000000000000000 ) ) ;
#1088 = CARTESIAN_POINT ( 'NONE',  ( -7.781912701255999210, 10.00000000000000000, 0.06689611615637999775 ) ) ;
#1089 = ORIENTED_EDGE ( 'NONE', *, *, #356, .T. ) ;
#1090 = VECTOR ( 'NONE', #464, 1000.000000000000000 ) ;
#1091 = VERTEX_POINT ( 'NONE', #445 ) ;
#1092 = LINE ( 'NONE', #341, #1095 ) ;
#1093 = CARTESIAN_POINT ( 'NONE',  ( -10.14999999999999858, 9.900000000000000355, 0.000000000000000000 ) ) ;
#1094 = CARTESIAN_POINT ( 'NONE',  ( 0.4000000000000000222, 0.000000000000000000, -7.500000000000000000 ) ) ;
#1095 = VECTOR ( 'NONE', #452, 1000.000000000000000 ) ;
#1096 = PLANE ( 'NONE',  #866 ) ;
#1097 = EDGE_CURVE ( 'NONE', #1278, #1204, #1585, .T. ) ;
#1098 = ORIENTED_EDGE ( 'NONE', *, *, #1169, .T. ) ;
#1099 = VECTOR ( 'NONE', #148, 1000.000000000000000 ) ;
#1100 = ORIENTED_EDGE ( 'NONE', *, *, #1235, .T. ) ;
#1101 = FACE_OUTER_BOUND ( 'NONE', #17, .T. ) ;
#1102 = CARTESIAN_POINT ( 'NONE',  ( -7.271274464256999970, 9.900000000000000355, 0.06689611615637999775 ) ) ;
#1103 = CARTESIAN_POINT ( 'NONE',  ( 0.000000000000000000, 0.000000000000000000, 0.000000000000000000 ) ) ;
#1104 = DIRECTION ( 'NONE',  ( 0.000000000000000000, 1.000000000000000000, 0.000000000000000000 ) ) ;
#1105 = ORIENTED_EDGE ( 'NONE', *, *, #160, .T. ) ;
#1106 = ADVANCED_FACE ( 'NONE', ( #689 ), #321, .T. ) ;
#1107 = ORIENTED_EDGE ( 'NONE', *, *, #64, .T. ) ;
#1108 = DIRECTION ( 'NONE',  ( 0.000000000000000000, 1.000000000000000000, 0.000000000000000000 ) ) ;
#1109 = AXIS2_PLACEMENT_3D ( 'NONE', #1346, #138, #481 ) ;
#1110 = CIRCLE ( 'NONE', #435, 11.24129002966999380 ) ;
#1111 = CARTESIAN_POINT ( 'NONE',  ( 11.15000000000000036, 0.5000000000000000000, 0.000000000000000000 ) ) ;
#1112 = LINE ( 'NONE', #499, #880 ) ;
#1113 = ORIENTED_EDGE ( 'NONE', *, *, #560, .T. ) ;
#1114 = ORIENTED_EDGE ( 'NONE', *, *, #249, .F. ) ;
#1115 = CARTESIAN_POINT ( 'NONE',  ( 0.000000000000000000, 9.900000000000000355, 0.000000000000000000 ) ) ;
#1116 = EDGE_CURVE ( 'NONE', #1523, #277, #5, .T. ) ;
#1117 =( NAMED_UNIT ( * ) SI_UNIT ( $, .STERADIAN. ) SOLID_ANGLE_UNIT ( ) );
#1118 = DIRECTION ( 'NONE',  ( 0.000000000000000000, -1.000000000000000000, 0.000000000000000000 ) ) ;
#1119 = AXIS2_PLACEMENT_3D ( 'NONE', #822, #205, #429 ) ;
#1120 = ORIENTED_EDGE ( 'NONE', *, *, #1461, .F. ) ;
#1121 = ORIENTED_EDGE ( 'NONE', *, *, #1599, .F. ) ;
#1122 = CARTESIAN_POINT ( 'NONE',  ( 0.000000000000000000, 0.000000000000000000, 7.500000000000000000 ) ) ;
#1123 = CIRCLE ( 'NONE', #1309, 1.499999999999999556 ) ;
#1124 = CARTESIAN_POINT ( 'NONE',  ( -7.143614905007000360, 9.900000000000000355, 0.06689611615637999775 ) ) ;
#1125 = ADVANCED_FACE ( 'NONE', ( #132 ), #1486, .T. ) ;
#1126 = CARTESIAN_POINT ( 'NONE',  ( -7.271274464256999970, 9.900000000000000355, 0.06689611615637999775 ) ) ;
#1127 = LINE ( 'NONE', #13, #234 ) ;
#1128 = CARTESIAN_POINT ( 'NONE',  ( 0.000000000000000000, 8.400000000000000355, 0.000000000000000000 ) ) ;
#1129 = ORIENTED_EDGE ( 'NONE', *, *, #517, .T. ) ;
#1130 = ORIENTED_EDGE ( 'NONE', *, *, #570, .F. ) ;
#1131 = CARTESIAN_POINT ( 'NONE',  ( 0.000000000000000000, 9.900000000000000355, 9.750000000000000000 ) ) ;
#1132 = UNCERTAINTY_MEASURE_WITH_UNIT (LENGTH_MEASURE( 1.000000000000000082E-05 ), #604, 'distance_accuracy_value', 'NONE');
#1133 = CIRCLE ( 'NONE', #1290, 9.750000000000000000 ) ;
#1134 = AXIS2_PLACEMENT_3D ( 'NONE', #929, #1160, #534 ) ;
#1135 = CYLINDRICAL_SURFACE ( 'NONE', #470, 11.15000000000000036 ) ;
#1136 = PLANE ( 'NONE',  #396 ) ;
#1137 = PRESENTATION_LAYER_ASSIGNMENT (  '', '', ( #21 ) ) ;
#1138 = EDGE_CURVE ( 'NONE', #104, #188, #1299, .T. ) ;
#1139 = DIRECTION ( 'NONE',  ( 0.000000000000000000, -1.000000000000000000, 0.000000000000000000 ) ) ;
#1140 = VERTEX_POINT ( 'NONE', #140 ) ;
#1141 = EDGE_CURVE ( 'NONE', #1278, #1351, #101, .T. ) ;
#1142 = ORIENTED_EDGE ( 'NONE', *, *, #329, .T. ) ;
#1143 = DIRECTION ( 'NONE',  ( 0.000000000000000000, 1.000000000000000000, 0.000000000000000000 ) ) ;
#1144 = AXIS2_PLACEMENT_3D ( 'NONE', #721, #1077, #1216 ) ;
#1145 = FACE_OUTER_BOUND ( 'NONE', #782, .T. ) ;
#1146 = CARTESIAN_POINT ( 'NONE',  ( 0.4000000000000000222, -6.500000000000000000, -7.500000000000000000 ) ) ;
#1147 = VERTEX_POINT ( 'NONE', #737 ) ;
#1148 = VECTOR ( 'NONE', #1577, 1000.000000000000000 ) ;
#1149 = ADVANCED_FACE ( 'NONE', ( #1223 ), #1135, .F. ) ;
#1150 = VERTEX_POINT ( 'NONE', #1231 ) ;
#1151 = CIRCLE ( 'NONE', #186, 0.9999999999999991118 ) ;
#1152 = CARTESIAN_POINT ( 'NONE',  ( 0.000000000000000000, -0.2999999999999999889, -1.420588684613000061E-14 ) ) ;
#1153 = DIRECTION ( 'NONE',  ( 0.000000000000000000, 1.000000000000000000, 0.000000000000000000 ) ) ;
#1154 = CARTESIAN_POINT ( 'NONE',  ( 9.923353114162999589, 0.000000000000000000, -6.103242005001999537 ) ) ;
#1155 = CARTESIAN_POINT ( 'NONE',  ( 0.000000000000000000, 0.000000000000000000, -1.420588684613000061E-14 ) ) ;
#1156 = EDGE_LOOP ( 'NONE', ( #371, #485, #865, #1191 ) ) ;
#1157 = VERTEX_POINT ( 'NONE', #244 ) ;
#1158 = CARTESIAN_POINT ( 'NONE',  ( 0.000000000000000000, 8.400000000000000355, 0.000000000000000000 ) ) ;
#1159 = ADVANCED_FACE ( 'NONE', ( #397 ), #497, .T. ) ;
#1160 = DIRECTION ( 'NONE',  ( 0.000000000000000000, 0.000000000000000000, 1.000000000000000000 ) ) ;
#1161 = LINE ( 'NONE', #795, #674 ) ;
#1162 = AXIS2_PLACEMENT_3D ( 'NONE', #1538, #421, #924 ) ;
#1163 = CARTESIAN_POINT ( 'NONE',  ( -7.143614905007000360, 10.00000000000000000, -0.05810385404129000259 ) ) ;
#1164 = ORIENTED_EDGE ( 'NONE', *, *, #678, .T. ) ;
#1165 = AXIS2_PLACEMENT_3D ( 'NONE', #1260, #1139, #1017 ) ;
#1166 = ORIENTED_EDGE ( 'NONE', *, *, #1427, .F. ) ;
#1167 =( NAMED_UNIT ( * ) PLANE_ANGLE_UNIT ( ) SI_UNIT ( $, .RADIAN. ) );
#1168 = DIRECTION ( 'NONE',  ( -0.8800719569459606317, 0.000000000000000000, -0.4748403422175788147 ) ) ;
#1169 = EDGE_CURVE ( 'NONE', #1605, #468, #543, .T. ) ;
#1170 = DIRECTION ( 'NONE',  ( 0.000000000000000000, -1.000000000000000000, 0.000000000000000000 ) ) ;
#1171 = AXIS2_PLACEMENT_3D ( 'NONE', #671, #780, #931 ) ;
#1172 = DIRECTION ( 'NONE',  ( -0.8660254037844288266, 0.000000000000000000, 0.5000000000000169864 ) ) ;
#1173 =( LENGTH_UNIT ( ) NAMED_UNIT ( * ) SI_UNIT ( .MILLI., .METRE. ) );
#1174 = ORIENTED_EDGE ( 'NONE', *, *, #570, .T. ) ;
#1175 = VECTOR ( 'NONE', #988, 1000.000000000000114 ) ;
#1176 = DIRECTION ( 'NONE',  ( 0.000000000000000000, -1.000000000000000000, 0.000000000000000000 ) ) ;
#1177 = DIRECTION ( 'NONE',  ( 0.000000000000000000, 0.000000000000000000, 1.000000000000000000 ) ) ;
#1178 = CIRCLE ( 'NONE', #238, 0.4000000000000000222 ) ;
#1179 = EDGE_CURVE ( 'NONE', #95, #957, #1377, .T. ) ;
#1180 = DIRECTION ( 'NONE',  ( 0.000000000000000000, -1.000000000000000000, 0.000000000000000000 ) ) ;
#1181 = CARTESIAN_POINT ( 'NONE',  ( 0.000000000000000000, 9.900000000000000355, 9.750000000000000000 ) ) ;
#1182 = VERTEX_POINT ( 'NONE', #427 ) ;
#1183 = EDGE_LOOP ( 'NONE', ( #584, #523, #666, #1107 ) ) ;
#1184 = DIRECTION ( 'NONE',  ( 0.000000000000000000, 1.000000000000000000, 0.000000000000000000 ) ) ;
#1185 = CARTESIAN_POINT ( 'NONE',  ( 0.000000000000000000, 9.900000000000000355, 0.000000000000000000 ) ) ;
#1186 = DIRECTION ( 'NONE',  ( 0.000000000000000000, 0.000000000000000000, -1.000000000000000000 ) ) ;
#1187 = EDGE_CURVE ( 'NONE', #645, #1140, #907, .T. ) ;
#1188 = FILL_AREA_STYLE ('',( #1325 ) ) ;
#1189 = AXIS2_PLACEMENT_3D ( 'NONE', #295, #1153, #1389 ) ;
#1190 = ADVANCED_FACE ( 'NONE', ( #282 ), #297, .F. ) ;
#1191 = ORIENTED_EDGE ( 'NONE', *, *, #149, .T. ) ;
#1192 = VECTOR ( 'NONE', #1510, 1000.000000000000000 ) ;
#1193 = EDGE_LOOP ( 'NONE', ( #1600, #308 ) ) ;
#1194 = SURFACE_STYLE_FILL_AREA ( #827 ) ;
#1195 = CARTESIAN_POINT ( 'NONE',  ( 0.000000000000000000, 0.000000000000000000, -7.500000000000000000 ) ) ;
#1196 = LINE ( 'NONE', #220, #825 ) ;
#1197 = ORIENTED_EDGE ( 'NONE', *, *, #1358, .T. ) ;
#1198 = EDGE_CURVE ( 'NONE', #1147, #231, #289, .T. ) ;
#1199 = ORIENTED_EDGE ( 'NONE', *, *, #14, .F. ) ;
#1200 = VECTOR ( 'NONE', #1293, 1000.000000000000000 ) ;
#1201 = CARTESIAN_POINT ( 'NONE',  ( -9.569258050309999319, 0.000000000000000000, -5.898805124567999769 ) ) ;
#1202 = CARTESIAN_POINT ( 'NONE',  ( -7.271274464256999970, 10.00000000000000000, -0.05810385404129000259 ) ) ;
#1203 = ORIENTED_EDGE ( 'NONE', *, *, #954, .T. ) ;
#1204 = VERTEX_POINT ( 'NONE', #1154 ) ;
#1205 = EDGE_CURVE ( 'NONE', #467, #752, #1419, .T. ) ;
#1206 = CARTESIAN_POINT ( 'NONE',  ( 0.000000000000000000, 9.900000000000000355, 3.000000000000000000 ) ) ;
#1207 = LINE ( 'NONE', #1202, #667 ) ;
#1208 = DIRECTION ( 'NONE',  ( -1.000000000000000000, 0.000000000000000000, 0.000000000000000000 ) ) ;
#1209 = ORIENTED_EDGE ( 'NONE', *, *, #413, .T. ) ;
#1210 = VECTOR ( 'NONE', #1429, 1000.000000000000000 ) ;
#1211 = ORIENTED_EDGE ( 'NONE', *, *, #1416, .T. ) ;
#1212 = CIRCLE ( 'NONE', #1320, 11.65000000000000213 ) ;
#1213 = DIRECTION ( 'NONE',  ( 0.000000000000000000, 1.000000000000000000, 0.000000000000000000 ) ) ;
#1214 = CARTESIAN_POINT ( 'NONE',  ( 0.000000000000000000, 8.400000000000000355, 0.000000000000000000 ) ) ;
#1215 = EDGE_CURVE ( 'NONE', #1328, #731, #1161, .T. ) ;
#1216 = DIRECTION ( 'NONE',  ( 0.000000000000000000, 0.000000000000000000, -1.000000000000000000 ) ) ;
#1217 = CARTESIAN_POINT ( 'NONE',  ( 9.923353114162999589, -0.2999999999999999889, -6.103242005001999537 ) ) ;
#1218 = ORIENTED_EDGE ( 'NONE', *, *, #533, .T. ) ;
#1219 = VERTEX_POINT ( 'NONE', #1034 ) ;
#1220 = CARTESIAN_POINT ( 'NONE',  ( -7.143614905007000360, 9.900000000000000355, -0.05810385404129000259 ) ) ;
#1221 = APPLICATION_CONTEXT ( 'automotive_design' ) ;
#1222 = AXIS2_PLACEMENT_3D ( 'NONE', #84, #328, #831 ) ;
#1223 = FACE_OUTER_BOUND ( 'NONE', #196, .T. ) ;
#1224 = VECTOR ( 'NONE', #133, 1000.000000000000000 ) ;
#1225 = CARTESIAN_POINT ( 'NONE',  ( 9.569258050309999319, 0.000000000000000000, -5.898805124567999769 ) ) ;
#1226 = VERTEX_POINT ( 'NONE', #1042 ) ;
#1227 = CIRCLE ( 'NONE', #398, 11.64999999999999680 ) ;
#1228 = ORIENTED_EDGE ( 'NONE', *, *, #111, .F. ) ;
#1229 = PLANE ( 'NONE',  #352 ) ;
#1230 = DIRECTION ( 'NONE',  ( 0.000000000000000000, 1.000000000000000000, 0.000000000000000000 ) ) ;
#1231 = CARTESIAN_POINT ( 'NONE',  ( 10.14999999999999858, 9.400000000000000355, 0.000000000000000000 ) ) ;
#1232 = DIRECTION ( 'NONE',  ( 0.000000000000000000, 0.000000000000000000, -1.000000000000000000 ) ) ;
#1233 = LINE ( 'NONE', #25, #1084 ) ;
#1234 = EDGE_LOOP ( 'NONE', ( #816, #143, #547, #530 ) ) ;
#1235 = EDGE_CURVE ( 'NONE', #1157, #448, #1586, .T. ) ;
#1236 = VERTEX_POINT ( 'NONE', #664 ) ;
#1237 = PRESENTATION_STYLE_ASSIGNMENT (( #1246 ) ) ;
#1238 = VECTOR ( 'NONE', #1055, 1000.000000000000000 ) ;
#1239 = AXIS2_PLACEMENT_3D ( 'NONE', #838, #1457, #344 ) ;
#1240 = DIRECTION ( 'NONE',  ( 0.02881217937084936190, 0.000000000000000000, 0.9995848429822763448 ) ) ;
#1241 = CIRCLE ( 'NONE', #147, 11.15000000000000036 ) ;
#1242 = DIRECTION ( 'NONE',  ( -1.000000000000000000, 0.000000000000000000, 0.000000000000000000 ) ) ;
#1243 = VERTEX_POINT ( 'NONE', #923 ) ;
#1244 = AXIS2_PLACEMENT_3D ( 'NONE', #1406, #420, #1536 ) ;
#1245 = ORIENTED_EDGE ( 'NONE', *, *, #81, .F. ) ;
#1246 = SURFACE_STYLE_USAGE ( .BOTH. , #743 ) ;
#1247 = ADVANCED_FACE ( 'NONE', ( #1413 ), #1275, .F. ) ;
#1248 = CYLINDRICAL_SURFACE ( 'NONE', #935, 11.65000000000000036 ) ;
#1249 = DIRECTION ( 'NONE',  ( 0.000000000000000000, -1.000000000000000000, 0.000000000000000000 ) ) ;
#1250 = DIRECTION ( 'NONE',  ( 0.000000000000000000, -1.000000000000000000, 0.000000000000000000 ) ) ;
#1251 = FACE_OUTER_BOUND ( 'NONE', #708, .T. ) ;
#1252 = AXIS2_PLACEMENT_3D ( 'NONE', #729, #1488, #367 ) ;
#1253 = ORIENTED_EDGE ( 'NONE', *, *, #1566, .T. ) ;
#1254 = ORIENTED_EDGE ( 'NONE', *, *, #609, .F. ) ;
#1255 = AXIS2_PLACEMENT_3D ( 'NONE', #1323, #582, #1076 ) ;
#1256 = EDGE_CURVE ( 'NONE', #300, #112, #659, .T. ) ;
#1257 = ADVANCED_FACE ( 'NONE', ( #1528 ), #556, .T. ) ;
#1258 = DIRECTION ( 'NONE',  ( -1.000000000000000000, 0.000000000000000000, 0.000000000000000000 ) ) ;
#1259 = CARTESIAN_POINT ( 'NONE',  ( 10.14999999999999858, 8.400000000000000355, 1.002246896585999958E-12 ) ) ;
#1260 = CARTESIAN_POINT ( 'NONE',  ( 0.000000000000000000, -0.2999999999999999889, 0.000000000000000000 ) ) ;
#1261 = ORIENTED_EDGE ( 'NONE', *, *, #1138, .F. ) ;
#1262 = EDGE_LOOP ( 'NONE', ( #1417, #1375, #123, #1098 ) ) ;
#1263 = UNCERTAINTY_MEASURE_WITH_UNIT (LENGTH_MEASURE( 1.000000000000000082E-05 ), #1474, 'distance_accuracy_value', 'NONE');
#1264 = CARTESIAN_POINT ( 'NONE',  ( -7.143614905007000360, 9.900000000000000355, 0.06689611615637999775 ) ) ;
#1265 = AXIS2_PLACEMENT_3D ( 'NONE', #567, #204, #704 ) ;
#1266 = AXIS2_PLACEMENT_3D ( 'NONE', #861, #978, #614 ) ;
#1267 = DIRECTION ( 'NONE',  ( 0.000000000000000000, 0.000000000000000000, 1.000000000000000000 ) ) ;
#1268 = AXIS2_PLACEMENT_3D ( 'NONE', #1362, #486, #1499 ) ;
#1269 = EDGE_CURVE ( 'NONE', #893, #685, #1391, .T. ) ;
#1270 = DIRECTION ( 'NONE',  ( -1.000000000000000000, 0.000000000000000000, 0.000000000000000000 ) ) ;
#1271 = ORIENTED_EDGE ( 'NONE', *, *, #339, .F. ) ;
#1272 = ORIENTED_EDGE ( 'NONE', *, *, #413, .F. ) ;
#1273 = DIRECTION ( 'NONE',  ( 0.000000000000000000, 1.000000000000000000, 0.000000000000000000 ) ) ;
#1274 = AXIS2_PLACEMENT_3D ( 'NONE', #756, #1249, #1054 ) ;
#1275 = CYLINDRICAL_SURFACE ( 'NONE', #211, 11.24129002966999913 ) ;
#1276 = FACE_OUTER_BOUND ( 'NONE', #692, .T. ) ;
#1277 = ORIENTED_EDGE ( 'NONE', *, *, #1380, .T. ) ;
#1278 = VERTEX_POINT ( 'NONE', #275 ) ;
#1279 = CIRCLE ( 'NONE', #1487, 8.349999999999999645 ) ;
#1280 = CARTESIAN_POINT ( 'NONE',  ( -7.271274464256999970, 10.00000000000000000, -0.05810385404129000259 ) ) ;
#1281 = UNCERTAINTY_MEASURE_WITH_UNIT (LENGTH_MEASURE( 1.000000000000000082E-05 ), #288, 'distance_accuracy_value', 'NONE');
#1282 = PLANE ( 'NONE',  #529 ) ;
#1283 = DIRECTION ( 'NONE',  ( 1.000000000000000000, 0.000000000000000000, 0.000000000000000000 ) ) ;
#1284 = ORIENTED_EDGE ( 'NONE', *, *, #1326, .F. ) ;
#1285 = ORIENTED_EDGE ( 'NONE', *, *, #984, .T. ) ;
#1286 = LINE ( 'NONE', #169, #491 ) ;
#1287 = EDGE_CURVE ( 'NONE', #1515, #1378, #774, .T. ) ;
#1288 = CARTESIAN_POINT ( 'NONE',  ( 0.000000000000000000, 0.000000000000000000, 7.500000000000000000 ) ) ;
#1289 = DIRECTION ( 'NONE',  ( 0.000000000000000000, -1.000000000000000000, 0.000000000000000000 ) ) ;
#1290 = AXIS2_PLACEMENT_3D ( 'NONE', #947, #69, #1324 ) ;
#1291 = CARTESIAN_POINT ( 'NONE',  ( 0.000000000000000000, 9.700000000000001066, -8.349999999999999645 ) ) ;
#1292 = VECTOR ( 'NONE', #630, 1000.000000000000000 ) ;
#1293 = DIRECTION ( 'NONE',  ( 0.000000000000000000, 1.000000000000000000, 0.000000000000000000 ) ) ;
#1294 = EDGE_LOOP ( 'NONE', ( #79, #195, #842, #1386, #1403, #370, #585, #10, #562, #990, #1319, #1005 ) ) ;
#1295 = DIRECTION ( 'NONE',  ( 0.000000000000000000, -1.000000000000000000, 0.000000000000000000 ) ) ;
#1296 = EDGE_CURVE ( 'NONE', #637, #85, #949, .T. ) ;
#1297 = CARTESIAN_POINT ( 'NONE',  ( -9.923353114162999589, 0.000000000000000000, -6.103242005001999537 ) ) ;
#1298 = DIRECTION ( 'NONE',  ( -0.8795913458246878980, 0.000000000000000000, -0.4757300330547928890 ) ) ;
#1299 = CIRCLE ( 'NONE', #807, 11.15000000000000036 ) ;
#1300 = DIRECTION ( 'NONE',  ( -1.000000000000000000, 0.000000000000000000, 0.000000000000000000 ) ) ;
#1301 = LINE ( 'NONE', #1570, #1540 ) ;
#1302 = ORIENTED_EDGE ( 'NONE', *, *, #503, .F. ) ;
#1303 = STYLED_ITEM ( 'NONE', ( #673 ), #45 ) ;
#1304 = CIRCLE ( 'NONE', #602, 11.24129002967000268 ) ;
#1305 = ORIENTED_EDGE ( 'NONE', *, *, #1215, .T. ) ;
#1306 = LINE ( 'NONE', #24, #813 ) ;
#1307 = ADVANCED_FACE ( 'NONE', ( #1145 ), #1282, .T. ) ;
#1308 = LINE ( 'NONE', #191, #735 ) ;
#1309 = AXIS2_PLACEMENT_3D ( 'NONE', #198, #597, #461 ) ;
#1310 = ADVANCED_FACE ( 'NONE', ( #535, #414 ), #915, .F. ) ;
#1311 = LINE ( 'NONE', #290, #617 ) ;
#1312 = VERTEX_POINT ( 'NONE', #953 ) ;
#1313 = ORIENTED_EDGE ( 'NONE', *, *, #1019, .F. ) ;
#1314 = CARTESIAN_POINT ( 'NONE',  ( -7.271274464256999970, 9.900000000000000355, -0.05810385404129000259 ) ) ;
#1315 = CARTESIAN_POINT ( 'NONE',  ( 0.000000000000000000, 0.000000000000000000, -7.500000000000000000 ) ) ;
#1316 = CYLINDRICAL_SURFACE ( 'NONE', #1354, 0.4000000000000000222 ) ;
#1317 = EDGE_CURVE ( 'NONE', #1378, #1060, #326, .T. ) ;
#1318 = VECTOR ( 'NONE', #651, 1000.000000000000000 ) ;
#1319 = ORIENTED_EDGE ( 'NONE', *, *, #1169, .F. ) ;
#1320 = AXIS2_PLACEMENT_3D ( 'NONE', #392, #895, #1387 ) ;
#1321 = VERTEX_POINT ( 'NONE', #697 ) ;
#1322 = SURFACE_SIDE_STYLE ('',( #1194 ) ) ;
#1323 = CARTESIAN_POINT ( 'NONE',  ( 0.000000000000000000, 9.900000000000000355, 0.000000000000000000 ) ) ;
#1324 = DIRECTION ( 'NONE',  ( 0.000000000000000000, 0.000000000000000000, 1.000000000000000000 ) ) ;
#1325 = FILL_AREA_STYLE_COLOUR ( '', #1330 ) ;
#1326 = EDGE_CURVE ( 'NONE', #1440, #998, #1178, .T. ) ;
#1327 = ORIENTED_EDGE ( 'NONE', *, *, #896, .F. ) ;
#1328 = VERTEX_POINT ( 'NONE', #1206 ) ;
#1329 = CARTESIAN_POINT ( 'NONE',  ( 0.3238860646945000421, 0.000000000000000000, 11.23662312921999984 ) ) ;
#1330 = COLOUR_RGB ( '',0.5019607843137254832, 0.5019607843137254832, 0.5019607843137254832 ) ;
#1331 = CARTESIAN_POINT ( 'NONE',  ( 0.3238860646945000421, -0.2999999999999999889, 11.23662312921999984 ) ) ;
#1332 = LINE ( 'NONE', #955, #460 ) ;
#1333 = PLANE ( 'NONE',  #996 ) ;
#1334 = ORIENTED_EDGE ( 'NONE', *, *, #609, .T. ) ;
#1335 = ORIENTED_EDGE ( 'NONE', *, *, #329, .F. ) ;
#1336 = ADVANCED_FACE ( 'NONE', ( #312 ), #189, .F. ) ;
#1337 = CARTESIAN_POINT ( 'NONE',  ( -6.632976578600000117, 9.900000000000000355, -0.05810385404129000259 ) ) ;
#1338 = DIRECTION ( 'NONE',  ( 0.000000000000000000, -1.000000000000000000, 0.000000000000000000 ) ) ;
#1339 = LINE ( 'NONE', #1225, #395 ) ;
#1340 = EDGE_LOOP ( 'NONE', ( #1580, #1509, #1081, #27 ) ) ;
#1341 = VECTOR ( 'NONE', #1025, 1000.000000000000000 ) ;
#1342 = ORIENTED_EDGE ( 'NONE', *, *, #1416, .F. ) ;
#1343 = VECTOR ( 'NONE', #197, 1000.000000000000000 ) ;
#1344 = CARTESIAN_POINT ( 'NONE',  ( -11.65000000000000036, 0.000000000000000000, 0.000000000000000000 ) ) ;
#1345 = EDGE_CURVE ( 'NONE', #1385, #579, #135, .T. ) ;
#1346 = CARTESIAN_POINT ( 'NONE',  ( 0.000000000000000000, 9.900000000000000355, 0.000000000000000000 ) ) ;
#1347 = LINE ( 'NONE', #575, #19 ) ;
#1348 = FACE_BOUND ( 'NONE', #857, .T. ) ;
#1349 = ORIENTED_EDGE ( 'NONE', *, *, #192, .F. ) ;
#1350 = VECTOR ( 'NONE', #236, 1000.000000000000000 ) ;
#1351 = VERTEX_POINT ( 'NONE', #837 ) ;
#1352 = DIRECTION ( 'NONE',  ( 0.000000000000000000, 1.000000000000000000, 0.000000000000000000 ) ) ;
#1353 = CYLINDRICAL_SURFACE ( 'NONE', #1266, 11.65000000000000036 ) ;
#1354 = AXIS2_PLACEMENT_3D ( 'NONE', #1451, #576, #1562 ) ;
#1355 = PRESENTATION_STYLE_ASSIGNMENT (( #488 ) ) ;
#1356 = VECTOR ( 'NONE', #677, 1000.000000000000000 ) ;
#1357 = DIRECTION ( 'NONE',  ( 1.000000000000000000, 0.000000000000000000, 0.000000000000000000 ) ) ;
#1358 = EDGE_CURVE ( 'NONE', #323, #723, #1442, .T. ) ;
#1359 = EDGE_LOOP ( 'NONE', ( #1174, #268, #232, #159 ) ) ;
#1360 = AXIS2_PLACEMENT_3D ( 'NONE', #1214, #343, #844 ) ;
#1361 = ORIENTED_EDGE ( 'NONE', *, *, #580, .T. ) ;
#1362 = CARTESIAN_POINT ( 'NONE',  ( 0.000000000000000000, 9.900000000000000355, 0.000000000000000000 ) ) ;
#1363 = DIRECTION ( 'NONE',  ( 0.000000000000000000, 0.000000000000000000, 1.000000000000000000 ) ) ;
#1364 = DIRECTION ( 'NONE',  ( 0.000000000000000000, 0.000000000000000000, -1.000000000000000000 ) ) ;
#1365 = LINE ( 'NONE', #522, #1318 ) ;
#1366 = EDGE_CURVE ( 'NONE', #950, #277, #317, .T. ) ;
#1367 = ORIENTED_EDGE ( 'NONE', *, *, #1366, .F. ) ;
#1368 = VERTEX_POINT ( 'NONE', #1201 ) ;
#1369 = CARTESIAN_POINT ( 'NONE',  ( 0.000000000000000000, -6.500000000000000000, 0.000000000000000000 ) ) ;
#1370 = CIRCLE ( 'NONE', #432, 11.15000000000000036 ) ;
#1371 = AXIS2_PLACEMENT_3D ( 'NONE', #1128, #506, #995 ) ;
#1372 = FILL_AREA_STYLE ('',( #254 ) ) ;
#1373 = CARTESIAN_POINT ( 'NONE',  ( -0.3238860646945000421, 0.000000000000000000, 11.23662312921999984 ) ) ;
#1374 = DIRECTION ( 'NONE',  ( 0.000000000000000000, -1.000000000000000000, 0.000000000000000000 ) ) ;
#1375 = ORIENTED_EDGE ( 'NONE', *, *, #1575, .F. ) ;
#1376 = EDGE_CURVE ( 'NONE', #1204, #259, #1227, .T. ) ;
#1377 = CIRCLE ( 'NONE', #1244, 9.750000000000000000 ) ;
#1378 = VERTEX_POINT ( 'NONE', #319 ) ;
#1379 = CARTESIAN_POINT ( 'NONE',  ( -7.271274464256999970, 9.900000000000000355, -0.5581038689424999699 ) ) ;
#1380 = EDGE_CURVE ( 'NONE', #1385, #16, #1123, .T. ) ;
#1381 = DIRECTION ( 'NONE',  ( 0.000000000000000000, -1.000000000000000000, 0.000000000000000000 ) ) ;
#1382 = CYLINDRICAL_SURFACE ( 'NONE', #1564, 8.349999999999999645 ) ;
#1383 = AXIS2_PLACEMENT_3D ( 'NONE', #245, #746, #1242 ) ;
#1384 = VECTOR ( 'NONE', #725, 1000.000000000000000 ) ;
#1385 = VERTEX_POINT ( 'NONE', #1093 ) ;
#1386 = ORIENTED_EDGE ( 'NONE', *, *, #1566, .F. ) ;
#1387 = DIRECTION ( 'NONE',  ( -0.8795913458246878980, 0.000000000000000000, -0.4757300330547928890 ) ) ;
#1388 = VECTOR ( 'NONE', #1568, 1000.000000000000000 ) ;
#1389 = DIRECTION ( 'NONE',  ( 1.000000000000000000, 0.000000000000000000, 0.000000000000000000 ) ) ;
#1390 = ADVANCED_FACE ( 'NONE', ( #89 ), #829, .T. ) ;
#1391 = LINE ( 'NONE', #680, #898 ) ;
#1392 = DIRECTION ( 'NONE',  ( -0.8660254037844288266, 0.000000000000000000, 0.5000000000000169864 ) ) ;
#1393 = ORIENTED_EDGE ( 'NONE', *, *, #642, .T. ) ;
#1394 = VERTEX_POINT ( 'NONE', #969 ) ;
#1395 = PLANE ( 'NONE',  #1471 ) ;
#1396 = CARTESIAN_POINT ( 'NONE',  ( -7.143614905007000360, 10.00000000000000000, 0.06689611615637999775 ) ) ;
#1397 = VECTOR ( 'NONE', #49, 1000.000000000000000 ) ;
#1398 = EDGE_CURVE ( 'NONE', #507, #1052, #605, .T. ) ;
#1399 = PRODUCT_DEFINITION_FORMATION_WITH_SPECIFIED_SOURCE ( 'ANY', '', #449, .NOT_KNOWN. ) ;
#1400 = CARTESIAN_POINT ( 'NONE',  ( -7.143614905007000360, 9.900000000000000355, 0.06689611615637999775 ) ) ;
#1401 = PRESENTATION_LAYER_ASSIGNMENT (  '', '', ( #1502 ) ) ;
#1402 = LINE ( 'NONE', #1414, #1468 ) ;
#1403 = ORIENTED_EDGE ( 'NONE', *, *, #103, .F. ) ;
#1404 = VERTEX_POINT ( 'NONE', #703 ) ;
#1405 = FACE_OUTER_BOUND ( 'NONE', #603, .T. ) ;
#1406 = CARTESIAN_POINT ( 'NONE',  ( 0.000000000000000000, 9.900000000000000355, 0.000000000000000000 ) ) ;
#1407 = PLANE ( 'NONE',  #145 ) ;
#1408 = ORIENTED_EDGE ( 'NONE', *, *, #53, .F. ) ;
#1409 = EDGE_CURVE ( 'NONE', #1522, #231, #333, .T. ) ;
#1410 = ORIENTED_EDGE ( 'NONE', *, *, #378, .F. ) ;
#1411 = DIRECTION ( 'NONE',  ( 1.000000000000000000, 0.000000000000000000, 0.000000000000000000 ) ) ;
#1412 = CARTESIAN_POINT ( 'NONE',  ( 0.3238860646945000421, 0.000000000000000000, 11.23662312921999984 ) ) ;
#1413 = FACE_OUTER_BOUND ( 'NONE', #545, .T. ) ;
#1414 = CARTESIAN_POINT ( 'NONE',  ( -9.893144115005000572, -0.2999999999999999889, -5.337818004654000248 ) ) ;
#1415 = EDGE_LOOP ( 'NONE', ( #926, #494, #36, #561 ) ) ;
#1416 = EDGE_CURVE ( 'NONE', #439, #168, #74, .T. ) ;
#1417 = ORIENTED_EDGE ( 'NONE', *, *, #217, .T. ) ;
#1418 = DIRECTION ( 'NONE',  ( -1.000000000000000000, 0.000000000000000000, 0.000000000000000000 ) ) ;
#1419 = LINE ( 'NONE', #61, #546 ) ;
#1420 = AXIS2_PLACEMENT_3D ( 'NONE', #851, #727, #1108 ) ;
#1421 = FACE_BOUND ( 'NONE', #1294, .T. ) ;
#1422 = TOROIDAL_SURFACE ( 'NONE', #1553, 10.14999999999999858, 1.500000000000000000 ) ;
#1423 = DIRECTION ( 'NONE',  ( 0.8660254037844288266, 0.000000000000000000, 0.5000000000000169864 ) ) ;
#1424 = ORIENTED_EDGE ( 'NONE', *, *, #1269, .T. ) ;
#1425 = ADVANCED_FACE ( 'NONE', ( #819 ), #1428, .T. ) ;
#1426 = DIRECTION ( 'NONE',  ( 0.000000000000000000, 1.000000000000000000, -2.792731552946000222E-14 ) ) ;
#1427 = EDGE_CURVE ( 'NONE', #1368, #1219, #1308, .T. ) ;
#1428 = PLANE ( 'NONE',  #110 ) ;
#1429 = DIRECTION ( 'NONE',  ( 0.000000000000000000, -1.000000000000000000, 0.000000000000000000 ) ) ;
#1430 =( NAMED_UNIT ( * ) PLANE_ANGLE_UNIT ( ) SI_UNIT ( $, .RADIAN. ) );
#1431 = ORIENTED_EDGE ( 'NONE', *, *, #730, .F. ) ;
#1432 = VECTOR ( 'NONE', #1426, 1000.000000000000000 ) ;
#1433 = DIRECTION ( 'NONE',  ( 0.9999896892736327425, 0.000000000000000000, 0.004541073267792149204 ) ) ;
#1434 = EDGE_CURVE ( 'NONE', #912, #1467, #566, .T. ) ;
#1435 = CARTESIAN_POINT ( 'NONE',  ( -7.271274464256999970, 9.900000000000000355, 0.5668961310575000301 ) ) ;
#1436 = VECTOR ( 'NONE', #1001, 1000.000000000000114 ) ;
#1437 = FACE_OUTER_BOUND ( 'NONE', #840, .T. ) ;
#1438 = ORIENTED_EDGE ( 'NONE', *, *, #261, .F. ) ;
#1439 = ORIENTED_EDGE ( 'NONE', *, *, #1019, .T. ) ;
#1440 = VERTEX_POINT ( 'NONE', #1068 ) ;
#1441 = DIRECTION ( 'NONE',  ( 1.000000000000000000, 0.000000000000000000, 0.000000000000000000 ) ) ;
#1442 = LINE ( 'NONE', #1337, #1459 ) ;
#1443 = CARTESIAN_POINT ( 'NONE',  ( -9.893144115005000572, 0.000000000000000000, -5.337818004654000248 ) ) ;
#1444 = FACE_OUTER_BOUND ( 'NONE', #1415, .T. ) ;
#1445 = ORIENTED_EDGE ( 'NONE', *, *, #884, .F. ) ;
#1446 = VECTOR ( 'NONE', #495, 1000.000000000000000 ) ;
#1447 = EDGE_LOOP ( 'NONE', ( #1073, #1549, #136, #151, #1462, #1121, #1245, #693, #1218, #250, #1199, #1100 ) ) ;
#1448 = DIRECTION ( 'NONE',  ( -1.000000000000000000, 0.000000000000000000, 0.000000000000000000 ) ) ;
#1449 = DIRECTION ( 'NONE',  ( 0.000000000000000000, 0.000000000000000000, -1.000000000000000000 ) ) ;
#1450 = CARTESIAN_POINT ( 'NONE',  ( 0.000000000000000000, 9.700000000000001066, 0.000000000000000000 ) ) ;
#1451 = CARTESIAN_POINT ( 'NONE',  ( 0.000000000000000000, 0.000000000000000000, -7.500000000000000000 ) ) ;
#1452 = EDGE_CURVE ( 'NONE', #259, #1368, #385, .T. ) ;
#1453 = ORIENTED_EDGE ( 'NONE', *, *, #1434, .T. ) ;
#1454 = ORIENTED_EDGE ( 'NONE', *, *, #1452, .F. ) ;
#1455 = CARTESIAN_POINT ( 'NONE',  ( 0.000000000000000000, 8.400000000000000355, 0.000000000000000000 ) ) ;
#1456 = CARTESIAN_POINT ( 'NONE',  ( 0.000000000000000000, 9.400000000000000355, 0.000000000000000000 ) ) ;
#1457 = DIRECTION ( 'NONE',  ( -0.5000000000000169864, 0.000000000000000000, 0.8660254037844288266 ) ) ;
#1458 = CARTESIAN_POINT ( 'NONE',  ( -7.271274464256999970, 9.900000000000000355, -0.05810385404129000259 ) ) ;
#1459 = VECTOR ( 'NONE', #1559, 1000.000000000000000 ) ;
#1460 = ORIENTED_EDGE ( 'NONE', *, *, #1398, .T. ) ;
#1461 = EDGE_CURVE ( 'NONE', #1498, #1091, #38, .T. ) ;
#1462 = ORIENTED_EDGE ( 'NONE', *, *, #53, .T. ) ;
#1463 = DIRECTION ( 'NONE',  ( 0.000000000000000000, 1.000000000000000000, 0.000000000000000000 ) ) ;
#1464 = DIRECTION ( 'NONE',  ( 0.000000000000000000, -1.000000000000000000, 0.000000000000000000 ) ) ;
#1465 = DIRECTION ( 'NONE',  ( 0.000000000000000000, -1.000000000000000000, 0.000000000000000000 ) ) ;
#1466 = DIRECTION ( 'NONE',  ( 0.000000000000000000, -1.000000000000000000, 0.000000000000000000 ) ) ;
#1467 = VERTEX_POINT ( 'NONE', #765 ) ;
#1468 = VECTOR ( 'NONE', #683, 1000.000000000000114 ) ;
#1469 = MECHANICAL_DESIGN_GEOMETRIC_PRESENTATION_REPRESENTATION (  '', ( #1526 ), #173 ) ;
#1470 = ORIENTED_EDGE ( 'NONE', *, *, #440, .F. ) ;
#1471 = AXIS2_PLACEMENT_3D ( 'NONE', #287, #785, #1022 ) ;
#1472 = EDGE_CURVE ( 'NONE', #216, #1, #1071, .T. ) ;
#1473 =( NAMED_UNIT ( * ) PLANE_ANGLE_UNIT ( ) SI_UNIT ( $, .RADIAN. ) );
#1474 =( LENGTH_UNIT ( ) NAMED_UNIT ( * ) SI_UNIT ( .MILLI., .METRE. ) );
#1475 = ADVANCED_FACE ( 'NONE', ( #1483 ), #1353, .T. ) ;
#1476 =( LENGTH_UNIT ( ) NAMED_UNIT ( * ) SI_UNIT ( .MILLI., .METRE. ) );
#1477 = DIRECTION ( 'NONE',  ( 0.000000000000000000, 0.000000000000000000, 1.000000000000000000 ) ) ;
#1478 = SURFACE_STYLE_USAGE ( .BOTH. , #514 ) ;
#1479 = ORIENTED_EDGE ( 'NONE', *, *, #1376, .F. ) ;
#1480 = VECTOR ( 'NONE', #54, 1000.000000000000000 ) ;
#1481 = ORIENTED_EDGE ( 'NONE', *, *, #718, .T. ) ;
#1482 = CARTESIAN_POINT ( 'NONE',  ( -1.640354518937999848E-14, -0.2999999999999999889, 0.000000000000000000 ) ) ;
#1483 = FACE_OUTER_BOUND ( 'NONE', #202, .T. ) ;
#1484 = VECTOR ( 'NONE', #6, 1000.000000000000000 ) ;
#1485 = ADVANCED_FACE ( 'NONE', ( #1503 ), #887, .T. ) ;
#1486 = PLANE ( 'NONE',  #256 ) ;
#1487 = AXIS2_PLACEMENT_3D ( 'NONE', #1583, #469, #586 ) ;
#1488 = DIRECTION ( 'NONE',  ( -0.000000000000000000, 1.000000000000000000, 0.000000000000000000 ) ) ;
#1489 = FACE_OUTER_BOUND ( 'NONE', #1598, .T. ) ;
#1490 = ORIENTED_EDGE ( 'NONE', *, *, #103, .T. ) ;
#1491 = ORIENTED_EDGE ( 'NONE', *, *, #1097, .T. ) ;
#1492 = CARTESIAN_POINT ( 'NONE',  ( 10.24723917885999924, 0.000000000000000000, -5.542254885088000016 ) ) ;
#1493 = CARTESIAN_POINT ( 'NONE',  ( -1.640354518937999848E-14, 0.000000000000000000, 0.000000000000000000 ) ) ;
#1494 = DIRECTION ( 'NONE',  ( 0.000000000000000000, 0.000000000000000000, -1.000000000000000000 ) ) ;
#1495 = EDGE_CURVE ( 'NONE', #1328, #645, #410, .T. ) ;
#1496 = CARTESIAN_POINT ( 'NONE',  ( -7.143614905007000360, 9.900000000000000355, -0.5581038689424999699 ) ) ;
#1497 = EDGE_LOOP ( 'NONE', ( #1277, #316, #43, #981 ) ) ;
#1498 = VERTEX_POINT ( 'NONE', #496 ) ;
#1499 = DIRECTION ( 'NONE',  ( 1.000000000000000000, 0.000000000000000000, 0.000000000000000000 ) ) ;
#1500 =( GEOMETRIC_REPRESENTATION_CONTEXT ( 3 ) GLOBAL_UNCERTAINTY_ASSIGNED_CONTEXT ( ( #155 ) ) GLOBAL_UNIT_ASSIGNED_CONTEXT ( ( #150, #873, #1513 ) ) REPRESENTATION_CONTEXT ( 'NONE', 'WORKASPACE' ) );
#1501 = VECTOR ( 'NONE', #1525, 1000.000000000000000 ) ;
#1502 = STYLED_ITEM ( 'NONE', ( #573 ), #475 ) ;
#1503 = FACE_OUTER_BOUND ( 'NONE', #389, .T. ) ;
#1504 = CARTESIAN_POINT ( 'NONE',  ( 0.000000000000000000, 0.000000000000000000, 7.500000000000000000 ) ) ;
#1505 = DIRECTION ( 'NONE',  ( 0.000000000000000000, -1.000000000000000000, 0.000000000000000000 ) ) ;
#1506 = LINE ( 'NONE', #1612, #881 ) ;
#1507 = EDGE_LOOP ( 'NONE', ( #911, #500, #508, #1490 ) ) ;
#1508 = ADVANCED_FACE ( 'NONE', ( #744 ), #985, .F. ) ;
#1509 = ORIENTED_EDGE ( 'NONE', *, *, #1434, .F. ) ;
#1510 = DIRECTION ( 'NONE',  ( 0.000000000000000000, -1.000000000000000000, 0.000000000000000000 ) ) ;
#1511 = DIRECTION ( 'NONE',  ( 0.000000000000000000, -1.000000000000000000, 0.000000000000000000 ) ) ;
#1512 = CARTESIAN_POINT ( 'NONE',  ( 0.4000000000000000222, -6.500000000000000000, 7.500000000000000000 ) ) ;
#1513 =( NAMED_UNIT ( * ) SI_UNIT ( $, .STERADIAN. ) SOLID_ANGLE_UNIT ( ) );
#1514 = VECTOR ( 'NONE', #221, 1000.000000000000000 ) ;
#1515 = VERTEX_POINT ( 'NONE', #1102 ) ;
#1516 = ORIENTED_EDGE ( 'NONE', *, *, #1427, .T. ) ;
#1517 = LINE ( 'NONE', #540, #248 ) ;
#1518 = AXIS2_PLACEMENT_3D ( 'NONE', #939, #962, #1449 ) ;
#1519 = ADVANCED_FACE ( 'NONE', ( #365 ), #1248, .T. ) ;
#1520 = DIRECTION ( 'NONE',  ( 1.000000000000000000, 0.000000000000000000, 0.000000000000000000 ) ) ;
#1521 = CARTESIAN_POINT ( 'NONE',  ( -7.271274464256999970, 9.900000000000000355, -0.5581038689424999699 ) ) ;
#1522 = VERTEX_POINT ( 'NONE', #632 ) ;
#1523 = VERTEX_POINT ( 'NONE', #12 ) ;
#1524 = DIRECTION ( 'NONE',  ( -1.000000000000000000, 0.000000000000000000, 0.000000000000000000 ) ) ;
#1525 = DIRECTION ( 'NONE',  ( 1.000000000000000000, 0.000000000000000000, 0.000000000000000000 ) ) ;
#1526 = STYLED_ITEM ( 'NONE', ( #877 ), #1537 ) ;
#1527 = EDGE_CURVE ( 'NONE', #1605, #168, #1602, .T. ) ;
#1528 = FACE_OUTER_BOUND ( 'NONE', #1262, .T. ) ;
#1529 = VECTOR ( 'NONE', #401, 1000.000000000000000 ) ;
#1530 = CARTESIAN_POINT ( 'NONE',  ( 10.24723917885999924, -0.2999999999999999889, -5.542254885088000016 ) ) ;
#1531 = EDGE_LOOP ( 'NONE', ( #180, #627, #1572, #901 ) ) ;
#1532 = ORIENTED_EDGE ( 'NONE', *, *, #1527, .T. ) ;
#1533 = DIRECTION ( 'NONE',  ( 0.000000000000000000, -1.000000000000000000, 0.000000000000000000 ) ) ;
#1534 = PRESENTATION_LAYER_ASSIGNMENT (  '', '', ( #755 ) ) ;
#1535 = CARTESIAN_POINT ( 'NONE',  ( -7.781912701255999210, 9.900000000000000355, 0.06689611615637999775 ) ) ;
#1536 = DIRECTION ( 'NONE',  ( 0.000000000000000000, 0.000000000000000000, 1.000000000000000000 ) ) ;
#1537 = ADVANCED_FACE ( 'NONE', ( #4 ), #993, .T. ) ;
#1538 = CARTESIAN_POINT ( 'NONE',  ( 0.000000000000000000, -0.2999999999999999889, 0.000000000000000000 ) ) ;
#1539 = EDGE_LOOP ( 'NONE', ( #531, #1410 ) ) ;
#1540 = VECTOR ( 'NONE', #956, 1000.000000000000000 ) ;
#1541 = ORIENTED_EDGE ( 'NONE', *, *, #984, .F. ) ;
#1542 = DIRECTION ( 'NONE',  ( 1.000000000000000000, 0.000000000000000000, 0.000000000000000000 ) ) ;
#1543 = DIRECTION ( 'NONE',  ( -9.891566732367000848E-14, 0.000000000000000000, 1.000000000000000000 ) ) ;
#1544 = DIRECTION ( 'NONE',  ( 1.000000000000000000, 0.000000000000000000, 0.000000000000000000 ) ) ;
#1545 = DIRECTION ( 'NONE',  ( 0.000000000000000000, 1.000000000000000000, 0.000000000000000000 ) ) ;
#1546 = EDGE_CURVE ( 'NONE', #1140, #731, #776, .T. ) ;
#1547 = CARTESIAN_POINT ( 'NONE',  ( 10.24723917885999924, 0.000000000000000000, -5.542254885088000016 ) ) ;
#1548 = EDGE_CURVE ( 'NONE', #201, #1394, #720, .T. ) ;
#1549 = ORIENTED_EDGE ( 'NONE', *, *, #1023, .F. ) ;
#1550 = CARTESIAN_POINT ( 'NONE',  ( 0.3238860646945000421, -0.2999999999999999889, 11.64549689008999955 ) ) ;
#1551 = CARTESIAN_POINT ( 'NONE',  ( 0.000000000000000000, 9.900000000000000355, -3.000000000000000000 ) ) ;
#1552 = DIRECTION ( 'NONE',  ( 1.000000000000000000, 0.000000000000000000, 0.000000000000000000 ) ) ;
#1553 = AXIS2_PLACEMENT_3D ( 'NONE', #1455, #226, #1433 ) ;
#1554 = ORIENTED_EDGE ( 'NONE', *, *, #1198, .T. ) ;
#1555 = ORIENTED_EDGE ( 'NONE', *, *, #26, .F. ) ;
#1556 = ADVANCED_FACE ( 'NONE', ( #526 ), #649, .T. ) ;
#1557 = ORIENTED_EDGE ( 'NONE', *, *, #14, .T. ) ;
#1558 = DIRECTION ( 'NONE',  ( 0.000000000000000000, 1.000000000000000000, 0.000000000000000000 ) ) ;
#1559 = DIRECTION ( 'NONE',  ( -1.000000000000000000, 0.000000000000000000, 0.000000000000000000 ) ) ;
#1560 =( GEOMETRIC_REPRESENTATION_CONTEXT ( 3 ) GLOBAL_UNCERTAINTY_ASSIGNED_CONTEXT ( ( #271 ) ) GLOBAL_UNIT_ASSIGNED_CONTEXT ( ( #899, #116, #229 ) ) REPRESENTATION_CONTEXT ( 'NONE', 'WORKASPACE' ) );
#1561 = DIRECTION ( 'NONE',  ( 1.000000000000000000, 0.000000000000000000, 0.000000000000000000 ) ) ;
#1562 = DIRECTION ( 'NONE',  ( -1.000000000000000000, 0.000000000000000000, 0.000000000000000000 ) ) ;
#1563 = EDGE_LOOP ( 'NONE', ( #982, #1272, #1130, #1424 ) ) ;
#1564 = AXIS2_PLACEMENT_3D ( 'NONE', #757, #1184, #1494 ) ;
#1565 = ORIENTED_EDGE ( 'NONE', *, *, #170, .T. ) ;
#1566 = EDGE_CURVE ( 'NONE', #1236, #501, #425, .T. ) ;
#1567 = LINE ( 'NONE', #595, #1384 ) ;
#1568 = DIRECTION ( 'NONE',  ( 1.000000000000000000, 0.000000000000000000, 0.000000000000000000 ) ) ;
#1569 = DIRECTION ( 'NONE',  ( 1.000000000000000000, 0.000000000000000000, 0.000000000000000000 ) ) ;
#1570 = CARTESIAN_POINT ( 'NONE',  ( -7.781912701255999210, 9.900000000000000355, 0.06689611615637999775 ) ) ;
#1571 = EDGE_LOOP ( 'NONE', ( #1481, #286, #759, #1253 ) ) ;
#1572 = ORIENTED_EDGE ( 'NONE', *, *, #728, .F. ) ;
#1573 = PLANE ( 'NONE',  #411 ) ;
#1574 = DIRECTION ( 'NONE',  ( 0.000000000000000000, 0.000000000000000000, -1.000000000000000000 ) ) ;
#1575 = EDGE_CURVE ( 'NONE', #168, #912, #302, .T. ) ;
#1576 = CARTESIAN_POINT ( 'NONE',  ( 0.000000000000000000, 9.700000000000001066, 9.750000000000000000 ) ) ;
#1577 = DIRECTION ( 'NONE',  ( 0.000000000000000000, -1.000000000000000000, 0.000000000000000000 ) ) ;
#1578 = AXIS2_PLACEMENT_3D ( 'NONE', #1595, #75, #970 ) ;
#1579 =( GEOMETRIC_REPRESENTATION_CONTEXT ( 3 ) GLOBAL_UNCERTAINTY_ASSIGNED_CONTEXT ( ( #1132 ) ) GLOBAL_UNIT_ASSIGNED_CONTEXT ( ( #604, #1473, #763 ) ) REPRESENTATION_CONTEXT ( 'NONE', 'WORKASPACE' ) );
#1580 = ORIENTED_EDGE ( 'NONE', *, *, #1041, .T. ) ;
#1581 = MECHANICAL_DESIGN_GEOMETRIC_PRESENTATION_REPRESENTATION (  '', ( #465 ), #1500 ) ;
#1582 = ORIENTED_EDGE ( 'NONE', *, *, #832, .T. ) ;
#1583 = CARTESIAN_POINT ( 'NONE',  ( 0.000000000000000000, 9.900000000000000355, 0.000000000000000000 ) ) ;
#1584 = CARTESIAN_POINT ( 'NONE',  ( -6.632976578600000117, 9.900000000000000355, -0.05810385404129000259 ) ) ;
#1585 = LINE ( 'NONE', #472, #624 ) ;
#1586 = CIRCLE ( 'NONE', #59, 11.65000000000000213 ) ;
#1587 = CARTESIAN_POINT ( 'NONE',  ( 11.15000000000000036, 8.400000000000000355, 0.000000000000000000 ) ) ;
#1588 = EDGE_CURVE ( 'NONE', #1150, #647, #515, .T. ) ;
#1589 = EDGE_LOOP ( 'NONE', ( #206, #1284 ) ) ;
#1590 = ORIENTED_EDGE ( 'NONE', *, *, #1023, .T. ) ;
#1591 = VECTOR ( 'NONE', #1357, 1000.000000000000000 ) ;
#1592 = DIRECTION ( 'NONE',  ( 0.000000000000000000, -1.000000000000000000, 0.000000000000000000 ) ) ;
#1593 = VECTOR ( 'NONE', #1213, 1000.000000000000000 ) ;
#1594 = DIRECTION ( 'NONE',  ( -0.000000000000000000, 1.000000000000000000, 0.000000000000000000 ) ) ;
#1595 = CARTESIAN_POINT ( 'NONE',  ( 0.000000000000000000, 0.000000000000000000, 0.000000000000000000 ) ) ;
#1596 = CARTESIAN_POINT ( 'NONE',  ( 0.000000000000000000, 9.900000000000000355, 0.000000000000000000 ) ) ;
#1597 = ADVANCED_FACE ( 'NONE', ( #548 ), #412, .T. ) ;
#1598 = EDGE_LOOP ( 'NONE', ( #278, #874, #1113, #167 ) ) ;
#1599 = EDGE_CURVE ( 'NONE', #225, #936, #379, .T. ) ;
#1600 = ORIENTED_EDGE ( 'NONE', *, *, #1495, .F. ) ;
#1601 = DIRECTION ( 'NONE',  ( -1.000000000000000000, 0.000000000000000000, 0.000000000000000000 ) ) ;
#1602 = LINE ( 'NONE', #1124, #433 ) ;
#1603 = PLANE ( 'NONE',  #892 ) ;
#1604 = DIRECTION ( 'NONE',  ( -0.5000000000000169864, 0.000000000000000000, -0.8660254037844288266 ) ) ;
#1605 = VERTEX_POINT ( 'NONE', #1264 ) ;
#1606 = CIRCLE ( 'NONE', #717, 0.4000000000000000222 ) ;
#1607 = AXIS2_PLACEMENT_3D ( 'NONE', #108, #1464, #227 ) ;
#1608 = ORIENTED_EDGE ( 'NONE', *, *, #291, .F. ) ;
#1609 = LINE ( 'NONE', #1131, #618 ) ;
#1610 = CARTESIAN_POINT ( 'NONE',  ( 0.000000000000000000, 0.000000000000000000, 0.000000000000000000 ) ) ;
#1611 = CARTESIAN_POINT ( 'NONE',  ( -7.271274464256999970, 9.900000000000000355, 0.5668961310575000301 ) ) ;
#1612 = CARTESIAN_POINT ( 'NONE',  ( -7.781912701255999210, 9.900000000000000355, 0.06689611615637999775 ) ) ;
#1613 = EDGE_LOOP ( 'NONE', ( #285, #770, #809, #824 ) ) ;
ENDSEC;
END-ISO-10303-21;
