ISO-10303-21;
HEADER;
FILE_DESCRIPTION(('KiCad electronic assembly'),'2;1');
FILE_NAME('Adafruit MMA8451.step','2026-02-24T14:07:42',('Pcbnew'),(
    'Kicad'),'Open CASCADE STEP processor 7.9','KiCad to STEP converter'
  ,'Unknown');
FILE_SCHEMA(('AUTOMOTIVE_DESIGN { 1 0 10303 214 1 1 1 1 }'));
ENDSEC;
DATA;
#1 = APPLICATION_PROTOCOL_DEFINITION('international standard',
  'automotive_design',2000,#2);
#2 = APPLICATION_CONTEXT(
  'core data for automotive mechanical design processes');
#3 = SHAPE_DEFINITION_REPRESENTATION(#4,#10);
#4 = PRODUCT_DEFINITION_SHAPE('','',#5);
#5 = PRODUCT_DEFINITION('design','',#6,#9);
#6 = PRODUCT_DEFINITION_FORMATION('','',#7);
#7 = PRODUCT('Adafruit MMA8451 1','Adafruit MMA8451 1','',(#8));
#8 = PRODUCT_CONTEXT('',#2,'mechanical');
#9 = PRODUCT_DEFINITION_CONTEXT('part definition',#2,'design');
#10 = SHAPE_REPRESENTATION('',(#11,#15,#19,#23,#27,#31,#35,#39,#43,#47,
    #51,#55,#59,#63,#67,#71),#75);
#11 = AXIS2_PLACEMENT_3D('',#12,#13,#14);
#12 = CARTESIAN_POINT('',(0.,0.,0.));
#13 = DIRECTION('',(0.,0.,1.));
#14 = DIRECTION('',(1.,0.,-0.));
#15 = AXIS2_PLACEMENT_3D('',#16,#17,#18);
#16 = CARTESIAN_POINT('',(141.6431,-101.9556,1.595));
#17 = DIRECTION('',(0.,0.,1.));
#18 = DIRECTION('',(1.,0.,0.));
#19 = AXIS2_PLACEMENT_3D('',#20,#21,#22);
#20 = CARTESIAN_POINT('',(148.2471,-104.4956,1.595));
#21 = DIRECTION('',(0.,0.,1.));
#22 = DIRECTION('',(1.,0.,0.));
#23 = AXIS2_PLACEMENT_3D('',#24,#25,#26);
#24 = CARTESIAN_POINT('',(141.6431,-105.6386,1.595));
#25 = DIRECTION('',(0.,-0.,1.));
#26 = DIRECTION('',(1.110223024625E-16,1.,0.));
#27 = AXIS2_PLACEMENT_3D('',#28,#29,#30);
#28 = CARTESIAN_POINT('',(154.0891,-102.9716,1.595));
#29 = DIRECTION('',(0.,0.,1.));
#30 = DIRECTION('',(1.,0.,0.));
#31 = AXIS2_PLACEMENT_3D('',#32,#33,#34);
#32 = CARTESIAN_POINT('',(141.8971,-109.3216,1.595));
#33 = DIRECTION('',(0.,0.,1.));
#34 = DIRECTION('',(1.,0.,0.));
#35 = AXIS2_PLACEMENT_3D('',#36,#37,#38);
#36 = CARTESIAN_POINT('',(151.4221,-106.7816,1.595));
#37 = DIRECTION('',(-0.,0.,1.));
#38 = DIRECTION('',(1.110223024625E-16,-1.,0.));
#39 = AXIS2_PLACEMENT_3D('',#40,#41,#42);
#40 = CARTESIAN_POINT('',(144.5641,-103.2256,1.595));
#41 = DIRECTION('',(0.,-0.,1.));
#42 = DIRECTION('',(1.110223024625E-16,1.,0.));
#43 = AXIS2_PLACEMENT_3D('',#44,#45,#46);
#44 = CARTESIAN_POINT('',(157.5011,-111.3536,9.5E-02));
#45 = DIRECTION('',(2.859390856109E-32,1.224646799147E-16,-1.));
#46 = DIRECTION('',(2.334869823773E-16,1.,1.224646799147E-16));
#47 = AXIS2_PLACEMENT_3D('',#48,#49,#50);
#48 = CARTESIAN_POINT('',(156.8831,-107.5436,1.595));
#49 = DIRECTION('',(-0.,0.,1.));
#50 = DIRECTION('',(1.110223024625E-16,-1.,0.));
#51 = AXIS2_PLACEMENT_3D('',#52,#53,#54);
#52 = CARTESIAN_POINT('',(145.7071,-108.3056,1.595));
#53 = DIRECTION('',(0.,0.,1.));
#54 = DIRECTION('',(-1.,1.224646799147E-16,0.));
#55 = AXIS2_PLACEMENT_3D('',#56,#57,#58);
#56 = CARTESIAN_POINT('',(151.4221,-102.9716,1.595));
#57 = DIRECTION('',(0.,-0.,1.));
#58 = DIRECTION('',(1.110223024625E-16,1.,0.));
#59 = AXIS2_PLACEMENT_3D('',#60,#61,#62);
#60 = CARTESIAN_POINT('',(156.8831,-103.2256,1.595));
#61 = DIRECTION('',(-0.,0.,1.));
#62 = DIRECTION('',(1.110223024625E-16,-1.,0.));
#63 = AXIS2_PLACEMENT_3D('',#64,#65,#66);
#64 = CARTESIAN_POINT('',(147.2311,-101.1936,1.595));
#65 = DIRECTION('',(0.,0.,1.));
#66 = DIRECTION('',(1.,0.,0.));
#67 = AXIS2_PLACEMENT_3D('',#68,#69,#70);
#68 = CARTESIAN_POINT('',(154.0891,-106.7816,1.595));
#69 = DIRECTION('',(0.,0.,1.));
#70 = DIRECTION('',(1.,0.,0.));
#71 = AXIS2_PLACEMENT_3D('',#72,#73,#74);
#72 = CARTESIAN_POINT('',(0.,0.,0.));
#73 = DIRECTION('',(0.,0.,1.));
#74 = DIRECTION('',(1.,0.,-0.));
#75 = ( GEOMETRIC_REPRESENTATION_CONTEXT(3) 
GLOBAL_UNCERTAINTY_ASSIGNED_CONTEXT((#79)) GLOBAL_UNIT_ASSIGNED_CONTEXT(
(#76,#77,#78)) REPRESENTATION_CONTEXT('Context #1',
  '3D Context with UNIT and UNCERTAINTY') );
#76 = ( LENGTH_UNIT() NAMED_UNIT(*) SI_UNIT(.MILLI.,.METRE.) );
#77 = ( NAMED_UNIT(*) PLANE_ANGLE_UNIT() SI_UNIT($,.RADIAN.) );
#78 = ( NAMED_UNIT(*) SI_UNIT($,.STERADIAN.) SOLID_ANGLE_UNIT() );
#79 = UNCERTAINTY_MEASURE_WITH_UNIT(LENGTH_MEASURE(1.E-07),#76,
  'distance_accuracy_value','confusion accuracy');
#80 = PRODUCT_RELATED_PRODUCT_CATEGORY('part',$,(#7));
#81 = SHAPE_DEFINITION_REPRESENTATION(#82,#88);
#82 = PRODUCT_DEFINITION_SHAPE('','',#83);
#83 = PRODUCT_DEFINITION('design','',#84,#87);
#84 = PRODUCT_DEFINITION_FORMATION('','',#85);
#85 = PRODUCT('C_0805_2012Metric','C_0805_2012Metric','',(#86));
#86 = PRODUCT_CONTEXT('',#2,'mechanical');
#87 = PRODUCT_DEFINITION_CONTEXT('part definition',#2,'design');
#88 = ADVANCED_BREP_SHAPE_REPRESENTATION('',(#11,#89),#943);
#89 = MANIFOLD_SOLID_BREP('',#90);
#90 = CLOSED_SHELL('',(#91,#167,#198,#223,#248,#272,#296,#321,#346,#363,
    #449,#481,#505,#530,#554,#579,#603,#628,#645,#731,#762,#787,#812,
    #836,#860,#885,#910,#927));
#91 = ADVANCED_FACE('',(#92),#162,.F.);
#92 = FACE_BOUND('',#93,.F.);
#93 = EDGE_LOOP('',(#94,#104,#113,#121,#130,#138,#147,#155));
#94 = ORIENTED_EDGE('',*,*,#95,.F.);
#95 = EDGE_CURVE('',#96,#98,#100,.T.);
#96 = VERTEX_POINT('',#97);
#97 = CARTESIAN_POINT('',(-1.,-0.625,4.E-02));
#98 = VERTEX_POINT('',#99);
#99 = CARTESIAN_POINT('',(-1.,-0.625,1.21));
#100 = LINE('',#101,#102);
#101 = CARTESIAN_POINT('',(-1.,-0.625,0.));
#102 = VECTOR('',#103,1.);
#103 = DIRECTION('',(0.,0.,1.));
#104 = ORIENTED_EDGE('',*,*,#105,.T.);
#105 = EDGE_CURVE('',#96,#106,#108,.T.);
#106 = VERTEX_POINT('',#107);
#107 = CARTESIAN_POINT('',(-1.,-0.585,0.));
#108 = CIRCLE('',#109,4.E-02);
#109 = AXIS2_PLACEMENT_3D('',#110,#111,#112);
#110 = CARTESIAN_POINT('',(-1.,-0.585,4.E-02));
#111 = DIRECTION('',(1.,0.,-0.));
#112 = DIRECTION('',(0.,0.,1.));
#113 = ORIENTED_EDGE('',*,*,#114,.T.);
#114 = EDGE_CURVE('',#106,#115,#117,.T.);
#115 = VERTEX_POINT('',#116);
#116 = CARTESIAN_POINT('',(-1.,0.585,0.));
#117 = LINE('',#118,#119);
#118 = CARTESIAN_POINT('',(-1.,-0.625,0.));
#119 = VECTOR('',#120,1.);
#120 = DIRECTION('',(0.,1.,0.));
#121 = ORIENTED_EDGE('',*,*,#122,.F.);
#122 = EDGE_CURVE('',#123,#115,#125,.T.);
#123 = VERTEX_POINT('',#124);
#124 = CARTESIAN_POINT('',(-1.,0.625,4.E-02));
#125 = CIRCLE('',#126,4.E-02);
#126 = AXIS2_PLACEMENT_3D('',#127,#128,#129);
#127 = CARTESIAN_POINT('',(-1.,0.585,4.E-02));
#128 = DIRECTION('',(-1.,0.,0.));
#129 = DIRECTION('',(0.,0.,1.));
#130 = ORIENTED_EDGE('',*,*,#131,.T.);
#131 = EDGE_CURVE('',#123,#132,#134,.T.);
#132 = VERTEX_POINT('',#133);
#133 = CARTESIAN_POINT('',(-1.,0.625,1.21));
#134 = LINE('',#135,#136);
#135 = CARTESIAN_POINT('',(-1.,0.625,0.));
#136 = VECTOR('',#137,1.);
#137 = DIRECTION('',(0.,0.,1.));
#138 = ORIENTED_EDGE('',*,*,#139,.T.);
#139 = EDGE_CURVE('',#132,#140,#142,.T.);
#140 = VERTEX_POINT('',#141);
#141 = CARTESIAN_POINT('',(-1.,0.585,1.25));
#142 = CIRCLE('',#143,4.E-02);
#143 = AXIS2_PLACEMENT_3D('',#144,#145,#146);
#144 = CARTESIAN_POINT('',(-1.,0.585,1.21));
#145 = DIRECTION('',(1.,0.,-0.));
#146 = DIRECTION('',(0.,0.,1.));
#147 = ORIENTED_EDGE('',*,*,#148,.F.);
#148 = EDGE_CURVE('',#149,#140,#151,.T.);
#149 = VERTEX_POINT('',#150);
#150 = CARTESIAN_POINT('',(-1.,-0.585,1.25));
#151 = LINE('',#152,#153);
#152 = CARTESIAN_POINT('',(-1.,-0.625,1.25));
#153 = VECTOR('',#154,1.);
#154 = DIRECTION('',(0.,1.,0.));
#155 = ORIENTED_EDGE('',*,*,#156,.F.);
#156 = EDGE_CURVE('',#98,#149,#157,.T.);
#157 = CIRCLE('',#158,4.E-02);
#158 = AXIS2_PLACEMENT_3D('',#159,#160,#161);
#159 = CARTESIAN_POINT('',(-1.,-0.585,1.21));
#160 = DIRECTION('',(-1.,0.,0.));
#161 = DIRECTION('',(0.,0.,1.));
#162 = PLANE('',#163);
#163 = AXIS2_PLACEMENT_3D('',#164,#165,#166);
#164 = CARTESIAN_POINT('',(-1.,-0.625,0.));
#165 = DIRECTION('',(1.,0.,0.));
#166 = DIRECTION('',(0.,0.,1.));
#167 = ADVANCED_FACE('',(#168),#193,.F.);
#168 = FACE_BOUND('',#169,.F.);
#169 = EDGE_LOOP('',(#170,#180,#186,#187));
#170 = ORIENTED_EDGE('',*,*,#171,.F.);
#171 = EDGE_CURVE('',#172,#174,#176,.T.);
#172 = VERTEX_POINT('',#173);
#173 = CARTESIAN_POINT('',(-0.6,-0.625,4.E-02));
#174 = VERTEX_POINT('',#175);
#175 = CARTESIAN_POINT('',(-0.6,-0.625,1.21));
#176 = LINE('',#177,#178);
#177 = CARTESIAN_POINT('',(-0.6,-0.625,0.));
#178 = VECTOR('',#179,1.);
#179 = DIRECTION('',(0.,0.,1.));
#180 = ORIENTED_EDGE('',*,*,#181,.F.);
#181 = EDGE_CURVE('',#96,#172,#182,.T.);
#182 = LINE('',#183,#184);
#183 = CARTESIAN_POINT('',(-1.,-0.625,4.E-02));
#184 = VECTOR('',#185,1.);
#185 = DIRECTION('',(1.,0.,0.));
#186 = ORIENTED_EDGE('',*,*,#95,.T.);
#187 = ORIENTED_EDGE('',*,*,#188,.T.);
#188 = EDGE_CURVE('',#98,#174,#189,.T.);
#189 = LINE('',#190,#191);
#190 = CARTESIAN_POINT('',(-1.,-0.625,1.21));
#191 = VECTOR('',#192,1.);
#192 = DIRECTION('',(1.,0.,0.));
#193 = PLANE('',#194);
#194 = AXIS2_PLACEMENT_3D('',#195,#196,#197);
#195 = CARTESIAN_POINT('',(-1.,-0.625,0.));
#196 = DIRECTION('',(0.,1.,0.));
#197 = DIRECTION('',(0.,-0.,1.));
#198 = ADVANCED_FACE('',(#199),#218,.T.);
#199 = FACE_BOUND('',#200,.T.);
#200 = EDGE_LOOP('',(#201,#202,#210,#217));
#201 = ORIENTED_EDGE('',*,*,#105,.T.);
#202 = ORIENTED_EDGE('',*,*,#203,.T.);
#203 = EDGE_CURVE('',#106,#204,#206,.T.);
#204 = VERTEX_POINT('',#205);
#205 = CARTESIAN_POINT('',(-0.6,-0.585,0.));
#206 = LINE('',#207,#208);
#207 = CARTESIAN_POINT('',(-1.,-0.585,0.));
#208 = VECTOR('',#209,1.);
#209 = DIRECTION('',(1.,0.,0.));
#210 = ORIENTED_EDGE('',*,*,#211,.F.);
#211 = EDGE_CURVE('',#172,#204,#212,.T.);
#212 = CIRCLE('',#213,4.E-02);
#213 = AXIS2_PLACEMENT_3D('',#214,#215,#216);
#214 = CARTESIAN_POINT('',(-0.6,-0.585,4.E-02));
#215 = DIRECTION('',(1.,0.,-0.));
#216 = DIRECTION('',(0.,0.,1.));
#217 = ORIENTED_EDGE('',*,*,#181,.F.);
#218 = CYLINDRICAL_SURFACE('',#219,4.E-02);
#219 = AXIS2_PLACEMENT_3D('',#220,#221,#222);
#220 = CARTESIAN_POINT('',(-1.,-0.585,4.E-02));
#221 = DIRECTION('',(1.,0.,0.));
#222 = DIRECTION('',(0.,-1.,0.));
#223 = ADVANCED_FACE('',(#224),#243,.T.);
#224 = FACE_BOUND('',#225,.T.);
#225 = EDGE_LOOP('',(#226,#227,#236,#242));
#226 = ORIENTED_EDGE('',*,*,#188,.T.);
#227 = ORIENTED_EDGE('',*,*,#228,.T.);
#228 = EDGE_CURVE('',#174,#229,#231,.T.);
#229 = VERTEX_POINT('',#230);
#230 = CARTESIAN_POINT('',(-0.6,-0.585,1.25));
#231 = CIRCLE('',#232,4.E-02);
#232 = AXIS2_PLACEMENT_3D('',#233,#234,#235);
#233 = CARTESIAN_POINT('',(-0.6,-0.585,1.21));
#234 = DIRECTION('',(-1.,0.,0.));
#235 = DIRECTION('',(0.,0.,1.));
#236 = ORIENTED_EDGE('',*,*,#237,.F.);
#237 = EDGE_CURVE('',#149,#229,#238,.T.);
#238 = LINE('',#239,#240);
#239 = CARTESIAN_POINT('',(-1.,-0.585,1.25));
#240 = VECTOR('',#241,1.);
#241 = DIRECTION('',(1.,0.,0.));
#242 = ORIENTED_EDGE('',*,*,#156,.F.);
#243 = CYLINDRICAL_SURFACE('',#244,4.E-02);
#244 = AXIS2_PLACEMENT_3D('',#245,#246,#247);
#245 = CARTESIAN_POINT('',(-1.,-0.585,1.21));
#246 = DIRECTION('',(1.,0.,0.));
#247 = DIRECTION('',(0.,-1.,0.));
#248 = ADVANCED_FACE('',(#249),#267,.F.);
#249 = FACE_BOUND('',#250,.F.);
#250 = EDGE_LOOP('',(#251,#252,#253,#261));
#251 = ORIENTED_EDGE('',*,*,#114,.F.);
#252 = ORIENTED_EDGE('',*,*,#203,.T.);
#253 = ORIENTED_EDGE('',*,*,#254,.T.);
#254 = EDGE_CURVE('',#204,#255,#257,.T.);
#255 = VERTEX_POINT('',#256);
#256 = CARTESIAN_POINT('',(-0.6,0.585,0.));
#257 = LINE('',#258,#259);
#258 = CARTESIAN_POINT('',(-0.6,-0.625,0.));
#259 = VECTOR('',#260,1.);
#260 = DIRECTION('',(0.,1.,0.));
#261 = ORIENTED_EDGE('',*,*,#262,.F.);
#262 = EDGE_CURVE('',#115,#255,#263,.T.);
#263 = LINE('',#264,#265);
#264 = CARTESIAN_POINT('',(-1.,0.585,0.));
#265 = VECTOR('',#266,1.);
#266 = DIRECTION('',(1.,0.,0.));
#267 = PLANE('',#268);
#268 = AXIS2_PLACEMENT_3D('',#269,#270,#271);
#269 = CARTESIAN_POINT('',(-1.,-0.625,0.));
#270 = DIRECTION('',(0.,0.,1.));
#271 = DIRECTION('',(1.,0.,-0.));
#272 = ADVANCED_FACE('',(#273),#291,.T.);
#273 = FACE_BOUND('',#274,.T.);
#274 = EDGE_LOOP('',(#275,#276,#277,#285));
#275 = ORIENTED_EDGE('',*,*,#148,.F.);
#276 = ORIENTED_EDGE('',*,*,#237,.T.);
#277 = ORIENTED_EDGE('',*,*,#278,.T.);
#278 = EDGE_CURVE('',#229,#279,#281,.T.);
#279 = VERTEX_POINT('',#280);
#280 = CARTESIAN_POINT('',(-0.6,0.585,1.25));
#281 = LINE('',#282,#283);
#282 = CARTESIAN_POINT('',(-0.6,-0.625,1.25));
#283 = VECTOR('',#284,1.);
#284 = DIRECTION('',(0.,1.,0.));
#285 = ORIENTED_EDGE('',*,*,#286,.F.);
#286 = EDGE_CURVE('',#140,#279,#287,.T.);
#287 = LINE('',#288,#289);
#288 = CARTESIAN_POINT('',(-1.,0.585,1.25));
#289 = VECTOR('',#290,1.);
#290 = DIRECTION('',(1.,0.,0.));
#291 = PLANE('',#292);
#292 = AXIS2_PLACEMENT_3D('',#293,#294,#295);
#293 = CARTESIAN_POINT('',(-1.,-0.625,1.25));
#294 = DIRECTION('',(0.,0.,1.));
#295 = DIRECTION('',(1.,0.,-0.));
#296 = ADVANCED_FACE('',(#297),#316,.T.);
#297 = FACE_BOUND('',#298,.T.);
#298 = EDGE_LOOP('',(#299,#307,#314,#315));
#299 = ORIENTED_EDGE('',*,*,#300,.T.);
#300 = EDGE_CURVE('',#123,#301,#303,.T.);
#301 = VERTEX_POINT('',#302);
#302 = CARTESIAN_POINT('',(-0.6,0.625,4.E-02));
#303 = LINE('',#304,#305);
#304 = CARTESIAN_POINT('',(-1.,0.625,4.E-02));
#305 = VECTOR('',#306,1.);
#306 = DIRECTION('',(1.,0.,0.));
#307 = ORIENTED_EDGE('',*,*,#308,.T.);
#308 = EDGE_CURVE('',#301,#255,#309,.T.);
#309 = CIRCLE('',#310,4.E-02);
#310 = AXIS2_PLACEMENT_3D('',#311,#312,#313);
#311 = CARTESIAN_POINT('',(-0.6,0.585,4.E-02));
#312 = DIRECTION('',(-1.,0.,0.));
#313 = DIRECTION('',(0.,0.,1.));
#314 = ORIENTED_EDGE('',*,*,#262,.F.);
#315 = ORIENTED_EDGE('',*,*,#122,.F.);
#316 = CYLINDRICAL_SURFACE('',#317,4.E-02);
#317 = AXIS2_PLACEMENT_3D('',#318,#319,#320);
#318 = CARTESIAN_POINT('',(-1.,0.585,4.E-02));
#319 = DIRECTION('',(1.,0.,0.));
#320 = DIRECTION('',(-0.,1.,0.));
#321 = ADVANCED_FACE('',(#322),#341,.T.);
#322 = FACE_BOUND('',#323,.T.);
#323 = EDGE_LOOP('',(#324,#325,#326,#335));
#324 = ORIENTED_EDGE('',*,*,#139,.T.);
#325 = ORIENTED_EDGE('',*,*,#286,.T.);
#326 = ORIENTED_EDGE('',*,*,#327,.F.);
#327 = EDGE_CURVE('',#328,#279,#330,.T.);
#328 = VERTEX_POINT('',#329);
#329 = CARTESIAN_POINT('',(-0.6,0.625,1.21));
#330 = CIRCLE('',#331,4.E-02);
#331 = AXIS2_PLACEMENT_3D('',#332,#333,#334);
#332 = CARTESIAN_POINT('',(-0.6,0.585,1.21));
#333 = DIRECTION('',(1.,0.,-0.));
#334 = DIRECTION('',(0.,0.,1.));
#335 = ORIENTED_EDGE('',*,*,#336,.F.);
#336 = EDGE_CURVE('',#132,#328,#337,.T.);
#337 = LINE('',#338,#339);
#338 = CARTESIAN_POINT('',(-1.,0.625,1.21));
#339 = VECTOR('',#340,1.);
#340 = DIRECTION('',(1.,0.,0.));
#341 = CYLINDRICAL_SURFACE('',#342,4.E-02);
#342 = AXIS2_PLACEMENT_3D('',#343,#344,#345);
#343 = CARTESIAN_POINT('',(-1.,0.585,1.21));
#344 = DIRECTION('',(1.,0.,0.));
#345 = DIRECTION('',(-0.,1.,0.));
#346 = ADVANCED_FACE('',(#347),#358,.T.);
#347 = FACE_BOUND('',#348,.T.);
#348 = EDGE_LOOP('',(#349,#355,#356,#357));
#349 = ORIENTED_EDGE('',*,*,#350,.F.);
#350 = EDGE_CURVE('',#301,#328,#351,.T.);
#351 = LINE('',#352,#353);
#352 = CARTESIAN_POINT('',(-0.6,0.625,0.));
#353 = VECTOR('',#354,1.);
#354 = DIRECTION('',(0.,0.,1.));
#355 = ORIENTED_EDGE('',*,*,#300,.F.);
#356 = ORIENTED_EDGE('',*,*,#131,.T.);
#357 = ORIENTED_EDGE('',*,*,#336,.T.);
#358 = PLANE('',#359);
#359 = AXIS2_PLACEMENT_3D('',#360,#361,#362);
#360 = CARTESIAN_POINT('',(-1.,0.625,0.));
#361 = DIRECTION('',(0.,1.,0.));
#362 = DIRECTION('',(0.,-0.,1.));
#363 = ADVANCED_FACE('',(#364,#374),#444,.T.);
#364 = FACE_BOUND('',#365,.T.);
#365 = EDGE_LOOP('',(#366,#367,#368,#369,#370,#371,#372,#373));
#366 = ORIENTED_EDGE('',*,*,#171,.F.);
#367 = ORIENTED_EDGE('',*,*,#211,.T.);
#368 = ORIENTED_EDGE('',*,*,#254,.T.);
#369 = ORIENTED_EDGE('',*,*,#308,.F.);
#370 = ORIENTED_EDGE('',*,*,#350,.T.);
#371 = ORIENTED_EDGE('',*,*,#327,.T.);
#372 = ORIENTED_EDGE('',*,*,#278,.F.);
#373 = ORIENTED_EDGE('',*,*,#228,.F.);
#374 = FACE_BOUND('',#375,.T.);
#375 = EDGE_LOOP('',(#376,#387,#395,#404,#412,#421,#429,#438));
#376 = ORIENTED_EDGE('',*,*,#377,.F.);
#377 = EDGE_CURVE('',#378,#380,#382,.T.);
#378 = VERTEX_POINT('',#379);
#379 = CARTESIAN_POINT('',(-0.6,-0.585,8.E-02));
#380 = VERTEX_POINT('',#381);
#381 = CARTESIAN_POINT('',(-0.6,-0.545,4.E-02));
#382 = CIRCLE('',#383,4.E-02);
#383 = AXIS2_PLACEMENT_3D('',#384,#385,#386);
#384 = CARTESIAN_POINT('',(-0.6,-0.545,8.E-02));
#385 = DIRECTION('',(1.,0.,-0.));
#386 = DIRECTION('',(0.,0.,1.));
#387 = ORIENTED_EDGE('',*,*,#388,.T.);
#388 = EDGE_CURVE('',#378,#389,#391,.T.);
#389 = VERTEX_POINT('',#390);
#390 = CARTESIAN_POINT('',(-0.6,-0.585,1.17));
#391 = LINE('',#392,#393);
#392 = CARTESIAN_POINT('',(-0.6,-0.585,4.E-02));
#393 = VECTOR('',#394,1.);
#394 = DIRECTION('',(0.,0.,1.));
#395 = ORIENTED_EDGE('',*,*,#396,.T.);
#396 = EDGE_CURVE('',#389,#397,#399,.T.);
#397 = VERTEX_POINT('',#398);
#398 = CARTESIAN_POINT('',(-0.6,-0.545,1.21));
#399 = CIRCLE('',#400,4.E-02);
#400 = AXIS2_PLACEMENT_3D('',#401,#402,#403);
#401 = CARTESIAN_POINT('',(-0.6,-0.545,1.17));
#402 = DIRECTION('',(-1.,0.,0.));
#403 = DIRECTION('',(0.,0.,1.));
#404 = ORIENTED_EDGE('',*,*,#405,.T.);
#405 = EDGE_CURVE('',#397,#406,#408,.T.);
#406 = VERTEX_POINT('',#407);
#407 = CARTESIAN_POINT('',(-0.6,0.545,1.21));
#408 = LINE('',#409,#410);
#409 = CARTESIAN_POINT('',(-0.6,-0.585,1.21));
#410 = VECTOR('',#411,1.);
#411 = DIRECTION('',(0.,1.,0.));
#412 = ORIENTED_EDGE('',*,*,#413,.F.);
#413 = EDGE_CURVE('',#414,#406,#416,.T.);
#414 = VERTEX_POINT('',#415);
#415 = CARTESIAN_POINT('',(-0.6,0.585,1.17));
#416 = CIRCLE('',#417,4.E-02);
#417 = AXIS2_PLACEMENT_3D('',#418,#419,#420);
#418 = CARTESIAN_POINT('',(-0.6,0.545,1.17));
#419 = DIRECTION('',(1.,0.,-0.));
#420 = DIRECTION('',(0.,0.,1.));
#421 = ORIENTED_EDGE('',*,*,#422,.F.);
#422 = EDGE_CURVE('',#423,#414,#425,.T.);
#423 = VERTEX_POINT('',#424);
#424 = CARTESIAN_POINT('',(-0.6,0.585,8.E-02));
#425 = LINE('',#426,#427);
#426 = CARTESIAN_POINT('',(-0.6,0.585,4.E-02));
#427 = VECTOR('',#428,1.);
#428 = DIRECTION('',(0.,0.,1.));
#429 = ORIENTED_EDGE('',*,*,#430,.T.);
#430 = EDGE_CURVE('',#423,#431,#433,.T.);
#431 = VERTEX_POINT('',#432);
#432 = CARTESIAN_POINT('',(-0.6,0.545,4.E-02));
#433 = CIRCLE('',#434,4.E-02);
#434 = AXIS2_PLACEMENT_3D('',#435,#436,#437);
#435 = CARTESIAN_POINT('',(-0.6,0.545,8.E-02));
#436 = DIRECTION('',(-1.,0.,0.));
#437 = DIRECTION('',(0.,0.,1.));
#438 = ORIENTED_EDGE('',*,*,#439,.F.);
#439 = EDGE_CURVE('',#380,#431,#440,.T.);
#440 = LINE('',#441,#442);
#441 = CARTESIAN_POINT('',(-0.6,-0.585,4.E-02));
#442 = VECTOR('',#443,1.);
#443 = DIRECTION('',(0.,1.,0.));
#444 = PLANE('',#445);
#445 = AXIS2_PLACEMENT_3D('',#446,#447,#448);
#446 = CARTESIAN_POINT('',(-0.6,-0.625,0.));
#447 = DIRECTION('',(1.,0.,0.));
#448 = DIRECTION('',(0.,0.,1.));
#449 = ADVANCED_FACE('',(#450),#476,.T.);
#450 = FACE_BOUND('',#451,.T.);
#451 = EDGE_LOOP('',(#452,#453,#461,#470));
#452 = ORIENTED_EDGE('',*,*,#377,.T.);
#453 = ORIENTED_EDGE('',*,*,#454,.T.);
#454 = EDGE_CURVE('',#380,#455,#457,.T.);
#455 = VERTEX_POINT('',#456);
#456 = CARTESIAN_POINT('',(0.6,-0.545,4.E-02));
#457 = LINE('',#458,#459);
#458 = CARTESIAN_POINT('',(-0.6,-0.545,4.E-02));
#459 = VECTOR('',#460,1.);
#460 = DIRECTION('',(1.,0.,0.));
#461 = ORIENTED_EDGE('',*,*,#462,.F.);
#462 = EDGE_CURVE('',#463,#455,#465,.T.);
#463 = VERTEX_POINT('',#464);
#464 = CARTESIAN_POINT('',(0.6,-0.585,8.E-02));
#465 = CIRCLE('',#466,4.E-02);
#466 = AXIS2_PLACEMENT_3D('',#467,#468,#469);
#467 = CARTESIAN_POINT('',(0.6,-0.545,8.E-02));
#468 = DIRECTION('',(1.,0.,-0.));
#469 = DIRECTION('',(0.,0.,1.));
#470 = ORIENTED_EDGE('',*,*,#471,.F.);
#471 = EDGE_CURVE('',#378,#463,#472,.T.);
#472 = LINE('',#473,#474);
#473 = CARTESIAN_POINT('',(-0.6,-0.585,8.E-02));
#474 = VECTOR('',#475,1.);
#475 = DIRECTION('',(1.,0.,0.));
#476 = CYLINDRICAL_SURFACE('',#477,4.E-02);
#477 = AXIS2_PLACEMENT_3D('',#478,#479,#480);
#478 = CARTESIAN_POINT('',(-0.6,-0.545,8.E-02));
#479 = DIRECTION('',(1.,0.,0.));
#480 = DIRECTION('',(0.,-1.,0.));
#481 = ADVANCED_FACE('',(#482),#500,.F.);
#482 = FACE_BOUND('',#483,.F.);
#483 = EDGE_LOOP('',(#484,#485,#486,#494));
#484 = ORIENTED_EDGE('',*,*,#439,.F.);
#485 = ORIENTED_EDGE('',*,*,#454,.T.);
#486 = ORIENTED_EDGE('',*,*,#487,.T.);
#487 = EDGE_CURVE('',#455,#488,#490,.T.);
#488 = VERTEX_POINT('',#489);
#489 = CARTESIAN_POINT('',(0.6,0.545,4.E-02));
#490 = LINE('',#491,#492);
#491 = CARTESIAN_POINT('',(0.6,-0.585,4.E-02));
#492 = VECTOR('',#493,1.);
#493 = DIRECTION('',(0.,1.,0.));
#494 = ORIENTED_EDGE('',*,*,#495,.F.);
#495 = EDGE_CURVE('',#431,#488,#496,.T.);
#496 = LINE('',#497,#498);
#497 = CARTESIAN_POINT('',(-0.6,0.545,4.E-02));
#498 = VECTOR('',#499,1.);
#499 = DIRECTION('',(1.,0.,0.));
#500 = PLANE('',#501);
#501 = AXIS2_PLACEMENT_3D('',#502,#503,#504);
#502 = CARTESIAN_POINT('',(-0.6,-0.585,4.E-02));
#503 = DIRECTION('',(0.,0.,1.));
#504 = DIRECTION('',(1.,0.,-0.));
#505 = ADVANCED_FACE('',(#506),#525,.T.);
#506 = FACE_BOUND('',#507,.T.);
#507 = EDGE_LOOP('',(#508,#516,#523,#524));
#508 = ORIENTED_EDGE('',*,*,#509,.T.);
#509 = EDGE_CURVE('',#423,#510,#512,.T.);
#510 = VERTEX_POINT('',#511);
#511 = CARTESIAN_POINT('',(0.6,0.585,8.E-02));
#512 = LINE('',#513,#514);
#513 = CARTESIAN_POINT('',(-0.6,0.585,8.E-02));
#514 = VECTOR('',#515,1.);
#515 = DIRECTION('',(1.,0.,0.));
#516 = ORIENTED_EDGE('',*,*,#517,.T.);
#517 = EDGE_CURVE('',#510,#488,#518,.T.);
#518 = CIRCLE('',#519,4.E-02);
#519 = AXIS2_PLACEMENT_3D('',#520,#521,#522);
#520 = CARTESIAN_POINT('',(0.6,0.545,8.E-02));
#521 = DIRECTION('',(-1.,0.,0.));
#522 = DIRECTION('',(0.,0.,1.));
#523 = ORIENTED_EDGE('',*,*,#495,.F.);
#524 = ORIENTED_EDGE('',*,*,#430,.F.);
#525 = CYLINDRICAL_SURFACE('',#526,4.E-02);
#526 = AXIS2_PLACEMENT_3D('',#527,#528,#529);
#527 = CARTESIAN_POINT('',(-0.6,0.545,8.E-02));
#528 = DIRECTION('',(1.,0.,0.));
#529 = DIRECTION('',(-0.,1.,0.));
#530 = ADVANCED_FACE('',(#531),#549,.T.);
#531 = FACE_BOUND('',#532,.T.);
#532 = EDGE_LOOP('',(#533,#541,#542,#543));
#533 = ORIENTED_EDGE('',*,*,#534,.F.);
#534 = EDGE_CURVE('',#510,#535,#537,.T.);
#535 = VERTEX_POINT('',#536);
#536 = CARTESIAN_POINT('',(0.6,0.585,1.17));
#537 = LINE('',#538,#539);
#538 = CARTESIAN_POINT('',(0.6,0.585,4.E-02));
#539 = VECTOR('',#540,1.);
#540 = DIRECTION('',(0.,0.,1.));
#541 = ORIENTED_EDGE('',*,*,#509,.F.);
#542 = ORIENTED_EDGE('',*,*,#422,.T.);
#543 = ORIENTED_EDGE('',*,*,#544,.T.);
#544 = EDGE_CURVE('',#414,#535,#545,.T.);
#545 = LINE('',#546,#547);
#546 = CARTESIAN_POINT('',(-0.6,0.585,1.17));
#547 = VECTOR('',#548,1.);
#548 = DIRECTION('',(1.,0.,0.));
#549 = PLANE('',#550);
#550 = AXIS2_PLACEMENT_3D('',#551,#552,#553);
#551 = CARTESIAN_POINT('',(-0.6,0.585,4.E-02));
#552 = DIRECTION('',(0.,1.,0.));
#553 = DIRECTION('',(0.,-0.,1.));
#554 = ADVANCED_FACE('',(#555),#574,.T.);
#555 = FACE_BOUND('',#556,.T.);
#556 = EDGE_LOOP('',(#557,#558,#566,#573));
#557 = ORIENTED_EDGE('',*,*,#413,.T.);
#558 = ORIENTED_EDGE('',*,*,#559,.T.);
#559 = EDGE_CURVE('',#406,#560,#562,.T.);
#560 = VERTEX_POINT('',#561);
#561 = CARTESIAN_POINT('',(0.6,0.545,1.21));
#562 = LINE('',#563,#564);
#563 = CARTESIAN_POINT('',(-0.6,0.545,1.21));
#564 = VECTOR('',#565,1.);
#565 = DIRECTION('',(1.,0.,0.));
#566 = ORIENTED_EDGE('',*,*,#567,.F.);
#567 = EDGE_CURVE('',#535,#560,#568,.T.);
#568 = CIRCLE('',#569,4.E-02);
#569 = AXIS2_PLACEMENT_3D('',#570,#571,#572);
#570 = CARTESIAN_POINT('',(0.6,0.545,1.17));
#571 = DIRECTION('',(1.,0.,-0.));
#572 = DIRECTION('',(0.,0.,1.));
#573 = ORIENTED_EDGE('',*,*,#544,.F.);
#574 = CYLINDRICAL_SURFACE('',#575,4.E-02);
#575 = AXIS2_PLACEMENT_3D('',#576,#577,#578);
#576 = CARTESIAN_POINT('',(-0.6,0.545,1.17));
#577 = DIRECTION('',(1.,0.,0.));
#578 = DIRECTION('',(-0.,1.,0.));
#579 = ADVANCED_FACE('',(#580),#598,.T.);
#580 = FACE_BOUND('',#581,.T.);
#581 = EDGE_LOOP('',(#582,#583,#591,#597));
#582 = ORIENTED_EDGE('',*,*,#405,.F.);
#583 = ORIENTED_EDGE('',*,*,#584,.T.);
#584 = EDGE_CURVE('',#397,#585,#587,.T.);
#585 = VERTEX_POINT('',#586);
#586 = CARTESIAN_POINT('',(0.6,-0.545,1.21));
#587 = LINE('',#588,#589);
#588 = CARTESIAN_POINT('',(-0.6,-0.545,1.21));
#589 = VECTOR('',#590,1.);
#590 = DIRECTION('',(1.,0.,0.));
#591 = ORIENTED_EDGE('',*,*,#592,.T.);
#592 = EDGE_CURVE('',#585,#560,#593,.T.);
#593 = LINE('',#594,#595);
#594 = CARTESIAN_POINT('',(0.6,-0.585,1.21));
#595 = VECTOR('',#596,1.);
#596 = DIRECTION('',(0.,1.,0.));
#597 = ORIENTED_EDGE('',*,*,#559,.F.);
#598 = PLANE('',#599);
#599 = AXIS2_PLACEMENT_3D('',#600,#601,#602);
#600 = CARTESIAN_POINT('',(-0.6,-0.585,1.21));
#601 = DIRECTION('',(0.,0.,1.));
#602 = DIRECTION('',(1.,0.,-0.));
#603 = ADVANCED_FACE('',(#604),#623,.T.);
#604 = FACE_BOUND('',#605,.T.);
#605 = EDGE_LOOP('',(#606,#614,#621,#622));
#606 = ORIENTED_EDGE('',*,*,#607,.T.);
#607 = EDGE_CURVE('',#389,#608,#610,.T.);
#608 = VERTEX_POINT('',#609);
#609 = CARTESIAN_POINT('',(0.6,-0.585,1.17));
#610 = LINE('',#611,#612);
#611 = CARTESIAN_POINT('',(-0.6,-0.585,1.17));
#612 = VECTOR('',#613,1.);
#613 = DIRECTION('',(1.,0.,0.));
#614 = ORIENTED_EDGE('',*,*,#615,.T.);
#615 = EDGE_CURVE('',#608,#585,#616,.T.);
#616 = CIRCLE('',#617,4.E-02);
#617 = AXIS2_PLACEMENT_3D('',#618,#619,#620);
#618 = CARTESIAN_POINT('',(0.6,-0.545,1.17));
#619 = DIRECTION('',(-1.,0.,0.));
#620 = DIRECTION('',(0.,0.,1.));
#621 = ORIENTED_EDGE('',*,*,#584,.F.);
#622 = ORIENTED_EDGE('',*,*,#396,.F.);
#623 = CYLINDRICAL_SURFACE('',#624,4.E-02);
#624 = AXIS2_PLACEMENT_3D('',#625,#626,#627);
#625 = CARTESIAN_POINT('',(-0.6,-0.545,1.17));
#626 = DIRECTION('',(1.,0.,0.));
#627 = DIRECTION('',(0.,-1.,0.));
#628 = ADVANCED_FACE('',(#629),#640,.F.);
#629 = FACE_BOUND('',#630,.F.);
#630 = EDGE_LOOP('',(#631,#637,#638,#639));
#631 = ORIENTED_EDGE('',*,*,#632,.F.);
#632 = EDGE_CURVE('',#463,#608,#633,.T.);
#633 = LINE('',#634,#635);
#634 = CARTESIAN_POINT('',(0.6,-0.585,4.E-02));
#635 = VECTOR('',#636,1.);
#636 = DIRECTION('',(0.,0.,1.));
#637 = ORIENTED_EDGE('',*,*,#471,.F.);
#638 = ORIENTED_EDGE('',*,*,#388,.T.);
#639 = ORIENTED_EDGE('',*,*,#607,.T.);
#640 = PLANE('',#641);
#641 = AXIS2_PLACEMENT_3D('',#642,#643,#644);
#642 = CARTESIAN_POINT('',(-0.6,-0.585,4.E-02));
#643 = DIRECTION('',(0.,1.,0.));
#644 = DIRECTION('',(0.,-0.,1.));
#645 = ADVANCED_FACE('',(#646,#716),#726,.F.);
#646 = FACE_BOUND('',#647,.F.);
#647 = EDGE_LOOP('',(#648,#658,#667,#675,#684,#692,#701,#709));
#648 = ORIENTED_EDGE('',*,*,#649,.F.);
#649 = EDGE_CURVE('',#650,#652,#654,.T.);
#650 = VERTEX_POINT('',#651);
#651 = CARTESIAN_POINT('',(0.6,-0.625,4.E-02));
#652 = VERTEX_POINT('',#653);
#653 = CARTESIAN_POINT('',(0.6,-0.625,1.21));
#654 = LINE('',#655,#656);
#655 = CARTESIAN_POINT('',(0.6,-0.625,0.));
#656 = VECTOR('',#657,1.);
#657 = DIRECTION('',(0.,0.,1.));
#658 = ORIENTED_EDGE('',*,*,#659,.T.);
#659 = EDGE_CURVE('',#650,#660,#662,.T.);
#660 = VERTEX_POINT('',#661);
#661 = CARTESIAN_POINT('',(0.6,-0.585,0.));
#662 = CIRCLE('',#663,4.E-02);
#663 = AXIS2_PLACEMENT_3D('',#664,#665,#666);
#664 = CARTESIAN_POINT('',(0.6,-0.585,4.E-02));
#665 = DIRECTION('',(1.,0.,-0.));
#666 = DIRECTION('',(0.,0.,1.));
#667 = ORIENTED_EDGE('',*,*,#668,.T.);
#668 = EDGE_CURVE('',#660,#669,#671,.T.);
#669 = VERTEX_POINT('',#670);
#670 = CARTESIAN_POINT('',(0.6,0.585,0.));
#671 = LINE('',#672,#673);
#672 = CARTESIAN_POINT('',(0.6,-0.625,0.));
#673 = VECTOR('',#674,1.);
#674 = DIRECTION('',(0.,1.,0.));
#675 = ORIENTED_EDGE('',*,*,#676,.F.);
#676 = EDGE_CURVE('',#677,#669,#679,.T.);
#677 = VERTEX_POINT('',#678);
#678 = CARTESIAN_POINT('',(0.6,0.625,4.E-02));
#679 = CIRCLE('',#680,4.E-02);
#680 = AXIS2_PLACEMENT_3D('',#681,#682,#683);
#681 = CARTESIAN_POINT('',(0.6,0.585,4.E-02));
#682 = DIRECTION('',(-1.,0.,0.));
#683 = DIRECTION('',(0.,0.,1.));
#684 = ORIENTED_EDGE('',*,*,#685,.T.);
#685 = EDGE_CURVE('',#677,#686,#688,.T.);
#686 = VERTEX_POINT('',#687);
#687 = CARTESIAN_POINT('',(0.6,0.625,1.21));
#688 = LINE('',#689,#690);
#689 = CARTESIAN_POINT('',(0.6,0.625,0.));
#690 = VECTOR('',#691,1.);
#691 = DIRECTION('',(0.,0.,1.));
#692 = ORIENTED_EDGE('',*,*,#693,.T.);
#693 = EDGE_CURVE('',#686,#694,#696,.T.);
#694 = VERTEX_POINT('',#695);
#695 = CARTESIAN_POINT('',(0.6,0.585,1.25));
#696 = CIRCLE('',#697,4.E-02);
#697 = AXIS2_PLACEMENT_3D('',#698,#699,#700);
#698 = CARTESIAN_POINT('',(0.6,0.585,1.21));
#699 = DIRECTION('',(1.,0.,-0.));
#700 = DIRECTION('',(0.,0.,1.));
#701 = ORIENTED_EDGE('',*,*,#702,.F.);
#702 = EDGE_CURVE('',#703,#694,#705,.T.);
#703 = VERTEX_POINT('',#704);
#704 = CARTESIAN_POINT('',(0.6,-0.585,1.25));
#705 = LINE('',#706,#707);
#706 = CARTESIAN_POINT('',(0.6,-0.625,1.25));
#707 = VECTOR('',#708,1.);
#708 = DIRECTION('',(0.,1.,0.));
#709 = ORIENTED_EDGE('',*,*,#710,.F.);
#710 = EDGE_CURVE('',#652,#703,#711,.T.);
#711 = CIRCLE('',#712,4.E-02);
#712 = AXIS2_PLACEMENT_3D('',#713,#714,#715);
#713 = CARTESIAN_POINT('',(0.6,-0.585,1.21));
#714 = DIRECTION('',(-1.,0.,0.));
#715 = DIRECTION('',(0.,0.,1.));
#716 = FACE_BOUND('',#717,.F.);
#717 = EDGE_LOOP('',(#718,#719,#720,#721,#722,#723,#724,#725));
#718 = ORIENTED_EDGE('',*,*,#462,.F.);
#719 = ORIENTED_EDGE('',*,*,#632,.T.);
#720 = ORIENTED_EDGE('',*,*,#615,.T.);
#721 = ORIENTED_EDGE('',*,*,#592,.T.);
#722 = ORIENTED_EDGE('',*,*,#567,.F.);
#723 = ORIENTED_EDGE('',*,*,#534,.F.);
#724 = ORIENTED_EDGE('',*,*,#517,.T.);
#725 = ORIENTED_EDGE('',*,*,#487,.F.);
#726 = PLANE('',#727);
#727 = AXIS2_PLACEMENT_3D('',#728,#729,#730);
#728 = CARTESIAN_POINT('',(0.6,-0.625,0.));
#729 = DIRECTION('',(1.,0.,0.));
#730 = DIRECTION('',(0.,0.,1.));
#731 = ADVANCED_FACE('',(#732),#757,.F.);
#732 = FACE_BOUND('',#733,.F.);
#733 = EDGE_LOOP('',(#734,#744,#750,#751));
#734 = ORIENTED_EDGE('',*,*,#735,.F.);
#735 = EDGE_CURVE('',#736,#738,#740,.T.);
#736 = VERTEX_POINT('',#737);
#737 = CARTESIAN_POINT('',(1.,-0.625,4.E-02));
#738 = VERTEX_POINT('',#739);
#739 = CARTESIAN_POINT('',(1.,-0.625,1.21));
#740 = LINE('',#741,#742);
#741 = CARTESIAN_POINT('',(1.,-0.625,0.));
#742 = VECTOR('',#743,1.);
#743 = DIRECTION('',(0.,0.,1.));
#744 = ORIENTED_EDGE('',*,*,#745,.F.);
#745 = EDGE_CURVE('',#650,#736,#746,.T.);
#746 = LINE('',#747,#748);
#747 = CARTESIAN_POINT('',(0.6,-0.625,4.E-02));
#748 = VECTOR('',#749,1.);
#749 = DIRECTION('',(1.,0.,0.));
#750 = ORIENTED_EDGE('',*,*,#649,.T.);
#751 = ORIENTED_EDGE('',*,*,#752,.T.);
#752 = EDGE_CURVE('',#652,#738,#753,.T.);
#753 = LINE('',#754,#755);
#754 = CARTESIAN_POINT('',(0.6,-0.625,1.21));
#755 = VECTOR('',#756,1.);
#756 = DIRECTION('',(1.,0.,0.));
#757 = PLANE('',#758);
#758 = AXIS2_PLACEMENT_3D('',#759,#760,#761);
#759 = CARTESIAN_POINT('',(0.6,-0.625,0.));
#760 = DIRECTION('',(0.,1.,0.));
#761 = DIRECTION('',(0.,-0.,1.));
#762 = ADVANCED_FACE('',(#763),#782,.T.);
#763 = FACE_BOUND('',#764,.T.);
#764 = EDGE_LOOP('',(#765,#766,#774,#781));
#765 = ORIENTED_EDGE('',*,*,#659,.T.);
#766 = ORIENTED_EDGE('',*,*,#767,.T.);
#767 = EDGE_CURVE('',#660,#768,#770,.T.);
#768 = VERTEX_POINT('',#769);
#769 = CARTESIAN_POINT('',(1.,-0.585,0.));
#770 = LINE('',#771,#772);
#771 = CARTESIAN_POINT('',(0.6,-0.585,0.));
#772 = VECTOR('',#773,1.);
#773 = DIRECTION('',(1.,0.,0.));
#774 = ORIENTED_EDGE('',*,*,#775,.F.);
#775 = EDGE_CURVE('',#736,#768,#776,.T.);
#776 = CIRCLE('',#777,4.E-02);
#777 = AXIS2_PLACEMENT_3D('',#778,#779,#780);
#778 = CARTESIAN_POINT('',(1.,-0.585,4.E-02));
#779 = DIRECTION('',(1.,0.,-0.));
#780 = DIRECTION('',(0.,0.,1.));
#781 = ORIENTED_EDGE('',*,*,#745,.F.);
#782 = CYLINDRICAL_SURFACE('',#783,4.E-02);
#783 = AXIS2_PLACEMENT_3D('',#784,#785,#786);
#784 = CARTESIAN_POINT('',(0.6,-0.585,4.E-02));
#785 = DIRECTION('',(1.,0.,0.));
#786 = DIRECTION('',(0.,-1.,0.));
#787 = ADVANCED_FACE('',(#788),#807,.T.);
#788 = FACE_BOUND('',#789,.T.);
#789 = EDGE_LOOP('',(#790,#791,#800,#806));
#790 = ORIENTED_EDGE('',*,*,#752,.T.);
#791 = ORIENTED_EDGE('',*,*,#792,.T.);
#792 = EDGE_CURVE('',#738,#793,#795,.T.);
#793 = VERTEX_POINT('',#794);
#794 = CARTESIAN_POINT('',(1.,-0.585,1.25));
#795 = CIRCLE('',#796,4.E-02);
#796 = AXIS2_PLACEMENT_3D('',#797,#798,#799);
#797 = CARTESIAN_POINT('',(1.,-0.585,1.21));
#798 = DIRECTION('',(-1.,0.,0.));
#799 = DIRECTION('',(0.,0.,1.));
#800 = ORIENTED_EDGE('',*,*,#801,.F.);
#801 = EDGE_CURVE('',#703,#793,#802,.T.);
#802 = LINE('',#803,#804);
#803 = CARTESIAN_POINT('',(0.6,-0.585,1.25));
#804 = VECTOR('',#805,1.);
#805 = DIRECTION('',(1.,0.,0.));
#806 = ORIENTED_EDGE('',*,*,#710,.F.);
#807 = CYLINDRICAL_SURFACE('',#808,4.E-02);
#808 = AXIS2_PLACEMENT_3D('',#809,#810,#811);
#809 = CARTESIAN_POINT('',(0.6,-0.585,1.21));
#810 = DIRECTION('',(1.,0.,0.));
#811 = DIRECTION('',(0.,-1.,0.));
#812 = ADVANCED_FACE('',(#813),#831,.F.);
#813 = FACE_BOUND('',#814,.F.);
#814 = EDGE_LOOP('',(#815,#816,#817,#825));
#815 = ORIENTED_EDGE('',*,*,#668,.F.);
#816 = ORIENTED_EDGE('',*,*,#767,.T.);
#817 = ORIENTED_EDGE('',*,*,#818,.T.);
#818 = EDGE_CURVE('',#768,#819,#821,.T.);
#819 = VERTEX_POINT('',#820);
#820 = CARTESIAN_POINT('',(1.,0.585,0.));
#821 = LINE('',#822,#823);
#822 = CARTESIAN_POINT('',(1.,-0.625,0.));
#823 = VECTOR('',#824,1.);
#824 = DIRECTION('',(0.,1.,0.));
#825 = ORIENTED_EDGE('',*,*,#826,.F.);
#826 = EDGE_CURVE('',#669,#819,#827,.T.);
#827 = LINE('',#828,#829);
#828 = CARTESIAN_POINT('',(0.6,0.585,0.));
#829 = VECTOR('',#830,1.);
#830 = DIRECTION('',(1.,0.,0.));
#831 = PLANE('',#832);
#832 = AXIS2_PLACEMENT_3D('',#833,#834,#835);
#833 = CARTESIAN_POINT('',(0.6,-0.625,0.));
#834 = DIRECTION('',(0.,0.,1.));
#835 = DIRECTION('',(1.,0.,-0.));
#836 = ADVANCED_FACE('',(#837),#855,.T.);
#837 = FACE_BOUND('',#838,.T.);
#838 = EDGE_LOOP('',(#839,#840,#841,#849));
#839 = ORIENTED_EDGE('',*,*,#702,.F.);
#840 = ORIENTED_EDGE('',*,*,#801,.T.);
#841 = ORIENTED_EDGE('',*,*,#842,.T.);
#842 = EDGE_CURVE('',#793,#843,#845,.T.);
#843 = VERTEX_POINT('',#844);
#844 = CARTESIAN_POINT('',(1.,0.585,1.25));
#845 = LINE('',#846,#847);
#846 = CARTESIAN_POINT('',(1.,-0.625,1.25));
#847 = VECTOR('',#848,1.);
#848 = DIRECTION('',(0.,1.,0.));
#849 = ORIENTED_EDGE('',*,*,#850,.F.);
#850 = EDGE_CURVE('',#694,#843,#851,.T.);
#851 = LINE('',#852,#853);
#852 = CARTESIAN_POINT('',(0.6,0.585,1.25));
#853 = VECTOR('',#854,1.);
#854 = DIRECTION('',(1.,0.,0.));
#855 = PLANE('',#856);
#856 = AXIS2_PLACEMENT_3D('',#857,#858,#859);
#857 = CARTESIAN_POINT('',(0.6,-0.625,1.25));
#858 = DIRECTION('',(0.,0.,1.));
#859 = DIRECTION('',(1.,0.,-0.));
#860 = ADVANCED_FACE('',(#861),#880,.T.);
#861 = FACE_BOUND('',#862,.T.);
#862 = EDGE_LOOP('',(#863,#871,#878,#879));
#863 = ORIENTED_EDGE('',*,*,#864,.T.);
#864 = EDGE_CURVE('',#677,#865,#867,.T.);
#865 = VERTEX_POINT('',#866);
#866 = CARTESIAN_POINT('',(1.,0.625,4.E-02));
#867 = LINE('',#868,#869);
#868 = CARTESIAN_POINT('',(0.6,0.625,4.E-02));
#869 = VECTOR('',#870,1.);
#870 = DIRECTION('',(1.,0.,0.));
#871 = ORIENTED_EDGE('',*,*,#872,.T.);
#872 = EDGE_CURVE('',#865,#819,#873,.T.);
#873 = CIRCLE('',#874,4.E-02);
#874 = AXIS2_PLACEMENT_3D('',#875,#876,#877);
#875 = CARTESIAN_POINT('',(1.,0.585,4.E-02));
#876 = DIRECTION('',(-1.,0.,0.));
#877 = DIRECTION('',(0.,0.,1.));
#878 = ORIENTED_EDGE('',*,*,#826,.F.);
#879 = ORIENTED_EDGE('',*,*,#676,.F.);
#880 = CYLINDRICAL_SURFACE('',#881,4.E-02);
#881 = AXIS2_PLACEMENT_3D('',#882,#883,#884);
#882 = CARTESIAN_POINT('',(0.6,0.585,4.E-02));
#883 = DIRECTION('',(1.,0.,0.));
#884 = DIRECTION('',(-0.,1.,0.));
#885 = ADVANCED_FACE('',(#886),#905,.T.);
#886 = FACE_BOUND('',#887,.T.);
#887 = EDGE_LOOP('',(#888,#889,#890,#899));
#888 = ORIENTED_EDGE('',*,*,#693,.T.);
#889 = ORIENTED_EDGE('',*,*,#850,.T.);
#890 = ORIENTED_EDGE('',*,*,#891,.F.);
#891 = EDGE_CURVE('',#892,#843,#894,.T.);
#892 = VERTEX_POINT('',#893);
#893 = CARTESIAN_POINT('',(1.,0.625,1.21));
#894 = CIRCLE('',#895,4.E-02);
#895 = AXIS2_PLACEMENT_3D('',#896,#897,#898);
#896 = CARTESIAN_POINT('',(1.,0.585,1.21));
#897 = DIRECTION('',(1.,0.,-0.));
#898 = DIRECTION('',(0.,0.,1.));
#899 = ORIENTED_EDGE('',*,*,#900,.F.);
#900 = EDGE_CURVE('',#686,#892,#901,.T.);
#901 = LINE('',#902,#903);
#902 = CARTESIAN_POINT('',(0.6,0.625,1.21));
#903 = VECTOR('',#904,1.);
#904 = DIRECTION('',(1.,0.,0.));
#905 = CYLINDRICAL_SURFACE('',#906,4.E-02);
#906 = AXIS2_PLACEMENT_3D('',#907,#908,#909);
#907 = CARTESIAN_POINT('',(0.6,0.585,1.21));
#908 = DIRECTION('',(1.,0.,0.));
#909 = DIRECTION('',(-0.,1.,0.));
#910 = ADVANCED_FACE('',(#911),#922,.T.);
#911 = FACE_BOUND('',#912,.T.);
#912 = EDGE_LOOP('',(#913,#919,#920,#921));
#913 = ORIENTED_EDGE('',*,*,#914,.F.);
#914 = EDGE_CURVE('',#865,#892,#915,.T.);
#915 = LINE('',#916,#917);
#916 = CARTESIAN_POINT('',(1.,0.625,0.));
#917 = VECTOR('',#918,1.);
#918 = DIRECTION('',(0.,0.,1.));
#919 = ORIENTED_EDGE('',*,*,#864,.F.);
#920 = ORIENTED_EDGE('',*,*,#685,.T.);
#921 = ORIENTED_EDGE('',*,*,#900,.T.);
#922 = PLANE('',#923);
#923 = AXIS2_PLACEMENT_3D('',#924,#925,#926);
#924 = CARTESIAN_POINT('',(0.6,0.625,0.));
#925 = DIRECTION('',(0.,1.,0.));
#926 = DIRECTION('',(0.,-0.,1.));
#927 = ADVANCED_FACE('',(#928),#938,.T.);
#928 = FACE_BOUND('',#929,.T.);
#929 = EDGE_LOOP('',(#930,#931,#932,#933,#934,#935,#936,#937));
#930 = ORIENTED_EDGE('',*,*,#735,.F.);
#931 = ORIENTED_EDGE('',*,*,#775,.T.);
#932 = ORIENTED_EDGE('',*,*,#818,.T.);
#933 = ORIENTED_EDGE('',*,*,#872,.F.);
#934 = ORIENTED_EDGE('',*,*,#914,.T.);
#935 = ORIENTED_EDGE('',*,*,#891,.T.);
#936 = ORIENTED_EDGE('',*,*,#842,.F.);
#937 = ORIENTED_EDGE('',*,*,#792,.F.);
#938 = PLANE('',#939);
#939 = AXIS2_PLACEMENT_3D('',#940,#941,#942);
#940 = CARTESIAN_POINT('',(1.,-0.625,0.));
#941 = DIRECTION('',(1.,0.,0.));
#942 = DIRECTION('',(0.,0.,1.));
#943 = ( GEOMETRIC_REPRESENTATION_CONTEXT(3) 
GLOBAL_UNCERTAINTY_ASSIGNED_CONTEXT((#947)) GLOBAL_UNIT_ASSIGNED_CONTEXT
((#944,#945,#946)) REPRESENTATION_CONTEXT('Context #1',
  '3D Context with UNIT and UNCERTAINTY') );
#944 = ( LENGTH_UNIT() NAMED_UNIT(*) SI_UNIT(.MILLI.,.METRE.) );
#945 = ( NAMED_UNIT(*) PLANE_ANGLE_UNIT() SI_UNIT($,.RADIAN.) );
#946 = ( NAMED_UNIT(*) SI_UNIT($,.STERADIAN.) SOLID_ANGLE_UNIT() );
#947 = UNCERTAINTY_MEASURE_WITH_UNIT(LENGTH_MEASURE(1.E-07),#944,
  'distance_accuracy_value','confusion accuracy');
#948 = CONTEXT_DEPENDENT_SHAPE_REPRESENTATION(#949,#951);
#949 = ( REPRESENTATION_RELATIONSHIP('','',#88,#10) 
REPRESENTATION_RELATIONSHIP_WITH_TRANSFORMATION(#950) 
SHAPE_REPRESENTATION_RELATIONSHIP() );
#950 = ITEM_DEFINED_TRANSFORMATION('','',#11,#15);
#951 = PRODUCT_DEFINITION_SHAPE('Placement','Placement of an item',#952
  );
#952 = NEXT_ASSEMBLY_USAGE_OCCURRENCE('1','C3','',#5,#83,$);
#953 = PRODUCT_RELATED_PRODUCT_CATEGORY('part',$,(#85));
#954 = SHAPE_DEFINITION_REPRESENTATION(#955,#961);
#955 = PRODUCT_DEFINITION_SHAPE('','',#956);
#956 = PRODUCT_DEFINITION('design','',#957,#960);
#957 = PRODUCT_DEFINITION_FORMATION('','',#958);
#958 = PRODUCT('UQFN-16-1EP_3x3mm_P0.5mm_EP1.75x1.75mm',
  'UQFN-16-1EP_3x3mm_P0.5mm_EP1.75x1.75mm','',(#959));
#959 = PRODUCT_CONTEXT('',#2,'mechanical');
#960 = PRODUCT_DEFINITION_CONTEXT('part definition',#2,'design');
#961 = ADVANCED_BREP_SHAPE_REPRESENTATION('',(#11,#962),#4500);
#962 = MANIFOLD_SOLID_BREP('',#963);
#963 = CLOSED_SHELL('',(#964,#1004,#1051,#1075,#1115,#1132,#1703,#1812,
    #1824,#1940,#1980,#2004,#2037,#2077,#2117,#2141,#2165,#2198,#2231,
    #2271,#2311,#2335,#2359,#2392,#2425,#2465,#2505,#2529,#2553,#2586,
    #2619,#2735,#2844,#2884,#2924,#2948,#2972,#3005,#3038,#3078,#3118,
    #3142,#3166,#3199,#3232,#3272,#3312,#3336,#3360,#3393,#3426,#3466,
    #3506,#3530,#3554,#3587,#3620,#3651,#3675,#3699,#3723,#3740,#3763,
    #3780,#3797,#3814,#3831,#3848,#3865,#3882,#3899,#3911,#3928,#3940,
    #3957,#3969,#3986,#3998,#4015,#4027,#4044,#4056,#4073,#4085,#4102,
    #4119,#4136,#4153,#4170,#4187,#4204,#4221,#4238,#4250,#4267,#4279,
    #4296,#4308,#4325,#4337,#4354,#4366,#4383,#4395,#4412,#4424,#4441,
    #4453,#4466,#4491));
#964 = ADVANCED_FACE('',(#965),#999,.T.);
#965 = FACE_BOUND('',#966,.F.);
#966 = EDGE_LOOP('',(#967,#977,#985,#993));
#967 = ORIENTED_EDGE('',*,*,#968,.T.);
#968 = EDGE_CURVE('',#969,#971,#973,.T.);
#969 = VERTEX_POINT('',#970);
#970 = CARTESIAN_POINT('',(-1.5,0.625,0.));
#971 = VERTEX_POINT('',#972);
#972 = CARTESIAN_POINT('',(-1.1,0.625,0.));
#973 = LINE('',#974,#975);
#974 = CARTESIAN_POINT('',(-1.5,0.625,0.));
#975 = VECTOR('',#976,1.);
#976 = DIRECTION('',(1.,-4.669739647545E-16,0.));
#977 = ORIENTED_EDGE('',*,*,#978,.T.);
#978 = EDGE_CURVE('',#971,#979,#981,.T.);
#979 = VERTEX_POINT('',#980);
#980 = CARTESIAN_POINT('',(-1.1,0.875,0.));
#981 = LINE('',#982,#983);
#982 = CARTESIAN_POINT('',(-1.1,0.625,0.));
#983 = VECTOR('',#984,1.);
#984 = DIRECTION('',(4.669739647545E-16,1.,0.));
#985 = ORIENTED_EDGE('',*,*,#986,.T.);
#986 = EDGE_CURVE('',#979,#987,#989,.T.);
#987 = VERTEX_POINT('',#988);
#988 = CARTESIAN_POINT('',(-1.5,0.875,0.));
#989 = LINE('',#990,#991);
#990 = CARTESIAN_POINT('',(-1.1,0.875,0.));
#991 = VECTOR('',#992,1.);
#992 = DIRECTION('',(-1.,4.669739647545E-16,0.));
#993 = ORIENTED_EDGE('',*,*,#994,.T.);
#994 = EDGE_CURVE('',#987,#969,#995,.T.);
#995 = LINE('',#996,#997);
#996 = CARTESIAN_POINT('',(-1.5,0.875,0.));
#997 = VECTOR('',#998,1.);
#998 = DIRECTION('',(-4.669739647545E-16,-1.,0.));
#999 = PLANE('',#1000);
#1000 = AXIS2_PLACEMENT_3D('',#1001,#1002,#1003);
#1001 = CARTESIAN_POINT('',(-1.5,0.625,0.));
#1002 = DIRECTION('',(0.,-0.,-1.));
#1003 = DIRECTION('',(4.669739647545E-16,1.,0.));
#1004 = ADVANCED_FACE('',(#1005),#1046,.F.);
#1005 = FACE_BOUND('',#1006,.F.);
#1006 = EDGE_LOOP('',(#1007,#1008,#1016,#1024,#1032,#1040));
#1007 = ORIENTED_EDGE('',*,*,#968,.F.);
#1008 = ORIENTED_EDGE('',*,*,#1009,.T.);
#1009 = EDGE_CURVE('',#969,#1010,#1012,.T.);
#1010 = VERTEX_POINT('',#1011);
#1011 = CARTESIAN_POINT('',(-1.5,0.625,0.2));
#1012 = LINE('',#1013,#1014);
#1013 = CARTESIAN_POINT('',(-1.5,0.625,0.));
#1014 = VECTOR('',#1015,1.);
#1015 = DIRECTION('',(0.,0.,1.));
#1016 = ORIENTED_EDGE('',*,*,#1017,.T.);
#1017 = EDGE_CURVE('',#1010,#1018,#1020,.T.);
#1018 = VERTEX_POINT('',#1019);
#1019 = CARTESIAN_POINT('',(-1.49,0.625,0.2));
#1020 = LINE('',#1021,#1022);
#1021 = CARTESIAN_POINT('',(-1.5,0.625,0.2));
#1022 = VECTOR('',#1023,1.);
#1023 = DIRECTION('',(1.,-4.669739647545E-16,0.));
#1024 = ORIENTED_EDGE('',*,*,#1025,.F.);
#1025 = EDGE_CURVE('',#1026,#1018,#1028,.T.);
#1026 = VERTEX_POINT('',#1027);
#1027 = CARTESIAN_POINT('',(-1.49,0.625,2.E-02));
#1028 = LINE('',#1029,#1030);
#1029 = CARTESIAN_POINT('',(-1.49,0.625,1.E-02));
#1030 = VECTOR('',#1031,1.);
#1031 = DIRECTION('',(0.,0.,1.));
#1032 = ORIENTED_EDGE('',*,*,#1033,.F.);
#1033 = EDGE_CURVE('',#1034,#1026,#1036,.T.);
#1034 = VERTEX_POINT('',#1035);
#1035 = CARTESIAN_POINT('',(-1.1,0.625,2.E-02));
#1036 = LINE('',#1037,#1038);
#1037 = CARTESIAN_POINT('',(-1.495,0.625,2.E-02));
#1038 = VECTOR('',#1039,1.);
#1039 = DIRECTION('',(-1.,4.669739647545E-16,0.));
#1040 = ORIENTED_EDGE('',*,*,#1041,.F.);
#1041 = EDGE_CURVE('',#971,#1034,#1042,.T.);
#1042 = LINE('',#1043,#1044);
#1043 = CARTESIAN_POINT('',(-1.1,0.625,0.));
#1044 = VECTOR('',#1045,1.);
#1045 = DIRECTION('',(0.,0.,1.));
#1046 = PLANE('',#1047);
#1047 = AXIS2_PLACEMENT_3D('',#1048,#1049,#1050);
#1048 = CARTESIAN_POINT('',(-1.5,0.625,0.));
#1049 = DIRECTION('',(4.669739647545E-16,1.,0.));
#1050 = DIRECTION('',(1.,-4.669739647545E-16,0.));
#1051 = ADVANCED_FACE('',(#1052),#1070,.F.);
#1052 = FACE_BOUND('',#1053,.F.);
#1053 = EDGE_LOOP('',(#1054,#1055,#1056,#1064));
#1054 = ORIENTED_EDGE('',*,*,#978,.F.);
#1055 = ORIENTED_EDGE('',*,*,#1041,.T.);
#1056 = ORIENTED_EDGE('',*,*,#1057,.F.);
#1057 = EDGE_CURVE('',#1058,#1034,#1060,.T.);
#1058 = VERTEX_POINT('',#1059);
#1059 = CARTESIAN_POINT('',(-1.1,0.875,2.E-02));
#1060 = LINE('',#1061,#1062);
#1061 = CARTESIAN_POINT('',(-1.1,1.0575,2.E-02));
#1062 = VECTOR('',#1063,1.);
#1063 = DIRECTION('',(-4.669739647545E-16,-1.,0.));
#1064 = ORIENTED_EDGE('',*,*,#1065,.F.);
#1065 = EDGE_CURVE('',#979,#1058,#1066,.T.);
#1066 = LINE('',#1067,#1068);
#1067 = CARTESIAN_POINT('',(-1.1,0.875,0.));
#1068 = VECTOR('',#1069,1.);
#1069 = DIRECTION('',(0.,0.,1.));
#1070 = PLANE('',#1071);
#1071 = AXIS2_PLACEMENT_3D('',#1072,#1073,#1074);
#1072 = CARTESIAN_POINT('',(-1.1,0.625,0.));
#1073 = DIRECTION('',(-1.,4.669739647545E-16,0.));
#1074 = DIRECTION('',(4.669739647545E-16,1.,0.));
#1075 = ADVANCED_FACE('',(#1076),#1110,.F.);
#1076 = FACE_BOUND('',#1077,.F.);
#1077 = EDGE_LOOP('',(#1078,#1079,#1080,#1088,#1096,#1104));
#1078 = ORIENTED_EDGE('',*,*,#986,.F.);
#1079 = ORIENTED_EDGE('',*,*,#1065,.T.);
#1080 = ORIENTED_EDGE('',*,*,#1081,.F.);
#1081 = EDGE_CURVE('',#1082,#1058,#1084,.T.);
#1082 = VERTEX_POINT('',#1083);
#1083 = CARTESIAN_POINT('',(-1.49,0.875,2.E-02));
#1084 = LINE('',#1085,#1086);
#1085 = CARTESIAN_POINT('',(-1.295,0.875,2.E-02));
#1086 = VECTOR('',#1087,1.);
#1087 = DIRECTION('',(1.,-4.669739647545E-16,0.));
#1088 = ORIENTED_EDGE('',*,*,#1089,.F.);
#1089 = EDGE_CURVE('',#1090,#1082,#1092,.T.);
#1090 = VERTEX_POINT('',#1091);
#1091 = CARTESIAN_POINT('',(-1.49,0.875,0.2));
#1092 = LINE('',#1093,#1094);
#1093 = CARTESIAN_POINT('',(-1.49,0.875,1.E-02));
#1094 = VECTOR('',#1095,1.);
#1095 = DIRECTION('',(0.,-0.,-1.));
#1096 = ORIENTED_EDGE('',*,*,#1097,.T.);
#1097 = EDGE_CURVE('',#1090,#1098,#1100,.T.);
#1098 = VERTEX_POINT('',#1099);
#1099 = CARTESIAN_POINT('',(-1.5,0.875,0.2));
#1100 = LINE('',#1101,#1102);
#1101 = CARTESIAN_POINT('',(-1.1,0.875,0.2));
#1102 = VECTOR('',#1103,1.);
#1103 = DIRECTION('',(-1.,4.669739647545E-16,0.));
#1104 = ORIENTED_EDGE('',*,*,#1105,.F.);
#1105 = EDGE_CURVE('',#987,#1098,#1106,.T.);
#1106 = LINE('',#1107,#1108);
#1107 = CARTESIAN_POINT('',(-1.5,0.875,0.));
#1108 = VECTOR('',#1109,1.);
#1109 = DIRECTION('',(0.,0.,1.));
#1110 = PLANE('',#1111);
#1111 = AXIS2_PLACEMENT_3D('',#1112,#1113,#1114);
#1112 = CARTESIAN_POINT('',(-1.1,0.875,0.));
#1113 = DIRECTION('',(-4.669739647545E-16,-1.,0.));
#1114 = DIRECTION('',(-1.,4.669739647545E-16,0.));
#1115 = ADVANCED_FACE('',(#1116),#1127,.F.);
#1116 = FACE_BOUND('',#1117,.F.);
#1117 = EDGE_LOOP('',(#1118,#1119,#1125,#1126));
#1118 = ORIENTED_EDGE('',*,*,#1105,.T.);
#1119 = ORIENTED_EDGE('',*,*,#1120,.T.);
#1120 = EDGE_CURVE('',#1098,#1010,#1121,.T.);
#1121 = LINE('',#1122,#1123);
#1122 = CARTESIAN_POINT('',(-1.5,0.875,0.2));
#1123 = VECTOR('',#1124,1.);
#1124 = DIRECTION('',(-4.669739647545E-16,-1.,0.));
#1125 = ORIENTED_EDGE('',*,*,#1009,.F.);
#1126 = ORIENTED_EDGE('',*,*,#994,.F.);
#1127 = PLANE('',#1128);
#1128 = AXIS2_PLACEMENT_3D('',#1129,#1130,#1131);
#1129 = CARTESIAN_POINT('',(-1.5,0.875,0.));
#1130 = DIRECTION('',(1.,-4.669739647545E-16,0.));
#1131 = DIRECTION('',(-4.669739647545E-16,-1.,0.));
#1132 = ADVANCED_FACE('',(#1133,#1656),#1698,.F.);
#1133 = FACE_BOUND('',#1134,.F.);
#1134 = EDGE_LOOP('',(#1135,#1145,#1151,#1152,#1153,#1154,#1162,#1170,
    #1178,#1186,#1194,#1202,#1210,#1218,#1226,#1234,#1242,#1250,#1258,
    #1266,#1274,#1282,#1290,#1298,#1306,#1314,#1322,#1330,#1338,#1346,
    #1354,#1362,#1370,#1378,#1386,#1394,#1402,#1410,#1418,#1426,#1434,
    #1442,#1450,#1458,#1466,#1474,#1482,#1490,#1498,#1506,#1514,#1522,
    #1530,#1538,#1546,#1554,#1562,#1570,#1578,#1586,#1594,#1602,#1610,
    #1618,#1626,#1634,#1642,#1650));
#1135 = ORIENTED_EDGE('',*,*,#1136,.F.);
#1136 = EDGE_CURVE('',#1137,#1139,#1141,.T.);
#1137 = VERTEX_POINT('',#1138);
#1138 = CARTESIAN_POINT('',(-1.49,1.49,2.E-02));
#1139 = VERTEX_POINT('',#1140);
#1140 = CARTESIAN_POINT('',(-0.875,1.49,2.E-02));
#1141 = LINE('',#1142,#1143);
#1142 = CARTESIAN_POINT('',(-1.49,1.49,2.E-02));
#1143 = VECTOR('',#1144,1.);
#1144 = DIRECTION('',(1.,-2.22044604925E-16,0.));
#1145 = ORIENTED_EDGE('',*,*,#1146,.T.);
#1146 = EDGE_CURVE('',#1137,#1082,#1147,.T.);
#1147 = LINE('',#1148,#1149);
#1148 = CARTESIAN_POINT('',(-1.49,1.49,2.E-02));
#1149 = VECTOR('',#1150,1.);
#1150 = DIRECTION('',(-2.22044604925E-16,-1.,0.));
#1151 = ORIENTED_EDGE('',*,*,#1081,.T.);
#1152 = ORIENTED_EDGE('',*,*,#1057,.T.);
#1153 = ORIENTED_EDGE('',*,*,#1033,.T.);
#1154 = ORIENTED_EDGE('',*,*,#1155,.T.);
#1155 = EDGE_CURVE('',#1026,#1156,#1158,.T.);
#1156 = VERTEX_POINT('',#1157);
#1157 = CARTESIAN_POINT('',(-1.49,0.375,2.E-02));
#1158 = LINE('',#1159,#1160);
#1159 = CARTESIAN_POINT('',(-1.49,1.49,2.E-02));
#1160 = VECTOR('',#1161,1.);
#1161 = DIRECTION('',(-2.22044604925E-16,-1.,0.));
#1162 = ORIENTED_EDGE('',*,*,#1163,.T.);
#1163 = EDGE_CURVE('',#1156,#1164,#1166,.T.);
#1164 = VERTEX_POINT('',#1165);
#1165 = CARTESIAN_POINT('',(-1.1,0.375,2.E-02));
#1166 = LINE('',#1167,#1168);
#1167 = CARTESIAN_POINT('',(-1.295,0.375,2.E-02));
#1168 = VECTOR('',#1169,1.);
#1169 = DIRECTION('',(1.,-4.669739647545E-16,0.));
#1170 = ORIENTED_EDGE('',*,*,#1171,.T.);
#1171 = EDGE_CURVE('',#1164,#1172,#1174,.T.);
#1172 = VERTEX_POINT('',#1173);
#1173 = CARTESIAN_POINT('',(-1.1,0.125,2.E-02));
#1174 = LINE('',#1175,#1176);
#1175 = CARTESIAN_POINT('',(-1.1,0.8075,2.E-02));
#1176 = VECTOR('',#1177,1.);
#1177 = DIRECTION('',(-4.669739647545E-16,-1.,0.));
#1178 = ORIENTED_EDGE('',*,*,#1179,.T.);
#1179 = EDGE_CURVE('',#1172,#1180,#1182,.T.);
#1180 = VERTEX_POINT('',#1181);
#1181 = CARTESIAN_POINT('',(-1.49,0.125,2.E-02));
#1182 = LINE('',#1183,#1184);
#1183 = CARTESIAN_POINT('',(-1.495,0.125,2.E-02));
#1184 = VECTOR('',#1185,1.);
#1185 = DIRECTION('',(-1.,4.669739647545E-16,0.));
#1186 = ORIENTED_EDGE('',*,*,#1187,.T.);
#1187 = EDGE_CURVE('',#1180,#1188,#1190,.T.);
#1188 = VERTEX_POINT('',#1189);
#1189 = CARTESIAN_POINT('',(-1.49,-0.125,2.E-02));
#1190 = LINE('',#1191,#1192);
#1191 = CARTESIAN_POINT('',(-1.49,1.49,2.E-02));
#1192 = VECTOR('',#1193,1.);
#1193 = DIRECTION('',(-2.22044604925E-16,-1.,0.));
#1194 = ORIENTED_EDGE('',*,*,#1195,.T.);
#1195 = EDGE_CURVE('',#1188,#1196,#1198,.T.);
#1196 = VERTEX_POINT('',#1197);
#1197 = CARTESIAN_POINT('',(-1.1,-0.125,2.E-02));
#1198 = LINE('',#1199,#1200);
#1199 = CARTESIAN_POINT('',(-1.295,-0.125,2.E-02));
#1200 = VECTOR('',#1201,1.);
#1201 = DIRECTION('',(1.,-4.669739647545E-16,0.));
#1202 = ORIENTED_EDGE('',*,*,#1203,.T.);
#1203 = EDGE_CURVE('',#1196,#1204,#1206,.T.);
#1204 = VERTEX_POINT('',#1205);
#1205 = CARTESIAN_POINT('',(-1.1,-0.375,2.E-02));
#1206 = LINE('',#1207,#1208);
#1207 = CARTESIAN_POINT('',(-1.1,0.5575,2.E-02));
#1208 = VECTOR('',#1209,1.);
#1209 = DIRECTION('',(-4.669739647545E-16,-1.,0.));
#1210 = ORIENTED_EDGE('',*,*,#1211,.T.);
#1211 = EDGE_CURVE('',#1204,#1212,#1214,.T.);
#1212 = VERTEX_POINT('',#1213);
#1213 = CARTESIAN_POINT('',(-1.49,-0.375,2.E-02));
#1214 = LINE('',#1215,#1216);
#1215 = CARTESIAN_POINT('',(-1.495,-0.375,2.E-02));
#1216 = VECTOR('',#1217,1.);
#1217 = DIRECTION('',(-1.,4.669739647545E-16,0.));
#1218 = ORIENTED_EDGE('',*,*,#1219,.T.);
#1219 = EDGE_CURVE('',#1212,#1220,#1222,.T.);
#1220 = VERTEX_POINT('',#1221);
#1221 = CARTESIAN_POINT('',(-1.49,-0.625,2.E-02));
#1222 = LINE('',#1223,#1224);
#1223 = CARTESIAN_POINT('',(-1.49,1.49,2.E-02));
#1224 = VECTOR('',#1225,1.);
#1225 = DIRECTION('',(-2.22044604925E-16,-1.,0.));
#1226 = ORIENTED_EDGE('',*,*,#1227,.T.);
#1227 = EDGE_CURVE('',#1220,#1228,#1230,.T.);
#1228 = VERTEX_POINT('',#1229);
#1229 = CARTESIAN_POINT('',(-1.1,-0.625,2.E-02));
#1230 = LINE('',#1231,#1232);
#1231 = CARTESIAN_POINT('',(-1.295,-0.625,2.E-02));
#1232 = VECTOR('',#1233,1.);
#1233 = DIRECTION('',(1.,-4.669739647545E-16,0.));
#1234 = ORIENTED_EDGE('',*,*,#1235,.T.);
#1235 = EDGE_CURVE('',#1228,#1236,#1238,.T.);
#1236 = VERTEX_POINT('',#1237);
#1237 = CARTESIAN_POINT('',(-1.1,-0.875,2.E-02));
#1238 = LINE('',#1239,#1240);
#1239 = CARTESIAN_POINT('',(-1.1,0.3075,2.E-02));
#1240 = VECTOR('',#1241,1.);
#1241 = DIRECTION('',(-4.669739647545E-16,-1.,0.));
#1242 = ORIENTED_EDGE('',*,*,#1243,.T.);
#1243 = EDGE_CURVE('',#1236,#1244,#1246,.T.);
#1244 = VERTEX_POINT('',#1245);
#1245 = CARTESIAN_POINT('',(-1.49,-0.875,2.E-02));
#1246 = LINE('',#1247,#1248);
#1247 = CARTESIAN_POINT('',(-1.495,-0.875,2.E-02));
#1248 = VECTOR('',#1249,1.);
#1249 = DIRECTION('',(-1.,4.669739647545E-16,0.));
#1250 = ORIENTED_EDGE('',*,*,#1251,.T.);
#1251 = EDGE_CURVE('',#1244,#1252,#1254,.T.);
#1252 = VERTEX_POINT('',#1253);
#1253 = CARTESIAN_POINT('',(-1.49,-1.49,2.E-02));
#1254 = LINE('',#1255,#1256);
#1255 = CARTESIAN_POINT('',(-1.49,1.49,2.E-02));
#1256 = VECTOR('',#1257,1.);
#1257 = DIRECTION('',(-2.22044604925E-16,-1.,0.));
#1258 = ORIENTED_EDGE('',*,*,#1259,.T.);
#1259 = EDGE_CURVE('',#1252,#1260,#1262,.T.);
#1260 = VERTEX_POINT('',#1261);
#1261 = CARTESIAN_POINT('',(-0.875,-1.49,2.E-02));
#1262 = LINE('',#1263,#1264);
#1263 = CARTESIAN_POINT('',(-1.49,-1.49,2.E-02));
#1264 = VECTOR('',#1265,1.);
#1265 = DIRECTION('',(1.,-2.22044604925E-16,0.));
#1266 = ORIENTED_EDGE('',*,*,#1267,.T.);
#1267 = EDGE_CURVE('',#1260,#1268,#1270,.T.);
#1268 = VERTEX_POINT('',#1269);
#1269 = CARTESIAN_POINT('',(-0.875,-1.1,2.E-02));
#1270 = LINE('',#1271,#1272);
#1271 = CARTESIAN_POINT('',(-0.875,0.195,2.E-02));
#1272 = VECTOR('',#1273,1.);
#1273 = DIRECTION('',(5.665538897648E-16,1.,0.));
#1274 = ORIENTED_EDGE('',*,*,#1275,.T.);
#1275 = EDGE_CURVE('',#1268,#1276,#1278,.T.);
#1276 = VERTEX_POINT('',#1277);
#1277 = CARTESIAN_POINT('',(-0.625,-1.1,2.E-02));
#1278 = LINE('',#1279,#1280);
#1279 = CARTESIAN_POINT('',(-1.0575,-1.1,2.E-02));
#1280 = VECTOR('',#1281,1.);
#1281 = DIRECTION('',(1.,-5.665538897648E-16,0.));
#1282 = ORIENTED_EDGE('',*,*,#1283,.T.);
#1283 = EDGE_CURVE('',#1276,#1284,#1286,.T.);
#1284 = VERTEX_POINT('',#1285);
#1285 = CARTESIAN_POINT('',(-0.625,-1.49,2.E-02));
#1286 = LINE('',#1287,#1288);
#1287 = CARTESIAN_POINT('',(-0.625,-5.E-03,2.E-02));
#1288 = VECTOR('',#1289,1.);
#1289 = DIRECTION('',(-5.665538897648E-16,-1.,0.));
#1290 = ORIENTED_EDGE('',*,*,#1291,.T.);
#1291 = EDGE_CURVE('',#1284,#1292,#1294,.T.);
#1292 = VERTEX_POINT('',#1293);
#1293 = CARTESIAN_POINT('',(-0.375,-1.49,2.E-02));
#1294 = LINE('',#1295,#1296);
#1295 = CARTESIAN_POINT('',(-1.49,-1.49,2.E-02));
#1296 = VECTOR('',#1297,1.);
#1297 = DIRECTION('',(1.,-2.22044604925E-16,0.));
#1298 = ORIENTED_EDGE('',*,*,#1299,.T.);
#1299 = EDGE_CURVE('',#1292,#1300,#1302,.T.);
#1300 = VERTEX_POINT('',#1301);
#1301 = CARTESIAN_POINT('',(-0.375,-1.1,2.E-02));
#1302 = LINE('',#1303,#1304);
#1303 = CARTESIAN_POINT('',(-0.375,0.195,2.E-02));
#1304 = VECTOR('',#1305,1.);
#1305 = DIRECTION('',(5.665538897648E-16,1.,0.));
#1306 = ORIENTED_EDGE('',*,*,#1307,.T.);
#1307 = EDGE_CURVE('',#1300,#1308,#1310,.T.);
#1308 = VERTEX_POINT('',#1309);
#1309 = CARTESIAN_POINT('',(-0.125,-1.1,2.E-02));
#1310 = LINE('',#1311,#1312);
#1311 = CARTESIAN_POINT('',(-0.8075,-1.1,2.E-02));
#1312 = VECTOR('',#1313,1.);
#1313 = DIRECTION('',(1.,-5.665538897648E-16,0.));
#1314 = ORIENTED_EDGE('',*,*,#1315,.T.);
#1315 = EDGE_CURVE('',#1308,#1316,#1318,.T.);
#1316 = VERTEX_POINT('',#1317);
#1317 = CARTESIAN_POINT('',(-0.125,-1.49,2.E-02));
#1318 = LINE('',#1319,#1320);
#1319 = CARTESIAN_POINT('',(-0.125,-5.E-03,2.E-02));
#1320 = VECTOR('',#1321,1.);
#1321 = DIRECTION('',(-5.665538897648E-16,-1.,0.));
#1322 = ORIENTED_EDGE('',*,*,#1323,.T.);
#1323 = EDGE_CURVE('',#1316,#1324,#1326,.T.);
#1324 = VERTEX_POINT('',#1325);
#1325 = CARTESIAN_POINT('',(0.125,-1.49,2.E-02));
#1326 = LINE('',#1327,#1328);
#1327 = CARTESIAN_POINT('',(-1.49,-1.49,2.E-02));
#1328 = VECTOR('',#1329,1.);
#1329 = DIRECTION('',(1.,-2.22044604925E-16,0.));
#1330 = ORIENTED_EDGE('',*,*,#1331,.T.);
#1331 = EDGE_CURVE('',#1324,#1332,#1334,.T.);
#1332 = VERTEX_POINT('',#1333);
#1333 = CARTESIAN_POINT('',(0.125,-1.1,2.E-02));
#1334 = LINE('',#1335,#1336);
#1335 = CARTESIAN_POINT('',(0.125,0.195,2.E-02));
#1336 = VECTOR('',#1337,1.);
#1337 = DIRECTION('',(5.665538897648E-16,1.,0.));
#1338 = ORIENTED_EDGE('',*,*,#1339,.T.);
#1339 = EDGE_CURVE('',#1332,#1340,#1342,.T.);
#1340 = VERTEX_POINT('',#1341);
#1341 = CARTESIAN_POINT('',(0.375,-1.1,2.E-02));
#1342 = LINE('',#1343,#1344);
#1343 = CARTESIAN_POINT('',(-0.5575,-1.1,2.E-02));
#1344 = VECTOR('',#1345,1.);
#1345 = DIRECTION('',(1.,-5.665538897648E-16,0.));
#1346 = ORIENTED_EDGE('',*,*,#1347,.T.);
#1347 = EDGE_CURVE('',#1340,#1348,#1350,.T.);
#1348 = VERTEX_POINT('',#1349);
#1349 = CARTESIAN_POINT('',(0.375,-1.49,2.E-02));
#1350 = LINE('',#1351,#1352);
#1351 = CARTESIAN_POINT('',(0.375,-5.E-03,2.E-02));
#1352 = VECTOR('',#1353,1.);
#1353 = DIRECTION('',(-5.665538897648E-16,-1.,0.));
#1354 = ORIENTED_EDGE('',*,*,#1355,.T.);
#1355 = EDGE_CURVE('',#1348,#1356,#1358,.T.);
#1356 = VERTEX_POINT('',#1357);
#1357 = CARTESIAN_POINT('',(0.625,-1.49,2.E-02));
#1358 = LINE('',#1359,#1360);
#1359 = CARTESIAN_POINT('',(-1.49,-1.49,2.E-02));
#1360 = VECTOR('',#1361,1.);
#1361 = DIRECTION('',(1.,-2.22044604925E-16,0.));
#1362 = ORIENTED_EDGE('',*,*,#1363,.T.);
#1363 = EDGE_CURVE('',#1356,#1364,#1366,.T.);
#1364 = VERTEX_POINT('',#1365);
#1365 = CARTESIAN_POINT('',(0.625,-1.1,2.E-02));
#1366 = LINE('',#1367,#1368);
#1367 = CARTESIAN_POINT('',(0.625,0.195,2.E-02));
#1368 = VECTOR('',#1369,1.);
#1369 = DIRECTION('',(5.665538897648E-16,1.,0.));
#1370 = ORIENTED_EDGE('',*,*,#1371,.T.);
#1371 = EDGE_CURVE('',#1364,#1372,#1374,.T.);
#1372 = VERTEX_POINT('',#1373);
#1373 = CARTESIAN_POINT('',(0.875,-1.1,2.E-02));
#1374 = LINE('',#1375,#1376);
#1375 = CARTESIAN_POINT('',(-0.3075,-1.1,2.E-02));
#1376 = VECTOR('',#1377,1.);
#1377 = DIRECTION('',(1.,-5.665538897648E-16,0.));
#1378 = ORIENTED_EDGE('',*,*,#1379,.T.);
#1379 = EDGE_CURVE('',#1372,#1380,#1382,.T.);
#1380 = VERTEX_POINT('',#1381);
#1381 = CARTESIAN_POINT('',(0.875,-1.49,2.E-02));
#1382 = LINE('',#1383,#1384);
#1383 = CARTESIAN_POINT('',(0.875,-5.000000000001E-03,2.E-02));
#1384 = VECTOR('',#1385,1.);
#1385 = DIRECTION('',(-5.665538897648E-16,-1.,0.));
#1386 = ORIENTED_EDGE('',*,*,#1387,.T.);
#1387 = EDGE_CURVE('',#1380,#1388,#1390,.T.);
#1388 = VERTEX_POINT('',#1389);
#1389 = CARTESIAN_POINT('',(1.49,-1.49,2.E-02));
#1390 = LINE('',#1391,#1392);
#1391 = CARTESIAN_POINT('',(-1.49,-1.49,2.E-02));
#1392 = VECTOR('',#1393,1.);
#1393 = DIRECTION('',(1.,-2.22044604925E-16,0.));
#1394 = ORIENTED_EDGE('',*,*,#1395,.F.);
#1395 = EDGE_CURVE('',#1396,#1388,#1398,.T.);
#1396 = VERTEX_POINT('',#1397);
#1397 = CARTESIAN_POINT('',(1.49,-0.875,2.E-02));
#1398 = LINE('',#1399,#1400);
#1399 = CARTESIAN_POINT('',(1.49,1.49,2.E-02));
#1400 = VECTOR('',#1401,1.);
#1401 = DIRECTION('',(-2.22044604925E-16,-1.,0.));
#1402 = ORIENTED_EDGE('',*,*,#1403,.T.);
#1403 = EDGE_CURVE('',#1396,#1404,#1406,.T.);
#1404 = VERTEX_POINT('',#1405);
#1405 = CARTESIAN_POINT('',(1.1,-0.875,2.E-02));
#1406 = LINE('',#1407,#1408);
#1407 = CARTESIAN_POINT('',(-0.195,-0.875,2.E-02));
#1408 = VECTOR('',#1409,1.);
#1409 = DIRECTION('',(-1.,3.445092848398E-16,0.));
#1410 = ORIENTED_EDGE('',*,*,#1411,.T.);
#1411 = EDGE_CURVE('',#1404,#1412,#1414,.T.);
#1412 = VERTEX_POINT('',#1413);
#1413 = CARTESIAN_POINT('',(1.1,-0.625,2.E-02));
#1414 = LINE('',#1415,#1416);
#1415 = CARTESIAN_POINT('',(1.1,0.4325,2.E-02));
#1416 = VECTOR('',#1417,1.);
#1417 = DIRECTION('',(3.445092848398E-16,1.,0.));
#1418 = ORIENTED_EDGE('',*,*,#1419,.T.);
#1419 = EDGE_CURVE('',#1412,#1420,#1422,.T.);
#1420 = VERTEX_POINT('',#1421);
#1421 = CARTESIAN_POINT('',(1.49,-0.625,2.E-02));
#1422 = LINE('',#1423,#1424);
#1423 = CARTESIAN_POINT('',(5.E-03,-0.625,2.E-02));
#1424 = VECTOR('',#1425,1.);
#1425 = DIRECTION('',(1.,-3.445092848398E-16,0.));
#1426 = ORIENTED_EDGE('',*,*,#1427,.F.);
#1427 = EDGE_CURVE('',#1428,#1420,#1430,.T.);
#1428 = VERTEX_POINT('',#1429);
#1429 = CARTESIAN_POINT('',(1.49,-0.375,2.E-02));
#1430 = LINE('',#1431,#1432);
#1431 = CARTESIAN_POINT('',(1.49,1.49,2.E-02));
#1432 = VECTOR('',#1433,1.);
#1433 = DIRECTION('',(-2.22044604925E-16,-1.,0.));
#1434 = ORIENTED_EDGE('',*,*,#1435,.T.);
#1435 = EDGE_CURVE('',#1428,#1436,#1438,.T.);
#1436 = VERTEX_POINT('',#1437);
#1437 = CARTESIAN_POINT('',(1.1,-0.375,2.E-02));
#1438 = LINE('',#1439,#1440);
#1439 = CARTESIAN_POINT('',(-0.195,-0.375,2.E-02));
#1440 = VECTOR('',#1441,1.);
#1441 = DIRECTION('',(-1.,3.445092848398E-16,0.));
#1442 = ORIENTED_EDGE('',*,*,#1443,.T.);
#1443 = EDGE_CURVE('',#1436,#1444,#1446,.T.);
#1444 = VERTEX_POINT('',#1445);
#1445 = CARTESIAN_POINT('',(1.1,-0.125,2.E-02));
#1446 = LINE('',#1447,#1448);
#1447 = CARTESIAN_POINT('',(1.1,0.6825,2.E-02));
#1448 = VECTOR('',#1449,1.);
#1449 = DIRECTION('',(3.445092848398E-16,1.,0.));
#1450 = ORIENTED_EDGE('',*,*,#1451,.T.);
#1451 = EDGE_CURVE('',#1444,#1452,#1454,.T.);
#1452 = VERTEX_POINT('',#1453);
#1453 = CARTESIAN_POINT('',(1.49,-0.125,2.E-02));
#1454 = LINE('',#1455,#1456);
#1455 = CARTESIAN_POINT('',(5.E-03,-0.125,2.E-02));
#1456 = VECTOR('',#1457,1.);
#1457 = DIRECTION('',(1.,-3.445092848398E-16,0.));
#1458 = ORIENTED_EDGE('',*,*,#1459,.F.);
#1459 = EDGE_CURVE('',#1460,#1452,#1462,.T.);
#1460 = VERTEX_POINT('',#1461);
#1461 = CARTESIAN_POINT('',(1.49,0.125,2.E-02));
#1462 = LINE('',#1463,#1464);
#1463 = CARTESIAN_POINT('',(1.49,1.49,2.E-02));
#1464 = VECTOR('',#1465,1.);
#1465 = DIRECTION('',(-2.22044604925E-16,-1.,0.));
#1466 = ORIENTED_EDGE('',*,*,#1467,.T.);
#1467 = EDGE_CURVE('',#1460,#1468,#1470,.T.);
#1468 = VERTEX_POINT('',#1469);
#1469 = CARTESIAN_POINT('',(1.1,0.125,2.E-02));
#1470 = LINE('',#1471,#1472);
#1471 = CARTESIAN_POINT('',(-0.195,0.125,2.E-02));
#1472 = VECTOR('',#1473,1.);
#1473 = DIRECTION('',(-1.,3.445092848398E-16,0.));
#1474 = ORIENTED_EDGE('',*,*,#1475,.T.);
#1475 = EDGE_CURVE('',#1468,#1476,#1478,.T.);
#1476 = VERTEX_POINT('',#1477);
#1477 = CARTESIAN_POINT('',(1.1,0.375,2.E-02));
#1478 = LINE('',#1479,#1480);
#1479 = CARTESIAN_POINT('',(1.1,0.9325,2.E-02));
#1480 = VECTOR('',#1481,1.);
#1481 = DIRECTION('',(3.445092848398E-16,1.,0.));
#1482 = ORIENTED_EDGE('',*,*,#1483,.T.);
#1483 = EDGE_CURVE('',#1476,#1484,#1486,.T.);
#1484 = VERTEX_POINT('',#1485);
#1485 = CARTESIAN_POINT('',(1.49,0.375,2.E-02));
#1486 = LINE('',#1487,#1488);
#1487 = CARTESIAN_POINT('',(5.E-03,0.375,2.E-02));
#1488 = VECTOR('',#1489,1.);
#1489 = DIRECTION('',(1.,-3.445092848398E-16,0.));
#1490 = ORIENTED_EDGE('',*,*,#1491,.F.);
#1491 = EDGE_CURVE('',#1492,#1484,#1494,.T.);
#1492 = VERTEX_POINT('',#1493);
#1493 = CARTESIAN_POINT('',(1.49,0.625,2.E-02));
#1494 = LINE('',#1495,#1496);
#1495 = CARTESIAN_POINT('',(1.49,1.49,2.E-02));
#1496 = VECTOR('',#1497,1.);
#1497 = DIRECTION('',(-2.22044604925E-16,-1.,0.));
#1498 = ORIENTED_EDGE('',*,*,#1499,.T.);
#1499 = EDGE_CURVE('',#1492,#1500,#1502,.T.);
#1500 = VERTEX_POINT('',#1501);
#1501 = CARTESIAN_POINT('',(1.1,0.625,2.E-02));
#1502 = LINE('',#1503,#1504);
#1503 = CARTESIAN_POINT('',(-0.195,0.625,2.E-02));
#1504 = VECTOR('',#1505,1.);
#1505 = DIRECTION('',(-1.,3.445092848398E-16,0.));
#1506 = ORIENTED_EDGE('',*,*,#1507,.T.);
#1507 = EDGE_CURVE('',#1500,#1508,#1510,.T.);
#1508 = VERTEX_POINT('',#1509);
#1509 = CARTESIAN_POINT('',(1.1,0.875,2.E-02));
#1510 = LINE('',#1511,#1512);
#1511 = CARTESIAN_POINT('',(1.1,1.1825,2.E-02));
#1512 = VECTOR('',#1513,1.);
#1513 = DIRECTION('',(3.445092848398E-16,1.,0.));
#1514 = ORIENTED_EDGE('',*,*,#1515,.T.);
#1515 = EDGE_CURVE('',#1508,#1516,#1518,.T.);
#1516 = VERTEX_POINT('',#1517);
#1517 = CARTESIAN_POINT('',(1.49,0.875,2.E-02));
#1518 = LINE('',#1519,#1520);
#1519 = CARTESIAN_POINT('',(5.E-03,0.875,2.E-02));
#1520 = VECTOR('',#1521,1.);
#1521 = DIRECTION('',(1.,-3.445092848398E-16,0.));
#1522 = ORIENTED_EDGE('',*,*,#1523,.F.);
#1523 = EDGE_CURVE('',#1524,#1516,#1526,.T.);
#1524 = VERTEX_POINT('',#1525);
#1525 = CARTESIAN_POINT('',(1.49,1.49,2.E-02));
#1526 = LINE('',#1527,#1528);
#1527 = CARTESIAN_POINT('',(1.49,1.49,2.E-02));
#1528 = VECTOR('',#1529,1.);
#1529 = DIRECTION('',(-2.22044604925E-16,-1.,0.));
#1530 = ORIENTED_EDGE('',*,*,#1531,.F.);
#1531 = EDGE_CURVE('',#1532,#1524,#1534,.T.);
#1532 = VERTEX_POINT('',#1533);
#1533 = CARTESIAN_POINT('',(0.875,1.49,2.E-02));
#1534 = LINE('',#1535,#1536);
#1535 = CARTESIAN_POINT('',(-1.49,1.49,2.E-02));
#1536 = VECTOR('',#1537,1.);
#1537 = DIRECTION('',(1.,-2.22044604925E-16,0.));
#1538 = ORIENTED_EDGE('',*,*,#1539,.T.);
#1539 = EDGE_CURVE('',#1532,#1540,#1542,.T.);
#1540 = VERTEX_POINT('',#1541);
#1541 = CARTESIAN_POINT('',(0.875,1.1,2.E-02));
#1542 = LINE('',#1543,#1544);
#1543 = CARTESIAN_POINT('',(0.875,1.295,2.E-02));
#1544 = VECTOR('',#1545,1.);
#1545 = DIRECTION('',(-4.555315873023E-16,-1.,0.));
#1546 = ORIENTED_EDGE('',*,*,#1547,.T.);
#1547 = EDGE_CURVE('',#1540,#1548,#1550,.T.);
#1548 = VERTEX_POINT('',#1549);
#1549 = CARTESIAN_POINT('',(0.625,1.1,2.E-02));
#1550 = LINE('',#1551,#1552);
#1551 = CARTESIAN_POINT('',(-0.4325,1.1,2.E-02));
#1552 = VECTOR('',#1553,1.);
#1553 = DIRECTION('',(-1.,4.555315873023E-16,0.));
#1554 = ORIENTED_EDGE('',*,*,#1555,.T.);
#1555 = EDGE_CURVE('',#1548,#1556,#1558,.T.);
#1556 = VERTEX_POINT('',#1557);
#1557 = CARTESIAN_POINT('',(0.625,1.49,2.E-02));
#1558 = LINE('',#1559,#1560);
#1559 = CARTESIAN_POINT('',(0.625,1.495,2.E-02));
#1560 = VECTOR('',#1561,1.);
#1561 = DIRECTION('',(4.555315873023E-16,1.,0.));
#1562 = ORIENTED_EDGE('',*,*,#1563,.F.);
#1563 = EDGE_CURVE('',#1564,#1556,#1566,.T.);
#1564 = VERTEX_POINT('',#1565);
#1565 = CARTESIAN_POINT('',(0.375,1.49,2.E-02));
#1566 = LINE('',#1567,#1568);
#1567 = CARTESIAN_POINT('',(-1.49,1.49,2.E-02));
#1568 = VECTOR('',#1569,1.);
#1569 = DIRECTION('',(1.,-2.22044604925E-16,0.));
#1570 = ORIENTED_EDGE('',*,*,#1571,.T.);
#1571 = EDGE_CURVE('',#1564,#1572,#1574,.T.);
#1572 = VERTEX_POINT('',#1573);
#1573 = CARTESIAN_POINT('',(0.375,1.1,2.E-02));
#1574 = LINE('',#1575,#1576);
#1575 = CARTESIAN_POINT('',(0.375,1.295,2.E-02));
#1576 = VECTOR('',#1577,1.);
#1577 = DIRECTION('',(-4.555315873023E-16,-1.,0.));
#1578 = ORIENTED_EDGE('',*,*,#1579,.T.);
#1579 = EDGE_CURVE('',#1572,#1580,#1582,.T.);
#1580 = VERTEX_POINT('',#1581);
#1581 = CARTESIAN_POINT('',(0.125,1.1,2.E-02));
#1582 = LINE('',#1583,#1584);
#1583 = CARTESIAN_POINT('',(-0.6825,1.1,2.E-02));
#1584 = VECTOR('',#1585,1.);
#1585 = DIRECTION('',(-1.,4.555315873023E-16,0.));
#1586 = ORIENTED_EDGE('',*,*,#1587,.T.);
#1587 = EDGE_CURVE('',#1580,#1588,#1590,.T.);
#1588 = VERTEX_POINT('',#1589);
#1589 = CARTESIAN_POINT('',(0.125,1.49,2.E-02));
#1590 = LINE('',#1591,#1592);
#1591 = CARTESIAN_POINT('',(0.125,1.495,2.E-02));
#1592 = VECTOR('',#1593,1.);
#1593 = DIRECTION('',(4.555315873023E-16,1.,0.));
#1594 = ORIENTED_EDGE('',*,*,#1595,.F.);
#1595 = EDGE_CURVE('',#1596,#1588,#1598,.T.);
#1596 = VERTEX_POINT('',#1597);
#1597 = CARTESIAN_POINT('',(-0.125,1.49,2.E-02));
#1598 = LINE('',#1599,#1600);
#1599 = CARTESIAN_POINT('',(-1.49,1.49,2.E-02));
#1600 = VECTOR('',#1601,1.);
#1601 = DIRECTION('',(1.,-2.22044604925E-16,0.));
#1602 = ORIENTED_EDGE('',*,*,#1603,.T.);
#1603 = EDGE_CURVE('',#1596,#1604,#1606,.T.);
#1604 = VERTEX_POINT('',#1605);
#1605 = CARTESIAN_POINT('',(-0.125,1.1,2.E-02));
#1606 = LINE('',#1607,#1608);
#1607 = CARTESIAN_POINT('',(-0.125,1.295,2.E-02));
#1608 = VECTOR('',#1609,1.);
#1609 = DIRECTION('',(-4.555315873023E-16,-1.,0.));
#1610 = ORIENTED_EDGE('',*,*,#1611,.T.);
#1611 = EDGE_CURVE('',#1604,#1612,#1614,.T.);
#1612 = VERTEX_POINT('',#1613);
#1613 = CARTESIAN_POINT('',(-0.375,1.1,2.E-02));
#1614 = LINE('',#1615,#1616);
#1615 = CARTESIAN_POINT('',(-0.9325,1.1,2.E-02));
#1616 = VECTOR('',#1617,1.);
#1617 = DIRECTION('',(-1.,4.555315873023E-16,0.));
#1618 = ORIENTED_EDGE('',*,*,#1619,.T.);
#1619 = EDGE_CURVE('',#1612,#1620,#1622,.T.);
#1620 = VERTEX_POINT('',#1621);
#1621 = CARTESIAN_POINT('',(-0.375,1.49,2.E-02));
#1622 = LINE('',#1623,#1624);
#1623 = CARTESIAN_POINT('',(-0.375,1.495,2.E-02));
#1624 = VECTOR('',#1625,1.);
#1625 = DIRECTION('',(4.555315873023E-16,1.,0.));
#1626 = ORIENTED_EDGE('',*,*,#1627,.F.);
#1627 = EDGE_CURVE('',#1628,#1620,#1630,.T.);
#1628 = VERTEX_POINT('',#1629);
#1629 = CARTESIAN_POINT('',(-0.625,1.49,2.E-02));
#1630 = LINE('',#1631,#1632);
#1631 = CARTESIAN_POINT('',(-1.49,1.49,2.E-02));
#1632 = VECTOR('',#1633,1.);
#1633 = DIRECTION('',(1.,-2.22044604925E-16,0.));
#1634 = ORIENTED_EDGE('',*,*,#1635,.T.);
#1635 = EDGE_CURVE('',#1628,#1636,#1638,.T.);
#1636 = VERTEX_POINT('',#1637);
#1637 = CARTESIAN_POINT('',(-0.625,1.1,2.E-02));
#1638 = LINE('',#1639,#1640);
#1639 = CARTESIAN_POINT('',(-0.625,1.295,2.E-02));
#1640 = VECTOR('',#1641,1.);
#1641 = DIRECTION('',(-4.555315873023E-16,-1.,0.));
#1642 = ORIENTED_EDGE('',*,*,#1643,.T.);
#1643 = EDGE_CURVE('',#1636,#1644,#1646,.T.);
#1644 = VERTEX_POINT('',#1645);
#1645 = CARTESIAN_POINT('',(-0.875,1.1,2.E-02));
#1646 = LINE('',#1647,#1648);
#1647 = CARTESIAN_POINT('',(-1.1825,1.1,2.E-02));
#1648 = VECTOR('',#1649,1.);
#1649 = DIRECTION('',(-1.,4.555315873023E-16,0.));
#1650 = ORIENTED_EDGE('',*,*,#1651,.T.);
#1651 = EDGE_CURVE('',#1644,#1139,#1652,.T.);
#1652 = LINE('',#1653,#1654);
#1653 = CARTESIAN_POINT('',(-0.875,1.495,2.E-02));
#1654 = VECTOR('',#1655,1.);
#1655 = DIRECTION('',(4.555315873023E-16,1.,0.));
#1656 = FACE_BOUND('',#1657,.F.);
#1657 = EDGE_LOOP('',(#1658,#1668,#1676,#1684,#1692));
#1658 = ORIENTED_EDGE('',*,*,#1659,.F.);
#1659 = EDGE_CURVE('',#1660,#1662,#1664,.T.);
#1660 = VERTEX_POINT('',#1661);
#1661 = CARTESIAN_POINT('',(-0.975,0.575,2.E-02));
#1662 = VERTEX_POINT('',#1663);
#1663 = CARTESIAN_POINT('',(-0.975,-0.975,2.E-02));
#1664 = LINE('',#1665,#1666);
#1665 = CARTESIAN_POINT('',(-0.975,0.575,2.E-02));
#1666 = VECTOR('',#1667,1.);
#1667 = DIRECTION('',(-2.22044604925E-16,-1.,0.));
#1668 = ORIENTED_EDGE('',*,*,#1669,.F.);
#1669 = EDGE_CURVE('',#1670,#1660,#1672,.T.);
#1670 = VERTEX_POINT('',#1671);
#1671 = CARTESIAN_POINT('',(-0.575,0.975,2.E-02));
#1672 = LINE('',#1673,#1674);
#1673 = CARTESIAN_POINT('',(-0.575,0.975,2.E-02));
#1674 = VECTOR('',#1675,1.);
#1675 = DIRECTION('',(-0.707106781187,-0.707106781187,0.));
#1676 = ORIENTED_EDGE('',*,*,#1677,.F.);
#1677 = EDGE_CURVE('',#1678,#1670,#1680,.T.);
#1678 = VERTEX_POINT('',#1679);
#1679 = CARTESIAN_POINT('',(0.975,0.975,2.E-02));
#1680 = LINE('',#1681,#1682);
#1681 = CARTESIAN_POINT('',(0.975,0.975,2.E-02));
#1682 = VECTOR('',#1683,1.);
#1683 = DIRECTION('',(-1.,2.22044604925E-16,0.));
#1684 = ORIENTED_EDGE('',*,*,#1685,.F.);
#1685 = EDGE_CURVE('',#1686,#1678,#1688,.T.);
#1686 = VERTEX_POINT('',#1687);
#1687 = CARTESIAN_POINT('',(0.975,-0.975,2.E-02));
#1688 = LINE('',#1689,#1690);
#1689 = CARTESIAN_POINT('',(0.975,-0.975,2.E-02));
#1690 = VECTOR('',#1691,1.);
#1691 = DIRECTION('',(2.22044604925E-16,1.,0.));
#1692 = ORIENTED_EDGE('',*,*,#1693,.F.);
#1693 = EDGE_CURVE('',#1662,#1686,#1694,.T.);
#1694 = LINE('',#1695,#1696);
#1695 = CARTESIAN_POINT('',(-0.975,-0.975,2.E-02));
#1696 = VECTOR('',#1697,1.);
#1697 = DIRECTION('',(1.,-2.789791190084E-16,0.));
#1698 = PLANE('',#1699);
#1699 = AXIS2_PLACEMENT_3D('',#1700,#1701,#1702);
#1700 = CARTESIAN_POINT('',(-1.49,1.49,2.E-02));
#1701 = DIRECTION('',(0.,0.,1.));
#1702 = DIRECTION('',(-2.22044604925E-16,-1.,0.));
#1703 = ADVANCED_FACE('',(#1704),#1807,.F.);
#1704 = FACE_BOUND('',#1705,.F.);
#1705 = EDGE_LOOP('',(#1706,#1707,#1715,#1723,#1729,#1730,#1738,#1746,
    #1752,#1753,#1761,#1769,#1775,#1776,#1784,#1792,#1798,#1799,#1800,
    #1806));
#1706 = ORIENTED_EDGE('',*,*,#1146,.F.);
#1707 = ORIENTED_EDGE('',*,*,#1708,.T.);
#1708 = EDGE_CURVE('',#1137,#1709,#1711,.T.);
#1709 = VERTEX_POINT('',#1710);
#1710 = CARTESIAN_POINT('',(-1.49,1.49,0.52));
#1711 = LINE('',#1712,#1713);
#1712 = CARTESIAN_POINT('',(-1.49,1.49,2.E-02));
#1713 = VECTOR('',#1714,1.);
#1714 = DIRECTION('',(0.,0.,1.));
#1715 = ORIENTED_EDGE('',*,*,#1716,.T.);
#1716 = EDGE_CURVE('',#1709,#1717,#1719,.T.);
#1717 = VERTEX_POINT('',#1718);
#1718 = CARTESIAN_POINT('',(-1.49,-1.49,0.52));
#1719 = LINE('',#1720,#1721);
#1720 = CARTESIAN_POINT('',(-1.49,1.49,0.52));
#1721 = VECTOR('',#1722,1.);
#1722 = DIRECTION('',(-2.22044604925E-16,-1.,0.));
#1723 = ORIENTED_EDGE('',*,*,#1724,.F.);
#1724 = EDGE_CURVE('',#1252,#1717,#1725,.T.);
#1725 = LINE('',#1726,#1727);
#1726 = CARTESIAN_POINT('',(-1.49,-1.49,2.E-02));
#1727 = VECTOR('',#1728,1.);
#1728 = DIRECTION('',(0.,0.,1.));
#1729 = ORIENTED_EDGE('',*,*,#1251,.F.);
#1730 = ORIENTED_EDGE('',*,*,#1731,.T.);
#1731 = EDGE_CURVE('',#1244,#1732,#1734,.T.);
#1732 = VERTEX_POINT('',#1733);
#1733 = CARTESIAN_POINT('',(-1.49,-0.875,0.2));
#1734 = LINE('',#1735,#1736);
#1735 = CARTESIAN_POINT('',(-1.49,-0.875,1.E-02));
#1736 = VECTOR('',#1737,1.);
#1737 = DIRECTION('',(0.,0.,1.));
#1738 = ORIENTED_EDGE('',*,*,#1739,.T.);
#1739 = EDGE_CURVE('',#1732,#1740,#1742,.T.);
#1740 = VERTEX_POINT('',#1741);
#1741 = CARTESIAN_POINT('',(-1.49,-0.625,0.2));
#1742 = LINE('',#1743,#1744);
#1743 = CARTESIAN_POINT('',(-1.49,0.3075,0.2));
#1744 = VECTOR('',#1745,1.);
#1745 = DIRECTION('',(2.22044604925E-16,1.,0.));
#1746 = ORIENTED_EDGE('',*,*,#1747,.T.);
#1747 = EDGE_CURVE('',#1740,#1220,#1748,.T.);
#1748 = LINE('',#1749,#1750);
#1749 = CARTESIAN_POINT('',(-1.49,-0.625,1.E-02));
#1750 = VECTOR('',#1751,1.);
#1751 = DIRECTION('',(0.,-0.,-1.));
#1752 = ORIENTED_EDGE('',*,*,#1219,.F.);
#1753 = ORIENTED_EDGE('',*,*,#1754,.T.);
#1754 = EDGE_CURVE('',#1212,#1755,#1757,.T.);
#1755 = VERTEX_POINT('',#1756);
#1756 = CARTESIAN_POINT('',(-1.49,-0.375,0.2));
#1757 = LINE('',#1758,#1759);
#1758 = CARTESIAN_POINT('',(-1.49,-0.375,1.E-02));
#1759 = VECTOR('',#1760,1.);
#1760 = DIRECTION('',(0.,0.,1.));
#1761 = ORIENTED_EDGE('',*,*,#1762,.T.);
#1762 = EDGE_CURVE('',#1755,#1763,#1765,.T.);
#1763 = VERTEX_POINT('',#1764);
#1764 = CARTESIAN_POINT('',(-1.49,-0.125,0.2));
#1765 = LINE('',#1766,#1767);
#1766 = CARTESIAN_POINT('',(-1.49,0.5575,0.2));
#1767 = VECTOR('',#1768,1.);
#1768 = DIRECTION('',(2.22044604925E-16,1.,0.));
#1769 = ORIENTED_EDGE('',*,*,#1770,.T.);
#1770 = EDGE_CURVE('',#1763,#1188,#1771,.T.);
#1771 = LINE('',#1772,#1773);
#1772 = CARTESIAN_POINT('',(-1.49,-0.125,1.E-02));
#1773 = VECTOR('',#1774,1.);
#1774 = DIRECTION('',(0.,-0.,-1.));
#1775 = ORIENTED_EDGE('',*,*,#1187,.F.);
#1776 = ORIENTED_EDGE('',*,*,#1777,.T.);
#1777 = EDGE_CURVE('',#1180,#1778,#1780,.T.);
#1778 = VERTEX_POINT('',#1779);
#1779 = CARTESIAN_POINT('',(-1.49,0.125,0.2));
#1780 = LINE('',#1781,#1782);
#1781 = CARTESIAN_POINT('',(-1.49,0.125,1.E-02));
#1782 = VECTOR('',#1783,1.);
#1783 = DIRECTION('',(0.,0.,1.));
#1784 = ORIENTED_EDGE('',*,*,#1785,.T.);
#1785 = EDGE_CURVE('',#1778,#1786,#1788,.T.);
#1786 = VERTEX_POINT('',#1787);
#1787 = CARTESIAN_POINT('',(-1.49,0.375,0.2));
#1788 = LINE('',#1789,#1790);
#1789 = CARTESIAN_POINT('',(-1.49,0.8075,0.2));
#1790 = VECTOR('',#1791,1.);
#1791 = DIRECTION('',(2.22044604925E-16,1.,0.));
#1792 = ORIENTED_EDGE('',*,*,#1793,.T.);
#1793 = EDGE_CURVE('',#1786,#1156,#1794,.T.);
#1794 = LINE('',#1795,#1796);
#1795 = CARTESIAN_POINT('',(-1.49,0.375,1.E-02));
#1796 = VECTOR('',#1797,1.);
#1797 = DIRECTION('',(0.,-0.,-1.));
#1798 = ORIENTED_EDGE('',*,*,#1155,.F.);
#1799 = ORIENTED_EDGE('',*,*,#1025,.T.);
#1800 = ORIENTED_EDGE('',*,*,#1801,.T.);
#1801 = EDGE_CURVE('',#1018,#1090,#1802,.T.);
#1802 = LINE('',#1803,#1804);
#1803 = CARTESIAN_POINT('',(-1.49,1.0575,0.2));
#1804 = VECTOR('',#1805,1.);
#1805 = DIRECTION('',(2.22044604925E-16,1.,0.));
#1806 = ORIENTED_EDGE('',*,*,#1089,.T.);
#1807 = PLANE('',#1808);
#1808 = AXIS2_PLACEMENT_3D('',#1809,#1810,#1811);
#1809 = CARTESIAN_POINT('',(-1.49,1.49,2.E-02));
#1810 = DIRECTION('',(1.,-2.22044604925E-16,0.));
#1811 = DIRECTION('',(0.,0.,1.));
#1812 = ADVANCED_FACE('',(#1813),#1819,.F.);
#1813 = FACE_BOUND('',#1814,.F.);
#1814 = EDGE_LOOP('',(#1815,#1816,#1817,#1818));
#1815 = ORIENTED_EDGE('',*,*,#1017,.F.);
#1816 = ORIENTED_EDGE('',*,*,#1120,.F.);
#1817 = ORIENTED_EDGE('',*,*,#1097,.F.);
#1818 = ORIENTED_EDGE('',*,*,#1801,.F.);
#1819 = PLANE('',#1820);
#1820 = AXIS2_PLACEMENT_3D('',#1821,#1822,#1823);
#1821 = CARTESIAN_POINT('',(-1.5,0.625,0.2));
#1822 = DIRECTION('',(0.,-0.,-1.));
#1823 = DIRECTION('',(4.669739647545E-16,1.,0.));
#1824 = ADVANCED_FACE('',(#1825),#1935,.F.);
#1825 = FACE_BOUND('',#1826,.F.);
#1826 = EDGE_LOOP('',(#1827,#1835,#1836,#1837,#1845,#1853,#1859,#1860,
    #1868,#1876,#1882,#1883,#1891,#1899,#1905,#1906,#1914,#1922,#1928,
    #1929));
#1827 = ORIENTED_EDGE('',*,*,#1828,.F.);
#1828 = EDGE_CURVE('',#1709,#1829,#1831,.T.);
#1829 = VERTEX_POINT('',#1830);
#1830 = CARTESIAN_POINT('',(1.49,1.49,0.52));
#1831 = LINE('',#1832,#1833);
#1832 = CARTESIAN_POINT('',(-1.49,1.49,0.52));
#1833 = VECTOR('',#1834,1.);
#1834 = DIRECTION('',(1.,-2.22044604925E-16,0.));
#1835 = ORIENTED_EDGE('',*,*,#1708,.F.);
#1836 = ORIENTED_EDGE('',*,*,#1136,.T.);
#1837 = ORIENTED_EDGE('',*,*,#1838,.T.);
#1838 = EDGE_CURVE('',#1139,#1839,#1841,.T.);
#1839 = VERTEX_POINT('',#1840);
#1840 = CARTESIAN_POINT('',(-0.875,1.49,0.2));
#1841 = LINE('',#1842,#1843);
#1842 = CARTESIAN_POINT('',(-0.875,1.49,1.E-02));
#1843 = VECTOR('',#1844,1.);
#1844 = DIRECTION('',(0.,0.,1.));
#1845 = ORIENTED_EDGE('',*,*,#1846,.T.);
#1846 = EDGE_CURVE('',#1839,#1847,#1849,.T.);
#1847 = VERTEX_POINT('',#1848);
#1848 = CARTESIAN_POINT('',(-0.625,1.49,0.2));
#1849 = LINE('',#1850,#1851);
#1850 = CARTESIAN_POINT('',(-1.1825,1.49,0.2));
#1851 = VECTOR('',#1852,1.);
#1852 = DIRECTION('',(1.,-2.22044604925E-16,0.));
#1853 = ORIENTED_EDGE('',*,*,#1854,.T.);
#1854 = EDGE_CURVE('',#1847,#1628,#1855,.T.);
#1855 = LINE('',#1856,#1857);
#1856 = CARTESIAN_POINT('',(-0.625,1.49,1.E-02));
#1857 = VECTOR('',#1858,1.);
#1858 = DIRECTION('',(-0.,0.,-1.));
#1859 = ORIENTED_EDGE('',*,*,#1627,.T.);
#1860 = ORIENTED_EDGE('',*,*,#1861,.T.);
#1861 = EDGE_CURVE('',#1620,#1862,#1864,.T.);
#1862 = VERTEX_POINT('',#1863);
#1863 = CARTESIAN_POINT('',(-0.375,1.49,0.2));
#1864 = LINE('',#1865,#1866);
#1865 = CARTESIAN_POINT('',(-0.375,1.49,1.E-02));
#1866 = VECTOR('',#1867,1.);
#1867 = DIRECTION('',(0.,0.,1.));
#1868 = ORIENTED_EDGE('',*,*,#1869,.T.);
#1869 = EDGE_CURVE('',#1862,#1870,#1872,.T.);
#1870 = VERTEX_POINT('',#1871);
#1871 = CARTESIAN_POINT('',(-0.125,1.49,0.2));
#1872 = LINE('',#1873,#1874);
#1873 = CARTESIAN_POINT('',(-0.9325,1.49,0.2));
#1874 = VECTOR('',#1875,1.);
#1875 = DIRECTION('',(1.,-2.22044604925E-16,0.));
#1876 = ORIENTED_EDGE('',*,*,#1877,.T.);
#1877 = EDGE_CURVE('',#1870,#1596,#1878,.T.);
#1878 = LINE('',#1879,#1880);
#1879 = CARTESIAN_POINT('',(-0.125,1.49,1.E-02));
#1880 = VECTOR('',#1881,1.);
#1881 = DIRECTION('',(-0.,0.,-1.));
#1882 = ORIENTED_EDGE('',*,*,#1595,.T.);
#1883 = ORIENTED_EDGE('',*,*,#1884,.T.);
#1884 = EDGE_CURVE('',#1588,#1885,#1887,.T.);
#1885 = VERTEX_POINT('',#1886);
#1886 = CARTESIAN_POINT('',(0.125,1.49,0.2));
#1887 = LINE('',#1888,#1889);
#1888 = CARTESIAN_POINT('',(0.125,1.49,1.E-02));
#1889 = VECTOR('',#1890,1.);
#1890 = DIRECTION('',(0.,0.,1.));
#1891 = ORIENTED_EDGE('',*,*,#1892,.T.);
#1892 = EDGE_CURVE('',#1885,#1893,#1895,.T.);
#1893 = VERTEX_POINT('',#1894);
#1894 = CARTESIAN_POINT('',(0.375,1.49,0.2));
#1895 = LINE('',#1896,#1897);
#1896 = CARTESIAN_POINT('',(-0.6825,1.49,0.2));
#1897 = VECTOR('',#1898,1.);
#1898 = DIRECTION('',(1.,-2.22044604925E-16,0.));
#1899 = ORIENTED_EDGE('',*,*,#1900,.T.);
#1900 = EDGE_CURVE('',#1893,#1564,#1901,.T.);
#1901 = LINE('',#1902,#1903);
#1902 = CARTESIAN_POINT('',(0.375,1.49,1.E-02));
#1903 = VECTOR('',#1904,1.);
#1904 = DIRECTION('',(-0.,0.,-1.));
#1905 = ORIENTED_EDGE('',*,*,#1563,.T.);
#1906 = ORIENTED_EDGE('',*,*,#1907,.T.);
#1907 = EDGE_CURVE('',#1556,#1908,#1910,.T.);
#1908 = VERTEX_POINT('',#1909);
#1909 = CARTESIAN_POINT('',(0.625,1.49,0.2));
#1910 = LINE('',#1911,#1912);
#1911 = CARTESIAN_POINT('',(0.625,1.49,1.E-02));
#1912 = VECTOR('',#1913,1.);
#1913 = DIRECTION('',(0.,0.,1.));
#1914 = ORIENTED_EDGE('',*,*,#1915,.T.);
#1915 = EDGE_CURVE('',#1908,#1916,#1918,.T.);
#1916 = VERTEX_POINT('',#1917);
#1917 = CARTESIAN_POINT('',(0.875,1.49,0.2));
#1918 = LINE('',#1919,#1920);
#1919 = CARTESIAN_POINT('',(-0.4325,1.49,0.2));
#1920 = VECTOR('',#1921,1.);
#1921 = DIRECTION('',(1.,-2.22044604925E-16,0.));
#1922 = ORIENTED_EDGE('',*,*,#1923,.T.);
#1923 = EDGE_CURVE('',#1916,#1532,#1924,.T.);
#1924 = LINE('',#1925,#1926);
#1925 = CARTESIAN_POINT('',(0.875,1.49,1.E-02));
#1926 = VECTOR('',#1927,1.);
#1927 = DIRECTION('',(-0.,0.,-1.));
#1928 = ORIENTED_EDGE('',*,*,#1531,.T.);
#1929 = ORIENTED_EDGE('',*,*,#1930,.T.);
#1930 = EDGE_CURVE('',#1524,#1829,#1931,.T.);
#1931 = LINE('',#1932,#1933);
#1932 = CARTESIAN_POINT('',(1.49,1.49,2.E-02));
#1933 = VECTOR('',#1934,1.);
#1934 = DIRECTION('',(0.,0.,1.));
#1935 = PLANE('',#1936);
#1936 = AXIS2_PLACEMENT_3D('',#1937,#1938,#1939);
#1937 = CARTESIAN_POINT('',(-1.49,1.49,2.E-02));
#1938 = DIRECTION('',(-2.22044604925E-16,-1.,0.));
#1939 = DIRECTION('',(0.,0.,1.));
#1940 = ADVANCED_FACE('',(#1941),#1975,.F.);
#1941 = FACE_BOUND('',#1942,.F.);
#1942 = EDGE_LOOP('',(#1943,#1953,#1961,#1967,#1968,#1969));
#1943 = ORIENTED_EDGE('',*,*,#1944,.F.);
#1944 = EDGE_CURVE('',#1945,#1947,#1949,.T.);
#1945 = VERTEX_POINT('',#1946);
#1946 = CARTESIAN_POINT('',(-0.875,1.5,0.));
#1947 = VERTEX_POINT('',#1948);
#1948 = CARTESIAN_POINT('',(-0.875,1.1,0.));
#1949 = LINE('',#1950,#1951);
#1950 = CARTESIAN_POINT('',(-0.875,1.5,0.));
#1951 = VECTOR('',#1952,1.);
#1952 = DIRECTION('',(-4.555315873023E-16,-1.,0.));
#1953 = ORIENTED_EDGE('',*,*,#1954,.T.);
#1954 = EDGE_CURVE('',#1945,#1955,#1957,.T.);
#1955 = VERTEX_POINT('',#1956);
#1956 = CARTESIAN_POINT('',(-0.875,1.5,0.2));
#1957 = LINE('',#1958,#1959);
#1958 = CARTESIAN_POINT('',(-0.875,1.5,0.));
#1959 = VECTOR('',#1960,1.);
#1960 = DIRECTION('',(0.,0.,1.));
#1961 = ORIENTED_EDGE('',*,*,#1962,.T.);
#1962 = EDGE_CURVE('',#1955,#1839,#1963,.T.);
#1963 = LINE('',#1964,#1965);
#1964 = CARTESIAN_POINT('',(-0.875,1.5,0.2));
#1965 = VECTOR('',#1966,1.);
#1966 = DIRECTION('',(-4.555315873023E-16,-1.,0.));
#1967 = ORIENTED_EDGE('',*,*,#1838,.F.);
#1968 = ORIENTED_EDGE('',*,*,#1651,.F.);
#1969 = ORIENTED_EDGE('',*,*,#1970,.F.);
#1970 = EDGE_CURVE('',#1947,#1644,#1971,.T.);
#1971 = LINE('',#1972,#1973);
#1972 = CARTESIAN_POINT('',(-0.875,1.1,0.));
#1973 = VECTOR('',#1974,1.);
#1974 = DIRECTION('',(0.,0.,1.));
#1975 = PLANE('',#1976);
#1976 = AXIS2_PLACEMENT_3D('',#1977,#1978,#1979);
#1977 = CARTESIAN_POINT('',(-0.875,1.5,0.));
#1978 = DIRECTION('',(1.,-4.555315873023E-16,0.));
#1979 = DIRECTION('',(-4.555315873023E-16,-1.,0.));
#1980 = ADVANCED_FACE('',(#1981),#1999,.F.);
#1981 = FACE_BOUND('',#1982,.F.);
#1982 = EDGE_LOOP('',(#1983,#1991,#1992,#1993));
#1983 = ORIENTED_EDGE('',*,*,#1984,.F.);
#1984 = EDGE_CURVE('',#1947,#1985,#1987,.T.);
#1985 = VERTEX_POINT('',#1986);
#1986 = CARTESIAN_POINT('',(-0.625,1.1,0.));
#1987 = LINE('',#1988,#1989);
#1988 = CARTESIAN_POINT('',(-0.875,1.1,0.));
#1989 = VECTOR('',#1990,1.);
#1990 = DIRECTION('',(1.,-4.555315873023E-16,0.));
#1991 = ORIENTED_EDGE('',*,*,#1970,.T.);
#1992 = ORIENTED_EDGE('',*,*,#1643,.F.);
#1993 = ORIENTED_EDGE('',*,*,#1994,.F.);
#1994 = EDGE_CURVE('',#1985,#1636,#1995,.T.);
#1995 = LINE('',#1996,#1997);
#1996 = CARTESIAN_POINT('',(-0.625,1.1,0.));
#1997 = VECTOR('',#1998,1.);
#1998 = DIRECTION('',(0.,0.,1.));
#1999 = PLANE('',#2000);
#2000 = AXIS2_PLACEMENT_3D('',#2001,#2002,#2003);
#2001 = CARTESIAN_POINT('',(-0.875,1.1,0.));
#2002 = DIRECTION('',(4.555315873023E-16,1.,0.));
#2003 = DIRECTION('',(1.,-4.555315873023E-16,0.));
#2004 = ADVANCED_FACE('',(#2005),#2032,.F.);
#2005 = FACE_BOUND('',#2006,.F.);
#2006 = EDGE_LOOP('',(#2007,#2015,#2016,#2017,#2018,#2026));
#2007 = ORIENTED_EDGE('',*,*,#2008,.F.);
#2008 = EDGE_CURVE('',#1985,#2009,#2011,.T.);
#2009 = VERTEX_POINT('',#2010);
#2010 = CARTESIAN_POINT('',(-0.625,1.5,0.));
#2011 = LINE('',#2012,#2013);
#2012 = CARTESIAN_POINT('',(-0.625,1.1,0.));
#2013 = VECTOR('',#2014,1.);
#2014 = DIRECTION('',(4.555315873023E-16,1.,0.));
#2015 = ORIENTED_EDGE('',*,*,#1994,.T.);
#2016 = ORIENTED_EDGE('',*,*,#1635,.F.);
#2017 = ORIENTED_EDGE('',*,*,#1854,.F.);
#2018 = ORIENTED_EDGE('',*,*,#2019,.T.);
#2019 = EDGE_CURVE('',#1847,#2020,#2022,.T.);
#2020 = VERTEX_POINT('',#2021);
#2021 = CARTESIAN_POINT('',(-0.625,1.5,0.2));
#2022 = LINE('',#2023,#2024);
#2023 = CARTESIAN_POINT('',(-0.625,1.1,0.2));
#2024 = VECTOR('',#2025,1.);
#2025 = DIRECTION('',(4.555315873023E-16,1.,0.));
#2026 = ORIENTED_EDGE('',*,*,#2027,.F.);
#2027 = EDGE_CURVE('',#2009,#2020,#2028,.T.);
#2028 = LINE('',#2029,#2030);
#2029 = CARTESIAN_POINT('',(-0.625,1.5,0.));
#2030 = VECTOR('',#2031,1.);
#2031 = DIRECTION('',(0.,0.,1.));
#2032 = PLANE('',#2033);
#2033 = AXIS2_PLACEMENT_3D('',#2034,#2035,#2036);
#2034 = CARTESIAN_POINT('',(-0.625,1.1,0.));
#2035 = DIRECTION('',(-1.,4.555315873023E-16,0.));
#2036 = DIRECTION('',(4.555315873023E-16,1.,0.));
#2037 = ADVANCED_FACE('',(#2038),#2072,.F.);
#2038 = FACE_BOUND('',#2039,.F.);
#2039 = EDGE_LOOP('',(#2040,#2050,#2058,#2064,#2065,#2066));
#2040 = ORIENTED_EDGE('',*,*,#2041,.F.);
#2041 = EDGE_CURVE('',#2042,#2044,#2046,.T.);
#2042 = VERTEX_POINT('',#2043);
#2043 = CARTESIAN_POINT('',(-0.375,1.5,0.));
#2044 = VERTEX_POINT('',#2045);
#2045 = CARTESIAN_POINT('',(-0.375,1.1,0.));
#2046 = LINE('',#2047,#2048);
#2047 = CARTESIAN_POINT('',(-0.375,1.5,0.));
#2048 = VECTOR('',#2049,1.);
#2049 = DIRECTION('',(-4.555315873023E-16,-1.,0.));
#2050 = ORIENTED_EDGE('',*,*,#2051,.T.);
#2051 = EDGE_CURVE('',#2042,#2052,#2054,.T.);
#2052 = VERTEX_POINT('',#2053);
#2053 = CARTESIAN_POINT('',(-0.375,1.5,0.2));
#2054 = LINE('',#2055,#2056);
#2055 = CARTESIAN_POINT('',(-0.375,1.5,0.));
#2056 = VECTOR('',#2057,1.);
#2057 = DIRECTION('',(0.,0.,1.));
#2058 = ORIENTED_EDGE('',*,*,#2059,.T.);
#2059 = EDGE_CURVE('',#2052,#1862,#2060,.T.);
#2060 = LINE('',#2061,#2062);
#2061 = CARTESIAN_POINT('',(-0.375,1.5,0.2));
#2062 = VECTOR('',#2063,1.);
#2063 = DIRECTION('',(-4.555315873023E-16,-1.,0.));
#2064 = ORIENTED_EDGE('',*,*,#1861,.F.);
#2065 = ORIENTED_EDGE('',*,*,#1619,.F.);
#2066 = ORIENTED_EDGE('',*,*,#2067,.F.);
#2067 = EDGE_CURVE('',#2044,#1612,#2068,.T.);
#2068 = LINE('',#2069,#2070);
#2069 = CARTESIAN_POINT('',(-0.375,1.1,0.));
#2070 = VECTOR('',#2071,1.);
#2071 = DIRECTION('',(0.,0.,1.));
#2072 = PLANE('',#2073);
#2073 = AXIS2_PLACEMENT_3D('',#2074,#2075,#2076);
#2074 = CARTESIAN_POINT('',(-0.375,1.5,0.));
#2075 = DIRECTION('',(1.,-4.555315873023E-16,0.));
#2076 = DIRECTION('',(-4.555315873023E-16,-1.,0.));
#2077 = ADVANCED_FACE('',(#2078),#2112,.F.);
#2078 = FACE_BOUND('',#2079,.F.);
#2079 = EDGE_LOOP('',(#2080,#2090,#2096,#2097,#2098,#2106));
#2080 = ORIENTED_EDGE('',*,*,#2081,.F.);
#2081 = EDGE_CURVE('',#2082,#2084,#2086,.T.);
#2082 = VERTEX_POINT('',#2083);
#2083 = CARTESIAN_POINT('',(-1.1,0.375,0.));
#2084 = VERTEX_POINT('',#2085);
#2085 = CARTESIAN_POINT('',(-1.5,0.375,0.));
#2086 = LINE('',#2087,#2088);
#2087 = CARTESIAN_POINT('',(-1.1,0.375,0.));
#2088 = VECTOR('',#2089,1.);
#2089 = DIRECTION('',(-1.,4.669739647545E-16,0.));
#2090 = ORIENTED_EDGE('',*,*,#2091,.T.);
#2091 = EDGE_CURVE('',#2082,#1164,#2092,.T.);
#2092 = LINE('',#2093,#2094);
#2093 = CARTESIAN_POINT('',(-1.1,0.375,0.));
#2094 = VECTOR('',#2095,1.);
#2095 = DIRECTION('',(0.,0.,1.));
#2096 = ORIENTED_EDGE('',*,*,#1163,.F.);
#2097 = ORIENTED_EDGE('',*,*,#1793,.F.);
#2098 = ORIENTED_EDGE('',*,*,#2099,.T.);
#2099 = EDGE_CURVE('',#1786,#2100,#2102,.T.);
#2100 = VERTEX_POINT('',#2101);
#2101 = CARTESIAN_POINT('',(-1.5,0.375,0.2));
#2102 = LINE('',#2103,#2104);
#2103 = CARTESIAN_POINT('',(-1.1,0.375,0.2));
#2104 = VECTOR('',#2105,1.);
#2105 = DIRECTION('',(-1.,4.669739647545E-16,0.));
#2106 = ORIENTED_EDGE('',*,*,#2107,.F.);
#2107 = EDGE_CURVE('',#2084,#2100,#2108,.T.);
#2108 = LINE('',#2109,#2110);
#2109 = CARTESIAN_POINT('',(-1.5,0.375,0.));
#2110 = VECTOR('',#2111,1.);
#2111 = DIRECTION('',(0.,0.,1.));
#2112 = PLANE('',#2113);
#2113 = AXIS2_PLACEMENT_3D('',#2114,#2115,#2116);
#2114 = CARTESIAN_POINT('',(-1.1,0.375,0.));
#2115 = DIRECTION('',(-4.669739647545E-16,-1.,0.));
#2116 = DIRECTION('',(-1.,4.669739647545E-16,0.));
#2117 = ADVANCED_FACE('',(#2118),#2136,.F.);
#2118 = FACE_BOUND('',#2119,.F.);
#2119 = EDGE_LOOP('',(#2120,#2128,#2129,#2130));
#2120 = ORIENTED_EDGE('',*,*,#2121,.F.);
#2121 = EDGE_CURVE('',#2044,#2122,#2124,.T.);
#2122 = VERTEX_POINT('',#2123);
#2123 = CARTESIAN_POINT('',(-0.125,1.1,0.));
#2124 = LINE('',#2125,#2126);
#2125 = CARTESIAN_POINT('',(-0.375,1.1,0.));
#2126 = VECTOR('',#2127,1.);
#2127 = DIRECTION('',(1.,-4.555315873023E-16,0.));
#2128 = ORIENTED_EDGE('',*,*,#2067,.T.);
#2129 = ORIENTED_EDGE('',*,*,#1611,.F.);
#2130 = ORIENTED_EDGE('',*,*,#2131,.F.);
#2131 = EDGE_CURVE('',#2122,#1604,#2132,.T.);
#2132 = LINE('',#2133,#2134);
#2133 = CARTESIAN_POINT('',(-0.125,1.1,0.));
#2134 = VECTOR('',#2135,1.);
#2135 = DIRECTION('',(0.,0.,1.));
#2136 = PLANE('',#2137);
#2137 = AXIS2_PLACEMENT_3D('',#2138,#2139,#2140);
#2138 = CARTESIAN_POINT('',(-0.375,1.1,0.));
#2139 = DIRECTION('',(4.555315873023E-16,1.,0.));
#2140 = DIRECTION('',(1.,-4.555315873023E-16,0.));
#2141 = ADVANCED_FACE('',(#2142),#2160,.F.);
#2142 = FACE_BOUND('',#2143,.F.);
#2143 = EDGE_LOOP('',(#2144,#2152,#2158,#2159));
#2144 = ORIENTED_EDGE('',*,*,#2145,.F.);
#2145 = EDGE_CURVE('',#2146,#2082,#2148,.T.);
#2146 = VERTEX_POINT('',#2147);
#2147 = CARTESIAN_POINT('',(-1.1,0.125,0.));
#2148 = LINE('',#2149,#2150);
#2149 = CARTESIAN_POINT('',(-1.1,0.125,0.));
#2150 = VECTOR('',#2151,1.);
#2151 = DIRECTION('',(4.669739647545E-16,1.,0.));
#2152 = ORIENTED_EDGE('',*,*,#2153,.T.);
#2153 = EDGE_CURVE('',#2146,#1172,#2154,.T.);
#2154 = LINE('',#2155,#2156);
#2155 = CARTESIAN_POINT('',(-1.1,0.125,0.));
#2156 = VECTOR('',#2157,1.);
#2157 = DIRECTION('',(0.,0.,1.));
#2158 = ORIENTED_EDGE('',*,*,#1171,.F.);
#2159 = ORIENTED_EDGE('',*,*,#2091,.F.);
#2160 = PLANE('',#2161);
#2161 = AXIS2_PLACEMENT_3D('',#2162,#2163,#2164);
#2162 = CARTESIAN_POINT('',(-1.1,0.125,0.));
#2163 = DIRECTION('',(-1.,4.669739647545E-16,0.));
#2164 = DIRECTION('',(4.669739647545E-16,1.,0.));
#2165 = ADVANCED_FACE('',(#2166),#2193,.F.);
#2166 = FACE_BOUND('',#2167,.F.);
#2167 = EDGE_LOOP('',(#2168,#2176,#2177,#2178,#2179,#2187));
#2168 = ORIENTED_EDGE('',*,*,#2169,.F.);
#2169 = EDGE_CURVE('',#2122,#2170,#2172,.T.);
#2170 = VERTEX_POINT('',#2171);
#2171 = CARTESIAN_POINT('',(-0.125,1.5,0.));
#2172 = LINE('',#2173,#2174);
#2173 = CARTESIAN_POINT('',(-0.125,1.1,0.));
#2174 = VECTOR('',#2175,1.);
#2175 = DIRECTION('',(4.555315873023E-16,1.,0.));
#2176 = ORIENTED_EDGE('',*,*,#2131,.T.);
#2177 = ORIENTED_EDGE('',*,*,#1603,.F.);
#2178 = ORIENTED_EDGE('',*,*,#1877,.F.);
#2179 = ORIENTED_EDGE('',*,*,#2180,.T.);
#2180 = EDGE_CURVE('',#1870,#2181,#2183,.T.);
#2181 = VERTEX_POINT('',#2182);
#2182 = CARTESIAN_POINT('',(-0.125,1.5,0.2));
#2183 = LINE('',#2184,#2185);
#2184 = CARTESIAN_POINT('',(-0.125,1.1,0.2));
#2185 = VECTOR('',#2186,1.);
#2186 = DIRECTION('',(4.555315873023E-16,1.,0.));
#2187 = ORIENTED_EDGE('',*,*,#2188,.F.);
#2188 = EDGE_CURVE('',#2170,#2181,#2189,.T.);
#2189 = LINE('',#2190,#2191);
#2190 = CARTESIAN_POINT('',(-0.125,1.5,0.));
#2191 = VECTOR('',#2192,1.);
#2192 = DIRECTION('',(0.,0.,1.));
#2193 = PLANE('',#2194);
#2194 = AXIS2_PLACEMENT_3D('',#2195,#2196,#2197);
#2195 = CARTESIAN_POINT('',(-0.125,1.1,0.));
#2196 = DIRECTION('',(-1.,4.555315873023E-16,0.));
#2197 = DIRECTION('',(4.555315873023E-16,1.,0.));
#2198 = ADVANCED_FACE('',(#2199),#2226,.F.);
#2199 = FACE_BOUND('',#2200,.F.);
#2200 = EDGE_LOOP('',(#2201,#2209,#2217,#2223,#2224,#2225));
#2201 = ORIENTED_EDGE('',*,*,#2202,.F.);
#2202 = EDGE_CURVE('',#2203,#2146,#2205,.T.);
#2203 = VERTEX_POINT('',#2204);
#2204 = CARTESIAN_POINT('',(-1.5,0.125,0.));
#2205 = LINE('',#2206,#2207);
#2206 = CARTESIAN_POINT('',(-1.5,0.125,0.));
#2207 = VECTOR('',#2208,1.);
#2208 = DIRECTION('',(1.,-4.669739647545E-16,0.));
#2209 = ORIENTED_EDGE('',*,*,#2210,.T.);
#2210 = EDGE_CURVE('',#2203,#2211,#2213,.T.);
#2211 = VERTEX_POINT('',#2212);
#2212 = CARTESIAN_POINT('',(-1.5,0.125,0.2));
#2213 = LINE('',#2214,#2215);
#2214 = CARTESIAN_POINT('',(-1.5,0.125,0.));
#2215 = VECTOR('',#2216,1.);
#2216 = DIRECTION('',(0.,0.,1.));
#2217 = ORIENTED_EDGE('',*,*,#2218,.T.);
#2218 = EDGE_CURVE('',#2211,#1778,#2219,.T.);
#2219 = LINE('',#2220,#2221);
#2220 = CARTESIAN_POINT('',(-1.5,0.125,0.2));
#2221 = VECTOR('',#2222,1.);
#2222 = DIRECTION('',(1.,-4.669739647545E-16,0.));
#2223 = ORIENTED_EDGE('',*,*,#1777,.F.);
#2224 = ORIENTED_EDGE('',*,*,#1179,.F.);
#2225 = ORIENTED_EDGE('',*,*,#2153,.F.);
#2226 = PLANE('',#2227);
#2227 = AXIS2_PLACEMENT_3D('',#2228,#2229,#2230);
#2228 = CARTESIAN_POINT('',(-1.5,0.125,0.));
#2229 = DIRECTION('',(4.669739647545E-16,1.,0.));
#2230 = DIRECTION('',(1.,-4.669739647545E-16,0.));
#2231 = ADVANCED_FACE('',(#2232),#2266,.F.);
#2232 = FACE_BOUND('',#2233,.F.);
#2233 = EDGE_LOOP('',(#2234,#2244,#2252,#2258,#2259,#2260));
#2234 = ORIENTED_EDGE('',*,*,#2235,.F.);
#2235 = EDGE_CURVE('',#2236,#2238,#2240,.T.);
#2236 = VERTEX_POINT('',#2237);
#2237 = CARTESIAN_POINT('',(0.125,1.5,0.));
#2238 = VERTEX_POINT('',#2239);
#2239 = CARTESIAN_POINT('',(0.125,1.1,0.));
#2240 = LINE('',#2241,#2242);
#2241 = CARTESIAN_POINT('',(0.125,1.5,0.));
#2242 = VECTOR('',#2243,1.);
#2243 = DIRECTION('',(-4.555315873023E-16,-1.,0.));
#2244 = ORIENTED_EDGE('',*,*,#2245,.T.);
#2245 = EDGE_CURVE('',#2236,#2246,#2248,.T.);
#2246 = VERTEX_POINT('',#2247);
#2247 = CARTESIAN_POINT('',(0.125,1.5,0.2));
#2248 = LINE('',#2249,#2250);
#2249 = CARTESIAN_POINT('',(0.125,1.5,0.));
#2250 = VECTOR('',#2251,1.);
#2251 = DIRECTION('',(0.,0.,1.));
#2252 = ORIENTED_EDGE('',*,*,#2253,.T.);
#2253 = EDGE_CURVE('',#2246,#1885,#2254,.T.);
#2254 = LINE('',#2255,#2256);
#2255 = CARTESIAN_POINT('',(0.125,1.5,0.2));
#2256 = VECTOR('',#2257,1.);
#2257 = DIRECTION('',(-4.555315873023E-16,-1.,0.));
#2258 = ORIENTED_EDGE('',*,*,#1884,.F.);
#2259 = ORIENTED_EDGE('',*,*,#1587,.F.);
#2260 = ORIENTED_EDGE('',*,*,#2261,.F.);
#2261 = EDGE_CURVE('',#2238,#1580,#2262,.T.);
#2262 = LINE('',#2263,#2264);
#2263 = CARTESIAN_POINT('',(0.125,1.1,0.));
#2264 = VECTOR('',#2265,1.);
#2265 = DIRECTION('',(0.,0.,1.));
#2266 = PLANE('',#2267);
#2267 = AXIS2_PLACEMENT_3D('',#2268,#2269,#2270);
#2268 = CARTESIAN_POINT('',(0.125,1.5,0.));
#2269 = DIRECTION('',(1.,-4.555315873023E-16,0.));
#2270 = DIRECTION('',(-4.555315873023E-16,-1.,0.));
#2271 = ADVANCED_FACE('',(#2272),#2306,.F.);
#2272 = FACE_BOUND('',#2273,.F.);
#2273 = EDGE_LOOP('',(#2274,#2284,#2290,#2291,#2292,#2300));
#2274 = ORIENTED_EDGE('',*,*,#2275,.F.);
#2275 = EDGE_CURVE('',#2276,#2278,#2280,.T.);
#2276 = VERTEX_POINT('',#2277);
#2277 = CARTESIAN_POINT('',(-1.1,-0.125,0.));
#2278 = VERTEX_POINT('',#2279);
#2279 = CARTESIAN_POINT('',(-1.5,-0.125,0.));
#2280 = LINE('',#2281,#2282);
#2281 = CARTESIAN_POINT('',(-1.1,-0.125,0.));
#2282 = VECTOR('',#2283,1.);
#2283 = DIRECTION('',(-1.,4.669739647545E-16,0.));
#2284 = ORIENTED_EDGE('',*,*,#2285,.T.);
#2285 = EDGE_CURVE('',#2276,#1196,#2286,.T.);
#2286 = LINE('',#2287,#2288);
#2287 = CARTESIAN_POINT('',(-1.1,-0.125,0.));
#2288 = VECTOR('',#2289,1.);
#2289 = DIRECTION('',(0.,0.,1.));
#2290 = ORIENTED_EDGE('',*,*,#1195,.F.);
#2291 = ORIENTED_EDGE('',*,*,#1770,.F.);
#2292 = ORIENTED_EDGE('',*,*,#2293,.T.);
#2293 = EDGE_CURVE('',#1763,#2294,#2296,.T.);
#2294 = VERTEX_POINT('',#2295);
#2295 = CARTESIAN_POINT('',(-1.5,-0.125,0.2));
#2296 = LINE('',#2297,#2298);
#2297 = CARTESIAN_POINT('',(-1.1,-0.125,0.2));
#2298 = VECTOR('',#2299,1.);
#2299 = DIRECTION('',(-1.,4.669739647545E-16,0.));
#2300 = ORIENTED_EDGE('',*,*,#2301,.F.);
#2301 = EDGE_CURVE('',#2278,#2294,#2302,.T.);
#2302 = LINE('',#2303,#2304);
#2303 = CARTESIAN_POINT('',(-1.5,-0.125,0.));
#2304 = VECTOR('',#2305,1.);
#2305 = DIRECTION('',(0.,0.,1.));
#2306 = PLANE('',#2307);
#2307 = AXIS2_PLACEMENT_3D('',#2308,#2309,#2310);
#2308 = CARTESIAN_POINT('',(-1.1,-0.125,0.));
#2309 = DIRECTION('',(-4.669739647545E-16,-1.,0.));
#2310 = DIRECTION('',(-1.,4.669739647545E-16,0.));
#2311 = ADVANCED_FACE('',(#2312),#2330,.F.);
#2312 = FACE_BOUND('',#2313,.F.);
#2313 = EDGE_LOOP('',(#2314,#2322,#2323,#2324));
#2314 = ORIENTED_EDGE('',*,*,#2315,.F.);
#2315 = EDGE_CURVE('',#2238,#2316,#2318,.T.);
#2316 = VERTEX_POINT('',#2317);
#2317 = CARTESIAN_POINT('',(0.375,1.1,0.));
#2318 = LINE('',#2319,#2320);
#2319 = CARTESIAN_POINT('',(0.125,1.1,0.));
#2320 = VECTOR('',#2321,1.);
#2321 = DIRECTION('',(1.,-4.555315873023E-16,0.));
#2322 = ORIENTED_EDGE('',*,*,#2261,.T.);
#2323 = ORIENTED_EDGE('',*,*,#1579,.F.);
#2324 = ORIENTED_EDGE('',*,*,#2325,.F.);
#2325 = EDGE_CURVE('',#2316,#1572,#2326,.T.);
#2326 = LINE('',#2327,#2328);
#2327 = CARTESIAN_POINT('',(0.375,1.1,0.));
#2328 = VECTOR('',#2329,1.);
#2329 = DIRECTION('',(0.,0.,1.));
#2330 = PLANE('',#2331);
#2331 = AXIS2_PLACEMENT_3D('',#2332,#2333,#2334);
#2332 = CARTESIAN_POINT('',(0.125,1.1,0.));
#2333 = DIRECTION('',(4.555315873023E-16,1.,0.));
#2334 = DIRECTION('',(1.,-4.555315873023E-16,0.));
#2335 = ADVANCED_FACE('',(#2336),#2354,.F.);
#2336 = FACE_BOUND('',#2337,.F.);
#2337 = EDGE_LOOP('',(#2338,#2346,#2352,#2353));
#2338 = ORIENTED_EDGE('',*,*,#2339,.F.);
#2339 = EDGE_CURVE('',#2340,#2276,#2342,.T.);
#2340 = VERTEX_POINT('',#2341);
#2341 = CARTESIAN_POINT('',(-1.1,-0.375,0.));
#2342 = LINE('',#2343,#2344);
#2343 = CARTESIAN_POINT('',(-1.1,-0.375,0.));
#2344 = VECTOR('',#2345,1.);
#2345 = DIRECTION('',(4.669739647545E-16,1.,0.));
#2346 = ORIENTED_EDGE('',*,*,#2347,.T.);
#2347 = EDGE_CURVE('',#2340,#1204,#2348,.T.);
#2348 = LINE('',#2349,#2350);
#2349 = CARTESIAN_POINT('',(-1.1,-0.375,0.));
#2350 = VECTOR('',#2351,1.);
#2351 = DIRECTION('',(0.,0.,1.));
#2352 = ORIENTED_EDGE('',*,*,#1203,.F.);
#2353 = ORIENTED_EDGE('',*,*,#2285,.F.);
#2354 = PLANE('',#2355);
#2355 = AXIS2_PLACEMENT_3D('',#2356,#2357,#2358);
#2356 = CARTESIAN_POINT('',(-1.1,-0.375,0.));
#2357 = DIRECTION('',(-1.,4.669739647545E-16,0.));
#2358 = DIRECTION('',(4.669739647545E-16,1.,0.));
#2359 = ADVANCED_FACE('',(#2360),#2387,.F.);
#2360 = FACE_BOUND('',#2361,.F.);
#2361 = EDGE_LOOP('',(#2362,#2370,#2371,#2372,#2373,#2381));
#2362 = ORIENTED_EDGE('',*,*,#2363,.F.);
#2363 = EDGE_CURVE('',#2316,#2364,#2366,.T.);
#2364 = VERTEX_POINT('',#2365);
#2365 = CARTESIAN_POINT('',(0.375,1.5,0.));
#2366 = LINE('',#2367,#2368);
#2367 = CARTESIAN_POINT('',(0.375,1.1,0.));
#2368 = VECTOR('',#2369,1.);
#2369 = DIRECTION('',(4.555315873023E-16,1.,0.));
#2370 = ORIENTED_EDGE('',*,*,#2325,.T.);
#2371 = ORIENTED_EDGE('',*,*,#1571,.F.);
#2372 = ORIENTED_EDGE('',*,*,#1900,.F.);
#2373 = ORIENTED_EDGE('',*,*,#2374,.T.);
#2374 = EDGE_CURVE('',#1893,#2375,#2377,.T.);
#2375 = VERTEX_POINT('',#2376);
#2376 = CARTESIAN_POINT('',(0.375,1.5,0.2));
#2377 = LINE('',#2378,#2379);
#2378 = CARTESIAN_POINT('',(0.375,1.1,0.2));
#2379 = VECTOR('',#2380,1.);
#2380 = DIRECTION('',(4.555315873023E-16,1.,0.));
#2381 = ORIENTED_EDGE('',*,*,#2382,.F.);
#2382 = EDGE_CURVE('',#2364,#2375,#2383,.T.);
#2383 = LINE('',#2384,#2385);
#2384 = CARTESIAN_POINT('',(0.375,1.5,0.));
#2385 = VECTOR('',#2386,1.);
#2386 = DIRECTION('',(0.,0.,1.));
#2387 = PLANE('',#2388);
#2388 = AXIS2_PLACEMENT_3D('',#2389,#2390,#2391);
#2389 = CARTESIAN_POINT('',(0.375,1.1,0.));
#2390 = DIRECTION('',(-1.,4.555315873023E-16,0.));
#2391 = DIRECTION('',(4.555315873023E-16,1.,0.));
#2392 = ADVANCED_FACE('',(#2393),#2420,.F.);
#2393 = FACE_BOUND('',#2394,.F.);
#2394 = EDGE_LOOP('',(#2395,#2403,#2411,#2417,#2418,#2419));
#2395 = ORIENTED_EDGE('',*,*,#2396,.F.);
#2396 = EDGE_CURVE('',#2397,#2340,#2399,.T.);
#2397 = VERTEX_POINT('',#2398);
#2398 = CARTESIAN_POINT('',(-1.5,-0.375,0.));
#2399 = LINE('',#2400,#2401);
#2400 = CARTESIAN_POINT('',(-1.5,-0.375,0.));
#2401 = VECTOR('',#2402,1.);
#2402 = DIRECTION('',(1.,-4.669739647545E-16,0.));
#2403 = ORIENTED_EDGE('',*,*,#2404,.T.);
#2404 = EDGE_CURVE('',#2397,#2405,#2407,.T.);
#2405 = VERTEX_POINT('',#2406);
#2406 = CARTESIAN_POINT('',(-1.5,-0.375,0.2));
#2407 = LINE('',#2408,#2409);
#2408 = CARTESIAN_POINT('',(-1.5,-0.375,0.));
#2409 = VECTOR('',#2410,1.);
#2410 = DIRECTION('',(0.,0.,1.));
#2411 = ORIENTED_EDGE('',*,*,#2412,.T.);
#2412 = EDGE_CURVE('',#2405,#1755,#2413,.T.);
#2413 = LINE('',#2414,#2415);
#2414 = CARTESIAN_POINT('',(-1.5,-0.375,0.2));
#2415 = VECTOR('',#2416,1.);
#2416 = DIRECTION('',(1.,-4.669739647545E-16,0.));
#2417 = ORIENTED_EDGE('',*,*,#1754,.F.);
#2418 = ORIENTED_EDGE('',*,*,#1211,.F.);
#2419 = ORIENTED_EDGE('',*,*,#2347,.F.);
#2420 = PLANE('',#2421);
#2421 = AXIS2_PLACEMENT_3D('',#2422,#2423,#2424);
#2422 = CARTESIAN_POINT('',(-1.5,-0.375,0.));
#2423 = DIRECTION('',(4.669739647545E-16,1.,0.));
#2424 = DIRECTION('',(1.,-4.669739647545E-16,0.));
#2425 = ADVANCED_FACE('',(#2426),#2460,.F.);
#2426 = FACE_BOUND('',#2427,.F.);
#2427 = EDGE_LOOP('',(#2428,#2438,#2446,#2452,#2453,#2454));
#2428 = ORIENTED_EDGE('',*,*,#2429,.F.);
#2429 = EDGE_CURVE('',#2430,#2432,#2434,.T.);
#2430 = VERTEX_POINT('',#2431);
#2431 = CARTESIAN_POINT('',(0.625,1.5,0.));
#2432 = VERTEX_POINT('',#2433);
#2433 = CARTESIAN_POINT('',(0.625,1.1,0.));
#2434 = LINE('',#2435,#2436);
#2435 = CARTESIAN_POINT('',(0.625,1.5,0.));
#2436 = VECTOR('',#2437,1.);
#2437 = DIRECTION('',(-4.555315873023E-16,-1.,0.));
#2438 = ORIENTED_EDGE('',*,*,#2439,.T.);
#2439 = EDGE_CURVE('',#2430,#2440,#2442,.T.);
#2440 = VERTEX_POINT('',#2441);
#2441 = CARTESIAN_POINT('',(0.625,1.5,0.2));
#2442 = LINE('',#2443,#2444);
#2443 = CARTESIAN_POINT('',(0.625,1.5,0.));
#2444 = VECTOR('',#2445,1.);
#2445 = DIRECTION('',(0.,0.,1.));
#2446 = ORIENTED_EDGE('',*,*,#2447,.T.);
#2447 = EDGE_CURVE('',#2440,#1908,#2448,.T.);
#2448 = LINE('',#2449,#2450);
#2449 = CARTESIAN_POINT('',(0.625,1.5,0.2));
#2450 = VECTOR('',#2451,1.);
#2451 = DIRECTION('',(-4.555315873023E-16,-1.,0.));
#2452 = ORIENTED_EDGE('',*,*,#1907,.F.);
#2453 = ORIENTED_EDGE('',*,*,#1555,.F.);
#2454 = ORIENTED_EDGE('',*,*,#2455,.F.);
#2455 = EDGE_CURVE('',#2432,#1548,#2456,.T.);
#2456 = LINE('',#2457,#2458);
#2457 = CARTESIAN_POINT('',(0.625,1.1,0.));
#2458 = VECTOR('',#2459,1.);
#2459 = DIRECTION('',(0.,0.,1.));
#2460 = PLANE('',#2461);
#2461 = AXIS2_PLACEMENT_3D('',#2462,#2463,#2464);
#2462 = CARTESIAN_POINT('',(0.625,1.5,0.));
#2463 = DIRECTION('',(1.,-4.555315873023E-16,0.));
#2464 = DIRECTION('',(-4.555315873023E-16,-1.,0.));
#2465 = ADVANCED_FACE('',(#2466),#2500,.F.);
#2466 = FACE_BOUND('',#2467,.F.);
#2467 = EDGE_LOOP('',(#2468,#2478,#2484,#2485,#2486,#2494));
#2468 = ORIENTED_EDGE('',*,*,#2469,.F.);
#2469 = EDGE_CURVE('',#2470,#2472,#2474,.T.);
#2470 = VERTEX_POINT('',#2471);
#2471 = CARTESIAN_POINT('',(-1.1,-0.625,0.));
#2472 = VERTEX_POINT('',#2473);
#2473 = CARTESIAN_POINT('',(-1.5,-0.625,0.));
#2474 = LINE('',#2475,#2476);
#2475 = CARTESIAN_POINT('',(-1.1,-0.625,0.));
#2476 = VECTOR('',#2477,1.);
#2477 = DIRECTION('',(-1.,4.669739647545E-16,0.));
#2478 = ORIENTED_EDGE('',*,*,#2479,.T.);
#2479 = EDGE_CURVE('',#2470,#1228,#2480,.T.);
#2480 = LINE('',#2481,#2482);
#2481 = CARTESIAN_POINT('',(-1.1,-0.625,0.));
#2482 = VECTOR('',#2483,1.);
#2483 = DIRECTION('',(0.,0.,1.));
#2484 = ORIENTED_EDGE('',*,*,#1227,.F.);
#2485 = ORIENTED_EDGE('',*,*,#1747,.F.);
#2486 = ORIENTED_EDGE('',*,*,#2487,.T.);
#2487 = EDGE_CURVE('',#1740,#2488,#2490,.T.);
#2488 = VERTEX_POINT('',#2489);
#2489 = CARTESIAN_POINT('',(-1.5,-0.625,0.2));
#2490 = LINE('',#2491,#2492);
#2491 = CARTESIAN_POINT('',(-1.1,-0.625,0.2));
#2492 = VECTOR('',#2493,1.);
#2493 = DIRECTION('',(-1.,4.669739647545E-16,0.));
#2494 = ORIENTED_EDGE('',*,*,#2495,.F.);
#2495 = EDGE_CURVE('',#2472,#2488,#2496,.T.);
#2496 = LINE('',#2497,#2498);
#2497 = CARTESIAN_POINT('',(-1.5,-0.625,0.));
#2498 = VECTOR('',#2499,1.);
#2499 = DIRECTION('',(0.,0.,1.));
#2500 = PLANE('',#2501);
#2501 = AXIS2_PLACEMENT_3D('',#2502,#2503,#2504);
#2502 = CARTESIAN_POINT('',(-1.1,-0.625,0.));
#2503 = DIRECTION('',(-4.669739647545E-16,-1.,0.));
#2504 = DIRECTION('',(-1.,4.669739647545E-16,0.));
#2505 = ADVANCED_FACE('',(#2506),#2524,.F.);
#2506 = FACE_BOUND('',#2507,.F.);
#2507 = EDGE_LOOP('',(#2508,#2516,#2517,#2518));
#2508 = ORIENTED_EDGE('',*,*,#2509,.F.);
#2509 = EDGE_CURVE('',#2432,#2510,#2512,.T.);
#2510 = VERTEX_POINT('',#2511);
#2511 = CARTESIAN_POINT('',(0.875,1.1,0.));
#2512 = LINE('',#2513,#2514);
#2513 = CARTESIAN_POINT('',(0.625,1.1,0.));
#2514 = VECTOR('',#2515,1.);
#2515 = DIRECTION('',(1.,-4.555315873023E-16,0.));
#2516 = ORIENTED_EDGE('',*,*,#2455,.T.);
#2517 = ORIENTED_EDGE('',*,*,#1547,.F.);
#2518 = ORIENTED_EDGE('',*,*,#2519,.F.);
#2519 = EDGE_CURVE('',#2510,#1540,#2520,.T.);
#2520 = LINE('',#2521,#2522);
#2521 = CARTESIAN_POINT('',(0.875,1.1,0.));
#2522 = VECTOR('',#2523,1.);
#2523 = DIRECTION('',(0.,0.,1.));
#2524 = PLANE('',#2525);
#2525 = AXIS2_PLACEMENT_3D('',#2526,#2527,#2528);
#2526 = CARTESIAN_POINT('',(0.625,1.1,0.));
#2527 = DIRECTION('',(4.555315873023E-16,1.,0.));
#2528 = DIRECTION('',(1.,-4.555315873023E-16,0.));
#2529 = ADVANCED_FACE('',(#2530),#2548,.F.);
#2530 = FACE_BOUND('',#2531,.F.);
#2531 = EDGE_LOOP('',(#2532,#2540,#2546,#2547));
#2532 = ORIENTED_EDGE('',*,*,#2533,.F.);
#2533 = EDGE_CURVE('',#2534,#2470,#2536,.T.);
#2534 = VERTEX_POINT('',#2535);
#2535 = CARTESIAN_POINT('',(-1.1,-0.875,0.));
#2536 = LINE('',#2537,#2538);
#2537 = CARTESIAN_POINT('',(-1.1,-0.875,0.));
#2538 = VECTOR('',#2539,1.);
#2539 = DIRECTION('',(4.669739647545E-16,1.,0.));
#2540 = ORIENTED_EDGE('',*,*,#2541,.T.);
#2541 = EDGE_CURVE('',#2534,#1236,#2542,.T.);
#2542 = LINE('',#2543,#2544);
#2543 = CARTESIAN_POINT('',(-1.1,-0.875,0.));
#2544 = VECTOR('',#2545,1.);
#2545 = DIRECTION('',(0.,0.,1.));
#2546 = ORIENTED_EDGE('',*,*,#1235,.F.);
#2547 = ORIENTED_EDGE('',*,*,#2479,.F.);
#2548 = PLANE('',#2549);
#2549 = AXIS2_PLACEMENT_3D('',#2550,#2551,#2552);
#2550 = CARTESIAN_POINT('',(-1.1,-0.875,0.));
#2551 = DIRECTION('',(-1.,4.669739647545E-16,0.));
#2552 = DIRECTION('',(4.669739647545E-16,1.,0.));
#2553 = ADVANCED_FACE('',(#2554),#2581,.F.);
#2554 = FACE_BOUND('',#2555,.F.);
#2555 = EDGE_LOOP('',(#2556,#2564,#2565,#2566,#2567,#2575));
#2556 = ORIENTED_EDGE('',*,*,#2557,.F.);
#2557 = EDGE_CURVE('',#2510,#2558,#2560,.T.);
#2558 = VERTEX_POINT('',#2559);
#2559 = CARTESIAN_POINT('',(0.875,1.5,0.));
#2560 = LINE('',#2561,#2562);
#2561 = CARTESIAN_POINT('',(0.875,1.1,0.));
#2562 = VECTOR('',#2563,1.);
#2563 = DIRECTION('',(4.555315873023E-16,1.,0.));
#2564 = ORIENTED_EDGE('',*,*,#2519,.T.);
#2565 = ORIENTED_EDGE('',*,*,#1539,.F.);
#2566 = ORIENTED_EDGE('',*,*,#1923,.F.);
#2567 = ORIENTED_EDGE('',*,*,#2568,.T.);
#2568 = EDGE_CURVE('',#1916,#2569,#2571,.T.);
#2569 = VERTEX_POINT('',#2570);
#2570 = CARTESIAN_POINT('',(0.875,1.5,0.2));
#2571 = LINE('',#2572,#2573);
#2572 = CARTESIAN_POINT('',(0.875,1.1,0.2));
#2573 = VECTOR('',#2574,1.);
#2574 = DIRECTION('',(4.555315873023E-16,1.,0.));
#2575 = ORIENTED_EDGE('',*,*,#2576,.F.);
#2576 = EDGE_CURVE('',#2558,#2569,#2577,.T.);
#2577 = LINE('',#2578,#2579);
#2578 = CARTESIAN_POINT('',(0.875,1.5,0.));
#2579 = VECTOR('',#2580,1.);
#2580 = DIRECTION('',(0.,0.,1.));
#2581 = PLANE('',#2582);
#2582 = AXIS2_PLACEMENT_3D('',#2583,#2584,#2585);
#2583 = CARTESIAN_POINT('',(0.875,1.1,0.));
#2584 = DIRECTION('',(-1.,4.555315873023E-16,0.));
#2585 = DIRECTION('',(4.555315873023E-16,1.,0.));
#2586 = ADVANCED_FACE('',(#2587),#2614,.F.);
#2587 = FACE_BOUND('',#2588,.F.);
#2588 = EDGE_LOOP('',(#2589,#2597,#2605,#2611,#2612,#2613));
#2589 = ORIENTED_EDGE('',*,*,#2590,.F.);
#2590 = EDGE_CURVE('',#2591,#2534,#2593,.T.);
#2591 = VERTEX_POINT('',#2592);
#2592 = CARTESIAN_POINT('',(-1.5,-0.875,0.));
#2593 = LINE('',#2594,#2595);
#2594 = CARTESIAN_POINT('',(-1.5,-0.875,0.));
#2595 = VECTOR('',#2596,1.);
#2596 = DIRECTION('',(1.,-4.669739647545E-16,0.));
#2597 = ORIENTED_EDGE('',*,*,#2598,.T.);
#2598 = EDGE_CURVE('',#2591,#2599,#2601,.T.);
#2599 = VERTEX_POINT('',#2600);
#2600 = CARTESIAN_POINT('',(-1.5,-0.875,0.2));
#2601 = LINE('',#2602,#2603);
#2602 = CARTESIAN_POINT('',(-1.5,-0.875,0.));
#2603 = VECTOR('',#2604,1.);
#2604 = DIRECTION('',(0.,0.,1.));
#2605 = ORIENTED_EDGE('',*,*,#2606,.T.);
#2606 = EDGE_CURVE('',#2599,#1732,#2607,.T.);
#2607 = LINE('',#2608,#2609);
#2608 = CARTESIAN_POINT('',(-1.5,-0.875,0.2));
#2609 = VECTOR('',#2610,1.);
#2610 = DIRECTION('',(1.,-4.669739647545E-16,0.));
#2611 = ORIENTED_EDGE('',*,*,#1731,.F.);
#2612 = ORIENTED_EDGE('',*,*,#1243,.F.);
#2613 = ORIENTED_EDGE('',*,*,#2541,.F.);
#2614 = PLANE('',#2615);
#2615 = AXIS2_PLACEMENT_3D('',#2616,#2617,#2618);
#2616 = CARTESIAN_POINT('',(-1.5,-0.875,0.));
#2617 = DIRECTION('',(4.669739647545E-16,1.,0.));
#2618 = DIRECTION('',(1.,-4.669739647545E-16,0.));
#2619 = ADVANCED_FACE('',(#2620),#2730,.T.);
#2620 = FACE_BOUND('',#2621,.T.);
#2621 = EDGE_LOOP('',(#2622,#2623,#2624,#2632,#2638,#2639,#2647,#2655,
    #2661,#2662,#2670,#2678,#2684,#2685,#2693,#2701,#2707,#2708,#2716,
    #2724));
#2622 = ORIENTED_EDGE('',*,*,#1523,.F.);
#2623 = ORIENTED_EDGE('',*,*,#1930,.T.);
#2624 = ORIENTED_EDGE('',*,*,#2625,.T.);
#2625 = EDGE_CURVE('',#1829,#2626,#2628,.T.);
#2626 = VERTEX_POINT('',#2627);
#2627 = CARTESIAN_POINT('',(1.49,-1.49,0.52));
#2628 = LINE('',#2629,#2630);
#2629 = CARTESIAN_POINT('',(1.49,1.49,0.52));
#2630 = VECTOR('',#2631,1.);
#2631 = DIRECTION('',(-2.22044604925E-16,-1.,0.));
#2632 = ORIENTED_EDGE('',*,*,#2633,.F.);
#2633 = EDGE_CURVE('',#1388,#2626,#2634,.T.);
#2634 = LINE('',#2635,#2636);
#2635 = CARTESIAN_POINT('',(1.49,-1.49,2.E-02));
#2636 = VECTOR('',#2637,1.);
#2637 = DIRECTION('',(0.,0.,1.));
#2638 = ORIENTED_EDGE('',*,*,#1395,.F.);
#2639 = ORIENTED_EDGE('',*,*,#2640,.T.);
#2640 = EDGE_CURVE('',#1396,#2641,#2643,.T.);
#2641 = VERTEX_POINT('',#2642);
#2642 = CARTESIAN_POINT('',(1.49,-0.875,0.2));
#2643 = LINE('',#2644,#2645);
#2644 = CARTESIAN_POINT('',(1.49,-0.875,1.E-02));
#2645 = VECTOR('',#2646,1.);
#2646 = DIRECTION('',(0.,0.,1.));
#2647 = ORIENTED_EDGE('',*,*,#2648,.T.);
#2648 = EDGE_CURVE('',#2641,#2649,#2651,.T.);
#2649 = VERTEX_POINT('',#2650);
#2650 = CARTESIAN_POINT('',(1.49,-0.625,0.2));
#2651 = LINE('',#2652,#2653);
#2652 = CARTESIAN_POINT('',(1.49,0.4325,0.2));
#2653 = VECTOR('',#2654,1.);
#2654 = DIRECTION('',(2.22044604925E-16,1.,0.));
#2655 = ORIENTED_EDGE('',*,*,#2656,.T.);
#2656 = EDGE_CURVE('',#2649,#1420,#2657,.T.);
#2657 = LINE('',#2658,#2659);
#2658 = CARTESIAN_POINT('',(1.49,-0.625,1.E-02));
#2659 = VECTOR('',#2660,1.);
#2660 = DIRECTION('',(0.,-0.,-1.));
#2661 = ORIENTED_EDGE('',*,*,#1427,.F.);
#2662 = ORIENTED_EDGE('',*,*,#2663,.T.);
#2663 = EDGE_CURVE('',#1428,#2664,#2666,.T.);
#2664 = VERTEX_POINT('',#2665);
#2665 = CARTESIAN_POINT('',(1.49,-0.375,0.2));
#2666 = LINE('',#2667,#2668);
#2667 = CARTESIAN_POINT('',(1.49,-0.375,1.E-02));
#2668 = VECTOR('',#2669,1.);
#2669 = DIRECTION('',(0.,0.,1.));
#2670 = ORIENTED_EDGE('',*,*,#2671,.T.);
#2671 = EDGE_CURVE('',#2664,#2672,#2674,.T.);
#2672 = VERTEX_POINT('',#2673);
#2673 = CARTESIAN_POINT('',(1.49,-0.125,0.2));
#2674 = LINE('',#2675,#2676);
#2675 = CARTESIAN_POINT('',(1.49,0.6825,0.2));
#2676 = VECTOR('',#2677,1.);
#2677 = DIRECTION('',(2.22044604925E-16,1.,0.));
#2678 = ORIENTED_EDGE('',*,*,#2679,.T.);
#2679 = EDGE_CURVE('',#2672,#1452,#2680,.T.);
#2680 = LINE('',#2681,#2682);
#2681 = CARTESIAN_POINT('',(1.49,-0.125,1.E-02));
#2682 = VECTOR('',#2683,1.);
#2683 = DIRECTION('',(0.,-0.,-1.));
#2684 = ORIENTED_EDGE('',*,*,#1459,.F.);
#2685 = ORIENTED_EDGE('',*,*,#2686,.T.);
#2686 = EDGE_CURVE('',#1460,#2687,#2689,.T.);
#2687 = VERTEX_POINT('',#2688);
#2688 = CARTESIAN_POINT('',(1.49,0.125,0.2));
#2689 = LINE('',#2690,#2691);
#2690 = CARTESIAN_POINT('',(1.49,0.125,1.E-02));
#2691 = VECTOR('',#2692,1.);
#2692 = DIRECTION('',(0.,0.,1.));
#2693 = ORIENTED_EDGE('',*,*,#2694,.T.);
#2694 = EDGE_CURVE('',#2687,#2695,#2697,.T.);
#2695 = VERTEX_POINT('',#2696);
#2696 = CARTESIAN_POINT('',(1.49,0.375,0.2));
#2697 = LINE('',#2698,#2699);
#2698 = CARTESIAN_POINT('',(1.49,0.9325,0.2));
#2699 = VECTOR('',#2700,1.);
#2700 = DIRECTION('',(2.22044604925E-16,1.,0.));
#2701 = ORIENTED_EDGE('',*,*,#2702,.T.);
#2702 = EDGE_CURVE('',#2695,#1484,#2703,.T.);
#2703 = LINE('',#2704,#2705);
#2704 = CARTESIAN_POINT('',(1.49,0.375,1.E-02));
#2705 = VECTOR('',#2706,1.);
#2706 = DIRECTION('',(0.,-0.,-1.));
#2707 = ORIENTED_EDGE('',*,*,#1491,.F.);
#2708 = ORIENTED_EDGE('',*,*,#2709,.T.);
#2709 = EDGE_CURVE('',#1492,#2710,#2712,.T.);
#2710 = VERTEX_POINT('',#2711);
#2711 = CARTESIAN_POINT('',(1.49,0.625,0.2));
#2712 = LINE('',#2713,#2714);
#2713 = CARTESIAN_POINT('',(1.49,0.625,1.E-02));
#2714 = VECTOR('',#2715,1.);
#2715 = DIRECTION('',(0.,0.,1.));
#2716 = ORIENTED_EDGE('',*,*,#2717,.T.);
#2717 = EDGE_CURVE('',#2710,#2718,#2720,.T.);
#2718 = VERTEX_POINT('',#2719);
#2719 = CARTESIAN_POINT('',(1.49,0.875,0.2));
#2720 = LINE('',#2721,#2722);
#2721 = CARTESIAN_POINT('',(1.49,1.1825,0.2));
#2722 = VECTOR('',#2723,1.);
#2723 = DIRECTION('',(2.22044604925E-16,1.,0.));
#2724 = ORIENTED_EDGE('',*,*,#2725,.T.);
#2725 = EDGE_CURVE('',#2718,#1516,#2726,.T.);
#2726 = LINE('',#2727,#2728);
#2727 = CARTESIAN_POINT('',(1.49,0.875,1.E-02));
#2728 = VECTOR('',#2729,1.);
#2729 = DIRECTION('',(0.,-0.,-1.));
#2730 = PLANE('',#2731);
#2731 = AXIS2_PLACEMENT_3D('',#2732,#2733,#2734);
#2732 = CARTESIAN_POINT('',(1.49,1.49,2.E-02));
#2733 = DIRECTION('',(1.,-2.22044604925E-16,0.));
#2734 = DIRECTION('',(0.,0.,1.));
#2735 = ADVANCED_FACE('',(#2736),#2839,.T.);
#2736 = FACE_BOUND('',#2737,.T.);
#2737 = EDGE_LOOP('',(#2738,#2744,#2745,#2746,#2754,#2762,#2768,#2769,
    #2777,#2785,#2791,#2792,#2800,#2808,#2814,#2815,#2823,#2831,#2837,
    #2838));
#2738 = ORIENTED_EDGE('',*,*,#2739,.F.);
#2739 = EDGE_CURVE('',#1717,#2626,#2740,.T.);
#2740 = LINE('',#2741,#2742);
#2741 = CARTESIAN_POINT('',(-1.49,-1.49,0.52));
#2742 = VECTOR('',#2743,1.);
#2743 = DIRECTION('',(1.,-2.22044604925E-16,0.));
#2744 = ORIENTED_EDGE('',*,*,#1724,.F.);
#2745 = ORIENTED_EDGE('',*,*,#1259,.T.);
#2746 = ORIENTED_EDGE('',*,*,#2747,.T.);
#2747 = EDGE_CURVE('',#1260,#2748,#2750,.T.);
#2748 = VERTEX_POINT('',#2749);
#2749 = CARTESIAN_POINT('',(-0.875,-1.49,0.2));
#2750 = LINE('',#2751,#2752);
#2751 = CARTESIAN_POINT('',(-0.875,-1.49,1.E-02));
#2752 = VECTOR('',#2753,1.);
#2753 = DIRECTION('',(0.,0.,1.));
#2754 = ORIENTED_EDGE('',*,*,#2755,.T.);
#2755 = EDGE_CURVE('',#2748,#2756,#2758,.T.);
#2756 = VERTEX_POINT('',#2757);
#2757 = CARTESIAN_POINT('',(-0.625,-1.49,0.2));
#2758 = LINE('',#2759,#2760);
#2759 = CARTESIAN_POINT('',(-1.0575,-1.49,0.2));
#2760 = VECTOR('',#2761,1.);
#2761 = DIRECTION('',(1.,-2.22044604925E-16,0.));
#2762 = ORIENTED_EDGE('',*,*,#2763,.T.);
#2763 = EDGE_CURVE('',#2756,#1284,#2764,.T.);
#2764 = LINE('',#2765,#2766);
#2765 = CARTESIAN_POINT('',(-0.625,-1.49,1.E-02));
#2766 = VECTOR('',#2767,1.);
#2767 = DIRECTION('',(-0.,0.,-1.));
#2768 = ORIENTED_EDGE('',*,*,#1291,.T.);
#2769 = ORIENTED_EDGE('',*,*,#2770,.T.);
#2770 = EDGE_CURVE('',#1292,#2771,#2773,.T.);
#2771 = VERTEX_POINT('',#2772);
#2772 = CARTESIAN_POINT('',(-0.375,-1.49,0.2));
#2773 = LINE('',#2774,#2775);
#2774 = CARTESIAN_POINT('',(-0.375,-1.49,1.E-02));
#2775 = VECTOR('',#2776,1.);
#2776 = DIRECTION('',(0.,0.,1.));
#2777 = ORIENTED_EDGE('',*,*,#2778,.T.);
#2778 = EDGE_CURVE('',#2771,#2779,#2781,.T.);
#2779 = VERTEX_POINT('',#2780);
#2780 = CARTESIAN_POINT('',(-0.125,-1.49,0.2));
#2781 = LINE('',#2782,#2783);
#2782 = CARTESIAN_POINT('',(-0.8075,-1.49,0.2));
#2783 = VECTOR('',#2784,1.);
#2784 = DIRECTION('',(1.,-2.22044604925E-16,0.));
#2785 = ORIENTED_EDGE('',*,*,#2786,.T.);
#2786 = EDGE_CURVE('',#2779,#1316,#2787,.T.);
#2787 = LINE('',#2788,#2789);
#2788 = CARTESIAN_POINT('',(-0.125,-1.49,1.E-02));
#2789 = VECTOR('',#2790,1.);
#2790 = DIRECTION('',(-0.,0.,-1.));
#2791 = ORIENTED_EDGE('',*,*,#1323,.T.);
#2792 = ORIENTED_EDGE('',*,*,#2793,.T.);
#2793 = EDGE_CURVE('',#1324,#2794,#2796,.T.);
#2794 = VERTEX_POINT('',#2795);
#2795 = CARTESIAN_POINT('',(0.125,-1.49,0.2));
#2796 = LINE('',#2797,#2798);
#2797 = CARTESIAN_POINT('',(0.125,-1.49,1.E-02));
#2798 = VECTOR('',#2799,1.);
#2799 = DIRECTION('',(0.,0.,1.));
#2800 = ORIENTED_EDGE('',*,*,#2801,.T.);
#2801 = EDGE_CURVE('',#2794,#2802,#2804,.T.);
#2802 = VERTEX_POINT('',#2803);
#2803 = CARTESIAN_POINT('',(0.375,-1.49,0.2));
#2804 = LINE('',#2805,#2806);
#2805 = CARTESIAN_POINT('',(-0.5575,-1.49,0.2));
#2806 = VECTOR('',#2807,1.);
#2807 = DIRECTION('',(1.,-2.22044604925E-16,0.));
#2808 = ORIENTED_EDGE('',*,*,#2809,.T.);
#2809 = EDGE_CURVE('',#2802,#1348,#2810,.T.);
#2810 = LINE('',#2811,#2812);
#2811 = CARTESIAN_POINT('',(0.375,-1.49,1.E-02));
#2812 = VECTOR('',#2813,1.);
#2813 = DIRECTION('',(-0.,0.,-1.));
#2814 = ORIENTED_EDGE('',*,*,#1355,.T.);
#2815 = ORIENTED_EDGE('',*,*,#2816,.T.);
#2816 = EDGE_CURVE('',#1356,#2817,#2819,.T.);
#2817 = VERTEX_POINT('',#2818);
#2818 = CARTESIAN_POINT('',(0.625,-1.49,0.2));
#2819 = LINE('',#2820,#2821);
#2820 = CARTESIAN_POINT('',(0.625,-1.49,1.E-02));
#2821 = VECTOR('',#2822,1.);
#2822 = DIRECTION('',(0.,0.,1.));
#2823 = ORIENTED_EDGE('',*,*,#2824,.T.);
#2824 = EDGE_CURVE('',#2817,#2825,#2827,.T.);
#2825 = VERTEX_POINT('',#2826);
#2826 = CARTESIAN_POINT('',(0.875,-1.49,0.2));
#2827 = LINE('',#2828,#2829);
#2828 = CARTESIAN_POINT('',(-0.3075,-1.49,0.2));
#2829 = VECTOR('',#2830,1.);
#2830 = DIRECTION('',(1.,-2.22044604925E-16,0.));
#2831 = ORIENTED_EDGE('',*,*,#2832,.T.);
#2832 = EDGE_CURVE('',#2825,#1380,#2833,.T.);
#2833 = LINE('',#2834,#2835);
#2834 = CARTESIAN_POINT('',(0.875,-1.49,1.E-02));
#2835 = VECTOR('',#2836,1.);
#2836 = DIRECTION('',(-0.,0.,-1.));
#2837 = ORIENTED_EDGE('',*,*,#1387,.T.);
#2838 = ORIENTED_EDGE('',*,*,#2633,.T.);
#2839 = PLANE('',#2840);
#2840 = AXIS2_PLACEMENT_3D('',#2841,#2842,#2843);
#2841 = CARTESIAN_POINT('',(-1.49,-1.49,2.E-02));
#2842 = DIRECTION('',(-2.22044604925E-16,-1.,0.));
#2843 = DIRECTION('',(0.,0.,1.));
#2844 = ADVANCED_FACE('',(#2845),#2879,.F.);
#2845 = FACE_BOUND('',#2846,.F.);
#2846 = EDGE_LOOP('',(#2847,#2857,#2865,#2871,#2872,#2873));
#2847 = ORIENTED_EDGE('',*,*,#2848,.F.);
#2848 = EDGE_CURVE('',#2849,#2851,#2853,.T.);
#2849 = VERTEX_POINT('',#2850);
#2850 = CARTESIAN_POINT('',(1.5,0.875,0.));
#2851 = VERTEX_POINT('',#2852);
#2852 = CARTESIAN_POINT('',(1.1,0.875,0.));
#2853 = LINE('',#2854,#2855);
#2854 = CARTESIAN_POINT('',(1.5,0.875,0.));
#2855 = VECTOR('',#2856,1.);
#2856 = DIRECTION('',(-1.,3.445092848398E-16,0.));
#2857 = ORIENTED_EDGE('',*,*,#2858,.T.);
#2858 = EDGE_CURVE('',#2849,#2859,#2861,.T.);
#2859 = VERTEX_POINT('',#2860);
#2860 = CARTESIAN_POINT('',(1.5,0.875,0.2));
#2861 = LINE('',#2862,#2863);
#2862 = CARTESIAN_POINT('',(1.5,0.875,0.));
#2863 = VECTOR('',#2864,1.);
#2864 = DIRECTION('',(0.,0.,1.));
#2865 = ORIENTED_EDGE('',*,*,#2866,.T.);
#2866 = EDGE_CURVE('',#2859,#2718,#2867,.T.);
#2867 = LINE('',#2868,#2869);
#2868 = CARTESIAN_POINT('',(1.5,0.875,0.2));
#2869 = VECTOR('',#2870,1.);
#2870 = DIRECTION('',(-1.,3.445092848398E-16,0.));
#2871 = ORIENTED_EDGE('',*,*,#2725,.T.);
#2872 = ORIENTED_EDGE('',*,*,#1515,.F.);
#2873 = ORIENTED_EDGE('',*,*,#2874,.F.);
#2874 = EDGE_CURVE('',#2851,#1508,#2875,.T.);
#2875 = LINE('',#2876,#2877);
#2876 = CARTESIAN_POINT('',(1.1,0.875,0.));
#2877 = VECTOR('',#2878,1.);
#2878 = DIRECTION('',(0.,0.,1.));
#2879 = PLANE('',#2880);
#2880 = AXIS2_PLACEMENT_3D('',#2881,#2882,#2883);
#2881 = CARTESIAN_POINT('',(1.5,0.875,0.));
#2882 = DIRECTION('',(-3.445092848398E-16,-1.,0.));
#2883 = DIRECTION('',(-1.,3.445092848398E-16,0.));
#2884 = ADVANCED_FACE('',(#2885),#2919,.F.);
#2885 = FACE_BOUND('',#2886,.F.);
#2886 = EDGE_LOOP('',(#2887,#2897,#2903,#2904,#2905,#2913));
#2887 = ORIENTED_EDGE('',*,*,#2888,.F.);
#2888 = EDGE_CURVE('',#2889,#2891,#2893,.T.);
#2889 = VERTEX_POINT('',#2890);
#2890 = CARTESIAN_POINT('',(-0.875,-1.1,0.));
#2891 = VERTEX_POINT('',#2892);
#2892 = CARTESIAN_POINT('',(-0.875,-1.5,0.));
#2893 = LINE('',#2894,#2895);
#2894 = CARTESIAN_POINT('',(-0.875,-1.1,0.));
#2895 = VECTOR('',#2896,1.);
#2896 = DIRECTION('',(-5.665538897648E-16,-1.,0.));
#2897 = ORIENTED_EDGE('',*,*,#2898,.T.);
#2898 = EDGE_CURVE('',#2889,#1268,#2899,.T.);
#2899 = LINE('',#2900,#2901);
#2900 = CARTESIAN_POINT('',(-0.875,-1.1,0.));
#2901 = VECTOR('',#2902,1.);
#2902 = DIRECTION('',(0.,0.,1.));
#2903 = ORIENTED_EDGE('',*,*,#1267,.F.);
#2904 = ORIENTED_EDGE('',*,*,#2747,.T.);
#2905 = ORIENTED_EDGE('',*,*,#2906,.T.);
#2906 = EDGE_CURVE('',#2748,#2907,#2909,.T.);
#2907 = VERTEX_POINT('',#2908);
#2908 = CARTESIAN_POINT('',(-0.875,-1.5,0.2));
#2909 = LINE('',#2910,#2911);
#2910 = CARTESIAN_POINT('',(-0.875,-1.1,0.2));
#2911 = VECTOR('',#2912,1.);
#2912 = DIRECTION('',(-5.665538897648E-16,-1.,0.));
#2913 = ORIENTED_EDGE('',*,*,#2914,.F.);
#2914 = EDGE_CURVE('',#2891,#2907,#2915,.T.);
#2915 = LINE('',#2916,#2917);
#2916 = CARTESIAN_POINT('',(-0.875,-1.5,0.));
#2917 = VECTOR('',#2918,1.);
#2918 = DIRECTION('',(0.,0.,1.));
#2919 = PLANE('',#2920);
#2920 = AXIS2_PLACEMENT_3D('',#2921,#2922,#2923);
#2921 = CARTESIAN_POINT('',(-0.875,-1.1,0.));
#2922 = DIRECTION('',(1.,-5.665538897648E-16,0.));
#2923 = DIRECTION('',(-5.665538897648E-16,-1.,0.));
#2924 = ADVANCED_FACE('',(#2925),#2943,.F.);
#2925 = FACE_BOUND('',#2926,.F.);
#2926 = EDGE_LOOP('',(#2927,#2935,#2936,#2937));
#2927 = ORIENTED_EDGE('',*,*,#2928,.F.);
#2928 = EDGE_CURVE('',#2851,#2929,#2931,.T.);
#2929 = VERTEX_POINT('',#2930);
#2930 = CARTESIAN_POINT('',(1.1,0.625,0.));
#2931 = LINE('',#2932,#2933);
#2932 = CARTESIAN_POINT('',(1.1,0.875,0.));
#2933 = VECTOR('',#2934,1.);
#2934 = DIRECTION('',(-3.445092848398E-16,-1.,0.));
#2935 = ORIENTED_EDGE('',*,*,#2874,.T.);
#2936 = ORIENTED_EDGE('',*,*,#1507,.F.);
#2937 = ORIENTED_EDGE('',*,*,#2938,.F.);
#2938 = EDGE_CURVE('',#2929,#1500,#2939,.T.);
#2939 = LINE('',#2940,#2941);
#2940 = CARTESIAN_POINT('',(1.1,0.625,0.));
#2941 = VECTOR('',#2942,1.);
#2942 = DIRECTION('',(0.,0.,1.));
#2943 = PLANE('',#2944);
#2944 = AXIS2_PLACEMENT_3D('',#2945,#2946,#2947);
#2945 = CARTESIAN_POINT('',(1.1,0.875,0.));
#2946 = DIRECTION('',(1.,-3.445092848398E-16,0.));
#2947 = DIRECTION('',(-3.445092848398E-16,-1.,0.));
#2948 = ADVANCED_FACE('',(#2949),#2967,.F.);
#2949 = FACE_BOUND('',#2950,.F.);
#2950 = EDGE_LOOP('',(#2951,#2959,#2965,#2966));
#2951 = ORIENTED_EDGE('',*,*,#2952,.F.);
#2952 = EDGE_CURVE('',#2953,#2889,#2955,.T.);
#2953 = VERTEX_POINT('',#2954);
#2954 = CARTESIAN_POINT('',(-0.625,-1.1,0.));
#2955 = LINE('',#2956,#2957);
#2956 = CARTESIAN_POINT('',(-0.625,-1.1,0.));
#2957 = VECTOR('',#2958,1.);
#2958 = DIRECTION('',(-1.,5.665538897648E-16,0.));
#2959 = ORIENTED_EDGE('',*,*,#2960,.T.);
#2960 = EDGE_CURVE('',#2953,#1276,#2961,.T.);
#2961 = LINE('',#2962,#2963);
#2962 = CARTESIAN_POINT('',(-0.625,-1.1,0.));
#2963 = VECTOR('',#2964,1.);
#2964 = DIRECTION('',(0.,0.,1.));
#2965 = ORIENTED_EDGE('',*,*,#1275,.F.);
#2966 = ORIENTED_EDGE('',*,*,#2898,.F.);
#2967 = PLANE('',#2968);
#2968 = AXIS2_PLACEMENT_3D('',#2969,#2970,#2971);
#2969 = CARTESIAN_POINT('',(-0.625,-1.1,0.));
#2970 = DIRECTION('',(-5.665538897648E-16,-1.,0.));
#2971 = DIRECTION('',(-1.,5.665538897648E-16,0.));
#2972 = ADVANCED_FACE('',(#2973),#3000,.F.);
#2973 = FACE_BOUND('',#2974,.F.);
#2974 = EDGE_LOOP('',(#2975,#2983,#2984,#2985,#2986,#2994));
#2975 = ORIENTED_EDGE('',*,*,#2976,.F.);
#2976 = EDGE_CURVE('',#2929,#2977,#2979,.T.);
#2977 = VERTEX_POINT('',#2978);
#2978 = CARTESIAN_POINT('',(1.5,0.625,0.));
#2979 = LINE('',#2980,#2981);
#2980 = CARTESIAN_POINT('',(1.1,0.625,0.));
#2981 = VECTOR('',#2982,1.);
#2982 = DIRECTION('',(1.,-3.445092848398E-16,0.));
#2983 = ORIENTED_EDGE('',*,*,#2938,.T.);
#2984 = ORIENTED_EDGE('',*,*,#1499,.F.);
#2985 = ORIENTED_EDGE('',*,*,#2709,.T.);
#2986 = ORIENTED_EDGE('',*,*,#2987,.T.);
#2987 = EDGE_CURVE('',#2710,#2988,#2990,.T.);
#2988 = VERTEX_POINT('',#2989);
#2989 = CARTESIAN_POINT('',(1.5,0.625,0.2));
#2990 = LINE('',#2991,#2992);
#2991 = CARTESIAN_POINT('',(1.1,0.625,0.2));
#2992 = VECTOR('',#2993,1.);
#2993 = DIRECTION('',(1.,-3.445092848398E-16,0.));
#2994 = ORIENTED_EDGE('',*,*,#2995,.F.);
#2995 = EDGE_CURVE('',#2977,#2988,#2996,.T.);
#2996 = LINE('',#2997,#2998);
#2997 = CARTESIAN_POINT('',(1.5,0.625,0.));
#2998 = VECTOR('',#2999,1.);
#2999 = DIRECTION('',(0.,0.,1.));
#3000 = PLANE('',#3001);
#3001 = AXIS2_PLACEMENT_3D('',#3002,#3003,#3004);
#3002 = CARTESIAN_POINT('',(1.1,0.625,0.));
#3003 = DIRECTION('',(3.445092848398E-16,1.,0.));
#3004 = DIRECTION('',(1.,-3.445092848398E-16,0.));
#3005 = ADVANCED_FACE('',(#3006),#3033,.F.);
#3006 = FACE_BOUND('',#3007,.F.);
#3007 = EDGE_LOOP('',(#3008,#3016,#3024,#3030,#3031,#3032));
#3008 = ORIENTED_EDGE('',*,*,#3009,.F.);
#3009 = EDGE_CURVE('',#3010,#2953,#3012,.T.);
#3010 = VERTEX_POINT('',#3011);
#3011 = CARTESIAN_POINT('',(-0.625,-1.5,0.));
#3012 = LINE('',#3013,#3014);
#3013 = CARTESIAN_POINT('',(-0.625,-1.5,0.));
#3014 = VECTOR('',#3015,1.);
#3015 = DIRECTION('',(5.665538897648E-16,1.,0.));
#3016 = ORIENTED_EDGE('',*,*,#3017,.T.);
#3017 = EDGE_CURVE('',#3010,#3018,#3020,.T.);
#3018 = VERTEX_POINT('',#3019);
#3019 = CARTESIAN_POINT('',(-0.625,-1.5,0.2));
#3020 = LINE('',#3021,#3022);
#3021 = CARTESIAN_POINT('',(-0.625,-1.5,0.));
#3022 = VECTOR('',#3023,1.);
#3023 = DIRECTION('',(0.,0.,1.));
#3024 = ORIENTED_EDGE('',*,*,#3025,.T.);
#3025 = EDGE_CURVE('',#3018,#2756,#3026,.T.);
#3026 = LINE('',#3027,#3028);
#3027 = CARTESIAN_POINT('',(-0.625,-1.5,0.2));
#3028 = VECTOR('',#3029,1.);
#3029 = DIRECTION('',(5.665538897648E-16,1.,0.));
#3030 = ORIENTED_EDGE('',*,*,#2763,.T.);
#3031 = ORIENTED_EDGE('',*,*,#1283,.F.);
#3032 = ORIENTED_EDGE('',*,*,#2960,.F.);
#3033 = PLANE('',#3034);
#3034 = AXIS2_PLACEMENT_3D('',#3035,#3036,#3037);
#3035 = CARTESIAN_POINT('',(-0.625,-1.5,0.));
#3036 = DIRECTION('',(-1.,5.665538897648E-16,0.));
#3037 = DIRECTION('',(5.665538897648E-16,1.,0.));
#3038 = ADVANCED_FACE('',(#3039),#3073,.F.);
#3039 = FACE_BOUND('',#3040,.F.);
#3040 = EDGE_LOOP('',(#3041,#3051,#3059,#3065,#3066,#3067));
#3041 = ORIENTED_EDGE('',*,*,#3042,.F.);
#3042 = EDGE_CURVE('',#3043,#3045,#3047,.T.);
#3043 = VERTEX_POINT('',#3044);
#3044 = CARTESIAN_POINT('',(1.5,0.375,0.));
#3045 = VERTEX_POINT('',#3046);
#3046 = CARTESIAN_POINT('',(1.1,0.375,0.));
#3047 = LINE('',#3048,#3049);
#3048 = CARTESIAN_POINT('',(1.5,0.375,0.));
#3049 = VECTOR('',#3050,1.);
#3050 = DIRECTION('',(-1.,3.445092848398E-16,0.));
#3051 = ORIENTED_EDGE('',*,*,#3052,.T.);
#3052 = EDGE_CURVE('',#3043,#3053,#3055,.T.);
#3053 = VERTEX_POINT('',#3054);
#3054 = CARTESIAN_POINT('',(1.5,0.375,0.2));
#3055 = LINE('',#3056,#3057);
#3056 = CARTESIAN_POINT('',(1.5,0.375,0.));
#3057 = VECTOR('',#3058,1.);
#3058 = DIRECTION('',(0.,0.,1.));
#3059 = ORIENTED_EDGE('',*,*,#3060,.T.);
#3060 = EDGE_CURVE('',#3053,#2695,#3061,.T.);
#3061 = LINE('',#3062,#3063);
#3062 = CARTESIAN_POINT('',(1.5,0.375,0.2));
#3063 = VECTOR('',#3064,1.);
#3064 = DIRECTION('',(-1.,3.445092848398E-16,0.));
#3065 = ORIENTED_EDGE('',*,*,#2702,.T.);
#3066 = ORIENTED_EDGE('',*,*,#1483,.F.);
#3067 = ORIENTED_EDGE('',*,*,#3068,.F.);
#3068 = EDGE_CURVE('',#3045,#1476,#3069,.T.);
#3069 = LINE('',#3070,#3071);
#3070 = CARTESIAN_POINT('',(1.1,0.375,0.));
#3071 = VECTOR('',#3072,1.);
#3072 = DIRECTION('',(0.,0.,1.));
#3073 = PLANE('',#3074);
#3074 = AXIS2_PLACEMENT_3D('',#3075,#3076,#3077);
#3075 = CARTESIAN_POINT('',(1.5,0.375,0.));
#3076 = DIRECTION('',(-3.445092848398E-16,-1.,0.));
#3077 = DIRECTION('',(-1.,3.445092848398E-16,0.));
#3078 = ADVANCED_FACE('',(#3079),#3113,.F.);
#3079 = FACE_BOUND('',#3080,.F.);
#3080 = EDGE_LOOP('',(#3081,#3091,#3097,#3098,#3099,#3107));
#3081 = ORIENTED_EDGE('',*,*,#3082,.F.);
#3082 = EDGE_CURVE('',#3083,#3085,#3087,.T.);
#3083 = VERTEX_POINT('',#3084);
#3084 = CARTESIAN_POINT('',(-0.375,-1.1,0.));
#3085 = VERTEX_POINT('',#3086);
#3086 = CARTESIAN_POINT('',(-0.375,-1.5,0.));
#3087 = LINE('',#3088,#3089);
#3088 = CARTESIAN_POINT('',(-0.375,-1.1,0.));
#3089 = VECTOR('',#3090,1.);
#3090 = DIRECTION('',(-5.665538897648E-16,-1.,0.));
#3091 = ORIENTED_EDGE('',*,*,#3092,.T.);
#3092 = EDGE_CURVE('',#3083,#1300,#3093,.T.);
#3093 = LINE('',#3094,#3095);
#3094 = CARTESIAN_POINT('',(-0.375,-1.1,0.));
#3095 = VECTOR('',#3096,1.);
#3096 = DIRECTION('',(0.,0.,1.));
#3097 = ORIENTED_EDGE('',*,*,#1299,.F.);
#3098 = ORIENTED_EDGE('',*,*,#2770,.T.);
#3099 = ORIENTED_EDGE('',*,*,#3100,.T.);
#3100 = EDGE_CURVE('',#2771,#3101,#3103,.T.);
#3101 = VERTEX_POINT('',#3102);
#3102 = CARTESIAN_POINT('',(-0.375,-1.5,0.2));
#3103 = LINE('',#3104,#3105);
#3104 = CARTESIAN_POINT('',(-0.375,-1.1,0.2));
#3105 = VECTOR('',#3106,1.);
#3106 = DIRECTION('',(-5.665538897648E-16,-1.,0.));
#3107 = ORIENTED_EDGE('',*,*,#3108,.F.);
#3108 = EDGE_CURVE('',#3085,#3101,#3109,.T.);
#3109 = LINE('',#3110,#3111);
#3110 = CARTESIAN_POINT('',(-0.375,-1.5,0.));
#3111 = VECTOR('',#3112,1.);
#3112 = DIRECTION('',(0.,0.,1.));
#3113 = PLANE('',#3114);
#3114 = AXIS2_PLACEMENT_3D('',#3115,#3116,#3117);
#3115 = CARTESIAN_POINT('',(-0.375,-1.1,0.));
#3116 = DIRECTION('',(1.,-5.665538897648E-16,0.));
#3117 = DIRECTION('',(-5.665538897648E-16,-1.,0.));
#3118 = ADVANCED_FACE('',(#3119),#3137,.F.);
#3119 = FACE_BOUND('',#3120,.F.);
#3120 = EDGE_LOOP('',(#3121,#3129,#3130,#3131));
#3121 = ORIENTED_EDGE('',*,*,#3122,.F.);
#3122 = EDGE_CURVE('',#3045,#3123,#3125,.T.);
#3123 = VERTEX_POINT('',#3124);
#3124 = CARTESIAN_POINT('',(1.1,0.125,0.));
#3125 = LINE('',#3126,#3127);
#3126 = CARTESIAN_POINT('',(1.1,0.375,0.));
#3127 = VECTOR('',#3128,1.);
#3128 = DIRECTION('',(-3.445092848398E-16,-1.,0.));
#3129 = ORIENTED_EDGE('',*,*,#3068,.T.);
#3130 = ORIENTED_EDGE('',*,*,#1475,.F.);
#3131 = ORIENTED_EDGE('',*,*,#3132,.F.);
#3132 = EDGE_CURVE('',#3123,#1468,#3133,.T.);
#3133 = LINE('',#3134,#3135);
#3134 = CARTESIAN_POINT('',(1.1,0.125,0.));
#3135 = VECTOR('',#3136,1.);
#3136 = DIRECTION('',(0.,0.,1.));
#3137 = PLANE('',#3138);
#3138 = AXIS2_PLACEMENT_3D('',#3139,#3140,#3141);
#3139 = CARTESIAN_POINT('',(1.1,0.375,0.));
#3140 = DIRECTION('',(1.,-3.445092848398E-16,0.));
#3141 = DIRECTION('',(-3.445092848398E-16,-1.,0.));
#3142 = ADVANCED_FACE('',(#3143),#3161,.F.);
#3143 = FACE_BOUND('',#3144,.F.);
#3144 = EDGE_LOOP('',(#3145,#3153,#3159,#3160));
#3145 = ORIENTED_EDGE('',*,*,#3146,.F.);
#3146 = EDGE_CURVE('',#3147,#3083,#3149,.T.);
#3147 = VERTEX_POINT('',#3148);
#3148 = CARTESIAN_POINT('',(-0.125,-1.1,0.));
#3149 = LINE('',#3150,#3151);
#3150 = CARTESIAN_POINT('',(-0.125,-1.1,0.));
#3151 = VECTOR('',#3152,1.);
#3152 = DIRECTION('',(-1.,5.665538897648E-16,0.));
#3153 = ORIENTED_EDGE('',*,*,#3154,.T.);
#3154 = EDGE_CURVE('',#3147,#1308,#3155,.T.);
#3155 = LINE('',#3156,#3157);
#3156 = CARTESIAN_POINT('',(-0.125,-1.1,0.));
#3157 = VECTOR('',#3158,1.);
#3158 = DIRECTION('',(0.,0.,1.));
#3159 = ORIENTED_EDGE('',*,*,#1307,.F.);
#3160 = ORIENTED_EDGE('',*,*,#3092,.F.);
#3161 = PLANE('',#3162);
#3162 = AXIS2_PLACEMENT_3D('',#3163,#3164,#3165);
#3163 = CARTESIAN_POINT('',(-0.125,-1.1,0.));
#3164 = DIRECTION('',(-5.665538897648E-16,-1.,0.));
#3165 = DIRECTION('',(-1.,5.665538897648E-16,0.));
#3166 = ADVANCED_FACE('',(#3167),#3194,.F.);
#3167 = FACE_BOUND('',#3168,.F.);
#3168 = EDGE_LOOP('',(#3169,#3177,#3178,#3179,#3180,#3188));
#3169 = ORIENTED_EDGE('',*,*,#3170,.F.);
#3170 = EDGE_CURVE('',#3123,#3171,#3173,.T.);
#3171 = VERTEX_POINT('',#3172);
#3172 = CARTESIAN_POINT('',(1.5,0.125,0.));
#3173 = LINE('',#3174,#3175);
#3174 = CARTESIAN_POINT('',(1.1,0.125,0.));
#3175 = VECTOR('',#3176,1.);
#3176 = DIRECTION('',(1.,-3.445092848398E-16,0.));
#3177 = ORIENTED_EDGE('',*,*,#3132,.T.);
#3178 = ORIENTED_EDGE('',*,*,#1467,.F.);
#3179 = ORIENTED_EDGE('',*,*,#2686,.T.);
#3180 = ORIENTED_EDGE('',*,*,#3181,.T.);
#3181 = EDGE_CURVE('',#2687,#3182,#3184,.T.);
#3182 = VERTEX_POINT('',#3183);
#3183 = CARTESIAN_POINT('',(1.5,0.125,0.2));
#3184 = LINE('',#3185,#3186);
#3185 = CARTESIAN_POINT('',(1.1,0.125,0.2));
#3186 = VECTOR('',#3187,1.);
#3187 = DIRECTION('',(1.,-3.445092848398E-16,0.));
#3188 = ORIENTED_EDGE('',*,*,#3189,.F.);
#3189 = EDGE_CURVE('',#3171,#3182,#3190,.T.);
#3190 = LINE('',#3191,#3192);
#3191 = CARTESIAN_POINT('',(1.5,0.125,0.));
#3192 = VECTOR('',#3193,1.);
#3193 = DIRECTION('',(0.,0.,1.));
#3194 = PLANE('',#3195);
#3195 = AXIS2_PLACEMENT_3D('',#3196,#3197,#3198);
#3196 = CARTESIAN_POINT('',(1.1,0.125,0.));
#3197 = DIRECTION('',(3.445092848398E-16,1.,0.));
#3198 = DIRECTION('',(1.,-3.445092848398E-16,0.));
#3199 = ADVANCED_FACE('',(#3200),#3227,.F.);
#3200 = FACE_BOUND('',#3201,.F.);
#3201 = EDGE_LOOP('',(#3202,#3210,#3218,#3224,#3225,#3226));
#3202 = ORIENTED_EDGE('',*,*,#3203,.F.);
#3203 = EDGE_CURVE('',#3204,#3147,#3206,.T.);
#3204 = VERTEX_POINT('',#3205);
#3205 = CARTESIAN_POINT('',(-0.125,-1.5,0.));
#3206 = LINE('',#3207,#3208);
#3207 = CARTESIAN_POINT('',(-0.125,-1.5,0.));
#3208 = VECTOR('',#3209,1.);
#3209 = DIRECTION('',(5.665538897648E-16,1.,0.));
#3210 = ORIENTED_EDGE('',*,*,#3211,.T.);
#3211 = EDGE_CURVE('',#3204,#3212,#3214,.T.);
#3212 = VERTEX_POINT('',#3213);
#3213 = CARTESIAN_POINT('',(-0.125,-1.5,0.2));
#3214 = LINE('',#3215,#3216);
#3215 = CARTESIAN_POINT('',(-0.125,-1.5,0.));
#3216 = VECTOR('',#3217,1.);
#3217 = DIRECTION('',(0.,0.,1.));
#3218 = ORIENTED_EDGE('',*,*,#3219,.T.);
#3219 = EDGE_CURVE('',#3212,#2779,#3220,.T.);
#3220 = LINE('',#3221,#3222);
#3221 = CARTESIAN_POINT('',(-0.125,-1.5,0.2));
#3222 = VECTOR('',#3223,1.);
#3223 = DIRECTION('',(5.665538897648E-16,1.,0.));
#3224 = ORIENTED_EDGE('',*,*,#2786,.T.);
#3225 = ORIENTED_EDGE('',*,*,#1315,.F.);
#3226 = ORIENTED_EDGE('',*,*,#3154,.F.);
#3227 = PLANE('',#3228);
#3228 = AXIS2_PLACEMENT_3D('',#3229,#3230,#3231);
#3229 = CARTESIAN_POINT('',(-0.125,-1.5,0.));
#3230 = DIRECTION('',(-1.,5.665538897648E-16,0.));
#3231 = DIRECTION('',(5.665538897648E-16,1.,0.));
#3232 = ADVANCED_FACE('',(#3233),#3267,.F.);
#3233 = FACE_BOUND('',#3234,.F.);
#3234 = EDGE_LOOP('',(#3235,#3245,#3253,#3259,#3260,#3261));
#3235 = ORIENTED_EDGE('',*,*,#3236,.F.);
#3236 = EDGE_CURVE('',#3237,#3239,#3241,.T.);
#3237 = VERTEX_POINT('',#3238);
#3238 = CARTESIAN_POINT('',(1.5,-0.125,0.));
#3239 = VERTEX_POINT('',#3240);
#3240 = CARTESIAN_POINT('',(1.1,-0.125,0.));
#3241 = LINE('',#3242,#3243);
#3242 = CARTESIAN_POINT('',(1.5,-0.125,0.));
#3243 = VECTOR('',#3244,1.);
#3244 = DIRECTION('',(-1.,3.445092848398E-16,0.));
#3245 = ORIENTED_EDGE('',*,*,#3246,.T.);
#3246 = EDGE_CURVE('',#3237,#3247,#3249,.T.);
#3247 = VERTEX_POINT('',#3248);
#3248 = CARTESIAN_POINT('',(1.5,-0.125,0.2));
#3249 = LINE('',#3250,#3251);
#3250 = CARTESIAN_POINT('',(1.5,-0.125,0.));
#3251 = VECTOR('',#3252,1.);
#3252 = DIRECTION('',(0.,0.,1.));
#3253 = ORIENTED_EDGE('',*,*,#3254,.T.);
#3254 = EDGE_CURVE('',#3247,#2672,#3255,.T.);
#3255 = LINE('',#3256,#3257);
#3256 = CARTESIAN_POINT('',(1.5,-0.125,0.2));
#3257 = VECTOR('',#3258,1.);
#3258 = DIRECTION('',(-1.,3.445092848398E-16,0.));
#3259 = ORIENTED_EDGE('',*,*,#2679,.T.);
#3260 = ORIENTED_EDGE('',*,*,#1451,.F.);
#3261 = ORIENTED_EDGE('',*,*,#3262,.F.);
#3262 = EDGE_CURVE('',#3239,#1444,#3263,.T.);
#3263 = LINE('',#3264,#3265);
#3264 = CARTESIAN_POINT('',(1.1,-0.125,0.));
#3265 = VECTOR('',#3266,1.);
#3266 = DIRECTION('',(0.,0.,1.));
#3267 = PLANE('',#3268);
#3268 = AXIS2_PLACEMENT_3D('',#3269,#3270,#3271);
#3269 = CARTESIAN_POINT('',(1.5,-0.125,0.));
#3270 = DIRECTION('',(-3.445092848398E-16,-1.,0.));
#3271 = DIRECTION('',(-1.,3.445092848398E-16,0.));
#3272 = ADVANCED_FACE('',(#3273),#3307,.F.);
#3273 = FACE_BOUND('',#3274,.F.);
#3274 = EDGE_LOOP('',(#3275,#3285,#3291,#3292,#3293,#3301));
#3275 = ORIENTED_EDGE('',*,*,#3276,.F.);
#3276 = EDGE_CURVE('',#3277,#3279,#3281,.T.);
#3277 = VERTEX_POINT('',#3278);
#3278 = CARTESIAN_POINT('',(0.125,-1.1,0.));
#3279 = VERTEX_POINT('',#3280);
#3280 = CARTESIAN_POINT('',(0.125,-1.5,0.));
#3281 = LINE('',#3282,#3283);
#3282 = CARTESIAN_POINT('',(0.125,-1.1,0.));
#3283 = VECTOR('',#3284,1.);
#3284 = DIRECTION('',(-5.665538897648E-16,-1.,0.));
#3285 = ORIENTED_EDGE('',*,*,#3286,.T.);
#3286 = EDGE_CURVE('',#3277,#1332,#3287,.T.);
#3287 = LINE('',#3288,#3289);
#3288 = CARTESIAN_POINT('',(0.125,-1.1,0.));
#3289 = VECTOR('',#3290,1.);
#3290 = DIRECTION('',(0.,0.,1.));
#3291 = ORIENTED_EDGE('',*,*,#1331,.F.);
#3292 = ORIENTED_EDGE('',*,*,#2793,.T.);
#3293 = ORIENTED_EDGE('',*,*,#3294,.T.);
#3294 = EDGE_CURVE('',#2794,#3295,#3297,.T.);
#3295 = VERTEX_POINT('',#3296);
#3296 = CARTESIAN_POINT('',(0.125,-1.5,0.2));
#3297 = LINE('',#3298,#3299);
#3298 = CARTESIAN_POINT('',(0.125,-1.1,0.2));
#3299 = VECTOR('',#3300,1.);
#3300 = DIRECTION('',(-5.665538897648E-16,-1.,0.));
#3301 = ORIENTED_EDGE('',*,*,#3302,.F.);
#3302 = EDGE_CURVE('',#3279,#3295,#3303,.T.);
#3303 = LINE('',#3304,#3305);
#3304 = CARTESIAN_POINT('',(0.125,-1.5,0.));
#3305 = VECTOR('',#3306,1.);
#3306 = DIRECTION('',(0.,0.,1.));
#3307 = PLANE('',#3308);
#3308 = AXIS2_PLACEMENT_3D('',#3309,#3310,#3311);
#3309 = CARTESIAN_POINT('',(0.125,-1.1,0.));
#3310 = DIRECTION('',(1.,-5.665538897648E-16,0.));
#3311 = DIRECTION('',(-5.665538897648E-16,-1.,0.));
#3312 = ADVANCED_FACE('',(#3313),#3331,.F.);
#3313 = FACE_BOUND('',#3314,.F.);
#3314 = EDGE_LOOP('',(#3315,#3323,#3324,#3325));
#3315 = ORIENTED_EDGE('',*,*,#3316,.F.);
#3316 = EDGE_CURVE('',#3239,#3317,#3319,.T.);
#3317 = VERTEX_POINT('',#3318);
#3318 = CARTESIAN_POINT('',(1.1,-0.375,0.));
#3319 = LINE('',#3320,#3321);
#3320 = CARTESIAN_POINT('',(1.1,-0.125,0.));
#3321 = VECTOR('',#3322,1.);
#3322 = DIRECTION('',(-3.445092848398E-16,-1.,0.));
#3323 = ORIENTED_EDGE('',*,*,#3262,.T.);
#3324 = ORIENTED_EDGE('',*,*,#1443,.F.);
#3325 = ORIENTED_EDGE('',*,*,#3326,.F.);
#3326 = EDGE_CURVE('',#3317,#1436,#3327,.T.);
#3327 = LINE('',#3328,#3329);
#3328 = CARTESIAN_POINT('',(1.1,-0.375,0.));
#3329 = VECTOR('',#3330,1.);
#3330 = DIRECTION('',(0.,0.,1.));
#3331 = PLANE('',#3332);
#3332 = AXIS2_PLACEMENT_3D('',#3333,#3334,#3335);
#3333 = CARTESIAN_POINT('',(1.1,-0.125,0.));
#3334 = DIRECTION('',(1.,-3.445092848398E-16,0.));
#3335 = DIRECTION('',(-3.445092848398E-16,-1.,0.));
#3336 = ADVANCED_FACE('',(#3337),#3355,.F.);
#3337 = FACE_BOUND('',#3338,.F.);
#3338 = EDGE_LOOP('',(#3339,#3347,#3353,#3354));
#3339 = ORIENTED_EDGE('',*,*,#3340,.F.);
#3340 = EDGE_CURVE('',#3341,#3277,#3343,.T.);
#3341 = VERTEX_POINT('',#3342);
#3342 = CARTESIAN_POINT('',(0.375,-1.1,0.));
#3343 = LINE('',#3344,#3345);
#3344 = CARTESIAN_POINT('',(0.375,-1.1,0.));
#3345 = VECTOR('',#3346,1.);
#3346 = DIRECTION('',(-1.,5.665538897648E-16,0.));
#3347 = ORIENTED_EDGE('',*,*,#3348,.T.);
#3348 = EDGE_CURVE('',#3341,#1340,#3349,.T.);
#3349 = LINE('',#3350,#3351);
#3350 = CARTESIAN_POINT('',(0.375,-1.1,0.));
#3351 = VECTOR('',#3352,1.);
#3352 = DIRECTION('',(0.,0.,1.));
#3353 = ORIENTED_EDGE('',*,*,#1339,.F.);
#3354 = ORIENTED_EDGE('',*,*,#3286,.F.);
#3355 = PLANE('',#3356);
#3356 = AXIS2_PLACEMENT_3D('',#3357,#3358,#3359);
#3357 = CARTESIAN_POINT('',(0.375,-1.1,0.));
#3358 = DIRECTION('',(-5.665538897648E-16,-1.,0.));
#3359 = DIRECTION('',(-1.,5.665538897648E-16,0.));
#3360 = ADVANCED_FACE('',(#3361),#3388,.F.);
#3361 = FACE_BOUND('',#3362,.F.);
#3362 = EDGE_LOOP('',(#3363,#3371,#3372,#3373,#3374,#3382));
#3363 = ORIENTED_EDGE('',*,*,#3364,.F.);
#3364 = EDGE_CURVE('',#3317,#3365,#3367,.T.);
#3365 = VERTEX_POINT('',#3366);
#3366 = CARTESIAN_POINT('',(1.5,-0.375,0.));
#3367 = LINE('',#3368,#3369);
#3368 = CARTESIAN_POINT('',(1.1,-0.375,0.));
#3369 = VECTOR('',#3370,1.);
#3370 = DIRECTION('',(1.,-3.445092848398E-16,0.));
#3371 = ORIENTED_EDGE('',*,*,#3326,.T.);
#3372 = ORIENTED_EDGE('',*,*,#1435,.F.);
#3373 = ORIENTED_EDGE('',*,*,#2663,.T.);
#3374 = ORIENTED_EDGE('',*,*,#3375,.T.);
#3375 = EDGE_CURVE('',#2664,#3376,#3378,.T.);
#3376 = VERTEX_POINT('',#3377);
#3377 = CARTESIAN_POINT('',(1.5,-0.375,0.2));
#3378 = LINE('',#3379,#3380);
#3379 = CARTESIAN_POINT('',(1.1,-0.375,0.2));
#3380 = VECTOR('',#3381,1.);
#3381 = DIRECTION('',(1.,-3.445092848398E-16,0.));
#3382 = ORIENTED_EDGE('',*,*,#3383,.F.);
#3383 = EDGE_CURVE('',#3365,#3376,#3384,.T.);
#3384 = LINE('',#3385,#3386);
#3385 = CARTESIAN_POINT('',(1.5,-0.375,0.));
#3386 = VECTOR('',#3387,1.);
#3387 = DIRECTION('',(0.,0.,1.));
#3388 = PLANE('',#3389);
#3389 = AXIS2_PLACEMENT_3D('',#3390,#3391,#3392);
#3390 = CARTESIAN_POINT('',(1.1,-0.375,0.));
#3391 = DIRECTION('',(3.445092848398E-16,1.,0.));
#3392 = DIRECTION('',(1.,-3.445092848398E-16,0.));
#3393 = ADVANCED_FACE('',(#3394),#3421,.F.);
#3394 = FACE_BOUND('',#3395,.F.);
#3395 = EDGE_LOOP('',(#3396,#3404,#3412,#3418,#3419,#3420));
#3396 = ORIENTED_EDGE('',*,*,#3397,.F.);
#3397 = EDGE_CURVE('',#3398,#3341,#3400,.T.);
#3398 = VERTEX_POINT('',#3399);
#3399 = CARTESIAN_POINT('',(0.375,-1.5,0.));
#3400 = LINE('',#3401,#3402);
#3401 = CARTESIAN_POINT('',(0.375,-1.5,0.));
#3402 = VECTOR('',#3403,1.);
#3403 = DIRECTION('',(5.665538897648E-16,1.,0.));
#3404 = ORIENTED_EDGE('',*,*,#3405,.T.);
#3405 = EDGE_CURVE('',#3398,#3406,#3408,.T.);
#3406 = VERTEX_POINT('',#3407);
#3407 = CARTESIAN_POINT('',(0.375,-1.5,0.2));
#3408 = LINE('',#3409,#3410);
#3409 = CARTESIAN_POINT('',(0.375,-1.5,0.));
#3410 = VECTOR('',#3411,1.);
#3411 = DIRECTION('',(0.,0.,1.));
#3412 = ORIENTED_EDGE('',*,*,#3413,.T.);
#3413 = EDGE_CURVE('',#3406,#2802,#3414,.T.);
#3414 = LINE('',#3415,#3416);
#3415 = CARTESIAN_POINT('',(0.375,-1.5,0.2));
#3416 = VECTOR('',#3417,1.);
#3417 = DIRECTION('',(5.665538897648E-16,1.,0.));
#3418 = ORIENTED_EDGE('',*,*,#2809,.T.);
#3419 = ORIENTED_EDGE('',*,*,#1347,.F.);
#3420 = ORIENTED_EDGE('',*,*,#3348,.F.);
#3421 = PLANE('',#3422);
#3422 = AXIS2_PLACEMENT_3D('',#3423,#3424,#3425);
#3423 = CARTESIAN_POINT('',(0.375,-1.5,0.));
#3424 = DIRECTION('',(-1.,5.665538897648E-16,0.));
#3425 = DIRECTION('',(5.665538897648E-16,1.,0.));
#3426 = ADVANCED_FACE('',(#3427),#3461,.F.);
#3427 = FACE_BOUND('',#3428,.F.);
#3428 = EDGE_LOOP('',(#3429,#3439,#3447,#3453,#3454,#3455));
#3429 = ORIENTED_EDGE('',*,*,#3430,.F.);
#3430 = EDGE_CURVE('',#3431,#3433,#3435,.T.);
#3431 = VERTEX_POINT('',#3432);
#3432 = CARTESIAN_POINT('',(1.5,-0.625,0.));
#3433 = VERTEX_POINT('',#3434);
#3434 = CARTESIAN_POINT('',(1.1,-0.625,0.));
#3435 = LINE('',#3436,#3437);
#3436 = CARTESIAN_POINT('',(1.5,-0.625,0.));
#3437 = VECTOR('',#3438,1.);
#3438 = DIRECTION('',(-1.,3.445092848398E-16,0.));
#3439 = ORIENTED_EDGE('',*,*,#3440,.T.);
#3440 = EDGE_CURVE('',#3431,#3441,#3443,.T.);
#3441 = VERTEX_POINT('',#3442);
#3442 = CARTESIAN_POINT('',(1.5,-0.625,0.2));
#3443 = LINE('',#3444,#3445);
#3444 = CARTESIAN_POINT('',(1.5,-0.625,0.));
#3445 = VECTOR('',#3446,1.);
#3446 = DIRECTION('',(0.,0.,1.));
#3447 = ORIENTED_EDGE('',*,*,#3448,.T.);
#3448 = EDGE_CURVE('',#3441,#2649,#3449,.T.);
#3449 = LINE('',#3450,#3451);
#3450 = CARTESIAN_POINT('',(1.5,-0.625,0.2));
#3451 = VECTOR('',#3452,1.);
#3452 = DIRECTION('',(-1.,3.445092848398E-16,0.));
#3453 = ORIENTED_EDGE('',*,*,#2656,.T.);
#3454 = ORIENTED_EDGE('',*,*,#1419,.F.);
#3455 = ORIENTED_EDGE('',*,*,#3456,.F.);
#3456 = EDGE_CURVE('',#3433,#1412,#3457,.T.);
#3457 = LINE('',#3458,#3459);
#3458 = CARTESIAN_POINT('',(1.1,-0.625,0.));
#3459 = VECTOR('',#3460,1.);
#3460 = DIRECTION('',(0.,0.,1.));
#3461 = PLANE('',#3462);
#3462 = AXIS2_PLACEMENT_3D('',#3463,#3464,#3465);
#3463 = CARTESIAN_POINT('',(1.5,-0.625,0.));
#3464 = DIRECTION('',(-3.445092848398E-16,-1.,0.));
#3465 = DIRECTION('',(-1.,3.445092848398E-16,0.));
#3466 = ADVANCED_FACE('',(#3467),#3501,.F.);
#3467 = FACE_BOUND('',#3468,.F.);
#3468 = EDGE_LOOP('',(#3469,#3479,#3485,#3486,#3487,#3495));
#3469 = ORIENTED_EDGE('',*,*,#3470,.F.);
#3470 = EDGE_CURVE('',#3471,#3473,#3475,.T.);
#3471 = VERTEX_POINT('',#3472);
#3472 = CARTESIAN_POINT('',(0.625,-1.1,0.));
#3473 = VERTEX_POINT('',#3474);
#3474 = CARTESIAN_POINT('',(0.625,-1.5,0.));
#3475 = LINE('',#3476,#3477);
#3476 = CARTESIAN_POINT('',(0.625,-1.1,0.));
#3477 = VECTOR('',#3478,1.);
#3478 = DIRECTION('',(-5.665538897648E-16,-1.,0.));
#3479 = ORIENTED_EDGE('',*,*,#3480,.T.);
#3480 = EDGE_CURVE('',#3471,#1364,#3481,.T.);
#3481 = LINE('',#3482,#3483);
#3482 = CARTESIAN_POINT('',(0.625,-1.1,0.));
#3483 = VECTOR('',#3484,1.);
#3484 = DIRECTION('',(0.,0.,1.));
#3485 = ORIENTED_EDGE('',*,*,#1363,.F.);
#3486 = ORIENTED_EDGE('',*,*,#2816,.T.);
#3487 = ORIENTED_EDGE('',*,*,#3488,.T.);
#3488 = EDGE_CURVE('',#2817,#3489,#3491,.T.);
#3489 = VERTEX_POINT('',#3490);
#3490 = CARTESIAN_POINT('',(0.625,-1.5,0.2));
#3491 = LINE('',#3492,#3493);
#3492 = CARTESIAN_POINT('',(0.625,-1.1,0.2));
#3493 = VECTOR('',#3494,1.);
#3494 = DIRECTION('',(-5.665538897648E-16,-1.,0.));
#3495 = ORIENTED_EDGE('',*,*,#3496,.F.);
#3496 = EDGE_CURVE('',#3473,#3489,#3497,.T.);
#3497 = LINE('',#3498,#3499);
#3498 = CARTESIAN_POINT('',(0.625,-1.5,0.));
#3499 = VECTOR('',#3500,1.);
#3500 = DIRECTION('',(0.,0.,1.));
#3501 = PLANE('',#3502);
#3502 = AXIS2_PLACEMENT_3D('',#3503,#3504,#3505);
#3503 = CARTESIAN_POINT('',(0.625,-1.1,0.));
#3504 = DIRECTION('',(1.,-5.665538897648E-16,0.));
#3505 = DIRECTION('',(-5.665538897648E-16,-1.,0.));
#3506 = ADVANCED_FACE('',(#3507),#3525,.F.);
#3507 = FACE_BOUND('',#3508,.F.);
#3508 = EDGE_LOOP('',(#3509,#3517,#3518,#3519));
#3509 = ORIENTED_EDGE('',*,*,#3510,.F.);
#3510 = EDGE_CURVE('',#3433,#3511,#3513,.T.);
#3511 = VERTEX_POINT('',#3512);
#3512 = CARTESIAN_POINT('',(1.1,-0.875,0.));
#3513 = LINE('',#3514,#3515);
#3514 = CARTESIAN_POINT('',(1.1,-0.625,0.));
#3515 = VECTOR('',#3516,1.);
#3516 = DIRECTION('',(-3.445092848398E-16,-1.,0.));
#3517 = ORIENTED_EDGE('',*,*,#3456,.T.);
#3518 = ORIENTED_EDGE('',*,*,#1411,.F.);
#3519 = ORIENTED_EDGE('',*,*,#3520,.F.);
#3520 = EDGE_CURVE('',#3511,#1404,#3521,.T.);
#3521 = LINE('',#3522,#3523);
#3522 = CARTESIAN_POINT('',(1.1,-0.875,0.));
#3523 = VECTOR('',#3524,1.);
#3524 = DIRECTION('',(0.,0.,1.));
#3525 = PLANE('',#3526);
#3526 = AXIS2_PLACEMENT_3D('',#3527,#3528,#3529);
#3527 = CARTESIAN_POINT('',(1.1,-0.625,0.));
#3528 = DIRECTION('',(1.,-3.445092848398E-16,0.));
#3529 = DIRECTION('',(-3.445092848398E-16,-1.,0.));
#3530 = ADVANCED_FACE('',(#3531),#3549,.F.);
#3531 = FACE_BOUND('',#3532,.F.);
#3532 = EDGE_LOOP('',(#3533,#3541,#3547,#3548));
#3533 = ORIENTED_EDGE('',*,*,#3534,.F.);
#3534 = EDGE_CURVE('',#3535,#3471,#3537,.T.);
#3535 = VERTEX_POINT('',#3536);
#3536 = CARTESIAN_POINT('',(0.875,-1.1,0.));
#3537 = LINE('',#3538,#3539);
#3538 = CARTESIAN_POINT('',(0.875,-1.1,0.));
#3539 = VECTOR('',#3540,1.);
#3540 = DIRECTION('',(-1.,5.665538897648E-16,0.));
#3541 = ORIENTED_EDGE('',*,*,#3542,.T.);
#3542 = EDGE_CURVE('',#3535,#1372,#3543,.T.);
#3543 = LINE('',#3544,#3545);
#3544 = CARTESIAN_POINT('',(0.875,-1.1,0.));
#3545 = VECTOR('',#3546,1.);
#3546 = DIRECTION('',(0.,0.,1.));
#3547 = ORIENTED_EDGE('',*,*,#1371,.F.);
#3548 = ORIENTED_EDGE('',*,*,#3480,.F.);
#3549 = PLANE('',#3550);
#3550 = AXIS2_PLACEMENT_3D('',#3551,#3552,#3553);
#3551 = CARTESIAN_POINT('',(0.875,-1.1,0.));
#3552 = DIRECTION('',(-5.665538897648E-16,-1.,0.));
#3553 = DIRECTION('',(-1.,5.665538897648E-16,0.));
#3554 = ADVANCED_FACE('',(#3555),#3582,.F.);
#3555 = FACE_BOUND('',#3556,.F.);
#3556 = EDGE_LOOP('',(#3557,#3565,#3566,#3567,#3568,#3576));
#3557 = ORIENTED_EDGE('',*,*,#3558,.F.);
#3558 = EDGE_CURVE('',#3511,#3559,#3561,.T.);
#3559 = VERTEX_POINT('',#3560);
#3560 = CARTESIAN_POINT('',(1.5,-0.875,0.));
#3561 = LINE('',#3562,#3563);
#3562 = CARTESIAN_POINT('',(1.1,-0.875,0.));
#3563 = VECTOR('',#3564,1.);
#3564 = DIRECTION('',(1.,-3.445092848398E-16,0.));
#3565 = ORIENTED_EDGE('',*,*,#3520,.T.);
#3566 = ORIENTED_EDGE('',*,*,#1403,.F.);
#3567 = ORIENTED_EDGE('',*,*,#2640,.T.);
#3568 = ORIENTED_EDGE('',*,*,#3569,.T.);
#3569 = EDGE_CURVE('',#2641,#3570,#3572,.T.);
#3570 = VERTEX_POINT('',#3571);
#3571 = CARTESIAN_POINT('',(1.5,-0.875,0.2));
#3572 = LINE('',#3573,#3574);
#3573 = CARTESIAN_POINT('',(1.1,-0.875,0.2));
#3574 = VECTOR('',#3575,1.);
#3575 = DIRECTION('',(1.,-3.445092848398E-16,0.));
#3576 = ORIENTED_EDGE('',*,*,#3577,.F.);
#3577 = EDGE_CURVE('',#3559,#3570,#3578,.T.);
#3578 = LINE('',#3579,#3580);
#3579 = CARTESIAN_POINT('',(1.5,-0.875,0.));
#3580 = VECTOR('',#3581,1.);
#3581 = DIRECTION('',(0.,0.,1.));
#3582 = PLANE('',#3583);
#3583 = AXIS2_PLACEMENT_3D('',#3584,#3585,#3586);
#3584 = CARTESIAN_POINT('',(1.1,-0.875,0.));
#3585 = DIRECTION('',(3.445092848398E-16,1.,0.));
#3586 = DIRECTION('',(1.,-3.445092848398E-16,0.));
#3587 = ADVANCED_FACE('',(#3588),#3615,.F.);
#3588 = FACE_BOUND('',#3589,.F.);
#3589 = EDGE_LOOP('',(#3590,#3598,#3606,#3612,#3613,#3614));
#3590 = ORIENTED_EDGE('',*,*,#3591,.F.);
#3591 = EDGE_CURVE('',#3592,#3535,#3594,.T.);
#3592 = VERTEX_POINT('',#3593);
#3593 = CARTESIAN_POINT('',(0.875,-1.5,0.));
#3594 = LINE('',#3595,#3596);
#3595 = CARTESIAN_POINT('',(0.875,-1.5,0.));
#3596 = VECTOR('',#3597,1.);
#3597 = DIRECTION('',(5.665538897648E-16,1.,0.));
#3598 = ORIENTED_EDGE('',*,*,#3599,.T.);
#3599 = EDGE_CURVE('',#3592,#3600,#3602,.T.);
#3600 = VERTEX_POINT('',#3601);
#3601 = CARTESIAN_POINT('',(0.875,-1.5,0.2));
#3602 = LINE('',#3603,#3604);
#3603 = CARTESIAN_POINT('',(0.875,-1.5,0.));
#3604 = VECTOR('',#3605,1.);
#3605 = DIRECTION('',(0.,0.,1.));
#3606 = ORIENTED_EDGE('',*,*,#3607,.T.);
#3607 = EDGE_CURVE('',#3600,#2825,#3608,.T.);
#3608 = LINE('',#3609,#3610);
#3609 = CARTESIAN_POINT('',(0.875,-1.5,0.2));
#3610 = VECTOR('',#3611,1.);
#3611 = DIRECTION('',(5.665538897648E-16,1.,0.));
#3612 = ORIENTED_EDGE('',*,*,#2832,.T.);
#3613 = ORIENTED_EDGE('',*,*,#1379,.F.);
#3614 = ORIENTED_EDGE('',*,*,#3542,.F.);
#3615 = PLANE('',#3616);
#3616 = AXIS2_PLACEMENT_3D('',#3617,#3618,#3619);
#3617 = CARTESIAN_POINT('',(0.875,-1.5,0.));
#3618 = DIRECTION('',(-1.,5.665538897648E-16,0.));
#3619 = DIRECTION('',(5.665538897648E-16,1.,0.));
#3620 = ADVANCED_FACE('',(#3621),#3646,.F.);
#3621 = FACE_BOUND('',#3622,.F.);
#3622 = EDGE_LOOP('',(#3623,#3631,#3632,#3640));
#3623 = ORIENTED_EDGE('',*,*,#3624,.T.);
#3624 = EDGE_CURVE('',#3625,#1660,#3627,.T.);
#3625 = VERTEX_POINT('',#3626);
#3626 = CARTESIAN_POINT('',(-0.975,0.575,0.));
#3627 = LINE('',#3628,#3629);
#3628 = CARTESIAN_POINT('',(-0.975,0.575,0.));
#3629 = VECTOR('',#3630,1.);
#3630 = DIRECTION('',(0.,0.,1.));
#3631 = ORIENTED_EDGE('',*,*,#1659,.T.);
#3632 = ORIENTED_EDGE('',*,*,#3633,.F.);
#3633 = EDGE_CURVE('',#3634,#1662,#3636,.T.);
#3634 = VERTEX_POINT('',#3635);
#3635 = CARTESIAN_POINT('',(-0.975,-0.975,0.));
#3636 = LINE('',#3637,#3638);
#3637 = CARTESIAN_POINT('',(-0.975,-0.975,0.));
#3638 = VECTOR('',#3639,1.);
#3639 = DIRECTION('',(0.,0.,1.));
#3640 = ORIENTED_EDGE('',*,*,#3641,.F.);
#3641 = EDGE_CURVE('',#3625,#3634,#3642,.T.);
#3642 = LINE('',#3643,#3644);
#3643 = CARTESIAN_POINT('',(-0.975,0.575,0.));
#3644 = VECTOR('',#3645,1.);
#3645 = DIRECTION('',(-2.22044604925E-16,-1.,0.));
#3646 = PLANE('',#3647);
#3647 = AXIS2_PLACEMENT_3D('',#3648,#3649,#3650);
#3648 = CARTESIAN_POINT('',(-0.975,0.575,0.));
#3649 = DIRECTION('',(1.,-2.22044604925E-16,0.));
#3650 = DIRECTION('',(-2.22044604925E-16,-1.,0.));
#3651 = ADVANCED_FACE('',(#3652),#3670,.F.);
#3652 = FACE_BOUND('',#3653,.F.);
#3653 = EDGE_LOOP('',(#3654,#3655,#3656,#3664));
#3654 = ORIENTED_EDGE('',*,*,#3633,.T.);
#3655 = ORIENTED_EDGE('',*,*,#1693,.T.);
#3656 = ORIENTED_EDGE('',*,*,#3657,.F.);
#3657 = EDGE_CURVE('',#3658,#1686,#3660,.T.);
#3658 = VERTEX_POINT('',#3659);
#3659 = CARTESIAN_POINT('',(0.975,-0.975,0.));
#3660 = LINE('',#3661,#3662);
#3661 = CARTESIAN_POINT('',(0.975,-0.975,0.));
#3662 = VECTOR('',#3663,1.);
#3663 = DIRECTION('',(0.,0.,1.));
#3664 = ORIENTED_EDGE('',*,*,#3665,.F.);
#3665 = EDGE_CURVE('',#3634,#3658,#3666,.T.);
#3666 = LINE('',#3667,#3668);
#3667 = CARTESIAN_POINT('',(-0.975,-0.975,0.));
#3668 = VECTOR('',#3669,1.);
#3669 = DIRECTION('',(1.,-2.789791190084E-16,0.));
#3670 = PLANE('',#3671);
#3671 = AXIS2_PLACEMENT_3D('',#3672,#3673,#3674);
#3672 = CARTESIAN_POINT('',(-0.975,-0.975,0.));
#3673 = DIRECTION('',(2.789791190084E-16,1.,0.));
#3674 = DIRECTION('',(1.,-2.789791190084E-16,0.));
#3675 = ADVANCED_FACE('',(#3676),#3694,.F.);
#3676 = FACE_BOUND('',#3677,.F.);
#3677 = EDGE_LOOP('',(#3678,#3679,#3680,#3688));
#3678 = ORIENTED_EDGE('',*,*,#3657,.T.);
#3679 = ORIENTED_EDGE('',*,*,#1685,.T.);
#3680 = ORIENTED_EDGE('',*,*,#3681,.F.);
#3681 = EDGE_CURVE('',#3682,#1678,#3684,.T.);
#3682 = VERTEX_POINT('',#3683);
#3683 = CARTESIAN_POINT('',(0.975,0.975,0.));
#3684 = LINE('',#3685,#3686);
#3685 = CARTESIAN_POINT('',(0.975,0.975,0.));
#3686 = VECTOR('',#3687,1.);
#3687 = DIRECTION('',(0.,0.,1.));
#3688 = ORIENTED_EDGE('',*,*,#3689,.F.);
#3689 = EDGE_CURVE('',#3658,#3682,#3690,.T.);
#3690 = LINE('',#3691,#3692);
#3691 = CARTESIAN_POINT('',(0.975,-0.975,0.));
#3692 = VECTOR('',#3693,1.);
#3693 = DIRECTION('',(2.22044604925E-16,1.,0.));
#3694 = PLANE('',#3695);
#3695 = AXIS2_PLACEMENT_3D('',#3696,#3697,#3698);
#3696 = CARTESIAN_POINT('',(0.975,-0.975,0.));
#3697 = DIRECTION('',(-1.,2.22044604925E-16,0.));
#3698 = DIRECTION('',(2.22044604925E-16,1.,0.));
#3699 = ADVANCED_FACE('',(#3700),#3718,.F.);
#3700 = FACE_BOUND('',#3701,.F.);
#3701 = EDGE_LOOP('',(#3702,#3703,#3704,#3712));
#3702 = ORIENTED_EDGE('',*,*,#3681,.T.);
#3703 = ORIENTED_EDGE('',*,*,#1677,.T.);
#3704 = ORIENTED_EDGE('',*,*,#3705,.F.);
#3705 = EDGE_CURVE('',#3706,#1670,#3708,.T.);
#3706 = VERTEX_POINT('',#3707);
#3707 = CARTESIAN_POINT('',(-0.575,0.975,0.));
#3708 = LINE('',#3709,#3710);
#3709 = CARTESIAN_POINT('',(-0.575,0.975,0.));
#3710 = VECTOR('',#3711,1.);
#3711 = DIRECTION('',(0.,0.,1.));
#3712 = ORIENTED_EDGE('',*,*,#3713,.F.);
#3713 = EDGE_CURVE('',#3682,#3706,#3714,.T.);
#3714 = LINE('',#3715,#3716);
#3715 = CARTESIAN_POINT('',(0.975,0.975,0.));
#3716 = VECTOR('',#3717,1.);
#3717 = DIRECTION('',(-1.,2.22044604925E-16,0.));
#3718 = PLANE('',#3719);
#3719 = AXIS2_PLACEMENT_3D('',#3720,#3721,#3722);
#3720 = CARTESIAN_POINT('',(0.975,0.975,0.));
#3721 = DIRECTION('',(-2.22044604925E-16,-1.,0.));
#3722 = DIRECTION('',(-1.,2.22044604925E-16,0.));
#3723 = ADVANCED_FACE('',(#3724),#3735,.F.);
#3724 = FACE_BOUND('',#3725,.F.);
#3725 = EDGE_LOOP('',(#3726,#3727,#3728,#3729));
#3726 = ORIENTED_EDGE('',*,*,#3705,.T.);
#3727 = ORIENTED_EDGE('',*,*,#1669,.T.);
#3728 = ORIENTED_EDGE('',*,*,#3624,.F.);
#3729 = ORIENTED_EDGE('',*,*,#3730,.F.);
#3730 = EDGE_CURVE('',#3706,#3625,#3731,.T.);
#3731 = LINE('',#3732,#3733);
#3732 = CARTESIAN_POINT('',(-0.575,0.975,0.));
#3733 = VECTOR('',#3734,1.);
#3734 = DIRECTION('',(-0.707106781187,-0.707106781187,0.));
#3735 = PLANE('',#3736);
#3736 = AXIS2_PLACEMENT_3D('',#3737,#3738,#3739);
#3737 = CARTESIAN_POINT('',(-0.575,0.975,0.));
#3738 = DIRECTION('',(0.707106781187,-0.707106781187,0.));
#3739 = DIRECTION('',(-0.707106781187,-0.707106781187,0.));
#3740 = ADVANCED_FACE('',(#3741,#3747),#3758,.T.);
#3741 = FACE_BOUND('',#3742,.T.);
#3742 = EDGE_LOOP('',(#3743,#3744,#3745,#3746));
#3743 = ORIENTED_EDGE('',*,*,#1828,.F.);
#3744 = ORIENTED_EDGE('',*,*,#1716,.T.);
#3745 = ORIENTED_EDGE('',*,*,#2739,.T.);
#3746 = ORIENTED_EDGE('',*,*,#2625,.F.);
#3747 = FACE_BOUND('',#3748,.T.);
#3748 = EDGE_LOOP('',(#3749));
#3749 = ORIENTED_EDGE('',*,*,#3750,.T.);
#3750 = EDGE_CURVE('',#3751,#3751,#3753,.T.);
#3751 = VERTEX_POINT('',#3752);
#3752 = CARTESIAN_POINT('',(-0.8,0.55,0.52));
#3753 = CIRCLE('',#3754,0.25);
#3754 = AXIS2_PLACEMENT_3D('',#3755,#3756,#3757);
#3755 = CARTESIAN_POINT('',(-0.8,0.8,0.52));
#3756 = DIRECTION('',(-0.,0.,-1.));
#3757 = DIRECTION('',(-2.22044604925E-16,-1.,0.));
#3758 = PLANE('',#3759);
#3759 = AXIS2_PLACEMENT_3D('',#3760,#3761,#3762);
#3760 = CARTESIAN_POINT('',(-1.49,1.49,0.52));
#3761 = DIRECTION('',(0.,0.,1.));
#3762 = DIRECTION('',(-2.22044604925E-16,-1.,0.));
#3763 = ADVANCED_FACE('',(#3764),#3775,.F.);
#3764 = FACE_BOUND('',#3765,.F.);
#3765 = EDGE_LOOP('',(#3766,#3767,#3773,#3774));
#3766 = ORIENTED_EDGE('',*,*,#2606,.F.);
#3767 = ORIENTED_EDGE('',*,*,#3768,.F.);
#3768 = EDGE_CURVE('',#2488,#2599,#3769,.T.);
#3769 = LINE('',#3770,#3771);
#3770 = CARTESIAN_POINT('',(-1.5,-0.625,0.2));
#3771 = VECTOR('',#3772,1.);
#3772 = DIRECTION('',(-4.669739647545E-16,-1.,0.));
#3773 = ORIENTED_EDGE('',*,*,#2487,.F.);
#3774 = ORIENTED_EDGE('',*,*,#1739,.F.);
#3775 = PLANE('',#3776);
#3776 = AXIS2_PLACEMENT_3D('',#3777,#3778,#3779);
#3777 = CARTESIAN_POINT('',(-1.5,-0.875,0.2));
#3778 = DIRECTION('',(0.,-0.,-1.));
#3779 = DIRECTION('',(4.669739647545E-16,1.,0.));
#3780 = ADVANCED_FACE('',(#3781),#3792,.F.);
#3781 = FACE_BOUND('',#3782,.F.);
#3782 = EDGE_LOOP('',(#3783,#3784,#3790,#3791));
#3783 = ORIENTED_EDGE('',*,*,#2218,.F.);
#3784 = ORIENTED_EDGE('',*,*,#3785,.F.);
#3785 = EDGE_CURVE('',#2100,#2211,#3786,.T.);
#3786 = LINE('',#3787,#3788);
#3787 = CARTESIAN_POINT('',(-1.5,0.375,0.2));
#3788 = VECTOR('',#3789,1.);
#3789 = DIRECTION('',(-4.669739647545E-16,-1.,0.));
#3790 = ORIENTED_EDGE('',*,*,#2099,.F.);
#3791 = ORIENTED_EDGE('',*,*,#1785,.F.);
#3792 = PLANE('',#3793);
#3793 = AXIS2_PLACEMENT_3D('',#3794,#3795,#3796);
#3794 = CARTESIAN_POINT('',(-1.5,0.125,0.2));
#3795 = DIRECTION('',(0.,-0.,-1.));
#3796 = DIRECTION('',(4.669739647545E-16,1.,0.));
#3797 = ADVANCED_FACE('',(#3798),#3809,.F.);
#3798 = FACE_BOUND('',#3799,.F.);
#3799 = EDGE_LOOP('',(#3800,#3801,#3807,#3808));
#3800 = ORIENTED_EDGE('',*,*,#2412,.F.);
#3801 = ORIENTED_EDGE('',*,*,#3802,.F.);
#3802 = EDGE_CURVE('',#2294,#2405,#3803,.T.);
#3803 = LINE('',#3804,#3805);
#3804 = CARTESIAN_POINT('',(-1.5,-0.125,0.2));
#3805 = VECTOR('',#3806,1.);
#3806 = DIRECTION('',(-4.669739647545E-16,-1.,0.));
#3807 = ORIENTED_EDGE('',*,*,#2293,.F.);
#3808 = ORIENTED_EDGE('',*,*,#1762,.F.);
#3809 = PLANE('',#3810);
#3810 = AXIS2_PLACEMENT_3D('',#3811,#3812,#3813);
#3811 = CARTESIAN_POINT('',(-1.5,-0.375,0.2));
#3812 = DIRECTION('',(0.,-0.,-1.));
#3813 = DIRECTION('',(4.669739647545E-16,1.,0.));
#3814 = ADVANCED_FACE('',(#3815),#3826,.F.);
#3815 = FACE_BOUND('',#3816,.F.);
#3816 = EDGE_LOOP('',(#3817,#3818,#3824,#3825));
#3817 = ORIENTED_EDGE('',*,*,#2447,.F.);
#3818 = ORIENTED_EDGE('',*,*,#3819,.F.);
#3819 = EDGE_CURVE('',#2569,#2440,#3820,.T.);
#3820 = LINE('',#3821,#3822);
#3821 = CARTESIAN_POINT('',(0.875,1.5,0.2));
#3822 = VECTOR('',#3823,1.);
#3823 = DIRECTION('',(-1.,4.555315873023E-16,0.));
#3824 = ORIENTED_EDGE('',*,*,#2568,.F.);
#3825 = ORIENTED_EDGE('',*,*,#1915,.F.);
#3826 = PLANE('',#3827);
#3827 = AXIS2_PLACEMENT_3D('',#3828,#3829,#3830);
#3828 = CARTESIAN_POINT('',(0.625,1.5,0.2));
#3829 = DIRECTION('',(-0.,0.,-1.));
#3830 = DIRECTION('',(1.,-4.555315873023E-16,-0.));
#3831 = ADVANCED_FACE('',(#3832),#3843,.F.);
#3832 = FACE_BOUND('',#3833,.F.);
#3833 = EDGE_LOOP('',(#3834,#3835,#3841,#3842));
#3834 = ORIENTED_EDGE('',*,*,#1962,.F.);
#3835 = ORIENTED_EDGE('',*,*,#3836,.F.);
#3836 = EDGE_CURVE('',#2020,#1955,#3837,.T.);
#3837 = LINE('',#3838,#3839);
#3838 = CARTESIAN_POINT('',(-0.625,1.5,0.2));
#3839 = VECTOR('',#3840,1.);
#3840 = DIRECTION('',(-1.,4.555315873023E-16,0.));
#3841 = ORIENTED_EDGE('',*,*,#2019,.F.);
#3842 = ORIENTED_EDGE('',*,*,#1846,.F.);
#3843 = PLANE('',#3844);
#3844 = AXIS2_PLACEMENT_3D('',#3845,#3846,#3847);
#3845 = CARTESIAN_POINT('',(-0.875,1.5,0.2));
#3846 = DIRECTION('',(-0.,0.,-1.));
#3847 = DIRECTION('',(1.,-4.555315873023E-16,-0.));
#3848 = ADVANCED_FACE('',(#3849),#3860,.F.);
#3849 = FACE_BOUND('',#3850,.F.);
#3850 = EDGE_LOOP('',(#3851,#3852,#3858,#3859));
#3851 = ORIENTED_EDGE('',*,*,#2253,.F.);
#3852 = ORIENTED_EDGE('',*,*,#3853,.F.);
#3853 = EDGE_CURVE('',#2375,#2246,#3854,.T.);
#3854 = LINE('',#3855,#3856);
#3855 = CARTESIAN_POINT('',(0.375,1.5,0.2));
#3856 = VECTOR('',#3857,1.);
#3857 = DIRECTION('',(-1.,4.555315873023E-16,0.));
#3858 = ORIENTED_EDGE('',*,*,#2374,.F.);
#3859 = ORIENTED_EDGE('',*,*,#1892,.F.);
#3860 = PLANE('',#3861);
#3861 = AXIS2_PLACEMENT_3D('',#3862,#3863,#3864);
#3862 = CARTESIAN_POINT('',(0.125,1.5,0.2));
#3863 = DIRECTION('',(-0.,0.,-1.));
#3864 = DIRECTION('',(1.,-4.555315873023E-16,-0.));
#3865 = ADVANCED_FACE('',(#3866),#3877,.F.);
#3866 = FACE_BOUND('',#3867,.F.);
#3867 = EDGE_LOOP('',(#3868,#3869,#3875,#3876));
#3868 = ORIENTED_EDGE('',*,*,#2059,.F.);
#3869 = ORIENTED_EDGE('',*,*,#3870,.F.);
#3870 = EDGE_CURVE('',#2181,#2052,#3871,.T.);
#3871 = LINE('',#3872,#3873);
#3872 = CARTESIAN_POINT('',(-0.125,1.5,0.2));
#3873 = VECTOR('',#3874,1.);
#3874 = DIRECTION('',(-1.,4.555315873023E-16,0.));
#3875 = ORIENTED_EDGE('',*,*,#2180,.F.);
#3876 = ORIENTED_EDGE('',*,*,#1869,.F.);
#3877 = PLANE('',#3878);
#3878 = AXIS2_PLACEMENT_3D('',#3879,#3880,#3881);
#3879 = CARTESIAN_POINT('',(-0.375,1.5,0.2));
#3880 = DIRECTION('',(-0.,0.,-1.));
#3881 = DIRECTION('',(1.,-4.555315873023E-16,-0.));
#3882 = ADVANCED_FACE('',(#3883),#3894,.T.);
#3883 = FACE_BOUND('',#3884,.F.);
#3884 = EDGE_LOOP('',(#3885,#3886,#3887,#3888));
#3885 = ORIENTED_EDGE('',*,*,#1944,.T.);
#3886 = ORIENTED_EDGE('',*,*,#1984,.T.);
#3887 = ORIENTED_EDGE('',*,*,#2008,.T.);
#3888 = ORIENTED_EDGE('',*,*,#3889,.T.);
#3889 = EDGE_CURVE('',#2009,#1945,#3890,.T.);
#3890 = LINE('',#3891,#3892);
#3891 = CARTESIAN_POINT('',(-0.625,1.5,0.));
#3892 = VECTOR('',#3893,1.);
#3893 = DIRECTION('',(-1.,4.555315873023E-16,0.));
#3894 = PLANE('',#3895);
#3895 = AXIS2_PLACEMENT_3D('',#3896,#3897,#3898);
#3896 = CARTESIAN_POINT('',(-0.875,1.5,0.));
#3897 = DIRECTION('',(-0.,0.,-1.));
#3898 = DIRECTION('',(1.,-4.555315873023E-16,-0.));
#3899 = ADVANCED_FACE('',(#3900),#3906,.F.);
#3900 = FACE_BOUND('',#3901,.F.);
#3901 = EDGE_LOOP('',(#3902,#3903,#3904,#3905));
#3902 = ORIENTED_EDGE('',*,*,#2027,.T.);
#3903 = ORIENTED_EDGE('',*,*,#3836,.T.);
#3904 = ORIENTED_EDGE('',*,*,#1954,.F.);
#3905 = ORIENTED_EDGE('',*,*,#3889,.F.);
#3906 = PLANE('',#3907);
#3907 = AXIS2_PLACEMENT_3D('',#3908,#3909,#3910);
#3908 = CARTESIAN_POINT('',(-0.625,1.5,0.));
#3909 = DIRECTION('',(-4.555315873023E-16,-1.,0.));
#3910 = DIRECTION('',(-1.,4.555315873023E-16,0.));
#3911 = ADVANCED_FACE('',(#3912),#3923,.T.);
#3912 = FACE_BOUND('',#3913,.F.);
#3913 = EDGE_LOOP('',(#3914,#3915,#3916,#3917));
#3914 = ORIENTED_EDGE('',*,*,#2041,.T.);
#3915 = ORIENTED_EDGE('',*,*,#2121,.T.);
#3916 = ORIENTED_EDGE('',*,*,#2169,.T.);
#3917 = ORIENTED_EDGE('',*,*,#3918,.T.);
#3918 = EDGE_CURVE('',#2170,#2042,#3919,.T.);
#3919 = LINE('',#3920,#3921);
#3920 = CARTESIAN_POINT('',(-0.125,1.5,0.));
#3921 = VECTOR('',#3922,1.);
#3922 = DIRECTION('',(-1.,4.555315873023E-16,0.));
#3923 = PLANE('',#3924);
#3924 = AXIS2_PLACEMENT_3D('',#3925,#3926,#3927);
#3925 = CARTESIAN_POINT('',(-0.375,1.5,0.));
#3926 = DIRECTION('',(-0.,0.,-1.));
#3927 = DIRECTION('',(1.,-4.555315873023E-16,-0.));
#3928 = ADVANCED_FACE('',(#3929),#3935,.F.);
#3929 = FACE_BOUND('',#3930,.F.);
#3930 = EDGE_LOOP('',(#3931,#3932,#3933,#3934));
#3931 = ORIENTED_EDGE('',*,*,#2188,.T.);
#3932 = ORIENTED_EDGE('',*,*,#3870,.T.);
#3933 = ORIENTED_EDGE('',*,*,#2051,.F.);
#3934 = ORIENTED_EDGE('',*,*,#3918,.F.);
#3935 = PLANE('',#3936);
#3936 = AXIS2_PLACEMENT_3D('',#3937,#3938,#3939);
#3937 = CARTESIAN_POINT('',(-0.125,1.5,0.));
#3938 = DIRECTION('',(-4.555315873023E-16,-1.,0.));
#3939 = DIRECTION('',(-1.,4.555315873023E-16,0.));
#3940 = ADVANCED_FACE('',(#3941),#3952,.T.);
#3941 = FACE_BOUND('',#3942,.F.);
#3942 = EDGE_LOOP('',(#3943,#3944,#3945,#3946));
#3943 = ORIENTED_EDGE('',*,*,#2202,.T.);
#3944 = ORIENTED_EDGE('',*,*,#2145,.T.);
#3945 = ORIENTED_EDGE('',*,*,#2081,.T.);
#3946 = ORIENTED_EDGE('',*,*,#3947,.T.);
#3947 = EDGE_CURVE('',#2084,#2203,#3948,.T.);
#3948 = LINE('',#3949,#3950);
#3949 = CARTESIAN_POINT('',(-1.5,0.375,0.));
#3950 = VECTOR('',#3951,1.);
#3951 = DIRECTION('',(-4.669739647545E-16,-1.,0.));
#3952 = PLANE('',#3953);
#3953 = AXIS2_PLACEMENT_3D('',#3954,#3955,#3956);
#3954 = CARTESIAN_POINT('',(-1.5,0.125,0.));
#3955 = DIRECTION('',(0.,-0.,-1.));
#3956 = DIRECTION('',(4.669739647545E-16,1.,0.));
#3957 = ADVANCED_FACE('',(#3958),#3964,.F.);
#3958 = FACE_BOUND('',#3959,.F.);
#3959 = EDGE_LOOP('',(#3960,#3961,#3962,#3963));
#3960 = ORIENTED_EDGE('',*,*,#2107,.T.);
#3961 = ORIENTED_EDGE('',*,*,#3785,.T.);
#3962 = ORIENTED_EDGE('',*,*,#2210,.F.);
#3963 = ORIENTED_EDGE('',*,*,#3947,.F.);
#3964 = PLANE('',#3965);
#3965 = AXIS2_PLACEMENT_3D('',#3966,#3967,#3968);
#3966 = CARTESIAN_POINT('',(-1.5,0.375,0.));
#3967 = DIRECTION('',(1.,-4.669739647545E-16,0.));
#3968 = DIRECTION('',(-4.669739647545E-16,-1.,0.));
#3969 = ADVANCED_FACE('',(#3970),#3981,.T.);
#3970 = FACE_BOUND('',#3971,.F.);
#3971 = EDGE_LOOP('',(#3972,#3973,#3974,#3975));
#3972 = ORIENTED_EDGE('',*,*,#2235,.T.);
#3973 = ORIENTED_EDGE('',*,*,#2315,.T.);
#3974 = ORIENTED_EDGE('',*,*,#2363,.T.);
#3975 = ORIENTED_EDGE('',*,*,#3976,.T.);
#3976 = EDGE_CURVE('',#2364,#2236,#3977,.T.);
#3977 = LINE('',#3978,#3979);
#3978 = CARTESIAN_POINT('',(0.375,1.5,0.));
#3979 = VECTOR('',#3980,1.);
#3980 = DIRECTION('',(-1.,4.555315873023E-16,0.));
#3981 = PLANE('',#3982);
#3982 = AXIS2_PLACEMENT_3D('',#3983,#3984,#3985);
#3983 = CARTESIAN_POINT('',(0.125,1.5,0.));
#3984 = DIRECTION('',(-0.,0.,-1.));
#3985 = DIRECTION('',(1.,-4.555315873023E-16,-0.));
#3986 = ADVANCED_FACE('',(#3987),#3993,.F.);
#3987 = FACE_BOUND('',#3988,.F.);
#3988 = EDGE_LOOP('',(#3989,#3990,#3991,#3992));
#3989 = ORIENTED_EDGE('',*,*,#2382,.T.);
#3990 = ORIENTED_EDGE('',*,*,#3853,.T.);
#3991 = ORIENTED_EDGE('',*,*,#2245,.F.);
#3992 = ORIENTED_EDGE('',*,*,#3976,.F.);
#3993 = PLANE('',#3994);
#3994 = AXIS2_PLACEMENT_3D('',#3995,#3996,#3997);
#3995 = CARTESIAN_POINT('',(0.375,1.5,0.));
#3996 = DIRECTION('',(-4.555315873023E-16,-1.,0.));
#3997 = DIRECTION('',(-1.,4.555315873023E-16,0.));
#3998 = ADVANCED_FACE('',(#3999),#4010,.T.);
#3999 = FACE_BOUND('',#4000,.F.);
#4000 = EDGE_LOOP('',(#4001,#4002,#4003,#4004));
#4001 = ORIENTED_EDGE('',*,*,#2396,.T.);
#4002 = ORIENTED_EDGE('',*,*,#2339,.T.);
#4003 = ORIENTED_EDGE('',*,*,#2275,.T.);
#4004 = ORIENTED_EDGE('',*,*,#4005,.T.);
#4005 = EDGE_CURVE('',#2278,#2397,#4006,.T.);
#4006 = LINE('',#4007,#4008);
#4007 = CARTESIAN_POINT('',(-1.5,-0.125,0.));
#4008 = VECTOR('',#4009,1.);
#4009 = DIRECTION('',(-4.669739647545E-16,-1.,0.));
#4010 = PLANE('',#4011);
#4011 = AXIS2_PLACEMENT_3D('',#4012,#4013,#4014);
#4012 = CARTESIAN_POINT('',(-1.5,-0.375,0.));
#4013 = DIRECTION('',(0.,-0.,-1.));
#4014 = DIRECTION('',(4.669739647545E-16,1.,0.));
#4015 = ADVANCED_FACE('',(#4016),#4022,.F.);
#4016 = FACE_BOUND('',#4017,.F.);
#4017 = EDGE_LOOP('',(#4018,#4019,#4020,#4021));
#4018 = ORIENTED_EDGE('',*,*,#2301,.T.);
#4019 = ORIENTED_EDGE('',*,*,#3802,.T.);
#4020 = ORIENTED_EDGE('',*,*,#2404,.F.);
#4021 = ORIENTED_EDGE('',*,*,#4005,.F.);
#4022 = PLANE('',#4023);
#4023 = AXIS2_PLACEMENT_3D('',#4024,#4025,#4026);
#4024 = CARTESIAN_POINT('',(-1.5,-0.125,0.));
#4025 = DIRECTION('',(1.,-4.669739647545E-16,0.));
#4026 = DIRECTION('',(-4.669739647545E-16,-1.,0.));
#4027 = ADVANCED_FACE('',(#4028),#4039,.T.);
#4028 = FACE_BOUND('',#4029,.F.);
#4029 = EDGE_LOOP('',(#4030,#4031,#4032,#4033));
#4030 = ORIENTED_EDGE('',*,*,#2429,.T.);
#4031 = ORIENTED_EDGE('',*,*,#2509,.T.);
#4032 = ORIENTED_EDGE('',*,*,#2557,.T.);
#4033 = ORIENTED_EDGE('',*,*,#4034,.T.);
#4034 = EDGE_CURVE('',#2558,#2430,#4035,.T.);
#4035 = LINE('',#4036,#4037);
#4036 = CARTESIAN_POINT('',(0.875,1.5,0.));
#4037 = VECTOR('',#4038,1.);
#4038 = DIRECTION('',(-1.,4.555315873023E-16,0.));
#4039 = PLANE('',#4040);
#4040 = AXIS2_PLACEMENT_3D('',#4041,#4042,#4043);
#4041 = CARTESIAN_POINT('',(0.625,1.5,0.));
#4042 = DIRECTION('',(-0.,0.,-1.));
#4043 = DIRECTION('',(1.,-4.555315873023E-16,-0.));
#4044 = ADVANCED_FACE('',(#4045),#4051,.F.);
#4045 = FACE_BOUND('',#4046,.F.);
#4046 = EDGE_LOOP('',(#4047,#4048,#4049,#4050));
#4047 = ORIENTED_EDGE('',*,*,#2576,.T.);
#4048 = ORIENTED_EDGE('',*,*,#3819,.T.);
#4049 = ORIENTED_EDGE('',*,*,#2439,.F.);
#4050 = ORIENTED_EDGE('',*,*,#4034,.F.);
#4051 = PLANE('',#4052);
#4052 = AXIS2_PLACEMENT_3D('',#4053,#4054,#4055);
#4053 = CARTESIAN_POINT('',(0.875,1.5,0.));
#4054 = DIRECTION('',(-4.555315873023E-16,-1.,0.));
#4055 = DIRECTION('',(-1.,4.555315873023E-16,0.));
#4056 = ADVANCED_FACE('',(#4057),#4068,.T.);
#4057 = FACE_BOUND('',#4058,.F.);
#4058 = EDGE_LOOP('',(#4059,#4060,#4061,#4062));
#4059 = ORIENTED_EDGE('',*,*,#2590,.T.);
#4060 = ORIENTED_EDGE('',*,*,#2533,.T.);
#4061 = ORIENTED_EDGE('',*,*,#2469,.T.);
#4062 = ORIENTED_EDGE('',*,*,#4063,.T.);
#4063 = EDGE_CURVE('',#2472,#2591,#4064,.T.);
#4064 = LINE('',#4065,#4066);
#4065 = CARTESIAN_POINT('',(-1.5,-0.625,0.));
#4066 = VECTOR('',#4067,1.);
#4067 = DIRECTION('',(-4.669739647545E-16,-1.,0.));
#4068 = PLANE('',#4069);
#4069 = AXIS2_PLACEMENT_3D('',#4070,#4071,#4072);
#4070 = CARTESIAN_POINT('',(-1.5,-0.875,0.));
#4071 = DIRECTION('',(0.,-0.,-1.));
#4072 = DIRECTION('',(4.669739647545E-16,1.,0.));
#4073 = ADVANCED_FACE('',(#4074),#4080,.F.);
#4074 = FACE_BOUND('',#4075,.F.);
#4075 = EDGE_LOOP('',(#4076,#4077,#4078,#4079));
#4076 = ORIENTED_EDGE('',*,*,#2495,.T.);
#4077 = ORIENTED_EDGE('',*,*,#3768,.T.);
#4078 = ORIENTED_EDGE('',*,*,#2598,.F.);
#4079 = ORIENTED_EDGE('',*,*,#4063,.F.);
#4080 = PLANE('',#4081);
#4081 = AXIS2_PLACEMENT_3D('',#4082,#4083,#4084);
#4082 = CARTESIAN_POINT('',(-1.5,-0.625,0.));
#4083 = DIRECTION('',(1.,-4.669739647545E-16,0.));
#4084 = DIRECTION('',(-4.669739647545E-16,-1.,0.));
#4085 = ADVANCED_FACE('',(#4086),#4097,.F.);
#4086 = FACE_BOUND('',#4087,.F.);
#4087 = EDGE_LOOP('',(#4088,#4089,#4095,#4096));
#4088 = ORIENTED_EDGE('',*,*,#2866,.F.);
#4089 = ORIENTED_EDGE('',*,*,#4090,.F.);
#4090 = EDGE_CURVE('',#2988,#2859,#4091,.T.);
#4091 = LINE('',#4092,#4093);
#4092 = CARTESIAN_POINT('',(1.5,0.625,0.2));
#4093 = VECTOR('',#4094,1.);
#4094 = DIRECTION('',(3.445092848398E-16,1.,0.));
#4095 = ORIENTED_EDGE('',*,*,#2987,.F.);
#4096 = ORIENTED_EDGE('',*,*,#2717,.T.);
#4097 = PLANE('',#4098);
#4098 = AXIS2_PLACEMENT_3D('',#4099,#4100,#4101);
#4099 = CARTESIAN_POINT('',(1.5,0.875,0.2));
#4100 = DIRECTION('',(0.,0.,-1.));
#4101 = DIRECTION('',(-3.445092848398E-16,-1.,-0.));
#4102 = ADVANCED_FACE('',(#4103),#4114,.F.);
#4103 = FACE_BOUND('',#4104,.F.);
#4104 = EDGE_LOOP('',(#4105,#4106,#4112,#4113));
#4105 = ORIENTED_EDGE('',*,*,#3448,.F.);
#4106 = ORIENTED_EDGE('',*,*,#4107,.F.);
#4107 = EDGE_CURVE('',#3570,#3441,#4108,.T.);
#4108 = LINE('',#4109,#4110);
#4109 = CARTESIAN_POINT('',(1.5,-0.875,0.2));
#4110 = VECTOR('',#4111,1.);
#4111 = DIRECTION('',(3.445092848398E-16,1.,0.));
#4112 = ORIENTED_EDGE('',*,*,#3569,.F.);
#4113 = ORIENTED_EDGE('',*,*,#2648,.T.);
#4114 = PLANE('',#4115);
#4115 = AXIS2_PLACEMENT_3D('',#4116,#4117,#4118);
#4116 = CARTESIAN_POINT('',(1.5,-0.625,0.2));
#4117 = DIRECTION('',(0.,0.,-1.));
#4118 = DIRECTION('',(-3.445092848398E-16,-1.,-0.));
#4119 = ADVANCED_FACE('',(#4120),#4131,.F.);
#4120 = FACE_BOUND('',#4121,.F.);
#4121 = EDGE_LOOP('',(#4122,#4123,#4129,#4130));
#4122 = ORIENTED_EDGE('',*,*,#3060,.F.);
#4123 = ORIENTED_EDGE('',*,*,#4124,.F.);
#4124 = EDGE_CURVE('',#3182,#3053,#4125,.T.);
#4125 = LINE('',#4126,#4127);
#4126 = CARTESIAN_POINT('',(1.5,0.125,0.2));
#4127 = VECTOR('',#4128,1.);
#4128 = DIRECTION('',(3.445092848398E-16,1.,0.));
#4129 = ORIENTED_EDGE('',*,*,#3181,.F.);
#4130 = ORIENTED_EDGE('',*,*,#2694,.T.);
#4131 = PLANE('',#4132);
#4132 = AXIS2_PLACEMENT_3D('',#4133,#4134,#4135);
#4133 = CARTESIAN_POINT('',(1.5,0.375,0.2));
#4134 = DIRECTION('',(0.,0.,-1.));
#4135 = DIRECTION('',(-3.445092848398E-16,-1.,-0.));
#4136 = ADVANCED_FACE('',(#4137),#4148,.F.);
#4137 = FACE_BOUND('',#4138,.F.);
#4138 = EDGE_LOOP('',(#4139,#4140,#4146,#4147));
#4139 = ORIENTED_EDGE('',*,*,#3254,.F.);
#4140 = ORIENTED_EDGE('',*,*,#4141,.F.);
#4141 = EDGE_CURVE('',#3376,#3247,#4142,.T.);
#4142 = LINE('',#4143,#4144);
#4143 = CARTESIAN_POINT('',(1.5,-0.375,0.2));
#4144 = VECTOR('',#4145,1.);
#4145 = DIRECTION('',(3.445092848398E-16,1.,0.));
#4146 = ORIENTED_EDGE('',*,*,#3375,.F.);
#4147 = ORIENTED_EDGE('',*,*,#2671,.T.);
#4148 = PLANE('',#4149);
#4149 = AXIS2_PLACEMENT_3D('',#4150,#4151,#4152);
#4150 = CARTESIAN_POINT('',(1.5,-0.125,0.2));
#4151 = DIRECTION('',(0.,0.,-1.));
#4152 = DIRECTION('',(-3.445092848398E-16,-1.,-0.));
#4153 = ADVANCED_FACE('',(#4154),#4165,.F.);
#4154 = FACE_BOUND('',#4155,.F.);
#4155 = EDGE_LOOP('',(#4156,#4157,#4163,#4164));
#4156 = ORIENTED_EDGE('',*,*,#3607,.F.);
#4157 = ORIENTED_EDGE('',*,*,#4158,.F.);
#4158 = EDGE_CURVE('',#3489,#3600,#4159,.T.);
#4159 = LINE('',#4160,#4161);
#4160 = CARTESIAN_POINT('',(0.625,-1.5,0.2));
#4161 = VECTOR('',#4162,1.);
#4162 = DIRECTION('',(1.,-5.665538897648E-16,0.));
#4163 = ORIENTED_EDGE('',*,*,#3488,.F.);
#4164 = ORIENTED_EDGE('',*,*,#2824,.T.);
#4165 = PLANE('',#4166);
#4166 = AXIS2_PLACEMENT_3D('',#4167,#4168,#4169);
#4167 = CARTESIAN_POINT('',(0.875,-1.5,0.2));
#4168 = DIRECTION('',(0.,0.,-1.));
#4169 = DIRECTION('',(-1.,5.665538897648E-16,0.));
#4170 = ADVANCED_FACE('',(#4171),#4182,.F.);
#4171 = FACE_BOUND('',#4172,.F.);
#4172 = EDGE_LOOP('',(#4173,#4174,#4180,#4181));
#4173 = ORIENTED_EDGE('',*,*,#3025,.F.);
#4174 = ORIENTED_EDGE('',*,*,#4175,.F.);
#4175 = EDGE_CURVE('',#2907,#3018,#4176,.T.);
#4176 = LINE('',#4177,#4178);
#4177 = CARTESIAN_POINT('',(-0.875,-1.5,0.2));
#4178 = VECTOR('',#4179,1.);
#4179 = DIRECTION('',(1.,-5.665538897648E-16,0.));
#4180 = ORIENTED_EDGE('',*,*,#2906,.F.);
#4181 = ORIENTED_EDGE('',*,*,#2755,.T.);
#4182 = PLANE('',#4183);
#4183 = AXIS2_PLACEMENT_3D('',#4184,#4185,#4186);
#4184 = CARTESIAN_POINT('',(-0.625,-1.5,0.2));
#4185 = DIRECTION('',(0.,0.,-1.));
#4186 = DIRECTION('',(-1.,5.665538897648E-16,0.));
#4187 = ADVANCED_FACE('',(#4188),#4199,.F.);
#4188 = FACE_BOUND('',#4189,.F.);
#4189 = EDGE_LOOP('',(#4190,#4191,#4197,#4198));
#4190 = ORIENTED_EDGE('',*,*,#3413,.F.);
#4191 = ORIENTED_EDGE('',*,*,#4192,.F.);
#4192 = EDGE_CURVE('',#3295,#3406,#4193,.T.);
#4193 = LINE('',#4194,#4195);
#4194 = CARTESIAN_POINT('',(0.125,-1.5,0.2));
#4195 = VECTOR('',#4196,1.);
#4196 = DIRECTION('',(1.,-5.665538897648E-16,0.));
#4197 = ORIENTED_EDGE('',*,*,#3294,.F.);
#4198 = ORIENTED_EDGE('',*,*,#2801,.T.);
#4199 = PLANE('',#4200);
#4200 = AXIS2_PLACEMENT_3D('',#4201,#4202,#4203);
#4201 = CARTESIAN_POINT('',(0.375,-1.5,0.2));
#4202 = DIRECTION('',(0.,0.,-1.));
#4203 = DIRECTION('',(-1.,5.665538897648E-16,0.));
#4204 = ADVANCED_FACE('',(#4205),#4216,.F.);
#4205 = FACE_BOUND('',#4206,.F.);
#4206 = EDGE_LOOP('',(#4207,#4208,#4214,#4215));
#4207 = ORIENTED_EDGE('',*,*,#3219,.F.);
#4208 = ORIENTED_EDGE('',*,*,#4209,.F.);
#4209 = EDGE_CURVE('',#3101,#3212,#4210,.T.);
#4210 = LINE('',#4211,#4212);
#4211 = CARTESIAN_POINT('',(-0.375,-1.5,0.2));
#4212 = VECTOR('',#4213,1.);
#4213 = DIRECTION('',(1.,-5.665538897648E-16,0.));
#4214 = ORIENTED_EDGE('',*,*,#3100,.F.);
#4215 = ORIENTED_EDGE('',*,*,#2778,.T.);
#4216 = PLANE('',#4217);
#4217 = AXIS2_PLACEMENT_3D('',#4218,#4219,#4220);
#4218 = CARTESIAN_POINT('',(-0.125,-1.5,0.2));
#4219 = DIRECTION('',(0.,0.,-1.));
#4220 = DIRECTION('',(-1.,5.665538897648E-16,0.));
#4221 = ADVANCED_FACE('',(#4222),#4233,.T.);
#4222 = FACE_BOUND('',#4223,.F.);
#4223 = EDGE_LOOP('',(#4224,#4225,#4226,#4227));
#4224 = ORIENTED_EDGE('',*,*,#2848,.T.);
#4225 = ORIENTED_EDGE('',*,*,#2928,.T.);
#4226 = ORIENTED_EDGE('',*,*,#2976,.T.);
#4227 = ORIENTED_EDGE('',*,*,#4228,.T.);
#4228 = EDGE_CURVE('',#2977,#2849,#4229,.T.);
#4229 = LINE('',#4230,#4231);
#4230 = CARTESIAN_POINT('',(1.5,0.625,0.));
#4231 = VECTOR('',#4232,1.);
#4232 = DIRECTION('',(3.445092848398E-16,1.,0.));
#4233 = PLANE('',#4234);
#4234 = AXIS2_PLACEMENT_3D('',#4235,#4236,#4237);
#4235 = CARTESIAN_POINT('',(1.5,0.875,0.));
#4236 = DIRECTION('',(0.,0.,-1.));
#4237 = DIRECTION('',(-3.445092848398E-16,-1.,-0.));
#4238 = ADVANCED_FACE('',(#4239),#4245,.F.);
#4239 = FACE_BOUND('',#4240,.F.);
#4240 = EDGE_LOOP('',(#4241,#4242,#4243,#4244));
#4241 = ORIENTED_EDGE('',*,*,#2995,.T.);
#4242 = ORIENTED_EDGE('',*,*,#4090,.T.);
#4243 = ORIENTED_EDGE('',*,*,#2858,.F.);
#4244 = ORIENTED_EDGE('',*,*,#4228,.F.);
#4245 = PLANE('',#4246);
#4246 = AXIS2_PLACEMENT_3D('',#4247,#4248,#4249);
#4247 = CARTESIAN_POINT('',(1.5,0.625,0.));
#4248 = DIRECTION('',(-1.,3.445092848398E-16,0.));
#4249 = DIRECTION('',(3.445092848398E-16,1.,0.));
#4250 = ADVANCED_FACE('',(#4251),#4262,.T.);
#4251 = FACE_BOUND('',#4252,.F.);
#4252 = EDGE_LOOP('',(#4253,#4254,#4255,#4256));
#4253 = ORIENTED_EDGE('',*,*,#3009,.T.);
#4254 = ORIENTED_EDGE('',*,*,#2952,.T.);
#4255 = ORIENTED_EDGE('',*,*,#2888,.T.);
#4256 = ORIENTED_EDGE('',*,*,#4257,.T.);
#4257 = EDGE_CURVE('',#2891,#3010,#4258,.T.);
#4258 = LINE('',#4259,#4260);
#4259 = CARTESIAN_POINT('',(-0.875,-1.5,0.));
#4260 = VECTOR('',#4261,1.);
#4261 = DIRECTION('',(1.,-5.665538897648E-16,0.));
#4262 = PLANE('',#4263);
#4263 = AXIS2_PLACEMENT_3D('',#4264,#4265,#4266);
#4264 = CARTESIAN_POINT('',(-0.625,-1.5,0.));
#4265 = DIRECTION('',(0.,0.,-1.));
#4266 = DIRECTION('',(-1.,5.665538897648E-16,0.));
#4267 = ADVANCED_FACE('',(#4268),#4274,.F.);
#4268 = FACE_BOUND('',#4269,.F.);
#4269 = EDGE_LOOP('',(#4270,#4271,#4272,#4273));
#4270 = ORIENTED_EDGE('',*,*,#2914,.T.);
#4271 = ORIENTED_EDGE('',*,*,#4175,.T.);
#4272 = ORIENTED_EDGE('',*,*,#3017,.F.);
#4273 = ORIENTED_EDGE('',*,*,#4257,.F.);
#4274 = PLANE('',#4275);
#4275 = AXIS2_PLACEMENT_3D('',#4276,#4277,#4278);
#4276 = CARTESIAN_POINT('',(-0.875,-1.5,0.));
#4277 = DIRECTION('',(5.665538897648E-16,1.,0.));
#4278 = DIRECTION('',(1.,-5.665538897648E-16,0.));
#4279 = ADVANCED_FACE('',(#4280),#4291,.T.);
#4280 = FACE_BOUND('',#4281,.F.);
#4281 = EDGE_LOOP('',(#4282,#4283,#4284,#4285));
#4282 = ORIENTED_EDGE('',*,*,#3042,.T.);
#4283 = ORIENTED_EDGE('',*,*,#3122,.T.);
#4284 = ORIENTED_EDGE('',*,*,#3170,.T.);
#4285 = ORIENTED_EDGE('',*,*,#4286,.T.);
#4286 = EDGE_CURVE('',#3171,#3043,#4287,.T.);
#4287 = LINE('',#4288,#4289);
#4288 = CARTESIAN_POINT('',(1.5,0.125,0.));
#4289 = VECTOR('',#4290,1.);
#4290 = DIRECTION('',(3.445092848398E-16,1.,0.));
#4291 = PLANE('',#4292);
#4292 = AXIS2_PLACEMENT_3D('',#4293,#4294,#4295);
#4293 = CARTESIAN_POINT('',(1.5,0.375,0.));
#4294 = DIRECTION('',(0.,0.,-1.));
#4295 = DIRECTION('',(-3.445092848398E-16,-1.,-0.));
#4296 = ADVANCED_FACE('',(#4297),#4303,.F.);
#4297 = FACE_BOUND('',#4298,.F.);
#4298 = EDGE_LOOP('',(#4299,#4300,#4301,#4302));
#4299 = ORIENTED_EDGE('',*,*,#3189,.T.);
#4300 = ORIENTED_EDGE('',*,*,#4124,.T.);
#4301 = ORIENTED_EDGE('',*,*,#3052,.F.);
#4302 = ORIENTED_EDGE('',*,*,#4286,.F.);
#4303 = PLANE('',#4304);
#4304 = AXIS2_PLACEMENT_3D('',#4305,#4306,#4307);
#4305 = CARTESIAN_POINT('',(1.5,0.125,0.));
#4306 = DIRECTION('',(-1.,3.445092848398E-16,0.));
#4307 = DIRECTION('',(3.445092848398E-16,1.,0.));
#4308 = ADVANCED_FACE('',(#4309),#4320,.T.);
#4309 = FACE_BOUND('',#4310,.F.);
#4310 = EDGE_LOOP('',(#4311,#4312,#4313,#4314));
#4311 = ORIENTED_EDGE('',*,*,#3203,.T.);
#4312 = ORIENTED_EDGE('',*,*,#3146,.T.);
#4313 = ORIENTED_EDGE('',*,*,#3082,.T.);
#4314 = ORIENTED_EDGE('',*,*,#4315,.T.);
#4315 = EDGE_CURVE('',#3085,#3204,#4316,.T.);
#4316 = LINE('',#4317,#4318);
#4317 = CARTESIAN_POINT('',(-0.375,-1.5,0.));
#4318 = VECTOR('',#4319,1.);
#4319 = DIRECTION('',(1.,-5.665538897648E-16,0.));
#4320 = PLANE('',#4321);
#4321 = AXIS2_PLACEMENT_3D('',#4322,#4323,#4324);
#4322 = CARTESIAN_POINT('',(-0.125,-1.5,0.));
#4323 = DIRECTION('',(0.,0.,-1.));
#4324 = DIRECTION('',(-1.,5.665538897648E-16,0.));
#4325 = ADVANCED_FACE('',(#4326),#4332,.F.);
#4326 = FACE_BOUND('',#4327,.F.);
#4327 = EDGE_LOOP('',(#4328,#4329,#4330,#4331));
#4328 = ORIENTED_EDGE('',*,*,#3108,.T.);
#4329 = ORIENTED_EDGE('',*,*,#4209,.T.);
#4330 = ORIENTED_EDGE('',*,*,#3211,.F.);
#4331 = ORIENTED_EDGE('',*,*,#4315,.F.);
#4332 = PLANE('',#4333);
#4333 = AXIS2_PLACEMENT_3D('',#4334,#4335,#4336);
#4334 = CARTESIAN_POINT('',(-0.375,-1.5,0.));
#4335 = DIRECTION('',(5.665538897648E-16,1.,0.));
#4336 = DIRECTION('',(1.,-5.665538897648E-16,0.));
#4337 = ADVANCED_FACE('',(#4338),#4349,.T.);
#4338 = FACE_BOUND('',#4339,.F.);
#4339 = EDGE_LOOP('',(#4340,#4341,#4342,#4343));
#4340 = ORIENTED_EDGE('',*,*,#3236,.T.);
#4341 = ORIENTED_EDGE('',*,*,#3316,.T.);
#4342 = ORIENTED_EDGE('',*,*,#3364,.T.);
#4343 = ORIENTED_EDGE('',*,*,#4344,.T.);
#4344 = EDGE_CURVE('',#3365,#3237,#4345,.T.);
#4345 = LINE('',#4346,#4347);
#4346 = CARTESIAN_POINT('',(1.5,-0.375,0.));
#4347 = VECTOR('',#4348,1.);
#4348 = DIRECTION('',(3.445092848398E-16,1.,0.));
#4349 = PLANE('',#4350);
#4350 = AXIS2_PLACEMENT_3D('',#4351,#4352,#4353);
#4351 = CARTESIAN_POINT('',(1.5,-0.125,0.));
#4352 = DIRECTION('',(0.,0.,-1.));
#4353 = DIRECTION('',(-3.445092848398E-16,-1.,-0.));
#4354 = ADVANCED_FACE('',(#4355),#4361,.F.);
#4355 = FACE_BOUND('',#4356,.F.);
#4356 = EDGE_LOOP('',(#4357,#4358,#4359,#4360));
#4357 = ORIENTED_EDGE('',*,*,#3383,.T.);
#4358 = ORIENTED_EDGE('',*,*,#4141,.T.);
#4359 = ORIENTED_EDGE('',*,*,#3246,.F.);
#4360 = ORIENTED_EDGE('',*,*,#4344,.F.);
#4361 = PLANE('',#4362);
#4362 = AXIS2_PLACEMENT_3D('',#4363,#4364,#4365);
#4363 = CARTESIAN_POINT('',(1.5,-0.375,0.));
#4364 = DIRECTION('',(-1.,3.445092848398E-16,0.));
#4365 = DIRECTION('',(3.445092848398E-16,1.,0.));
#4366 = ADVANCED_FACE('',(#4367),#4378,.T.);
#4367 = FACE_BOUND('',#4368,.F.);
#4368 = EDGE_LOOP('',(#4369,#4370,#4371,#4372));
#4369 = ORIENTED_EDGE('',*,*,#3397,.T.);
#4370 = ORIENTED_EDGE('',*,*,#3340,.T.);
#4371 = ORIENTED_EDGE('',*,*,#3276,.T.);
#4372 = ORIENTED_EDGE('',*,*,#4373,.T.);
#4373 = EDGE_CURVE('',#3279,#3398,#4374,.T.);
#4374 = LINE('',#4375,#4376);
#4375 = CARTESIAN_POINT('',(0.125,-1.5,0.));
#4376 = VECTOR('',#4377,1.);
#4377 = DIRECTION('',(1.,-5.665538897648E-16,0.));
#4378 = PLANE('',#4379);
#4379 = AXIS2_PLACEMENT_3D('',#4380,#4381,#4382);
#4380 = CARTESIAN_POINT('',(0.375,-1.5,0.));
#4381 = DIRECTION('',(0.,0.,-1.));
#4382 = DIRECTION('',(-1.,5.665538897648E-16,0.));
#4383 = ADVANCED_FACE('',(#4384),#4390,.F.);
#4384 = FACE_BOUND('',#4385,.F.);
#4385 = EDGE_LOOP('',(#4386,#4387,#4388,#4389));
#4386 = ORIENTED_EDGE('',*,*,#3302,.T.);
#4387 = ORIENTED_EDGE('',*,*,#4192,.T.);
#4388 = ORIENTED_EDGE('',*,*,#3405,.F.);
#4389 = ORIENTED_EDGE('',*,*,#4373,.F.);
#4390 = PLANE('',#4391);
#4391 = AXIS2_PLACEMENT_3D('',#4392,#4393,#4394);
#4392 = CARTESIAN_POINT('',(0.125,-1.5,0.));
#4393 = DIRECTION('',(5.665538897648E-16,1.,0.));
#4394 = DIRECTION('',(1.,-5.665538897648E-16,0.));
#4395 = ADVANCED_FACE('',(#4396),#4407,.T.);
#4396 = FACE_BOUND('',#4397,.F.);
#4397 = EDGE_LOOP('',(#4398,#4399,#4400,#4401));
#4398 = ORIENTED_EDGE('',*,*,#3430,.T.);
#4399 = ORIENTED_EDGE('',*,*,#3510,.T.);
#4400 = ORIENTED_EDGE('',*,*,#3558,.T.);
#4401 = ORIENTED_EDGE('',*,*,#4402,.T.);
#4402 = EDGE_CURVE('',#3559,#3431,#4403,.T.);
#4403 = LINE('',#4404,#4405);
#4404 = CARTESIAN_POINT('',(1.5,-0.875,0.));
#4405 = VECTOR('',#4406,1.);
#4406 = DIRECTION('',(3.445092848398E-16,1.,0.));
#4407 = PLANE('',#4408);
#4408 = AXIS2_PLACEMENT_3D('',#4409,#4410,#4411);
#4409 = CARTESIAN_POINT('',(1.5,-0.625,0.));
#4410 = DIRECTION('',(0.,0.,-1.));
#4411 = DIRECTION('',(-3.445092848398E-16,-1.,-0.));
#4412 = ADVANCED_FACE('',(#4413),#4419,.F.);
#4413 = FACE_BOUND('',#4414,.F.);
#4414 = EDGE_LOOP('',(#4415,#4416,#4417,#4418));
#4415 = ORIENTED_EDGE('',*,*,#3577,.T.);
#4416 = ORIENTED_EDGE('',*,*,#4107,.T.);
#4417 = ORIENTED_EDGE('',*,*,#3440,.F.);
#4418 = ORIENTED_EDGE('',*,*,#4402,.F.);
#4419 = PLANE('',#4420);
#4420 = AXIS2_PLACEMENT_3D('',#4421,#4422,#4423);
#4421 = CARTESIAN_POINT('',(1.5,-0.875,0.));
#4422 = DIRECTION('',(-1.,3.445092848398E-16,0.));
#4423 = DIRECTION('',(3.445092848398E-16,1.,0.));
#4424 = ADVANCED_FACE('',(#4425),#4436,.T.);
#4425 = FACE_BOUND('',#4426,.F.);
#4426 = EDGE_LOOP('',(#4427,#4428,#4429,#4430));
#4427 = ORIENTED_EDGE('',*,*,#3591,.T.);
#4428 = ORIENTED_EDGE('',*,*,#3534,.T.);
#4429 = ORIENTED_EDGE('',*,*,#3470,.T.);
#4430 = ORIENTED_EDGE('',*,*,#4431,.T.);
#4431 = EDGE_CURVE('',#3473,#3592,#4432,.T.);
#4432 = LINE('',#4433,#4434);
#4433 = CARTESIAN_POINT('',(0.625,-1.5,0.));
#4434 = VECTOR('',#4435,1.);
#4435 = DIRECTION('',(1.,-5.665538897648E-16,0.));
#4436 = PLANE('',#4437);
#4437 = AXIS2_PLACEMENT_3D('',#4438,#4439,#4440);
#4438 = CARTESIAN_POINT('',(0.875,-1.5,0.));
#4439 = DIRECTION('',(0.,0.,-1.));
#4440 = DIRECTION('',(-1.,5.665538897648E-16,0.));
#4441 = ADVANCED_FACE('',(#4442),#4448,.F.);
#4442 = FACE_BOUND('',#4443,.F.);
#4443 = EDGE_LOOP('',(#4444,#4445,#4446,#4447));
#4444 = ORIENTED_EDGE('',*,*,#3496,.T.);
#4445 = ORIENTED_EDGE('',*,*,#4158,.T.);
#4446 = ORIENTED_EDGE('',*,*,#3599,.F.);
#4447 = ORIENTED_EDGE('',*,*,#4431,.F.);
#4448 = PLANE('',#4449);
#4449 = AXIS2_PLACEMENT_3D('',#4450,#4451,#4452);
#4450 = CARTESIAN_POINT('',(0.625,-1.5,0.));
#4451 = DIRECTION('',(5.665538897648E-16,1.,0.));
#4452 = DIRECTION('',(1.,-5.665538897648E-16,0.));
#4453 = ADVANCED_FACE('',(#4454),#4461,.T.);
#4454 = FACE_BOUND('',#4455,.F.);
#4455 = EDGE_LOOP('',(#4456,#4457,#4458,#4459,#4460));
#4456 = ORIENTED_EDGE('',*,*,#3641,.T.);
#4457 = ORIENTED_EDGE('',*,*,#3665,.T.);
#4458 = ORIENTED_EDGE('',*,*,#3689,.T.);
#4459 = ORIENTED_EDGE('',*,*,#3713,.T.);
#4460 = ORIENTED_EDGE('',*,*,#3730,.T.);
#4461 = PLANE('',#4462);
#4462 = AXIS2_PLACEMENT_3D('',#4463,#4464,#4465);
#4463 = CARTESIAN_POINT('',(-0.975,0.575,0.));
#4464 = DIRECTION('',(0.,-0.,-1.));
#4465 = DIRECTION('',(2.22044604925E-16,1.,0.));
#4466 = ADVANCED_FACE('',(#4467),#4486,.F.);
#4467 = FACE_BOUND('',#4468,.F.);
#4468 = EDGE_LOOP('',(#4469,#4477,#4484,#4485));
#4469 = ORIENTED_EDGE('',*,*,#4470,.T.);
#4470 = EDGE_CURVE('',#3751,#4471,#4473,.T.);
#4471 = VERTEX_POINT('',#4472);
#4472 = CARTESIAN_POINT('',(-0.8,0.55,0.51));
#4473 = LINE('',#4474,#4475);
#4474 = CARTESIAN_POINT('',(-0.8,0.55,0.53));
#4475 = VECTOR('',#4476,1.);
#4476 = DIRECTION('',(-0.,0.,-1.));
#4477 = ORIENTED_EDGE('',*,*,#4478,.T.);
#4478 = EDGE_CURVE('',#4471,#4471,#4479,.T.);
#4479 = CIRCLE('',#4480,0.25);
#4480 = AXIS2_PLACEMENT_3D('',#4481,#4482,#4483);
#4481 = CARTESIAN_POINT('',(-0.8,0.8,0.51));
#4482 = DIRECTION('',(0.,0.,1.));
#4483 = DIRECTION('',(-2.22044604925E-16,-1.,0.));
#4484 = ORIENTED_EDGE('',*,*,#4470,.F.);
#4485 = ORIENTED_EDGE('',*,*,#3750,.T.);
#4486 = CYLINDRICAL_SURFACE('',#4487,0.25);
#4487 = AXIS2_PLACEMENT_3D('',#4488,#4489,#4490);
#4488 = CARTESIAN_POINT('',(-0.8,0.8,0.53));
#4489 = DIRECTION('',(0.,0.,-1.));
#4490 = DIRECTION('',(-2.22044604925E-16,-1.,-0.));
#4491 = ADVANCED_FACE('',(#4492),#4495,.T.);
#4492 = FACE_BOUND('',#4493,.T.);
#4493 = EDGE_LOOP('',(#4494));
#4494 = ORIENTED_EDGE('',*,*,#4478,.T.);
#4495 = PLANE('',#4496);
#4496 = AXIS2_PLACEMENT_3D('',#4497,#4498,#4499);
#4497 = CARTESIAN_POINT('',(-0.8,0.8,0.51));
#4498 = DIRECTION('',(0.,0.,1.));
#4499 = DIRECTION('',(-2.22044604925E-16,-1.,0.));
#4500 = ( GEOMETRIC_REPRESENTATION_CONTEXT(3) 
GLOBAL_UNCERTAINTY_ASSIGNED_CONTEXT((#4504)) 
GLOBAL_UNIT_ASSIGNED_CONTEXT((#4501,#4502,#4503)) REPRESENTATION_CONTEXT
('Context #1','3D Context with UNIT and UNCERTAINTY') );
#4501 = ( LENGTH_UNIT() NAMED_UNIT(*) SI_UNIT(.MILLI.,.METRE.) );
#4502 = ( NAMED_UNIT(*) PLANE_ANGLE_UNIT() SI_UNIT($,.RADIAN.) );
#4503 = ( NAMED_UNIT(*) SI_UNIT($,.STERADIAN.) SOLID_ANGLE_UNIT() );
#4504 = UNCERTAINTY_MEASURE_WITH_UNIT(LENGTH_MEASURE(1.E-07),#4501,
  'distance_accuracy_value','confusion accuracy');
#4505 = CONTEXT_DEPENDENT_SHAPE_REPRESENTATION(#4506,#4508);
#4506 = ( REPRESENTATION_RELATIONSHIP('','',#961,#10) 
REPRESENTATION_RELATIONSHIP_WITH_TRANSFORMATION(#4507) 
SHAPE_REPRESENTATION_RELATIONSHIP() );
#4507 = ITEM_DEFINED_TRANSFORMATION('','',#11,#19);
#4508 = PRODUCT_DEFINITION_SHAPE('Placement','Placement of an item',
  #4509);
#4509 = NEXT_ASSEMBLY_USAGE_OCCURRENCE('2','U1','',#5,#956,$);
#4510 = PRODUCT_RELATED_PRODUCT_CATEGORY('part',$,(#958));
#4511 = SHAPE_DEFINITION_REPRESENTATION(#4512,#4518);
#4512 = PRODUCT_DEFINITION_SHAPE('','',#4513);
#4513 = PRODUCT_DEFINITION('design','',#4514,#4517);
#4514 = PRODUCT_DEFINITION_FORMATION('','',#4515);
#4515 = PRODUCT('TSOT-23-5','TSOT-23-5','',(#4516));
#4516 = PRODUCT_CONTEXT('',#2,'mechanical');
#4517 = PRODUCT_DEFINITION_CONTEXT('part definition',#2,'design');
#4518 = ADVANCED_BREP_SHAPE_REPRESENTATION('',(#11,#4519),#7588);
#4519 = MANIFOLD_SOLID_BREP('',#4520);
#4520 = CLOSED_SHELL('',(#4521,#4559,#4622,#4645,#4674,#4697,#4768,#4823
    ,#4846,#4869,#4886,#4909,#4997,#5013,#5043,#5074,#5105,#5136,#5167,
    #5198,#5215,#5232,#5263,#5294,#5325,#5355,#5378,#5401,#5418,#5463,
    #5533,#5556,#5579,#5602,#5657,#5695,#5744,#5836,#5861,#5945,#5967,
    #6059,#6084,#6168,#6185,#6270,#6295,#6372,#6457,#6482,#6559,#6576,
    #6668,#6693,#6777,#6794,#6813,#6832,#6878,#6894,#6913,#6929,#6946,
    #6958,#6975,#6992,#7009,#7026,#7043,#7060,#7077,#7089,#7106,#7123,
    #7140,#7157,#7174,#7191,#7208,#7220,#7237,#7254,#7271,#7288,#7305,
    #7322,#7334,#7351,#7368,#7385,#7402,#7419,#7436,#7448,#7465,#7482,
    #7499,#7516,#7533,#7550,#7567,#7579));
#4521 = ADVANCED_FACE('',(#4522),#4554,.F.);
#4522 = FACE_BOUND('',#4523,.F.);
#4523 = EDGE_LOOP('',(#4524,#4534,#4541,#4549));
#4524 = ORIENTED_EDGE('',*,*,#4525,.T.);
#4525 = EDGE_CURVE('',#4526,#4528,#4530,.T.);
#4526 = VERTEX_POINT('',#4527);
#4527 = CARTESIAN_POINT('',(-0.680405353927,1.400810707854,0.1));
#4528 = VERTEX_POINT('',#4529);
#4529 = CARTESIAN_POINT('',(0.680405353927,1.400810707854,0.1));
#4530 = LINE('',#4531,#4532);
#4531 = CARTESIAN_POINT('',(-0.680405353927,1.400810707854,0.1));
#4532 = VECTOR('',#4533,1.);
#4533 = DIRECTION('',(1.,1.110223024625E-16,0.));
#4534 = ORIENTED_EDGE('',*,*,#4535,.T.);
#4535 = EDGE_CURVE('',#4528,#4536,#4538,.T.);
#4536 = VERTEX_POINT('',#4537);
#4537 = CARTESIAN_POINT('',(0.705,1.45,0.45));
#4538 = B_SPLINE_CURVE_WITH_KNOTS('',1,(#4539,#4540),.UNSPECIFIED.,.F.,
  .F.,(2,2),(0.,1.),.PIECEWISE_BEZIER_KNOTS.);
#4539 = CARTESIAN_POINT('',(0.680405353927,1.400810707854,0.1));
#4540 = CARTESIAN_POINT('',(0.705,1.45,0.45));
#4541 = ORIENTED_EDGE('',*,*,#4542,.F.);
#4542 = EDGE_CURVE('',#4543,#4536,#4545,.T.);
#4543 = VERTEX_POINT('',#4544);
#4544 = CARTESIAN_POINT('',(-0.705,1.45,0.45));
#4545 = LINE('',#4546,#4547);
#4546 = CARTESIAN_POINT('',(-0.705,1.45,0.45));
#4547 = VECTOR('',#4548,1.);
#4548 = DIRECTION('',(1.,1.110223024625E-16,0.));
#4549 = ORIENTED_EDGE('',*,*,#4550,.F.);
#4550 = EDGE_CURVE('',#4526,#4543,#4551,.T.);
#4551 = B_SPLINE_CURVE_WITH_KNOTS('',1,(#4552,#4553),.UNSPECIFIED.,.F.,
  .F.,(2,2),(0.,1.),.PIECEWISE_BEZIER_KNOTS.);
#4552 = CARTESIAN_POINT('',(-0.680405353927,1.400810707854,0.1));
#4553 = CARTESIAN_POINT('',(-0.705,1.45,0.45));
#4554 = B_SPLINE_SURFACE_WITH_KNOTS('',1,1,(
    (#4555,#4556)
    ,(#4557,#4558
    )),.UNSPECIFIED.,.F.,.F.,.F.,(2,2),(2,2),(0.,1.41),(0.,1.),
  .PIECEWISE_BEZIER_KNOTS.);
#4555 = CARTESIAN_POINT('',(-0.680405353927,1.400810707854,0.1));
#4556 = CARTESIAN_POINT('',(-0.705,1.45,0.45));
#4557 = CARTESIAN_POINT('',(0.680405353927,1.400810707854,0.1));
#4558 = CARTESIAN_POINT('',(0.705,1.45,0.45));
#4559 = ADVANCED_FACE('',(#4560),#4617,.F.);
#4560 = FACE_BOUND('',#4561,.T.);
#4561 = EDGE_LOOP('',(#4562,#4563,#4571,#4579,#4587,#4595,#4603,#4611));
#4562 = ORIENTED_EDGE('',*,*,#4525,.T.);
#4563 = ORIENTED_EDGE('',*,*,#4564,.T.);
#4564 = EDGE_CURVE('',#4528,#4565,#4567,.T.);
#4565 = VERTEX_POINT('',#4566);
#4566 = CARTESIAN_POINT('',(0.750810707854,1.330405353927,0.1));
#4567 = LINE('',#4568,#4569);
#4568 = CARTESIAN_POINT('',(0.680405353927,1.400810707854,0.1));
#4569 = VECTOR('',#4570,1.);
#4570 = DIRECTION('',(0.707106781187,-0.707106781187,0.));
#4571 = ORIENTED_EDGE('',*,*,#4572,.T.);
#4572 = EDGE_CURVE('',#4565,#4573,#4575,.T.);
#4573 = VERTEX_POINT('',#4574);
#4574 = CARTESIAN_POINT('',(0.750810707854,-1.330405353927,0.1));
#4575 = LINE('',#4576,#4577);
#4576 = CARTESIAN_POINT('',(0.750810707854,1.330405353927,0.1));
#4577 = VECTOR('',#4578,1.);
#4578 = DIRECTION('',(1.110223024625E-16,-1.,0.));
#4579 = ORIENTED_EDGE('',*,*,#4580,.T.);
#4580 = EDGE_CURVE('',#4573,#4581,#4583,.T.);
#4581 = VERTEX_POINT('',#4582);
#4582 = CARTESIAN_POINT('',(0.680405353927,-1.400810707854,0.1));
#4583 = LINE('',#4584,#4585);
#4584 = CARTESIAN_POINT('',(0.750810707854,-1.330405353927,0.1));
#4585 = VECTOR('',#4586,1.);
#4586 = DIRECTION('',(-0.707106781187,-0.707106781187,0.));
#4587 = ORIENTED_EDGE('',*,*,#4588,.T.);
#4588 = EDGE_CURVE('',#4581,#4589,#4591,.T.);
#4589 = VERTEX_POINT('',#4590);
#4590 = CARTESIAN_POINT('',(-0.680405353927,-1.400810707854,0.1));
#4591 = LINE('',#4592,#4593);
#4592 = CARTESIAN_POINT('',(0.680405353927,-1.400810707854,0.1));
#4593 = VECTOR('',#4594,1.);
#4594 = DIRECTION('',(-1.,-1.110223024625E-16,0.));
#4595 = ORIENTED_EDGE('',*,*,#4596,.T.);
#4596 = EDGE_CURVE('',#4589,#4597,#4599,.T.);
#4597 = VERTEX_POINT('',#4598);
#4598 = CARTESIAN_POINT('',(-0.750810707854,-1.330405353927,0.1));
#4599 = LINE('',#4600,#4601);
#4600 = CARTESIAN_POINT('',(-0.680405353927,-1.400810707854,0.1));
#4601 = VECTOR('',#4602,1.);
#4602 = DIRECTION('',(-0.707106781187,0.707106781187,0.));
#4603 = ORIENTED_EDGE('',*,*,#4604,.T.);
#4604 = EDGE_CURVE('',#4597,#4605,#4607,.T.);
#4605 = VERTEX_POINT('',#4606);
#4606 = CARTESIAN_POINT('',(-0.750810707854,1.330405353927,0.1));
#4607 = LINE('',#4608,#4609);
#4608 = CARTESIAN_POINT('',(-0.750810707854,-1.330405353927,0.1));
#4609 = VECTOR('',#4610,1.);
#4610 = DIRECTION('',(-1.110223024625E-16,1.,0.));
#4611 = ORIENTED_EDGE('',*,*,#4612,.T.);
#4612 = EDGE_CURVE('',#4605,#4526,#4613,.T.);
#4613 = LINE('',#4614,#4615);
#4614 = CARTESIAN_POINT('',(-0.750810707854,1.330405353927,0.1));
#4615 = VECTOR('',#4616,1.);
#4616 = DIRECTION('',(0.707106781187,0.707106781187,0.));
#4617 = PLANE('',#4618);
#4618 = AXIS2_PLACEMENT_3D('',#4619,#4620,#4621);
#4619 = CARTESIAN_POINT('',(-0.680405353927,1.400810707854,0.1));
#4620 = DIRECTION('',(0.,0.,1.));
#4621 = DIRECTION('',(0.436909980015,-0.899505235873,0.));
#4622 = ADVANCED_FACE('',(#4623),#4640,.F.);
#4623 = FACE_BOUND('',#4624,.F.);
#4624 = EDGE_LOOP('',(#4625,#4626,#4633,#4639));
#4625 = ORIENTED_EDGE('',*,*,#4564,.T.);
#4626 = ORIENTED_EDGE('',*,*,#4627,.T.);
#4627 = EDGE_CURVE('',#4565,#4628,#4630,.T.);
#4628 = VERTEX_POINT('',#4629);
#4629 = CARTESIAN_POINT('',(0.8,1.355,0.45));
#4630 = B_SPLINE_CURVE_WITH_KNOTS('',1,(#4631,#4632),.UNSPECIFIED.,.F.,
  .F.,(2,2),(0.,1.),.PIECEWISE_BEZIER_KNOTS.);
#4631 = CARTESIAN_POINT('',(0.750810707854,1.330405353927,0.1));
#4632 = CARTESIAN_POINT('',(0.8,1.355,0.45));
#4633 = ORIENTED_EDGE('',*,*,#4634,.F.);
#4634 = EDGE_CURVE('',#4536,#4628,#4635,.T.);
#4635 = LINE('',#4636,#4637);
#4636 = CARTESIAN_POINT('',(0.705,1.45,0.45));
#4637 = VECTOR('',#4638,1.);
#4638 = DIRECTION('',(0.707106781187,-0.707106781187,0.));
#4639 = ORIENTED_EDGE('',*,*,#4535,.F.);
#4640 = B_SPLINE_SURFACE_WITH_KNOTS('',1,1,(
    (#4641,#4642)
    ,(#4643,#4644
    )),.UNSPECIFIED.,.F.,.F.,.F.,(2,2),(2,2),(0.,0.134350288425),(0.,1.)
  ,.PIECEWISE_BEZIER_KNOTS.);
#4641 = CARTESIAN_POINT('',(0.680405353927,1.400810707854,0.1));
#4642 = CARTESIAN_POINT('',(0.705,1.45,0.45));
#4643 = CARTESIAN_POINT('',(0.750810707854,1.330405353927,0.1));
#4644 = CARTESIAN_POINT('',(0.8,1.355,0.45));
#4645 = ADVANCED_FACE('',(#4646),#4669,.F.);
#4646 = FACE_BOUND('',#4647,.F.);
#4647 = EDGE_LOOP('',(#4648,#4649,#4656,#4664));
#4648 = ORIENTED_EDGE('',*,*,#4542,.T.);
#4649 = ORIENTED_EDGE('',*,*,#4650,.T.);
#4650 = EDGE_CURVE('',#4536,#4651,#4653,.T.);
#4651 = VERTEX_POINT('',#4652);
#4652 = CARTESIAN_POINT('',(0.705,1.45,0.6));
#4653 = B_SPLINE_CURVE_WITH_KNOTS('',1,(#4654,#4655),.UNSPECIFIED.,.F.,
  .F.,(2,2),(0.,1.),.PIECEWISE_BEZIER_KNOTS.);
#4654 = CARTESIAN_POINT('',(0.705,1.45,0.45));
#4655 = CARTESIAN_POINT('',(0.705,1.45,0.6));
#4656 = ORIENTED_EDGE('',*,*,#4657,.F.);
#4657 = EDGE_CURVE('',#4658,#4651,#4660,.T.);
#4658 = VERTEX_POINT('',#4659);
#4659 = CARTESIAN_POINT('',(-0.705,1.45,0.6));
#4660 = LINE('',#4661,#4662);
#4661 = CARTESIAN_POINT('',(-0.705,1.45,0.6));
#4662 = VECTOR('',#4663,1.);
#4663 = DIRECTION('',(1.,1.110223024625E-16,0.));
#4664 = ORIENTED_EDGE('',*,*,#4665,.F.);
#4665 = EDGE_CURVE('',#4543,#4658,#4666,.T.);
#4666 = B_SPLINE_CURVE_WITH_KNOTS('',1,(#4667,#4668),.UNSPECIFIED.,.F.,
  .F.,(2,2),(0.,1.),.PIECEWISE_BEZIER_KNOTS.);
#4667 = CARTESIAN_POINT('',(-0.705,1.45,0.45));
#4668 = CARTESIAN_POINT('',(-0.705,1.45,0.6));
#4669 = PLANE('',#4670);
#4670 = AXIS2_PLACEMENT_3D('',#4671,#4672,#4673);
#4671 = CARTESIAN_POINT('',(-0.705,1.45,0.6));
#4672 = DIRECTION('',(1.110223024625E-16,-1.,0.));
#4673 = DIRECTION('',(1.,1.110223024625E-16,0.));
#4674 = ADVANCED_FACE('',(#4675),#4692,.F.);
#4675 = FACE_BOUND('',#4676,.F.);
#4676 = EDGE_LOOP('',(#4677,#4678,#4679,#4687));
#4677 = ORIENTED_EDGE('',*,*,#4612,.T.);
#4678 = ORIENTED_EDGE('',*,*,#4550,.T.);
#4679 = ORIENTED_EDGE('',*,*,#4680,.F.);
#4680 = EDGE_CURVE('',#4681,#4543,#4683,.T.);
#4681 = VERTEX_POINT('',#4682);
#4682 = CARTESIAN_POINT('',(-0.8,1.355,0.45));
#4683 = LINE('',#4684,#4685);
#4684 = CARTESIAN_POINT('',(-0.8,1.355,0.45));
#4685 = VECTOR('',#4686,1.);
#4686 = DIRECTION('',(0.707106781187,0.707106781187,0.));
#4687 = ORIENTED_EDGE('',*,*,#4688,.F.);
#4688 = EDGE_CURVE('',#4605,#4681,#4689,.T.);
#4689 = B_SPLINE_CURVE_WITH_KNOTS('',1,(#4690,#4691),.UNSPECIFIED.,.F.,
  .F.,(2,2),(0.,1.),.PIECEWISE_BEZIER_KNOTS.);
#4690 = CARTESIAN_POINT('',(-0.750810707854,1.330405353927,0.1));
#4691 = CARTESIAN_POINT('',(-0.8,1.355,0.45));
#4692 = B_SPLINE_SURFACE_WITH_KNOTS('',1,1,(
    (#4693,#4694)
    ,(#4695,#4696
    )),.UNSPECIFIED.,.F.,.F.,.F.,(2,2),(2,2),(0.,0.134350288425),(0.,1.)
  ,.PIECEWISE_BEZIER_KNOTS.);
#4693 = CARTESIAN_POINT('',(-0.750810707854,1.330405353927,0.1));
#4694 = CARTESIAN_POINT('',(-0.8,1.355,0.45));
#4695 = CARTESIAN_POINT('',(-0.680405353927,1.400810707854,0.1));
#4696 = CARTESIAN_POINT('',(-0.705,1.45,0.45));
#4697 = ADVANCED_FACE('',(#4698),#4763,.F.);
#4698 = FACE_BOUND('',#4699,.F.);
#4699 = EDGE_LOOP('',(#4700,#4701,#4702,#4710,#4718,#4726,#4734,#4742,
    #4750,#4758));
#4700 = ORIENTED_EDGE('',*,*,#4604,.T.);
#4701 = ORIENTED_EDGE('',*,*,#4688,.T.);
#4702 = ORIENTED_EDGE('',*,*,#4703,.F.);
#4703 = EDGE_CURVE('',#4704,#4681,#4706,.T.);
#4704 = VERTEX_POINT('',#4705);
#4705 = CARTESIAN_POINT('',(-0.8,1.125,0.45));
#4706 = LINE('',#4707,#4708);
#4707 = CARTESIAN_POINT('',(-0.8,-1.355,0.45));
#4708 = VECTOR('',#4709,1.);
#4709 = DIRECTION('',(-1.110223024625E-16,1.,0.));
#4710 = ORIENTED_EDGE('',*,*,#4711,.F.);
#4711 = EDGE_CURVE('',#4712,#4704,#4714,.T.);
#4712 = VERTEX_POINT('',#4713);
#4713 = CARTESIAN_POINT('',(-0.8,0.775,0.45));
#4714 = LINE('',#4715,#4716);
#4715 = CARTESIAN_POINT('',(-0.8,-1.355,0.45));
#4716 = VECTOR('',#4717,1.);
#4717 = DIRECTION('',(-1.110223024625E-16,1.,0.));
#4718 = ORIENTED_EDGE('',*,*,#4719,.F.);
#4719 = EDGE_CURVE('',#4720,#4712,#4722,.T.);
#4720 = VERTEX_POINT('',#4721);
#4721 = CARTESIAN_POINT('',(-0.8,0.175,0.45));
#4722 = LINE('',#4723,#4724);
#4723 = CARTESIAN_POINT('',(-0.8,-1.355,0.45));
#4724 = VECTOR('',#4725,1.);
#4725 = DIRECTION('',(-1.110223024625E-16,1.,0.));
#4726 = ORIENTED_EDGE('',*,*,#4727,.F.);
#4727 = EDGE_CURVE('',#4728,#4720,#4730,.T.);
#4728 = VERTEX_POINT('',#4729);
#4729 = CARTESIAN_POINT('',(-0.8,-0.175,0.45));
#4730 = LINE('',#4731,#4732);
#4731 = CARTESIAN_POINT('',(-0.8,-1.355,0.45));
#4732 = VECTOR('',#4733,1.);
#4733 = DIRECTION('',(-1.110223024625E-16,1.,0.));
#4734 = ORIENTED_EDGE('',*,*,#4735,.F.);
#4735 = EDGE_CURVE('',#4736,#4728,#4738,.T.);
#4736 = VERTEX_POINT('',#4737);
#4737 = CARTESIAN_POINT('',(-0.8,-0.775,0.45));
#4738 = LINE('',#4739,#4740);
#4739 = CARTESIAN_POINT('',(-0.8,-1.355,0.45));
#4740 = VECTOR('',#4741,1.);
#4741 = DIRECTION('',(-1.110223024625E-16,1.,0.));
#4742 = ORIENTED_EDGE('',*,*,#4743,.F.);
#4743 = EDGE_CURVE('',#4744,#4736,#4746,.T.);
#4744 = VERTEX_POINT('',#4745);
#4745 = CARTESIAN_POINT('',(-0.8,-1.125,0.45));
#4746 = LINE('',#4747,#4748);
#4747 = CARTESIAN_POINT('',(-0.8,-1.355,0.45));
#4748 = VECTOR('',#4749,1.);
#4749 = DIRECTION('',(-1.110223024625E-16,1.,0.));
#4750 = ORIENTED_EDGE('',*,*,#4751,.F.);
#4751 = EDGE_CURVE('',#4752,#4744,#4754,.T.);
#4752 = VERTEX_POINT('',#4753);
#4753 = CARTESIAN_POINT('',(-0.8,-1.355,0.45));
#4754 = LINE('',#4755,#4756);
#4755 = CARTESIAN_POINT('',(-0.8,-1.355,0.45));
#4756 = VECTOR('',#4757,1.);
#4757 = DIRECTION('',(-1.110223024625E-16,1.,0.));
#4758 = ORIENTED_EDGE('',*,*,#4759,.F.);
#4759 = EDGE_CURVE('',#4597,#4752,#4760,.T.);
#4760 = B_SPLINE_CURVE_WITH_KNOTS('',1,(#4761,#4762),.UNSPECIFIED.,.F.,
  .F.,(2,2),(0.,1.),.PIECEWISE_BEZIER_KNOTS.);
#4761 = CARTESIAN_POINT('',(-0.750810707854,-1.330405353927,0.1));
#4762 = CARTESIAN_POINT('',(-0.8,-1.355,0.45));
#4763 = B_SPLINE_SURFACE_WITH_KNOTS('',1,1,(
    (#4764,#4765)
    ,(#4766,#4767
    )),.UNSPECIFIED.,.F.,.F.,.F.,(2,2),(2,2),(0.,2.71),(0.,1.),
  .PIECEWISE_BEZIER_KNOTS.);
#4764 = CARTESIAN_POINT('',(-0.750810707854,-1.330405353927,0.1));
#4765 = CARTESIAN_POINT('',(-0.8,-1.355,0.45));
#4766 = CARTESIAN_POINT('',(-0.750810707854,1.330405353927,0.1));
#4767 = CARTESIAN_POINT('',(-0.8,1.355,0.45));
#4768 = ADVANCED_FACE('',(#4769),#4818,.F.);
#4769 = FACE_BOUND('',#4770,.F.);
#4770 = EDGE_LOOP('',(#4771,#4772,#4779,#4787,#4795,#4803,#4811,#4817));
#4771 = ORIENTED_EDGE('',*,*,#4572,.T.);
#4772 = ORIENTED_EDGE('',*,*,#4773,.T.);
#4773 = EDGE_CURVE('',#4573,#4774,#4776,.T.);
#4774 = VERTEX_POINT('',#4775);
#4775 = CARTESIAN_POINT('',(0.8,-1.355,0.45));
#4776 = B_SPLINE_CURVE_WITH_KNOTS('',1,(#4777,#4778),.UNSPECIFIED.,.F.,
  .F.,(2,2),(0.,1.),.PIECEWISE_BEZIER_KNOTS.);
#4777 = CARTESIAN_POINT('',(0.750810707854,-1.330405353927,0.1));
#4778 = CARTESIAN_POINT('',(0.8,-1.355,0.45));
#4779 = ORIENTED_EDGE('',*,*,#4780,.F.);
#4780 = EDGE_CURVE('',#4781,#4774,#4783,.T.);
#4781 = VERTEX_POINT('',#4782);
#4782 = CARTESIAN_POINT('',(0.8,-1.125,0.45));
#4783 = LINE('',#4784,#4785);
#4784 = CARTESIAN_POINT('',(0.8,1.355,0.45));
#4785 = VECTOR('',#4786,1.);
#4786 = DIRECTION('',(1.110223024625E-16,-1.,0.));
#4787 = ORIENTED_EDGE('',*,*,#4788,.F.);
#4788 = EDGE_CURVE('',#4789,#4781,#4791,.T.);
#4789 = VERTEX_POINT('',#4790);
#4790 = CARTESIAN_POINT('',(0.8,-0.775,0.45));
#4791 = LINE('',#4792,#4793);
#4792 = CARTESIAN_POINT('',(0.8,1.355,0.45));
#4793 = VECTOR('',#4794,1.);
#4794 = DIRECTION('',(1.110223024625E-16,-1.,0.));
#4795 = ORIENTED_EDGE('',*,*,#4796,.F.);
#4796 = EDGE_CURVE('',#4797,#4789,#4799,.T.);
#4797 = VERTEX_POINT('',#4798);
#4798 = CARTESIAN_POINT('',(0.8,0.775,0.45));
#4799 = LINE('',#4800,#4801);
#4800 = CARTESIAN_POINT('',(0.8,1.355,0.45));
#4801 = VECTOR('',#4802,1.);
#4802 = DIRECTION('',(1.110223024625E-16,-1.,0.));
#4803 = ORIENTED_EDGE('',*,*,#4804,.F.);
#4804 = EDGE_CURVE('',#4805,#4797,#4807,.T.);
#4805 = VERTEX_POINT('',#4806);
#4806 = CARTESIAN_POINT('',(0.8,1.125,0.45));
#4807 = LINE('',#4808,#4809);
#4808 = CARTESIAN_POINT('',(0.8,1.355,0.45));
#4809 = VECTOR('',#4810,1.);
#4810 = DIRECTION('',(1.110223024625E-16,-1.,0.));
#4811 = ORIENTED_EDGE('',*,*,#4812,.F.);
#4812 = EDGE_CURVE('',#4628,#4805,#4813,.T.);
#4813 = LINE('',#4814,#4815);
#4814 = CARTESIAN_POINT('',(0.8,1.355,0.45));
#4815 = VECTOR('',#4816,1.);
#4816 = DIRECTION('',(1.110223024625E-16,-1.,0.));
#4817 = ORIENTED_EDGE('',*,*,#4627,.F.);
#4818 = B_SPLINE_SURFACE_WITH_KNOTS('',1,1,(
    (#4819,#4820)
    ,(#4821,#4822
    )),.UNSPECIFIED.,.F.,.F.,.F.,(2,2),(2,2),(0.,2.71),(0.,1.),
  .PIECEWISE_BEZIER_KNOTS.);
#4819 = CARTESIAN_POINT('',(0.750810707854,1.330405353927,0.1));
#4820 = CARTESIAN_POINT('',(0.8,1.355,0.45));
#4821 = CARTESIAN_POINT('',(0.750810707854,-1.330405353927,0.1));
#4822 = CARTESIAN_POINT('',(0.8,-1.355,0.45));
#4823 = ADVANCED_FACE('',(#4824),#4841,.F.);
#4824 = FACE_BOUND('',#4825,.F.);
#4825 = EDGE_LOOP('',(#4826,#4827,#4828,#4836));
#4826 = ORIENTED_EDGE('',*,*,#4596,.T.);
#4827 = ORIENTED_EDGE('',*,*,#4759,.T.);
#4828 = ORIENTED_EDGE('',*,*,#4829,.F.);
#4829 = EDGE_CURVE('',#4830,#4752,#4832,.T.);
#4830 = VERTEX_POINT('',#4831);
#4831 = CARTESIAN_POINT('',(-0.705,-1.45,0.45));
#4832 = LINE('',#4833,#4834);
#4833 = CARTESIAN_POINT('',(-0.705,-1.45,0.45));
#4834 = VECTOR('',#4835,1.);
#4835 = DIRECTION('',(-0.707106781187,0.707106781187,0.));
#4836 = ORIENTED_EDGE('',*,*,#4837,.F.);
#4837 = EDGE_CURVE('',#4589,#4830,#4838,.T.);
#4838 = B_SPLINE_CURVE_WITH_KNOTS('',1,(#4839,#4840),.UNSPECIFIED.,.F.,
  .F.,(2,2),(0.,1.),.PIECEWISE_BEZIER_KNOTS.);
#4839 = CARTESIAN_POINT('',(-0.680405353927,-1.400810707854,0.1));
#4840 = CARTESIAN_POINT('',(-0.705,-1.45,0.45));
#4841 = B_SPLINE_SURFACE_WITH_KNOTS('',1,1,(
    (#4842,#4843)
    ,(#4844,#4845
    )),.UNSPECIFIED.,.F.,.F.,.F.,(2,2),(2,2),(0.,0.134350288425),(0.,1.)
  ,.PIECEWISE_BEZIER_KNOTS.);
#4842 = CARTESIAN_POINT('',(-0.680405353927,-1.400810707854,0.1));
#4843 = CARTESIAN_POINT('',(-0.705,-1.45,0.45));
#4844 = CARTESIAN_POINT('',(-0.750810707854,-1.330405353927,0.1));
#4845 = CARTESIAN_POINT('',(-0.8,-1.355,0.45));
#4846 = ADVANCED_FACE('',(#4847),#4864,.F.);
#4847 = FACE_BOUND('',#4848,.F.);
#4848 = EDGE_LOOP('',(#4849,#4850,#4857,#4863));
#4849 = ORIENTED_EDGE('',*,*,#4580,.T.);
#4850 = ORIENTED_EDGE('',*,*,#4851,.T.);
#4851 = EDGE_CURVE('',#4581,#4852,#4854,.T.);
#4852 = VERTEX_POINT('',#4853);
#4853 = CARTESIAN_POINT('',(0.705,-1.45,0.45));
#4854 = B_SPLINE_CURVE_WITH_KNOTS('',1,(#4855,#4856),.UNSPECIFIED.,.F.,
  .F.,(2,2),(0.,1.),.PIECEWISE_BEZIER_KNOTS.);
#4855 = CARTESIAN_POINT('',(0.680405353927,-1.400810707854,0.1));
#4856 = CARTESIAN_POINT('',(0.705,-1.45,0.45));
#4857 = ORIENTED_EDGE('',*,*,#4858,.F.);
#4858 = EDGE_CURVE('',#4774,#4852,#4859,.T.);
#4859 = LINE('',#4860,#4861);
#4860 = CARTESIAN_POINT('',(0.8,-1.355,0.45));
#4861 = VECTOR('',#4862,1.);
#4862 = DIRECTION('',(-0.707106781187,-0.707106781187,0.));
#4863 = ORIENTED_EDGE('',*,*,#4773,.F.);
#4864 = B_SPLINE_SURFACE_WITH_KNOTS('',1,1,(
    (#4865,#4866)
    ,(#4867,#4868
    )),.UNSPECIFIED.,.F.,.F.,.F.,(2,2),(2,2),(0.,0.134350288425),(0.,1.)
  ,.PIECEWISE_BEZIER_KNOTS.);
#4865 = CARTESIAN_POINT('',(0.750810707854,-1.330405353927,0.1));
#4866 = CARTESIAN_POINT('',(0.8,-1.355,0.45));
#4867 = CARTESIAN_POINT('',(0.680405353927,-1.400810707854,0.1));
#4868 = CARTESIAN_POINT('',(0.705,-1.45,0.45));
#4869 = ADVANCED_FACE('',(#4870),#4881,.F.);
#4870 = FACE_BOUND('',#4871,.F.);
#4871 = EDGE_LOOP('',(#4872,#4873,#4874,#4880));
#4872 = ORIENTED_EDGE('',*,*,#4588,.T.);
#4873 = ORIENTED_EDGE('',*,*,#4837,.T.);
#4874 = ORIENTED_EDGE('',*,*,#4875,.F.);
#4875 = EDGE_CURVE('',#4852,#4830,#4876,.T.);
#4876 = LINE('',#4877,#4878);
#4877 = CARTESIAN_POINT('',(0.705,-1.45,0.45));
#4878 = VECTOR('',#4879,1.);
#4879 = DIRECTION('',(-1.,-1.110223024625E-16,0.));
#4880 = ORIENTED_EDGE('',*,*,#4851,.F.);
#4881 = B_SPLINE_SURFACE_WITH_KNOTS('',1,1,(
    (#4882,#4883)
    ,(#4884,#4885
    )),.UNSPECIFIED.,.F.,.F.,.F.,(2,2),(2,2),(0.,1.41),(0.,1.),
  .PIECEWISE_BEZIER_KNOTS.);
#4882 = CARTESIAN_POINT('',(0.680405353927,-1.400810707854,0.1));
#4883 = CARTESIAN_POINT('',(0.705,-1.45,0.45));
#4884 = CARTESIAN_POINT('',(-0.680405353927,-1.400810707854,0.1));
#4885 = CARTESIAN_POINT('',(-0.705,-1.45,0.45));
#4886 = ADVANCED_FACE('',(#4887),#4904,.F.);
#4887 = FACE_BOUND('',#4888,.F.);
#4888 = EDGE_LOOP('',(#4889,#4890,#4897,#4903));
#4889 = ORIENTED_EDGE('',*,*,#4634,.T.);
#4890 = ORIENTED_EDGE('',*,*,#4891,.T.);
#4891 = EDGE_CURVE('',#4628,#4892,#4894,.T.);
#4892 = VERTEX_POINT('',#4893);
#4893 = CARTESIAN_POINT('',(0.8,1.355,0.6));
#4894 = B_SPLINE_CURVE_WITH_KNOTS('',1,(#4895,#4896),.UNSPECIFIED.,.F.,
  .F.,(2,2),(0.,1.),.PIECEWISE_BEZIER_KNOTS.);
#4895 = CARTESIAN_POINT('',(0.8,1.355,0.45));
#4896 = CARTESIAN_POINT('',(0.8,1.355,0.6));
#4897 = ORIENTED_EDGE('',*,*,#4898,.F.);
#4898 = EDGE_CURVE('',#4651,#4892,#4899,.T.);
#4899 = LINE('',#4900,#4901);
#4900 = CARTESIAN_POINT('',(0.705,1.45,0.6));
#4901 = VECTOR('',#4902,1.);
#4902 = DIRECTION('',(0.707106781187,-0.707106781187,0.));
#4903 = ORIENTED_EDGE('',*,*,#4650,.F.);
#4904 = PLANE('',#4905);
#4905 = AXIS2_PLACEMENT_3D('',#4906,#4907,#4908);
#4906 = CARTESIAN_POINT('',(0.705,1.45,0.6));
#4907 = DIRECTION('',(-0.707106781187,-0.707106781187,0.));
#4908 = DIRECTION('',(0.707106781187,-0.707106781187,0.));
#4909 = ADVANCED_FACE('',(#4910),#4992,.F.);
#4910 = FACE_BOUND('',#4911,.F.);
#4911 = EDGE_LOOP('',(#4912,#4920,#4921,#4922,#4930,#4938,#4946,#4954,
    #4962,#4970,#4978,#4986));
#4912 = ORIENTED_EDGE('',*,*,#4913,.T.);
#4913 = EDGE_CURVE('',#4914,#4658,#4916,.T.);
#4914 = VERTEX_POINT('',#4915);
#4915 = CARTESIAN_POINT('',(-0.8,1.355,0.6));
#4916 = LINE('',#4917,#4918);
#4917 = CARTESIAN_POINT('',(-0.8,1.355,0.6));
#4918 = VECTOR('',#4919,1.);
#4919 = DIRECTION('',(0.707106781187,0.707106781187,0.));
#4920 = ORIENTED_EDGE('',*,*,#4657,.T.);
#4921 = ORIENTED_EDGE('',*,*,#4898,.T.);
#4922 = ORIENTED_EDGE('',*,*,#4923,.T.);
#4923 = EDGE_CURVE('',#4892,#4924,#4926,.T.);
#4924 = VERTEX_POINT('',#4925);
#4925 = CARTESIAN_POINT('',(0.8,1.125,0.6));
#4926 = LINE('',#4927,#4928);
#4927 = CARTESIAN_POINT('',(0.8,1.355,0.6));
#4928 = VECTOR('',#4929,1.);
#4929 = DIRECTION('',(1.110223024625E-16,-1.,0.));
#4930 = ORIENTED_EDGE('',*,*,#4931,.T.);
#4931 = EDGE_CURVE('',#4924,#4932,#4934,.T.);
#4932 = VERTEX_POINT('',#4933);
#4933 = CARTESIAN_POINT('',(0.775,1.125,0.6));
#4934 = LINE('',#4935,#4936);
#4935 = CARTESIAN_POINT('',(0.85,1.125,0.6));
#4936 = VECTOR('',#4937,1.);
#4937 = DIRECTION('',(-1.,-1.110223024625E-16,0.));
#4938 = ORIENTED_EDGE('',*,*,#4939,.F.);
#4939 = EDGE_CURVE('',#4940,#4932,#4942,.T.);
#4940 = VERTEX_POINT('',#4941);
#4941 = CARTESIAN_POINT('',(0.775,1.3425,0.6));
#4942 = LINE('',#4943,#4944);
#4943 = CARTESIAN_POINT('',(0.775,1.3425,0.6));
#4944 = VECTOR('',#4945,1.);
#4945 = DIRECTION('',(1.110223024625E-16,-1.,0.));
#4946 = ORIENTED_EDGE('',*,*,#4947,.F.);
#4947 = EDGE_CURVE('',#4948,#4940,#4950,.T.);
#4948 = VERTEX_POINT('',#4949);
#4949 = CARTESIAN_POINT('',(0.6925,1.425,0.6));
#4950 = LINE('',#4951,#4952);
#4951 = CARTESIAN_POINT('',(0.6925,1.425,0.6));
#4952 = VECTOR('',#4953,1.);
#4953 = DIRECTION('',(0.707106781187,-0.707106781187,0.));
#4954 = ORIENTED_EDGE('',*,*,#4955,.F.);
#4955 = EDGE_CURVE('',#4956,#4948,#4958,.T.);
#4956 = VERTEX_POINT('',#4957);
#4957 = CARTESIAN_POINT('',(-0.6925,1.425,0.6));
#4958 = LINE('',#4959,#4960);
#4959 = CARTESIAN_POINT('',(-0.6925,1.425,0.6));
#4960 = VECTOR('',#4961,1.);
#4961 = DIRECTION('',(1.,1.110223024625E-16,0.));
#4962 = ORIENTED_EDGE('',*,*,#4963,.F.);
#4963 = EDGE_CURVE('',#4964,#4956,#4966,.T.);
#4964 = VERTEX_POINT('',#4965);
#4965 = CARTESIAN_POINT('',(-0.775,1.3425,0.6));
#4966 = LINE('',#4967,#4968);
#4967 = CARTESIAN_POINT('',(-0.775,1.3425,0.6));
#4968 = VECTOR('',#4969,1.);
#4969 = DIRECTION('',(0.707106781187,0.707106781187,0.));
#4970 = ORIENTED_EDGE('',*,*,#4971,.F.);
#4971 = EDGE_CURVE('',#4972,#4964,#4974,.T.);
#4972 = VERTEX_POINT('',#4973);
#4973 = CARTESIAN_POINT('',(-0.775,1.125,0.6));
#4974 = LINE('',#4975,#4976);
#4975 = CARTESIAN_POINT('',(-0.775,-1.3425,0.6));
#4976 = VECTOR('',#4977,1.);
#4977 = DIRECTION('',(-1.110223024625E-16,1.,0.));
#4978 = ORIENTED_EDGE('',*,*,#4979,.F.);
#4979 = EDGE_CURVE('',#4980,#4972,#4982,.T.);
#4980 = VERTEX_POINT('',#4981);
#4981 = CARTESIAN_POINT('',(-0.8,1.125,0.6));
#4982 = LINE('',#4983,#4984);
#4983 = CARTESIAN_POINT('',(-0.85,1.125,0.6));
#4984 = VECTOR('',#4985,1.);
#4985 = DIRECTION('',(1.,-1.144237745222E-17,0.));
#4986 = ORIENTED_EDGE('',*,*,#4987,.T.);
#4987 = EDGE_CURVE('',#4980,#4914,#4988,.T.);
#4988 = LINE('',#4989,#4990);
#4989 = CARTESIAN_POINT('',(-0.8,-1.355,0.6));
#4990 = VECTOR('',#4991,1.);
#4991 = DIRECTION('',(-1.110223024625E-16,1.,0.));
#4992 = PLANE('',#4993);
#4993 = AXIS2_PLACEMENT_3D('',#4994,#4995,#4996);
#4994 = CARTESIAN_POINT('',(-2.091417030376E-16,1.4375,0.6));
#4995 = DIRECTION('',(2.888762391192E-17,8.634073551009E-28,-1.));
#4996 = DIRECTION('',(1.,1.51922136901E-16,2.888762391192E-17));
#4997 = ADVANCED_FACE('',(#4998),#5008,.F.);
#4998 = FACE_BOUND('',#4999,.F.);
#4999 = EDGE_LOOP('',(#5000,#5001,#5002,#5003));
#5000 = ORIENTED_EDGE('',*,*,#4680,.T.);
#5001 = ORIENTED_EDGE('',*,*,#4665,.T.);
#5002 = ORIENTED_EDGE('',*,*,#4913,.F.);
#5003 = ORIENTED_EDGE('',*,*,#5004,.F.);
#5004 = EDGE_CURVE('',#4681,#4914,#5005,.T.);
#5005 = B_SPLINE_CURVE_WITH_KNOTS('',1,(#5006,#5007),.UNSPECIFIED.,.F.,
  .F.,(2,2),(0.,1.),.PIECEWISE_BEZIER_KNOTS.);
#5006 = CARTESIAN_POINT('',(-0.8,1.355,0.45));
#5007 = CARTESIAN_POINT('',(-0.8,1.355,0.6));
#5008 = PLANE('',#5009);
#5009 = AXIS2_PLACEMENT_3D('',#5010,#5011,#5012);
#5010 = CARTESIAN_POINT('',(-0.8,1.355,0.6));
#5011 = DIRECTION('',(0.707106781187,-0.707106781187,0.));
#5012 = DIRECTION('',(0.707106781187,0.707106781187,0.));
#5013 = ADVANCED_FACE('',(#5014),#5038,.F.);
#5014 = FACE_BOUND('',#5015,.F.);
#5015 = EDGE_LOOP('',(#5016,#5023,#5024,#5032));
#5016 = ORIENTED_EDGE('',*,*,#5017,.F.);
#5017 = EDGE_CURVE('',#4752,#5018,#5020,.T.);
#5018 = VERTEX_POINT('',#5019);
#5019 = CARTESIAN_POINT('',(-0.8,-1.355,0.6));
#5020 = B_SPLINE_CURVE_WITH_KNOTS('',1,(#5021,#5022),.UNSPECIFIED.,.F.,
  .F.,(2,2),(0.,1.),.PIECEWISE_BEZIER_KNOTS.);
#5021 = CARTESIAN_POINT('',(-0.8,-1.355,0.45));
#5022 = CARTESIAN_POINT('',(-0.8,-1.355,0.6));
#5023 = ORIENTED_EDGE('',*,*,#4751,.T.);
#5024 = ORIENTED_EDGE('',*,*,#5025,.T.);
#5025 = EDGE_CURVE('',#4744,#5026,#5028,.T.);
#5026 = VERTEX_POINT('',#5027);
#5027 = CARTESIAN_POINT('',(-0.8,-1.125,0.6));
#5028 = LINE('',#5029,#5030);
#5029 = CARTESIAN_POINT('',(-0.8,-1.125,0.441412655976));
#5030 = VECTOR('',#5031,1.);
#5031 = DIRECTION('',(0.,0.,1.));
#5032 = ORIENTED_EDGE('',*,*,#5033,.F.);
#5033 = EDGE_CURVE('',#5018,#5026,#5034,.T.);
#5034 = LINE('',#5035,#5036);
#5035 = CARTESIAN_POINT('',(-0.8,-1.355,0.6));
#5036 = VECTOR('',#5037,1.);
#5037 = DIRECTION('',(-1.110223024625E-16,1.,0.));
#5038 = PLANE('',#5039);
#5039 = AXIS2_PLACEMENT_3D('',#5040,#5041,#5042);
#5040 = CARTESIAN_POINT('',(-0.8,-1.355,0.6));
#5041 = DIRECTION('',(1.,1.110223024625E-16,0.));
#5042 = DIRECTION('',(-1.110223024625E-16,1.,0.));
#5043 = ADVANCED_FACE('',(#5044),#5069,.F.);
#5044 = FACE_BOUND('',#5045,.F.);
#5045 = EDGE_LOOP('',(#5046,#5054,#5055,#5063));
#5046 = ORIENTED_EDGE('',*,*,#5047,.F.);
#5047 = EDGE_CURVE('',#4744,#5048,#5050,.T.);
#5048 = VERTEX_POINT('',#5049);
#5049 = CARTESIAN_POINT('',(-0.85,-1.125,0.45));
#5050 = LINE('',#5051,#5052);
#5051 = CARTESIAN_POINT('',(-0.75,-1.125,0.45));
#5052 = VECTOR('',#5053,1.);
#5053 = DIRECTION('',(-1.,1.144237745222E-17,0.));
#5054 = ORIENTED_EDGE('',*,*,#4743,.T.);
#5055 = ORIENTED_EDGE('',*,*,#5056,.T.);
#5056 = EDGE_CURVE('',#4736,#5057,#5059,.T.);
#5057 = VERTEX_POINT('',#5058);
#5058 = CARTESIAN_POINT('',(-0.85,-0.775,0.45));
#5059 = LINE('',#5060,#5061);
#5060 = CARTESIAN_POINT('',(-0.75,-0.775,0.45));
#5061 = VECTOR('',#5062,1.);
#5062 = DIRECTION('',(-1.,1.144237745222E-17,0.));
#5063 = ORIENTED_EDGE('',*,*,#5064,.F.);
#5064 = EDGE_CURVE('',#5048,#5057,#5065,.T.);
#5065 = LINE('',#5066,#5067);
#5066 = CARTESIAN_POINT('',(-0.85,-1.125,0.45));
#5067 = VECTOR('',#5068,1.);
#5068 = DIRECTION('',(1.144237745222E-17,1.,0.));
#5069 = PLANE('',#5070);
#5070 = AXIS2_PLACEMENT_3D('',#5071,#5072,#5073);
#5071 = CARTESIAN_POINT('',(-0.75,-1.125,0.45));
#5072 = DIRECTION('',(0.,0.,1.));
#5073 = DIRECTION('',(-1.,1.144237745222E-17,0.));
#5074 = ADVANCED_FACE('',(#5075),#5100,.F.);
#5075 = FACE_BOUND('',#5076,.F.);
#5076 = EDGE_LOOP('',(#5077,#5085,#5086,#5094));
#5077 = ORIENTED_EDGE('',*,*,#5078,.F.);
#5078 = EDGE_CURVE('',#4736,#5079,#5081,.T.);
#5079 = VERTEX_POINT('',#5080);
#5080 = CARTESIAN_POINT('',(-0.8,-0.775,0.6));
#5081 = LINE('',#5082,#5083);
#5082 = CARTESIAN_POINT('',(-0.8,-0.775,0.441412655976));
#5083 = VECTOR('',#5084,1.);
#5084 = DIRECTION('',(0.,0.,1.));
#5085 = ORIENTED_EDGE('',*,*,#4735,.T.);
#5086 = ORIENTED_EDGE('',*,*,#5087,.T.);
#5087 = EDGE_CURVE('',#4728,#5088,#5090,.T.);
#5088 = VERTEX_POINT('',#5089);
#5089 = CARTESIAN_POINT('',(-0.8,-0.175,0.6));
#5090 = LINE('',#5091,#5092);
#5091 = CARTESIAN_POINT('',(-0.8,-0.175,0.441412655976));
#5092 = VECTOR('',#5093,1.);
#5093 = DIRECTION('',(0.,0.,1.));
#5094 = ORIENTED_EDGE('',*,*,#5095,.F.);
#5095 = EDGE_CURVE('',#5079,#5088,#5096,.T.);
#5096 = LINE('',#5097,#5098);
#5097 = CARTESIAN_POINT('',(-0.8,-1.355,0.6));
#5098 = VECTOR('',#5099,1.);
#5099 = DIRECTION('',(-1.110223024625E-16,1.,0.));
#5100 = PLANE('',#5101);
#5101 = AXIS2_PLACEMENT_3D('',#5102,#5103,#5104);
#5102 = CARTESIAN_POINT('',(-0.8,-1.355,0.6));
#5103 = DIRECTION('',(1.,1.110223024625E-16,0.));
#5104 = DIRECTION('',(-1.110223024625E-16,1.,0.));
#5105 = ADVANCED_FACE('',(#5106),#5131,.F.);
#5106 = FACE_BOUND('',#5107,.F.);
#5107 = EDGE_LOOP('',(#5108,#5116,#5117,#5125));
#5108 = ORIENTED_EDGE('',*,*,#5109,.F.);
#5109 = EDGE_CURVE('',#4728,#5110,#5112,.T.);
#5110 = VERTEX_POINT('',#5111);
#5111 = CARTESIAN_POINT('',(-0.85,-0.175,0.45));
#5112 = LINE('',#5113,#5114);
#5113 = CARTESIAN_POINT('',(-0.75,-0.175,0.45));
#5114 = VECTOR('',#5115,1.);
#5115 = DIRECTION('',(-1.,1.144237745222E-17,0.));
#5116 = ORIENTED_EDGE('',*,*,#4727,.T.);
#5117 = ORIENTED_EDGE('',*,*,#5118,.T.);
#5118 = EDGE_CURVE('',#4720,#5119,#5121,.T.);
#5119 = VERTEX_POINT('',#5120);
#5120 = CARTESIAN_POINT('',(-0.85,0.175,0.45));
#5121 = LINE('',#5122,#5123);
#5122 = CARTESIAN_POINT('',(-0.75,0.175,0.45));
#5123 = VECTOR('',#5124,1.);
#5124 = DIRECTION('',(-1.,1.144237745222E-17,0.));
#5125 = ORIENTED_EDGE('',*,*,#5126,.F.);
#5126 = EDGE_CURVE('',#5110,#5119,#5127,.T.);
#5127 = LINE('',#5128,#5129);
#5128 = CARTESIAN_POINT('',(-0.85,-0.175,0.45));
#5129 = VECTOR('',#5130,1.);
#5130 = DIRECTION('',(1.144237745222E-17,1.,0.));
#5131 = PLANE('',#5132);
#5132 = AXIS2_PLACEMENT_3D('',#5133,#5134,#5135);
#5133 = CARTESIAN_POINT('',(-0.75,-0.175,0.45));
#5134 = DIRECTION('',(0.,0.,1.));
#5135 = DIRECTION('',(-1.,1.144237745222E-17,0.));
#5136 = ADVANCED_FACE('',(#5137),#5162,.F.);
#5137 = FACE_BOUND('',#5138,.F.);
#5138 = EDGE_LOOP('',(#5139,#5147,#5148,#5156));
#5139 = ORIENTED_EDGE('',*,*,#5140,.F.);
#5140 = EDGE_CURVE('',#4720,#5141,#5143,.T.);
#5141 = VERTEX_POINT('',#5142);
#5142 = CARTESIAN_POINT('',(-0.8,0.175,0.6));
#5143 = LINE('',#5144,#5145);
#5144 = CARTESIAN_POINT('',(-0.8,0.175,0.441412655976));
#5145 = VECTOR('',#5146,1.);
#5146 = DIRECTION('',(0.,0.,1.));
#5147 = ORIENTED_EDGE('',*,*,#4719,.T.);
#5148 = ORIENTED_EDGE('',*,*,#5149,.T.);
#5149 = EDGE_CURVE('',#4712,#5150,#5152,.T.);
#5150 = VERTEX_POINT('',#5151);
#5151 = CARTESIAN_POINT('',(-0.8,0.775,0.6));
#5152 = LINE('',#5153,#5154);
#5153 = CARTESIAN_POINT('',(-0.8,0.775,0.441412655976));
#5154 = VECTOR('',#5155,1.);
#5155 = DIRECTION('',(0.,0.,1.));
#5156 = ORIENTED_EDGE('',*,*,#5157,.F.);
#5157 = EDGE_CURVE('',#5141,#5150,#5158,.T.);
#5158 = LINE('',#5159,#5160);
#5159 = CARTESIAN_POINT('',(-0.8,-1.355,0.6));
#5160 = VECTOR('',#5161,1.);
#5161 = DIRECTION('',(-1.110223024625E-16,1.,0.));
#5162 = PLANE('',#5163);
#5163 = AXIS2_PLACEMENT_3D('',#5164,#5165,#5166);
#5164 = CARTESIAN_POINT('',(-0.8,-1.355,0.6));
#5165 = DIRECTION('',(1.,1.110223024625E-16,0.));
#5166 = DIRECTION('',(-1.110223024625E-16,1.,0.));
#5167 = ADVANCED_FACE('',(#5168),#5193,.F.);
#5168 = FACE_BOUND('',#5169,.F.);
#5169 = EDGE_LOOP('',(#5170,#5178,#5179,#5187));
#5170 = ORIENTED_EDGE('',*,*,#5171,.F.);
#5171 = EDGE_CURVE('',#4712,#5172,#5174,.T.);
#5172 = VERTEX_POINT('',#5173);
#5173 = CARTESIAN_POINT('',(-0.85,0.775,0.45));
#5174 = LINE('',#5175,#5176);
#5175 = CARTESIAN_POINT('',(-0.75,0.775,0.45));
#5176 = VECTOR('',#5177,1.);
#5177 = DIRECTION('',(-1.,1.144237745222E-17,0.));
#5178 = ORIENTED_EDGE('',*,*,#4711,.T.);
#5179 = ORIENTED_EDGE('',*,*,#5180,.T.);
#5180 = EDGE_CURVE('',#4704,#5181,#5183,.T.);
#5181 = VERTEX_POINT('',#5182);
#5182 = CARTESIAN_POINT('',(-0.85,1.125,0.45));
#5183 = LINE('',#5184,#5185);
#5184 = CARTESIAN_POINT('',(-0.75,1.125,0.45));
#5185 = VECTOR('',#5186,1.);
#5186 = DIRECTION('',(-1.,1.144237745222E-17,0.));
#5187 = ORIENTED_EDGE('',*,*,#5188,.F.);
#5188 = EDGE_CURVE('',#5172,#5181,#5189,.T.);
#5189 = LINE('',#5190,#5191);
#5190 = CARTESIAN_POINT('',(-0.85,0.775,0.45));
#5191 = VECTOR('',#5192,1.);
#5192 = DIRECTION('',(1.144237745222E-17,1.,0.));
#5193 = PLANE('',#5194);
#5194 = AXIS2_PLACEMENT_3D('',#5195,#5196,#5197);
#5195 = CARTESIAN_POINT('',(-0.75,0.775,0.45));
#5196 = DIRECTION('',(0.,0.,1.));
#5197 = DIRECTION('',(-1.,1.144237745222E-17,0.));
#5198 = ADVANCED_FACE('',(#5199),#5210,.F.);
#5199 = FACE_BOUND('',#5200,.F.);
#5200 = EDGE_LOOP('',(#5201,#5207,#5208,#5209));
#5201 = ORIENTED_EDGE('',*,*,#5202,.F.);
#5202 = EDGE_CURVE('',#4704,#4980,#5203,.T.);
#5203 = LINE('',#5204,#5205);
#5204 = CARTESIAN_POINT('',(-0.8,1.125,0.441412655976));
#5205 = VECTOR('',#5206,1.);
#5206 = DIRECTION('',(0.,0.,1.));
#5207 = ORIENTED_EDGE('',*,*,#4703,.T.);
#5208 = ORIENTED_EDGE('',*,*,#5004,.T.);
#5209 = ORIENTED_EDGE('',*,*,#4987,.F.);
#5210 = PLANE('',#5211);
#5211 = AXIS2_PLACEMENT_3D('',#5212,#5213,#5214);
#5212 = CARTESIAN_POINT('',(-0.8,-1.355,0.6));
#5213 = DIRECTION('',(1.,1.110223024625E-16,0.));
#5214 = DIRECTION('',(-1.110223024625E-16,1.,0.));
#5215 = ADVANCED_FACE('',(#5216),#5227,.F.);
#5216 = FACE_BOUND('',#5217,.F.);
#5217 = EDGE_LOOP('',(#5218,#5219,#5220,#5226));
#5218 = ORIENTED_EDGE('',*,*,#4891,.F.);
#5219 = ORIENTED_EDGE('',*,*,#4812,.T.);
#5220 = ORIENTED_EDGE('',*,*,#5221,.T.);
#5221 = EDGE_CURVE('',#4805,#4924,#5222,.T.);
#5222 = LINE('',#5223,#5224);
#5223 = CARTESIAN_POINT('',(0.8,1.125,0.441412655976));
#5224 = VECTOR('',#5225,1.);
#5225 = DIRECTION('',(0.,0.,1.));
#5226 = ORIENTED_EDGE('',*,*,#4923,.F.);
#5227 = PLANE('',#5228);
#5228 = AXIS2_PLACEMENT_3D('',#5229,#5230,#5231);
#5229 = CARTESIAN_POINT('',(0.8,1.355,0.6));
#5230 = DIRECTION('',(-1.,-1.110223024625E-16,0.));
#5231 = DIRECTION('',(1.110223024625E-16,-1.,0.));
#5232 = ADVANCED_FACE('',(#5233),#5258,.F.);
#5233 = FACE_BOUND('',#5234,.F.);
#5234 = EDGE_LOOP('',(#5235,#5243,#5244,#5252));
#5235 = ORIENTED_EDGE('',*,*,#5236,.F.);
#5236 = EDGE_CURVE('',#4805,#5237,#5239,.T.);
#5237 = VERTEX_POINT('',#5238);
#5238 = CARTESIAN_POINT('',(0.85,1.125,0.45));
#5239 = LINE('',#5240,#5241);
#5240 = CARTESIAN_POINT('',(0.75,1.125,0.45));
#5241 = VECTOR('',#5242,1.);
#5242 = DIRECTION('',(1.,1.110223024625E-16,0.));
#5243 = ORIENTED_EDGE('',*,*,#4804,.T.);
#5244 = ORIENTED_EDGE('',*,*,#5245,.T.);
#5245 = EDGE_CURVE('',#4797,#5246,#5248,.T.);
#5246 = VERTEX_POINT('',#5247);
#5247 = CARTESIAN_POINT('',(0.85,0.775,0.45));
#5248 = LINE('',#5249,#5250);
#5249 = CARTESIAN_POINT('',(0.75,0.775,0.45));
#5250 = VECTOR('',#5251,1.);
#5251 = DIRECTION('',(1.,1.110223024625E-16,0.));
#5252 = ORIENTED_EDGE('',*,*,#5253,.F.);
#5253 = EDGE_CURVE('',#5237,#5246,#5254,.T.);
#5254 = LINE('',#5255,#5256);
#5255 = CARTESIAN_POINT('',(0.85,1.125,0.45));
#5256 = VECTOR('',#5257,1.);
#5257 = DIRECTION('',(1.110223024625E-16,-1.,0.));
#5258 = PLANE('',#5259);
#5259 = AXIS2_PLACEMENT_3D('',#5260,#5261,#5262);
#5260 = CARTESIAN_POINT('',(0.75,1.125,0.45));
#5261 = DIRECTION('',(0.,0.,1.));
#5262 = DIRECTION('',(1.,1.110223024625E-16,-0.));
#5263 = ADVANCED_FACE('',(#5264),#5289,.F.);
#5264 = FACE_BOUND('',#5265,.F.);
#5265 = EDGE_LOOP('',(#5266,#5274,#5275,#5283));
#5266 = ORIENTED_EDGE('',*,*,#5267,.F.);
#5267 = EDGE_CURVE('',#4797,#5268,#5270,.T.);
#5268 = VERTEX_POINT('',#5269);
#5269 = CARTESIAN_POINT('',(0.8,0.775,0.6));
#5270 = LINE('',#5271,#5272);
#5271 = CARTESIAN_POINT('',(0.8,0.775,0.441412655976));
#5272 = VECTOR('',#5273,1.);
#5273 = DIRECTION('',(0.,0.,1.));
#5274 = ORIENTED_EDGE('',*,*,#4796,.T.);
#5275 = ORIENTED_EDGE('',*,*,#5276,.T.);
#5276 = EDGE_CURVE('',#4789,#5277,#5279,.T.);
#5277 = VERTEX_POINT('',#5278);
#5278 = CARTESIAN_POINT('',(0.8,-0.775,0.6));
#5279 = LINE('',#5280,#5281);
#5280 = CARTESIAN_POINT('',(0.8,-0.775,0.441412655976));
#5281 = VECTOR('',#5282,1.);
#5282 = DIRECTION('',(0.,0.,1.));
#5283 = ORIENTED_EDGE('',*,*,#5284,.F.);
#5284 = EDGE_CURVE('',#5268,#5277,#5285,.T.);
#5285 = LINE('',#5286,#5287);
#5286 = CARTESIAN_POINT('',(0.8,1.355,0.6));
#5287 = VECTOR('',#5288,1.);
#5288 = DIRECTION('',(1.110223024625E-16,-1.,0.));
#5289 = PLANE('',#5290);
#5290 = AXIS2_PLACEMENT_3D('',#5291,#5292,#5293);
#5291 = CARTESIAN_POINT('',(0.8,1.355,0.6));
#5292 = DIRECTION('',(-1.,-1.110223024625E-16,0.));
#5293 = DIRECTION('',(1.110223024625E-16,-1.,0.));
#5294 = ADVANCED_FACE('',(#5295),#5320,.F.);
#5295 = FACE_BOUND('',#5296,.F.);
#5296 = EDGE_LOOP('',(#5297,#5305,#5306,#5314));
#5297 = ORIENTED_EDGE('',*,*,#5298,.F.);
#5298 = EDGE_CURVE('',#4789,#5299,#5301,.T.);
#5299 = VERTEX_POINT('',#5300);
#5300 = CARTESIAN_POINT('',(0.85,-0.775,0.45));
#5301 = LINE('',#5302,#5303);
#5302 = CARTESIAN_POINT('',(0.75,-0.775,0.45));
#5303 = VECTOR('',#5304,1.);
#5304 = DIRECTION('',(1.,1.110223024625E-16,0.));
#5305 = ORIENTED_EDGE('',*,*,#4788,.T.);
#5306 = ORIENTED_EDGE('',*,*,#5307,.T.);
#5307 = EDGE_CURVE('',#4781,#5308,#5310,.T.);
#5308 = VERTEX_POINT('',#5309);
#5309 = CARTESIAN_POINT('',(0.85,-1.125,0.45));
#5310 = LINE('',#5311,#5312);
#5311 = CARTESIAN_POINT('',(0.75,-1.125,0.45));
#5312 = VECTOR('',#5313,1.);
#5313 = DIRECTION('',(1.,1.110223024625E-16,0.));
#5314 = ORIENTED_EDGE('',*,*,#5315,.F.);
#5315 = EDGE_CURVE('',#5299,#5308,#5316,.T.);
#5316 = LINE('',#5317,#5318);
#5317 = CARTESIAN_POINT('',(0.85,-0.775,0.45));
#5318 = VECTOR('',#5319,1.);
#5319 = DIRECTION('',(1.110223024625E-16,-1.,0.));
#5320 = PLANE('',#5321);
#5321 = AXIS2_PLACEMENT_3D('',#5322,#5323,#5324);
#5322 = CARTESIAN_POINT('',(0.75,-0.775,0.45));
#5323 = DIRECTION('',(0.,0.,1.));
#5324 = DIRECTION('',(1.,1.110223024625E-16,-0.));
#5325 = ADVANCED_FACE('',(#5326),#5350,.F.);
#5326 = FACE_BOUND('',#5327,.F.);
#5327 = EDGE_LOOP('',(#5328,#5336,#5337,#5344));
#5328 = ORIENTED_EDGE('',*,*,#5329,.F.);
#5329 = EDGE_CURVE('',#4781,#5330,#5332,.T.);
#5330 = VERTEX_POINT('',#5331);
#5331 = CARTESIAN_POINT('',(0.8,-1.125,0.6));
#5332 = LINE('',#5333,#5334);
#5333 = CARTESIAN_POINT('',(0.8,-1.125,0.441412655976));
#5334 = VECTOR('',#5335,1.);
#5335 = DIRECTION('',(0.,0.,1.));
#5336 = ORIENTED_EDGE('',*,*,#4780,.T.);
#5337 = ORIENTED_EDGE('',*,*,#5338,.T.);
#5338 = EDGE_CURVE('',#4774,#5339,#5341,.T.);
#5339 = VERTEX_POINT('',#5340);
#5340 = CARTESIAN_POINT('',(0.8,-1.355,0.6));
#5341 = B_SPLINE_CURVE_WITH_KNOTS('',1,(#5342,#5343),.UNSPECIFIED.,.F.,
  .F.,(2,2),(0.,1.),.PIECEWISE_BEZIER_KNOTS.);
#5342 = CARTESIAN_POINT('',(0.8,-1.355,0.45));
#5343 = CARTESIAN_POINT('',(0.8,-1.355,0.6));
#5344 = ORIENTED_EDGE('',*,*,#5345,.F.);
#5345 = EDGE_CURVE('',#5330,#5339,#5346,.T.);
#5346 = LINE('',#5347,#5348);
#5347 = CARTESIAN_POINT('',(0.8,1.355,0.6));
#5348 = VECTOR('',#5349,1.);
#5349 = DIRECTION('',(1.110223024625E-16,-1.,0.));
#5350 = PLANE('',#5351);
#5351 = AXIS2_PLACEMENT_3D('',#5352,#5353,#5354);
#5352 = CARTESIAN_POINT('',(0.8,1.355,0.6));
#5353 = DIRECTION('',(-1.,-1.110223024625E-16,0.));
#5354 = DIRECTION('',(1.110223024625E-16,-1.,0.));
#5355 = ADVANCED_FACE('',(#5356),#5373,.F.);
#5356 = FACE_BOUND('',#5357,.F.);
#5357 = EDGE_LOOP('',(#5358,#5359,#5360,#5368));
#5358 = ORIENTED_EDGE('',*,*,#4829,.T.);
#5359 = ORIENTED_EDGE('',*,*,#5017,.T.);
#5360 = ORIENTED_EDGE('',*,*,#5361,.F.);
#5361 = EDGE_CURVE('',#5362,#5018,#5364,.T.);
#5362 = VERTEX_POINT('',#5363);
#5363 = CARTESIAN_POINT('',(-0.705,-1.45,0.6));
#5364 = LINE('',#5365,#5366);
#5365 = CARTESIAN_POINT('',(-0.705,-1.45,0.6));
#5366 = VECTOR('',#5367,1.);
#5367 = DIRECTION('',(-0.707106781187,0.707106781187,0.));
#5368 = ORIENTED_EDGE('',*,*,#5369,.F.);
#5369 = EDGE_CURVE('',#4830,#5362,#5370,.T.);
#5370 = B_SPLINE_CURVE_WITH_KNOTS('',1,(#5371,#5372),.UNSPECIFIED.,.F.,
  .F.,(2,2),(0.,1.),.PIECEWISE_BEZIER_KNOTS.);
#5371 = CARTESIAN_POINT('',(-0.705,-1.45,0.45));
#5372 = CARTESIAN_POINT('',(-0.705,-1.45,0.6));
#5373 = PLANE('',#5374);
#5374 = AXIS2_PLACEMENT_3D('',#5375,#5376,#5377);
#5375 = CARTESIAN_POINT('',(-0.705,-1.45,0.6));
#5376 = DIRECTION('',(0.707106781187,0.707106781187,0.));
#5377 = DIRECTION('',(-0.707106781187,0.707106781187,0.));
#5378 = ADVANCED_FACE('',(#5379),#5396,.F.);
#5379 = FACE_BOUND('',#5380,.F.);
#5380 = EDGE_LOOP('',(#5381,#5382,#5389,#5395));
#5381 = ORIENTED_EDGE('',*,*,#4858,.T.);
#5382 = ORIENTED_EDGE('',*,*,#5383,.T.);
#5383 = EDGE_CURVE('',#4852,#5384,#5386,.T.);
#5384 = VERTEX_POINT('',#5385);
#5385 = CARTESIAN_POINT('',(0.705,-1.45,0.6));
#5386 = B_SPLINE_CURVE_WITH_KNOTS('',1,(#5387,#5388),.UNSPECIFIED.,.F.,
  .F.,(2,2),(0.,1.),.PIECEWISE_BEZIER_KNOTS.);
#5387 = CARTESIAN_POINT('',(0.705,-1.45,0.45));
#5388 = CARTESIAN_POINT('',(0.705,-1.45,0.6));
#5389 = ORIENTED_EDGE('',*,*,#5390,.F.);
#5390 = EDGE_CURVE('',#5339,#5384,#5391,.T.);
#5391 = LINE('',#5392,#5393);
#5392 = CARTESIAN_POINT('',(0.8,-1.355,0.6));
#5393 = VECTOR('',#5394,1.);
#5394 = DIRECTION('',(-0.707106781187,-0.707106781187,0.));
#5395 = ORIENTED_EDGE('',*,*,#5338,.F.);
#5396 = PLANE('',#5397);
#5397 = AXIS2_PLACEMENT_3D('',#5398,#5399,#5400);
#5398 = CARTESIAN_POINT('',(0.8,-1.355,0.6));
#5399 = DIRECTION('',(-0.707106781187,0.707106781187,0.));
#5400 = DIRECTION('',(-0.707106781187,-0.707106781187,0.));
#5401 = ADVANCED_FACE('',(#5402),#5413,.F.);
#5402 = FACE_BOUND('',#5403,.F.);
#5403 = EDGE_LOOP('',(#5404,#5405,#5406,#5412));
#5404 = ORIENTED_EDGE('',*,*,#4875,.T.);
#5405 = ORIENTED_EDGE('',*,*,#5369,.T.);
#5406 = ORIENTED_EDGE('',*,*,#5407,.F.);
#5407 = EDGE_CURVE('',#5384,#5362,#5408,.T.);
#5408 = LINE('',#5409,#5410);
#5409 = CARTESIAN_POINT('',(0.705,-1.45,0.6));
#5410 = VECTOR('',#5411,1.);
#5411 = DIRECTION('',(-1.,-1.110223024625E-16,0.));
#5412 = ORIENTED_EDGE('',*,*,#5383,.F.);
#5413 = PLANE('',#5414);
#5414 = AXIS2_PLACEMENT_3D('',#5415,#5416,#5417);
#5415 = CARTESIAN_POINT('',(0.705,-1.45,0.6));
#5416 = DIRECTION('',(-1.110223024625E-16,1.,0.));
#5417 = DIRECTION('',(-1.,-1.110223024625E-16,0.));
#5418 = ADVANCED_FACE('',(#5419),#5458,.F.);
#5419 = FACE_BOUND('',#5420,.F.);
#5420 = EDGE_LOOP('',(#5421,#5429,#5437,#5443,#5444,#5452));
#5421 = ORIENTED_EDGE('',*,*,#5422,.F.);
#5422 = EDGE_CURVE('',#5423,#5150,#5425,.T.);
#5423 = VERTEX_POINT('',#5424);
#5424 = CARTESIAN_POINT('',(-0.85,0.775,0.6));
#5425 = LINE('',#5426,#5427);
#5426 = CARTESIAN_POINT('',(-0.85,0.775,0.6));
#5427 = VECTOR('',#5428,1.);
#5428 = DIRECTION('',(1.,-1.144237745222E-17,0.));
#5429 = ORIENTED_EDGE('',*,*,#5430,.T.);
#5430 = EDGE_CURVE('',#5423,#5431,#5433,.T.);
#5431 = VERTEX_POINT('',#5432);
#5432 = CARTESIAN_POINT('',(-0.85,1.125,0.6));
#5433 = LINE('',#5434,#5435);
#5434 = CARTESIAN_POINT('',(-0.85,0.775,0.6));
#5435 = VECTOR('',#5436,1.);
#5436 = DIRECTION('',(1.144237745222E-17,1.,0.));
#5437 = ORIENTED_EDGE('',*,*,#5438,.T.);
#5438 = EDGE_CURVE('',#5431,#4980,#5439,.T.);
#5439 = LINE('',#5440,#5441);
#5440 = CARTESIAN_POINT('',(-0.85,1.125,0.6));
#5441 = VECTOR('',#5442,1.);
#5442 = DIRECTION('',(1.,-1.144237745222E-17,0.));
#5443 = ORIENTED_EDGE('',*,*,#4979,.T.);
#5444 = ORIENTED_EDGE('',*,*,#5445,.F.);
#5445 = EDGE_CURVE('',#5446,#4972,#5448,.T.);
#5446 = VERTEX_POINT('',#5447);
#5447 = CARTESIAN_POINT('',(-0.775,0.775,0.6));
#5448 = LINE('',#5449,#5450);
#5449 = CARTESIAN_POINT('',(-0.775,-1.3425,0.6));
#5450 = VECTOR('',#5451,1.);
#5451 = DIRECTION('',(-1.110223024625E-16,1.,0.));
#5452 = ORIENTED_EDGE('',*,*,#5453,.F.);
#5453 = EDGE_CURVE('',#5150,#5446,#5454,.T.);
#5454 = LINE('',#5455,#5456);
#5455 = CARTESIAN_POINT('',(-0.85,0.775,0.6));
#5456 = VECTOR('',#5457,1.);
#5457 = DIRECTION('',(1.,-1.144237745222E-17,0.));
#5458 = PLANE('',#5459);
#5459 = AXIS2_PLACEMENT_3D('',#5460,#5461,#5462);
#5460 = CARTESIAN_POINT('',(-0.85,0.775,0.6));
#5461 = DIRECTION('',(0.,0.,-1.));
#5462 = DIRECTION('',(1.,-1.144237745222E-17,0.));
#5463 = ADVANCED_FACE('',(#5464),#5528,.F.);
#5464 = FACE_BOUND('',#5465,.F.);
#5465 = EDGE_LOOP('',(#5466,#5476,#5484,#5492,#5500,#5506,#5507,#5508,
    #5515,#5523));
#5466 = ORIENTED_EDGE('',*,*,#5467,.T.);
#5467 = EDGE_CURVE('',#5468,#5470,#5472,.T.);
#5468 = VERTEX_POINT('',#5469);
#5469 = CARTESIAN_POINT('',(-0.775,-1.3425,0.6));
#5470 = VERTEX_POINT('',#5471);
#5471 = CARTESIAN_POINT('',(-0.775,-1.125,0.6));
#5472 = LINE('',#5473,#5474);
#5473 = CARTESIAN_POINT('',(-0.775,-1.3425,0.6));
#5474 = VECTOR('',#5475,1.);
#5475 = DIRECTION('',(-1.110223024625E-16,1.,0.));
#5476 = ORIENTED_EDGE('',*,*,#5477,.T.);
#5477 = EDGE_CURVE('',#5470,#5478,#5480,.T.);
#5478 = VERTEX_POINT('',#5479);
#5479 = CARTESIAN_POINT('',(-0.775,-0.775,0.6));
#5480 = LINE('',#5481,#5482);
#5481 = CARTESIAN_POINT('',(-0.775,-1.3425,0.6));
#5482 = VECTOR('',#5483,1.);
#5483 = DIRECTION('',(-1.110223024625E-16,1.,0.));
#5484 = ORIENTED_EDGE('',*,*,#5485,.T.);
#5485 = EDGE_CURVE('',#5478,#5486,#5488,.T.);
#5486 = VERTEX_POINT('',#5487);
#5487 = CARTESIAN_POINT('',(-0.775,-0.175,0.6));
#5488 = LINE('',#5489,#5490);
#5489 = CARTESIAN_POINT('',(-0.775,-1.3425,0.6));
#5490 = VECTOR('',#5491,1.);
#5491 = DIRECTION('',(-1.110223024625E-16,1.,0.));
#5492 = ORIENTED_EDGE('',*,*,#5493,.T.);
#5493 = EDGE_CURVE('',#5486,#5494,#5496,.T.);
#5494 = VERTEX_POINT('',#5495);
#5495 = CARTESIAN_POINT('',(-0.775,0.175,0.6));
#5496 = LINE('',#5497,#5498);
#5497 = CARTESIAN_POINT('',(-0.775,-1.3425,0.6));
#5498 = VECTOR('',#5499,1.);
#5499 = DIRECTION('',(-1.110223024625E-16,1.,0.));
#5500 = ORIENTED_EDGE('',*,*,#5501,.T.);
#5501 = EDGE_CURVE('',#5494,#5446,#5502,.T.);
#5502 = LINE('',#5503,#5504);
#5503 = CARTESIAN_POINT('',(-0.775,-1.3425,0.6));
#5504 = VECTOR('',#5505,1.);
#5505 = DIRECTION('',(-1.110223024625E-16,1.,0.));
#5506 = ORIENTED_EDGE('',*,*,#5445,.T.);
#5507 = ORIENTED_EDGE('',*,*,#4971,.T.);
#5508 = ORIENTED_EDGE('',*,*,#5509,.T.);
#5509 = EDGE_CURVE('',#4964,#5510,#5512,.T.);
#5510 = VERTEX_POINT('',#5511);
#5511 = CARTESIAN_POINT('',(-0.725810707854,1.317905353927,0.95));
#5512 = B_SPLINE_CURVE_WITH_KNOTS('',1,(#5513,#5514),.UNSPECIFIED.,.F.,
  .F.,(2,2),(0.,1.),.PIECEWISE_BEZIER_KNOTS.);
#5513 = CARTESIAN_POINT('',(-0.775,1.3425,0.6));
#5514 = CARTESIAN_POINT('',(-0.725810707854,1.317905353927,0.95));
#5515 = ORIENTED_EDGE('',*,*,#5516,.F.);
#5516 = EDGE_CURVE('',#5517,#5510,#5519,.T.);
#5517 = VERTEX_POINT('',#5518);
#5518 = CARTESIAN_POINT('',(-0.725810707854,-1.317905353927,0.95));
#5519 = LINE('',#5520,#5521);
#5520 = CARTESIAN_POINT('',(-0.725810707854,-1.317905353927,0.95));
#5521 = VECTOR('',#5522,1.);
#5522 = DIRECTION('',(-1.110223024625E-16,1.,0.));
#5523 = ORIENTED_EDGE('',*,*,#5524,.F.);
#5524 = EDGE_CURVE('',#5468,#5517,#5525,.T.);
#5525 = B_SPLINE_CURVE_WITH_KNOTS('',1,(#5526,#5527),.UNSPECIFIED.,.F.,
  .F.,(2,2),(0.,1.),.PIECEWISE_BEZIER_KNOTS.);
#5526 = CARTESIAN_POINT('',(-0.775,-1.3425,0.6));
#5527 = CARTESIAN_POINT('',(-0.725810707854,-1.317905353927,0.95));
#5528 = B_SPLINE_SURFACE_WITH_KNOTS('',1,1,(
    (#5529,#5530)
    ,(#5531,#5532
    )),.UNSPECIFIED.,.F.,.F.,.F.,(2,2),(2,2),(0.,2.685),(0.,1.),
  .PIECEWISE_BEZIER_KNOTS.);
#5529 = CARTESIAN_POINT('',(-0.775,-1.3425,0.6));
#5530 = CARTESIAN_POINT('',(-0.725810707854,-1.317905353927,0.95));
#5531 = CARTESIAN_POINT('',(-0.775,1.3425,0.6));
#5532 = CARTESIAN_POINT('',(-0.725810707854,1.317905353927,0.95));
#5533 = ADVANCED_FACE('',(#5534),#5551,.F.);
#5534 = FACE_BOUND('',#5535,.F.);
#5535 = EDGE_LOOP('',(#5536,#5537,#5544,#5550));
#5536 = ORIENTED_EDGE('',*,*,#4963,.T.);
#5537 = ORIENTED_EDGE('',*,*,#5538,.T.);
#5538 = EDGE_CURVE('',#4956,#5539,#5541,.T.);
#5539 = VERTEX_POINT('',#5540);
#5540 = CARTESIAN_POINT('',(-0.667905353927,1.375810707854,0.95));
#5541 = B_SPLINE_CURVE_WITH_KNOTS('',1,(#5542,#5543),.UNSPECIFIED.,.F.,
  .F.,(2,2),(0.,1.),.PIECEWISE_BEZIER_KNOTS.);
#5542 = CARTESIAN_POINT('',(-0.6925,1.425,0.6));
#5543 = CARTESIAN_POINT('',(-0.667905353927,1.375810707854,0.95));
#5544 = ORIENTED_EDGE('',*,*,#5545,.F.);
#5545 = EDGE_CURVE('',#5510,#5539,#5546,.T.);
#5546 = LINE('',#5547,#5548);
#5547 = CARTESIAN_POINT('',(-0.725810707854,1.317905353927,0.95));
#5548 = VECTOR('',#5549,1.);
#5549 = DIRECTION('',(0.707106781187,0.707106781187,0.));
#5550 = ORIENTED_EDGE('',*,*,#5509,.F.);
#5551 = B_SPLINE_SURFACE_WITH_KNOTS('',1,1,(
    (#5552,#5553)
    ,(#5554,#5555
    )),.UNSPECIFIED.,.F.,.F.,.F.,(2,2),(2,2),(0.,0.116672618896),(0.,1.)
  ,.PIECEWISE_BEZIER_KNOTS.);
#5552 = CARTESIAN_POINT('',(-0.775,1.3425,0.6));
#5553 = CARTESIAN_POINT('',(-0.725810707854,1.317905353927,0.95));
#5554 = CARTESIAN_POINT('',(-0.6925,1.425,0.6));
#5555 = CARTESIAN_POINT('',(-0.667905353927,1.375810707854,0.95));
#5556 = ADVANCED_FACE('',(#5557),#5574,.F.);
#5557 = FACE_BOUND('',#5558,.F.);
#5558 = EDGE_LOOP('',(#5559,#5560,#5567,#5573));
#5559 = ORIENTED_EDGE('',*,*,#4955,.T.);
#5560 = ORIENTED_EDGE('',*,*,#5561,.T.);
#5561 = EDGE_CURVE('',#4948,#5562,#5564,.T.);
#5562 = VERTEX_POINT('',#5563);
#5563 = CARTESIAN_POINT('',(0.667905353927,1.375810707854,0.95));
#5564 = B_SPLINE_CURVE_WITH_KNOTS('',1,(#5565,#5566),.UNSPECIFIED.,.F.,
  .F.,(2,2),(0.,1.),.PIECEWISE_BEZIER_KNOTS.);
#5565 = CARTESIAN_POINT('',(0.6925,1.425,0.6));
#5566 = CARTESIAN_POINT('',(0.667905353927,1.375810707854,0.95));
#5567 = ORIENTED_EDGE('',*,*,#5568,.F.);
#5568 = EDGE_CURVE('',#5539,#5562,#5569,.T.);
#5569 = LINE('',#5570,#5571);
#5570 = CARTESIAN_POINT('',(-0.667905353927,1.375810707854,0.95));
#5571 = VECTOR('',#5572,1.);
#5572 = DIRECTION('',(1.,1.110223024625E-16,0.));
#5573 = ORIENTED_EDGE('',*,*,#5538,.F.);
#5574 = B_SPLINE_SURFACE_WITH_KNOTS('',1,1,(
    (#5575,#5576)
    ,(#5577,#5578
    )),.UNSPECIFIED.,.F.,.F.,.F.,(2,2),(2,2),(0.,1.385),(0.,1.),
  .PIECEWISE_BEZIER_KNOTS.);
#5575 = CARTESIAN_POINT('',(-0.6925,1.425,0.6));
#5576 = CARTESIAN_POINT('',(-0.667905353927,1.375810707854,0.95));
#5577 = CARTESIAN_POINT('',(0.6925,1.425,0.6));
#5578 = CARTESIAN_POINT('',(0.667905353927,1.375810707854,0.95));
#5579 = ADVANCED_FACE('',(#5580),#5597,.F.);
#5580 = FACE_BOUND('',#5581,.F.);
#5581 = EDGE_LOOP('',(#5582,#5583,#5590,#5596));
#5582 = ORIENTED_EDGE('',*,*,#4947,.T.);
#5583 = ORIENTED_EDGE('',*,*,#5584,.T.);
#5584 = EDGE_CURVE('',#4940,#5585,#5587,.T.);
#5585 = VERTEX_POINT('',#5586);
#5586 = CARTESIAN_POINT('',(0.725810707854,1.317905353927,0.95));
#5587 = B_SPLINE_CURVE_WITH_KNOTS('',1,(#5588,#5589),.UNSPECIFIED.,.F.,
  .F.,(2,2),(0.,1.),.PIECEWISE_BEZIER_KNOTS.);
#5588 = CARTESIAN_POINT('',(0.775,1.3425,0.6));
#5589 = CARTESIAN_POINT('',(0.725810707854,1.317905353927,0.95));
#5590 = ORIENTED_EDGE('',*,*,#5591,.F.);
#5591 = EDGE_CURVE('',#5562,#5585,#5592,.T.);
#5592 = LINE('',#5593,#5594);
#5593 = CARTESIAN_POINT('',(0.667905353927,1.375810707854,0.95));
#5594 = VECTOR('',#5595,1.);
#5595 = DIRECTION('',(0.707106781187,-0.707106781187,0.));
#5596 = ORIENTED_EDGE('',*,*,#5561,.F.);
#5597 = B_SPLINE_SURFACE_WITH_KNOTS('',1,1,(
    (#5598,#5599)
    ,(#5600,#5601
    )),.UNSPECIFIED.,.F.,.F.,.F.,(2,2),(2,2),(0.,0.116672618896),(0.,1.)
  ,.PIECEWISE_BEZIER_KNOTS.);
#5598 = CARTESIAN_POINT('',(0.6925,1.425,0.6));
#5599 = CARTESIAN_POINT('',(0.667905353927,1.375810707854,0.95));
#5600 = CARTESIAN_POINT('',(0.775,1.3425,0.6));
#5601 = CARTESIAN_POINT('',(0.725810707854,1.317905353927,0.95));
#5602 = ADVANCED_FACE('',(#5603),#5652,.F.);
#5603 = FACE_BOUND('',#5604,.F.);
#5604 = EDGE_LOOP('',(#5605,#5606,#5614,#5622,#5630,#5638,#5645,#5651));
#5605 = ORIENTED_EDGE('',*,*,#4939,.T.);
#5606 = ORIENTED_EDGE('',*,*,#5607,.T.);
#5607 = EDGE_CURVE('',#4932,#5608,#5610,.T.);
#5608 = VERTEX_POINT('',#5609);
#5609 = CARTESIAN_POINT('',(0.775,0.775,0.6));
#5610 = LINE('',#5611,#5612);
#5611 = CARTESIAN_POINT('',(0.775,1.3425,0.6));
#5612 = VECTOR('',#5613,1.);
#5613 = DIRECTION('',(1.110223024625E-16,-1.,0.));
#5614 = ORIENTED_EDGE('',*,*,#5615,.T.);
#5615 = EDGE_CURVE('',#5608,#5616,#5618,.T.);
#5616 = VERTEX_POINT('',#5617);
#5617 = CARTESIAN_POINT('',(0.775,-0.775,0.6));
#5618 = LINE('',#5619,#5620);
#5619 = CARTESIAN_POINT('',(0.775,1.3425,0.6));
#5620 = VECTOR('',#5621,1.);
#5621 = DIRECTION('',(1.110223024625E-16,-1.,0.));
#5622 = ORIENTED_EDGE('',*,*,#5623,.T.);
#5623 = EDGE_CURVE('',#5616,#5624,#5626,.T.);
#5624 = VERTEX_POINT('',#5625);
#5625 = CARTESIAN_POINT('',(0.775,-1.125,0.6));
#5626 = LINE('',#5627,#5628);
#5627 = CARTESIAN_POINT('',(0.775,1.3425,0.6));
#5628 = VECTOR('',#5629,1.);
#5629 = DIRECTION('',(1.110223024625E-16,-1.,0.));
#5630 = ORIENTED_EDGE('',*,*,#5631,.T.);
#5631 = EDGE_CURVE('',#5624,#5632,#5634,.T.);
#5632 = VERTEX_POINT('',#5633);
#5633 = CARTESIAN_POINT('',(0.775,-1.3425,0.6));
#5634 = LINE('',#5635,#5636);
#5635 = CARTESIAN_POINT('',(0.775,1.3425,0.6));
#5636 = VECTOR('',#5637,1.);
#5637 = DIRECTION('',(1.110223024625E-16,-1.,0.));
#5638 = ORIENTED_EDGE('',*,*,#5639,.T.);
#5639 = EDGE_CURVE('',#5632,#5640,#5642,.T.);
#5640 = VERTEX_POINT('',#5641);
#5641 = CARTESIAN_POINT('',(0.725810707854,-1.317905353927,0.95));
#5642 = B_SPLINE_CURVE_WITH_KNOTS('',1,(#5643,#5644),.UNSPECIFIED.,.F.,
  .F.,(2,2),(0.,1.),.PIECEWISE_BEZIER_KNOTS.);
#5643 = CARTESIAN_POINT('',(0.775,-1.3425,0.6));
#5644 = CARTESIAN_POINT('',(0.725810707854,-1.317905353927,0.95));
#5645 = ORIENTED_EDGE('',*,*,#5646,.F.);
#5646 = EDGE_CURVE('',#5585,#5640,#5647,.T.);
#5647 = LINE('',#5648,#5649);
#5648 = CARTESIAN_POINT('',(0.725810707854,1.317905353927,0.95));
#5649 = VECTOR('',#5650,1.);
#5650 = DIRECTION('',(1.110223024625E-16,-1.,0.));
#5651 = ORIENTED_EDGE('',*,*,#5584,.F.);
#5652 = B_SPLINE_SURFACE_WITH_KNOTS('',1,1,(
    (#5653,#5654)
    ,(#5655,#5656
    )),.UNSPECIFIED.,.F.,.F.,.F.,(2,2),(2,2),(0.,2.685),(0.,1.),
  .PIECEWISE_BEZIER_KNOTS.);
#5653 = CARTESIAN_POINT('',(0.775,1.3425,0.6));
#5654 = CARTESIAN_POINT('',(0.725810707854,1.317905353927,0.95));
#5655 = CARTESIAN_POINT('',(0.775,-1.3425,0.6));
#5656 = CARTESIAN_POINT('',(0.725810707854,-1.317905353927,0.95));
#5657 = ADVANCED_FACE('',(#5658),#5690,.F.);
#5658 = FACE_BOUND('',#5659,.F.);
#5659 = EDGE_LOOP('',(#5660,#5668,#5676,#5682,#5688,#5689));
#5660 = ORIENTED_EDGE('',*,*,#5661,.F.);
#5661 = EDGE_CURVE('',#5662,#4924,#5664,.T.);
#5662 = VERTEX_POINT('',#5663);
#5663 = CARTESIAN_POINT('',(0.85,1.125,0.6));
#5664 = LINE('',#5665,#5666);
#5665 = CARTESIAN_POINT('',(0.85,1.125,0.6));
#5666 = VECTOR('',#5667,1.);
#5667 = DIRECTION('',(-1.,-1.110223024625E-16,0.));
#5668 = ORIENTED_EDGE('',*,*,#5669,.T.);
#5669 = EDGE_CURVE('',#5662,#5670,#5672,.T.);
#5670 = VERTEX_POINT('',#5671);
#5671 = CARTESIAN_POINT('',(0.85,0.775,0.6));
#5672 = LINE('',#5673,#5674);
#5673 = CARTESIAN_POINT('',(0.85,1.125,0.6));
#5674 = VECTOR('',#5675,1.);
#5675 = DIRECTION('',(1.110223024625E-16,-1.,0.));
#5676 = ORIENTED_EDGE('',*,*,#5677,.T.);
#5677 = EDGE_CURVE('',#5670,#5268,#5678,.T.);
#5678 = LINE('',#5679,#5680);
#5679 = CARTESIAN_POINT('',(0.85,0.775,0.6));
#5680 = VECTOR('',#5681,1.);
#5681 = DIRECTION('',(-1.,-1.110223024625E-16,0.));
#5682 = ORIENTED_EDGE('',*,*,#5683,.T.);
#5683 = EDGE_CURVE('',#5268,#5608,#5684,.T.);
#5684 = LINE('',#5685,#5686);
#5685 = CARTESIAN_POINT('',(0.85,0.775,0.6));
#5686 = VECTOR('',#5687,1.);
#5687 = DIRECTION('',(-1.,-1.110223024625E-16,0.));
#5688 = ORIENTED_EDGE('',*,*,#5607,.F.);
#5689 = ORIENTED_EDGE('',*,*,#4931,.F.);
#5690 = PLANE('',#5691);
#5691 = AXIS2_PLACEMENT_3D('',#5692,#5693,#5694);
#5692 = CARTESIAN_POINT('',(0.85,1.125,0.6));
#5693 = DIRECTION('',(0.,0.,-1.));
#5694 = DIRECTION('',(-1.,-1.110223024625E-16,-0.));
#5695 = ADVANCED_FACE('',(#5696),#5739,.F.);
#5696 = FACE_BOUND('',#5697,.F.);
#5697 = EDGE_LOOP('',(#5698,#5704,#5705,#5706,#5707,#5708,#5709,#5715,
    #5716,#5724,#5732,#5738));
#5698 = ORIENTED_EDGE('',*,*,#5699,.F.);
#5699 = EDGE_CURVE('',#5330,#5624,#5700,.T.);
#5700 = LINE('',#5701,#5702);
#5701 = CARTESIAN_POINT('',(0.85,-1.125,0.6));
#5702 = VECTOR('',#5703,1.);
#5703 = DIRECTION('',(-1.,-1.110223024625E-16,0.));
#5704 = ORIENTED_EDGE('',*,*,#5345,.T.);
#5705 = ORIENTED_EDGE('',*,*,#5390,.T.);
#5706 = ORIENTED_EDGE('',*,*,#5407,.T.);
#5707 = ORIENTED_EDGE('',*,*,#5361,.T.);
#5708 = ORIENTED_EDGE('',*,*,#5033,.T.);
#5709 = ORIENTED_EDGE('',*,*,#5710,.T.);
#5710 = EDGE_CURVE('',#5026,#5470,#5711,.T.);
#5711 = LINE('',#5712,#5713);
#5712 = CARTESIAN_POINT('',(-0.85,-1.125,0.6));
#5713 = VECTOR('',#5714,1.);
#5714 = DIRECTION('',(1.,-1.144237745222E-17,0.));
#5715 = ORIENTED_EDGE('',*,*,#5467,.F.);
#5716 = ORIENTED_EDGE('',*,*,#5717,.F.);
#5717 = EDGE_CURVE('',#5718,#5468,#5720,.T.);
#5718 = VERTEX_POINT('',#5719);
#5719 = CARTESIAN_POINT('',(-0.6925,-1.425,0.6));
#5720 = LINE('',#5721,#5722);
#5721 = CARTESIAN_POINT('',(-0.6925,-1.425,0.6));
#5722 = VECTOR('',#5723,1.);
#5723 = DIRECTION('',(-0.707106781187,0.707106781187,0.));
#5724 = ORIENTED_EDGE('',*,*,#5725,.F.);
#5725 = EDGE_CURVE('',#5726,#5718,#5728,.T.);
#5726 = VERTEX_POINT('',#5727);
#5727 = CARTESIAN_POINT('',(0.6925,-1.425,0.6));
#5728 = LINE('',#5729,#5730);
#5729 = CARTESIAN_POINT('',(0.6925,-1.425,0.6));
#5730 = VECTOR('',#5731,1.);
#5731 = DIRECTION('',(-1.,-1.110223024625E-16,0.));
#5732 = ORIENTED_EDGE('',*,*,#5733,.F.);
#5733 = EDGE_CURVE('',#5632,#5726,#5734,.T.);
#5734 = LINE('',#5735,#5736);
#5735 = CARTESIAN_POINT('',(0.775,-1.3425,0.6));
#5736 = VECTOR('',#5737,1.);
#5737 = DIRECTION('',(-0.707106781187,-0.707106781187,0.));
#5738 = ORIENTED_EDGE('',*,*,#5631,.F.);
#5739 = PLANE('',#5740);
#5740 = AXIS2_PLACEMENT_3D('',#5741,#5742,#5743);
#5741 = CARTESIAN_POINT('',(-2.091417030376E-16,1.4375,0.6));
#5742 = DIRECTION('',(2.888762391192E-17,8.634073551009E-28,-1.));
#5743 = DIRECTION('',(1.,1.51922136901E-16,2.888762391192E-17));
#5744 = ADVANCED_FACE('',(#5745),#5831,.F.);
#5745 = FACE_BOUND('',#5746,.F.);
#5746 = EDGE_LOOP('',(#5747,#5748,#5749,#5758,#5766,#5775,#5783,#5791,
    #5799,#5808,#5816,#5825));
#5747 = ORIENTED_EDGE('',*,*,#5025,.F.);
#5748 = ORIENTED_EDGE('',*,*,#5047,.T.);
#5749 = ORIENTED_EDGE('',*,*,#5750,.T.);
#5750 = EDGE_CURVE('',#5048,#5751,#5753,.T.);
#5751 = VERTEX_POINT('',#5752);
#5752 = CARTESIAN_POINT('',(-0.948480775301,-1.125,0.367364817767));
#5753 = CIRCLE('',#5754,0.1);
#5754 = AXIS2_PLACEMENT_3D('',#5755,#5756,#5757);
#5755 = CARTESIAN_POINT('',(-0.85,-1.125,0.35));
#5756 = DIRECTION('',(-1.144237745222E-17,-1.,0.));
#5757 = DIRECTION('',(0.,0.,1.));
#5758 = ORIENTED_EDGE('',*,*,#5759,.T.);
#5759 = EDGE_CURVE('',#5751,#5760,#5762,.T.);
#5760 = VERTEX_POINT('',#5761);
#5761 = CARTESIAN_POINT('',(-0.971430759818,-1.125,0.206587955583));
#5762 = LINE('',#5763,#5764);
#5763 = CARTESIAN_POINT('',(-0.948480775301,-1.125,0.367364817767));
#5764 = VECTOR('',#5765,1.);
#5765 = DIRECTION('',(-0.14131190243,1.616944126098E-18,-0.989965123745)
  );
#5766 = ORIENTED_EDGE('',*,*,#5767,.T.);
#5767 = EDGE_CURVE('',#5760,#5768,#5770,.T.);
#5768 = VERTEX_POINT('',#5769);
#5769 = CARTESIAN_POINT('',(-1.217632698071,-1.125,5.551115123126E-17));
#5770 = CIRCLE('',#5771,0.25);
#5771 = AXIS2_PLACEMENT_3D('',#5772,#5773,#5774);
#5772 = CARTESIAN_POINT('',(-1.217632698071,-1.125,0.25));
#5773 = DIRECTION('',(1.144237745222E-17,1.,3.851859888774E-34));
#5774 = DIRECTION('',(0.984807753012,-1.126854202784E-17,-0.173648177667
    ));
#5775 = ORIENTED_EDGE('',*,*,#5776,.T.);
#5776 = EDGE_CURVE('',#5768,#5777,#5779,.T.);
#5777 = VERTEX_POINT('',#5778);
#5778 = CARTESIAN_POINT('',(-1.4,-1.125,5.551115123126E-17));
#5779 = LINE('',#5780,#5781);
#5780 = CARTESIAN_POINT('',(-1.217632698071,-1.125,5.551115123126E-17));
#5781 = VECTOR('',#5782,1.);
#5782 = DIRECTION('',(-1.,1.144237745222E-17,0.));
#5783 = ORIENTED_EDGE('',*,*,#5784,.T.);
#5784 = EDGE_CURVE('',#5777,#5785,#5787,.T.);
#5785 = VERTEX_POINT('',#5786);
#5786 = CARTESIAN_POINT('',(-1.4,-1.125,0.15));
#5787 = LINE('',#5788,#5789);
#5788 = CARTESIAN_POINT('',(-1.4,-1.125,5.551115123126E-17));
#5789 = VECTOR('',#5790,1.);
#5790 = DIRECTION('',(0.,0.,1.));
#5791 = ORIENTED_EDGE('',*,*,#5792,.T.);
#5792 = EDGE_CURVE('',#5785,#5793,#5795,.T.);
#5793 = VERTEX_POINT('',#5794);
#5794 = CARTESIAN_POINT('',(-1.217632698071,-1.125,0.15));
#5795 = LINE('',#5796,#5797);
#5796 = CARTESIAN_POINT('',(-1.4,-1.125,0.15));
#5797 = VECTOR('',#5798,1.);
#5798 = DIRECTION('',(1.,-1.144237745222E-17,0.));
#5799 = ORIENTED_EDGE('',*,*,#5800,.T.);
#5800 = EDGE_CURVE('',#5793,#5801,#5803,.T.);
#5801 = VERTEX_POINT('',#5802);
#5802 = CARTESIAN_POINT('',(-1.11915192277,-1.125,0.232635182233));
#5803 = CIRCLE('',#5804,0.1);
#5804 = AXIS2_PLACEMENT_3D('',#5805,#5806,#5807);
#5805 = CARTESIAN_POINT('',(-1.217632698071,-1.125,0.25));
#5806 = DIRECTION('',(-1.144237745222E-17,-1.,1.094764425254E-47));
#5807 = DIRECTION('',(-2.22044604925E-15,2.540718180781E-32,-1.));
#5808 = ORIENTED_EDGE('',*,*,#5809,.T.);
#5809 = EDGE_CURVE('',#5801,#5810,#5812,.T.);
#5810 = VERTEX_POINT('',#5811);
#5811 = CARTESIAN_POINT('',(-1.096201938253,-1.125,0.393412044417));
#5812 = LINE('',#5813,#5814);
#5813 = CARTESIAN_POINT('',(-1.11915192277,-1.125,0.232635182233));
#5814 = VECTOR('',#5815,1.);
#5815 = DIRECTION('',(0.14131190243,-1.616944126098E-18,0.989965123745)
  );
#5816 = ORIENTED_EDGE('',*,*,#5817,.T.);
#5817 = EDGE_CURVE('',#5810,#5818,#5820,.T.);
#5818 = VERTEX_POINT('',#5819);
#5819 = CARTESIAN_POINT('',(-0.85,-1.125,0.6));
#5820 = CIRCLE('',#5821,0.25);
#5821 = AXIS2_PLACEMENT_3D('',#5822,#5823,#5824);
#5822 = CARTESIAN_POINT('',(-0.85,-1.125,0.35));
#5823 = DIRECTION('',(1.144237745222E-17,1.,0.));
#5824 = DIRECTION('',(-0.984807753012,1.126854202784E-17,0.173648177667)
  );
#5825 = ORIENTED_EDGE('',*,*,#5826,.T.);
#5826 = EDGE_CURVE('',#5818,#5026,#5827,.T.);
#5827 = LINE('',#5828,#5829);
#5828 = CARTESIAN_POINT('',(-0.85,-1.125,0.6));
#5829 = VECTOR('',#5830,1.);
#5830 = DIRECTION('',(1.,-1.144237745222E-17,0.));
#5831 = PLANE('',#5832);
#5832 = AXIS2_PLACEMENT_3D('',#5833,#5834,#5835);
#5833 = CARTESIAN_POINT('',(-1.064349127789,-1.125,0.282825311951));
#5834 = DIRECTION('',(1.144237745222E-17,1.,0.));
#5835 = DIRECTION('',(0.,-0.,1.));
#5836 = ADVANCED_FACE('',(#5837),#5856,.F.);
#5837 = FACE_BOUND('',#5838,.F.);
#5838 = EDGE_LOOP('',(#5839,#5840,#5849,#5855));
#5839 = ORIENTED_EDGE('',*,*,#5064,.T.);
#5840 = ORIENTED_EDGE('',*,*,#5841,.T.);
#5841 = EDGE_CURVE('',#5057,#5842,#5844,.T.);
#5842 = VERTEX_POINT('',#5843);
#5843 = CARTESIAN_POINT('',(-0.948480775301,-0.775,0.367364817767));
#5844 = CIRCLE('',#5845,0.1);
#5845 = AXIS2_PLACEMENT_3D('',#5846,#5847,#5848);
#5846 = CARTESIAN_POINT('',(-0.85,-0.775,0.35));
#5847 = DIRECTION('',(-1.144237745222E-17,-1.,0.));
#5848 = DIRECTION('',(0.,0.,1.));
#5849 = ORIENTED_EDGE('',*,*,#5850,.F.);
#5850 = EDGE_CURVE('',#5751,#5842,#5851,.T.);
#5851 = LINE('',#5852,#5853);
#5852 = CARTESIAN_POINT('',(-0.948480775301,-1.125,0.367364817767));
#5853 = VECTOR('',#5854,1.);
#5854 = DIRECTION('',(1.144237745222E-17,1.,0.));
#5855 = ORIENTED_EDGE('',*,*,#5750,.F.);
#5856 = CYLINDRICAL_SURFACE('',#5857,0.1);
#5857 = AXIS2_PLACEMENT_3D('',#5858,#5859,#5860);
#5858 = CARTESIAN_POINT('',(-0.85,-1.125,0.35));
#5859 = DIRECTION('',(-1.144237745222E-17,-1.,0.));
#5860 = DIRECTION('',(0.,0.,1.));
#5861 = ADVANCED_FACE('',(#5862),#5940,.T.);
#5862 = FACE_BOUND('',#5863,.T.);
#5863 = EDGE_LOOP('',(#5864,#5865,#5866,#5867,#5875,#5884,#5892,#5900,
    #5908,#5917,#5925,#5934));
#5864 = ORIENTED_EDGE('',*,*,#5078,.F.);
#5865 = ORIENTED_EDGE('',*,*,#5056,.T.);
#5866 = ORIENTED_EDGE('',*,*,#5841,.T.);
#5867 = ORIENTED_EDGE('',*,*,#5868,.T.);
#5868 = EDGE_CURVE('',#5842,#5869,#5871,.T.);
#5869 = VERTEX_POINT('',#5870);
#5870 = CARTESIAN_POINT('',(-0.971430759818,-0.775,0.206587955583));
#5871 = LINE('',#5872,#5873);
#5872 = CARTESIAN_POINT('',(-0.948480775301,-0.775,0.367364817767));
#5873 = VECTOR('',#5874,1.);
#5874 = DIRECTION('',(-0.14131190243,1.616944126098E-18,-0.989965123745)
  );
#5875 = ORIENTED_EDGE('',*,*,#5876,.T.);
#5876 = EDGE_CURVE('',#5869,#5877,#5879,.T.);
#5877 = VERTEX_POINT('',#5878);
#5878 = CARTESIAN_POINT('',(-1.217632698071,-0.775,5.551115123126E-17));
#5879 = CIRCLE('',#5880,0.25);
#5880 = AXIS2_PLACEMENT_3D('',#5881,#5882,#5883);
#5881 = CARTESIAN_POINT('',(-1.217632698071,-0.775,0.25));
#5882 = DIRECTION('',(1.144237745222E-17,1.,3.851859888774E-34));
#5883 = DIRECTION('',(0.984807753012,-1.126854202784E-17,-0.173648177667
    ));
#5884 = ORIENTED_EDGE('',*,*,#5885,.T.);
#5885 = EDGE_CURVE('',#5877,#5886,#5888,.T.);
#5886 = VERTEX_POINT('',#5887);
#5887 = CARTESIAN_POINT('',(-1.4,-0.775,5.551115123126E-17));
#5888 = LINE('',#5889,#5890);
#5889 = CARTESIAN_POINT('',(-1.217632698071,-0.775,5.551115123126E-17));
#5890 = VECTOR('',#5891,1.);
#5891 = DIRECTION('',(-1.,1.144237745222E-17,0.));
#5892 = ORIENTED_EDGE('',*,*,#5893,.T.);
#5893 = EDGE_CURVE('',#5886,#5894,#5896,.T.);
#5894 = VERTEX_POINT('',#5895);
#5895 = CARTESIAN_POINT('',(-1.4,-0.775,0.15));
#5896 = LINE('',#5897,#5898);
#5897 = CARTESIAN_POINT('',(-1.4,-0.775,5.551115123126E-17));
#5898 = VECTOR('',#5899,1.);
#5899 = DIRECTION('',(0.,0.,1.));
#5900 = ORIENTED_EDGE('',*,*,#5901,.T.);
#5901 = EDGE_CURVE('',#5894,#5902,#5904,.T.);
#5902 = VERTEX_POINT('',#5903);
#5903 = CARTESIAN_POINT('',(-1.217632698071,-0.775,0.15));
#5904 = LINE('',#5905,#5906);
#5905 = CARTESIAN_POINT('',(-1.4,-0.775,0.15));
#5906 = VECTOR('',#5907,1.);
#5907 = DIRECTION('',(1.,-1.144237745222E-17,0.));
#5908 = ORIENTED_EDGE('',*,*,#5909,.T.);
#5909 = EDGE_CURVE('',#5902,#5910,#5912,.T.);
#5910 = VERTEX_POINT('',#5911);
#5911 = CARTESIAN_POINT('',(-1.11915192277,-0.775,0.232635182233));
#5912 = CIRCLE('',#5913,0.1);
#5913 = AXIS2_PLACEMENT_3D('',#5914,#5915,#5916);
#5914 = CARTESIAN_POINT('',(-1.217632698071,-0.775,0.25));
#5915 = DIRECTION('',(-1.144237745222E-17,-1.,1.094764425254E-47));
#5916 = DIRECTION('',(-2.22044604925E-15,2.540718180781E-32,-1.));
#5917 = ORIENTED_EDGE('',*,*,#5918,.T.);
#5918 = EDGE_CURVE('',#5910,#5919,#5921,.T.);
#5919 = VERTEX_POINT('',#5920);
#5920 = CARTESIAN_POINT('',(-1.096201938253,-0.775,0.393412044417));
#5921 = LINE('',#5922,#5923);
#5922 = CARTESIAN_POINT('',(-1.11915192277,-0.775,0.232635182233));
#5923 = VECTOR('',#5924,1.);
#5924 = DIRECTION('',(0.14131190243,-1.616944126098E-18,0.989965123745)
  );
#5925 = ORIENTED_EDGE('',*,*,#5926,.T.);
#5926 = EDGE_CURVE('',#5919,#5927,#5929,.T.);
#5927 = VERTEX_POINT('',#5928);
#5928 = CARTESIAN_POINT('',(-0.85,-0.775,0.6));
#5929 = CIRCLE('',#5930,0.25);
#5930 = AXIS2_PLACEMENT_3D('',#5931,#5932,#5933);
#5931 = CARTESIAN_POINT('',(-0.85,-0.775,0.35));
#5932 = DIRECTION('',(1.144237745222E-17,1.,0.));
#5933 = DIRECTION('',(-0.984807753012,1.126854202784E-17,0.173648177667)
  );
#5934 = ORIENTED_EDGE('',*,*,#5935,.T.);
#5935 = EDGE_CURVE('',#5927,#5079,#5936,.T.);
#5936 = LINE('',#5937,#5938);
#5937 = CARTESIAN_POINT('',(-0.85,-0.775,0.6));
#5938 = VECTOR('',#5939,1.);
#5939 = DIRECTION('',(1.,-1.144237745222E-17,0.));
#5940 = PLANE('',#5941);
#5941 = AXIS2_PLACEMENT_3D('',#5942,#5943,#5944);
#5942 = CARTESIAN_POINT('',(-1.064349127789,-0.775,0.282825311951));
#5943 = DIRECTION('',(1.144237745222E-17,1.,0.));
#5944 = DIRECTION('',(0.,-0.,1.));
#5945 = ADVANCED_FACE('',(#5946),#5962,.F.);
#5946 = FACE_BOUND('',#5947,.F.);
#5947 = EDGE_LOOP('',(#5948,#5949,#5955,#5956));
#5948 = ORIENTED_EDGE('',*,*,#5095,.T.);
#5949 = ORIENTED_EDGE('',*,*,#5950,.T.);
#5950 = EDGE_CURVE('',#5088,#5486,#5951,.T.);
#5951 = LINE('',#5952,#5953);
#5952 = CARTESIAN_POINT('',(-0.85,-0.175,0.6));
#5953 = VECTOR('',#5954,1.);
#5954 = DIRECTION('',(1.,-1.144237745222E-17,0.));
#5955 = ORIENTED_EDGE('',*,*,#5485,.F.);
#5956 = ORIENTED_EDGE('',*,*,#5957,.F.);
#5957 = EDGE_CURVE('',#5079,#5478,#5958,.T.);
#5958 = LINE('',#5959,#5960);
#5959 = CARTESIAN_POINT('',(-0.85,-0.775,0.6));
#5960 = VECTOR('',#5961,1.);
#5961 = DIRECTION('',(1.,-1.144237745222E-17,0.));
#5962 = PLANE('',#5963);
#5963 = AXIS2_PLACEMENT_3D('',#5964,#5965,#5966);
#5964 = CARTESIAN_POINT('',(-2.091417030376E-16,1.4375,0.6));
#5965 = DIRECTION('',(2.888762391192E-17,8.634073551009E-28,-1.));
#5966 = DIRECTION('',(1.,1.51922136901E-16,2.888762391192E-17));
#5967 = ADVANCED_FACE('',(#5968),#6054,.F.);
#5968 = FACE_BOUND('',#5969,.F.);
#5969 = EDGE_LOOP('',(#5970,#5971,#5972,#5981,#5989,#5998,#6006,#6014,
    #6022,#6031,#6039,#6048));
#5970 = ORIENTED_EDGE('',*,*,#5087,.F.);
#5971 = ORIENTED_EDGE('',*,*,#5109,.T.);
#5972 = ORIENTED_EDGE('',*,*,#5973,.T.);
#5973 = EDGE_CURVE('',#5110,#5974,#5976,.T.);
#5974 = VERTEX_POINT('',#5975);
#5975 = CARTESIAN_POINT('',(-0.948480775301,-0.175,0.367364817767));
#5976 = CIRCLE('',#5977,0.1);
#5977 = AXIS2_PLACEMENT_3D('',#5978,#5979,#5980);
#5978 = CARTESIAN_POINT('',(-0.85,-0.175,0.35));
#5979 = DIRECTION('',(-1.144237745222E-17,-1.,0.));
#5980 = DIRECTION('',(0.,0.,1.));
#5981 = ORIENTED_EDGE('',*,*,#5982,.T.);
#5982 = EDGE_CURVE('',#5974,#5983,#5985,.T.);
#5983 = VERTEX_POINT('',#5984);
#5984 = CARTESIAN_POINT('',(-0.971430759818,-0.175,0.206587955583));
#5985 = LINE('',#5986,#5987);
#5986 = CARTESIAN_POINT('',(-0.948480775301,-0.175,0.367364817767));
#5987 = VECTOR('',#5988,1.);
#5988 = DIRECTION('',(-0.14131190243,1.616944126098E-18,-0.989965123745)
  );
#5989 = ORIENTED_EDGE('',*,*,#5990,.T.);
#5990 = EDGE_CURVE('',#5983,#5991,#5993,.T.);
#5991 = VERTEX_POINT('',#5992);
#5992 = CARTESIAN_POINT('',(-1.217632698071,-0.175,5.551115123126E-17));
#5993 = CIRCLE('',#5994,0.25);
#5994 = AXIS2_PLACEMENT_3D('',#5995,#5996,#5997);
#5995 = CARTESIAN_POINT('',(-1.217632698071,-0.175,0.25));
#5996 = DIRECTION('',(1.144237745222E-17,1.,3.851859888774E-34));
#5997 = DIRECTION('',(0.984807753012,-1.126854202784E-17,-0.173648177667
    ));
#5998 = ORIENTED_EDGE('',*,*,#5999,.T.);
#5999 = EDGE_CURVE('',#5991,#6000,#6002,.T.);
#6000 = VERTEX_POINT('',#6001);
#6001 = CARTESIAN_POINT('',(-1.4,-0.175,5.551115123126E-17));
#6002 = LINE('',#6003,#6004);
#6003 = CARTESIAN_POINT('',(-1.217632698071,-0.175,5.551115123126E-17));
#6004 = VECTOR('',#6005,1.);
#6005 = DIRECTION('',(-1.,1.144237745222E-17,0.));
#6006 = ORIENTED_EDGE('',*,*,#6007,.T.);
#6007 = EDGE_CURVE('',#6000,#6008,#6010,.T.);
#6008 = VERTEX_POINT('',#6009);
#6009 = CARTESIAN_POINT('',(-1.4,-0.175,0.15));
#6010 = LINE('',#6011,#6012);
#6011 = CARTESIAN_POINT('',(-1.4,-0.175,5.551115123126E-17));
#6012 = VECTOR('',#6013,1.);
#6013 = DIRECTION('',(0.,0.,1.));
#6014 = ORIENTED_EDGE('',*,*,#6015,.T.);
#6015 = EDGE_CURVE('',#6008,#6016,#6018,.T.);
#6016 = VERTEX_POINT('',#6017);
#6017 = CARTESIAN_POINT('',(-1.217632698071,-0.175,0.15));
#6018 = LINE('',#6019,#6020);
#6019 = CARTESIAN_POINT('',(-1.4,-0.175,0.15));
#6020 = VECTOR('',#6021,1.);
#6021 = DIRECTION('',(1.,-1.144237745222E-17,0.));
#6022 = ORIENTED_EDGE('',*,*,#6023,.T.);
#6023 = EDGE_CURVE('',#6016,#6024,#6026,.T.);
#6024 = VERTEX_POINT('',#6025);
#6025 = CARTESIAN_POINT('',(-1.11915192277,-0.175,0.232635182233));
#6026 = CIRCLE('',#6027,0.1);
#6027 = AXIS2_PLACEMENT_3D('',#6028,#6029,#6030);
#6028 = CARTESIAN_POINT('',(-1.217632698071,-0.175,0.25));
#6029 = DIRECTION('',(-1.144237745222E-17,-1.,1.094764425254E-47));
#6030 = DIRECTION('',(-2.22044604925E-15,2.540718180781E-32,-1.));
#6031 = ORIENTED_EDGE('',*,*,#6032,.T.);
#6032 = EDGE_CURVE('',#6024,#6033,#6035,.T.);
#6033 = VERTEX_POINT('',#6034);
#6034 = CARTESIAN_POINT('',(-1.096201938253,-0.175,0.393412044417));
#6035 = LINE('',#6036,#6037);
#6036 = CARTESIAN_POINT('',(-1.11915192277,-0.175,0.232635182233));
#6037 = VECTOR('',#6038,1.);
#6038 = DIRECTION('',(0.14131190243,-1.616944126098E-18,0.989965123745)
  );
#6039 = ORIENTED_EDGE('',*,*,#6040,.T.);
#6040 = EDGE_CURVE('',#6033,#6041,#6043,.T.);
#6041 = VERTEX_POINT('',#6042);
#6042 = CARTESIAN_POINT('',(-0.85,-0.175,0.6));
#6043 = CIRCLE('',#6044,0.25);
#6044 = AXIS2_PLACEMENT_3D('',#6045,#6046,#6047);
#6045 = CARTESIAN_POINT('',(-0.85,-0.175,0.35));
#6046 = DIRECTION('',(1.144237745222E-17,1.,0.));
#6047 = DIRECTION('',(-0.984807753012,1.126854202784E-17,0.173648177667)
  );
#6048 = ORIENTED_EDGE('',*,*,#6049,.T.);
#6049 = EDGE_CURVE('',#6041,#5088,#6050,.T.);
#6050 = LINE('',#6051,#6052);
#6051 = CARTESIAN_POINT('',(-0.85,-0.175,0.6));
#6052 = VECTOR('',#6053,1.);
#6053 = DIRECTION('',(1.,-1.144237745222E-17,0.));
#6054 = PLANE('',#6055);
#6055 = AXIS2_PLACEMENT_3D('',#6056,#6057,#6058);
#6056 = CARTESIAN_POINT('',(-1.064349127789,-0.175,0.282825311951));
#6057 = DIRECTION('',(1.144237745222E-17,1.,0.));
#6058 = DIRECTION('',(0.,-0.,1.));
#6059 = ADVANCED_FACE('',(#6060),#6079,.F.);
#6060 = FACE_BOUND('',#6061,.F.);
#6061 = EDGE_LOOP('',(#6062,#6063,#6072,#6078));
#6062 = ORIENTED_EDGE('',*,*,#5126,.T.);
#6063 = ORIENTED_EDGE('',*,*,#6064,.T.);
#6064 = EDGE_CURVE('',#5119,#6065,#6067,.T.);
#6065 = VERTEX_POINT('',#6066);
#6066 = CARTESIAN_POINT('',(-0.948480775301,0.175,0.367364817767));
#6067 = CIRCLE('',#6068,0.1);
#6068 = AXIS2_PLACEMENT_3D('',#6069,#6070,#6071);
#6069 = CARTESIAN_POINT('',(-0.85,0.175,0.35));
#6070 = DIRECTION('',(-1.144237745222E-17,-1.,0.));
#6071 = DIRECTION('',(0.,0.,1.));
#6072 = ORIENTED_EDGE('',*,*,#6073,.F.);
#6073 = EDGE_CURVE('',#5974,#6065,#6074,.T.);
#6074 = LINE('',#6075,#6076);
#6075 = CARTESIAN_POINT('',(-0.948480775301,-0.175,0.367364817767));
#6076 = VECTOR('',#6077,1.);
#6077 = DIRECTION('',(1.144237745222E-17,1.,0.));
#6078 = ORIENTED_EDGE('',*,*,#5973,.F.);
#6079 = CYLINDRICAL_SURFACE('',#6080,0.1);
#6080 = AXIS2_PLACEMENT_3D('',#6081,#6082,#6083);
#6081 = CARTESIAN_POINT('',(-0.85,-0.175,0.35));
#6082 = DIRECTION('',(-1.144237745222E-17,-1.,0.));
#6083 = DIRECTION('',(0.,0.,1.));
#6084 = ADVANCED_FACE('',(#6085),#6163,.T.);
#6085 = FACE_BOUND('',#6086,.T.);
#6086 = EDGE_LOOP('',(#6087,#6088,#6089,#6090,#6098,#6107,#6115,#6123,
    #6131,#6140,#6148,#6157));
#6087 = ORIENTED_EDGE('',*,*,#5140,.F.);
#6088 = ORIENTED_EDGE('',*,*,#5118,.T.);
#6089 = ORIENTED_EDGE('',*,*,#6064,.T.);
#6090 = ORIENTED_EDGE('',*,*,#6091,.T.);
#6091 = EDGE_CURVE('',#6065,#6092,#6094,.T.);
#6092 = VERTEX_POINT('',#6093);
#6093 = CARTESIAN_POINT('',(-0.971430759818,0.175,0.206587955583));
#6094 = LINE('',#6095,#6096);
#6095 = CARTESIAN_POINT('',(-0.948480775301,0.175,0.367364817767));
#6096 = VECTOR('',#6097,1.);
#6097 = DIRECTION('',(-0.14131190243,1.616944126098E-18,-0.989965123745)
  );
#6098 = ORIENTED_EDGE('',*,*,#6099,.T.);
#6099 = EDGE_CURVE('',#6092,#6100,#6102,.T.);
#6100 = VERTEX_POINT('',#6101);
#6101 = CARTESIAN_POINT('',(-1.217632698071,0.175,5.551115123126E-17));
#6102 = CIRCLE('',#6103,0.25);
#6103 = AXIS2_PLACEMENT_3D('',#6104,#6105,#6106);
#6104 = CARTESIAN_POINT('',(-1.217632698071,0.175,0.25));
#6105 = DIRECTION('',(1.144237745222E-17,1.,3.851859888774E-34));
#6106 = DIRECTION('',(0.984807753012,-1.126854202784E-17,-0.173648177667
    ));
#6107 = ORIENTED_EDGE('',*,*,#6108,.T.);
#6108 = EDGE_CURVE('',#6100,#6109,#6111,.T.);
#6109 = VERTEX_POINT('',#6110);
#6110 = CARTESIAN_POINT('',(-1.4,0.175,5.551115123126E-17));
#6111 = LINE('',#6112,#6113);
#6112 = CARTESIAN_POINT('',(-1.217632698071,0.175,5.551115123126E-17));
#6113 = VECTOR('',#6114,1.);
#6114 = DIRECTION('',(-1.,1.144237745222E-17,0.));
#6115 = ORIENTED_EDGE('',*,*,#6116,.T.);
#6116 = EDGE_CURVE('',#6109,#6117,#6119,.T.);
#6117 = VERTEX_POINT('',#6118);
#6118 = CARTESIAN_POINT('',(-1.4,0.175,0.15));
#6119 = LINE('',#6120,#6121);
#6120 = CARTESIAN_POINT('',(-1.4,0.175,5.551115123126E-17));
#6121 = VECTOR('',#6122,1.);
#6122 = DIRECTION('',(0.,0.,1.));
#6123 = ORIENTED_EDGE('',*,*,#6124,.T.);
#6124 = EDGE_CURVE('',#6117,#6125,#6127,.T.);
#6125 = VERTEX_POINT('',#6126);
#6126 = CARTESIAN_POINT('',(-1.217632698071,0.175,0.15));
#6127 = LINE('',#6128,#6129);
#6128 = CARTESIAN_POINT('',(-1.4,0.175,0.15));
#6129 = VECTOR('',#6130,1.);
#6130 = DIRECTION('',(1.,-1.144237745222E-17,0.));
#6131 = ORIENTED_EDGE('',*,*,#6132,.T.);
#6132 = EDGE_CURVE('',#6125,#6133,#6135,.T.);
#6133 = VERTEX_POINT('',#6134);
#6134 = CARTESIAN_POINT('',(-1.11915192277,0.175,0.232635182233));
#6135 = CIRCLE('',#6136,0.1);
#6136 = AXIS2_PLACEMENT_3D('',#6137,#6138,#6139);
#6137 = CARTESIAN_POINT('',(-1.217632698071,0.175,0.25));
#6138 = DIRECTION('',(-1.144237745222E-17,-1.,1.094764425254E-47));
#6139 = DIRECTION('',(-2.22044604925E-15,2.540718180781E-32,-1.));
#6140 = ORIENTED_EDGE('',*,*,#6141,.T.);
#6141 = EDGE_CURVE('',#6133,#6142,#6144,.T.);
#6142 = VERTEX_POINT('',#6143);
#6143 = CARTESIAN_POINT('',(-1.096201938253,0.175,0.393412044417));
#6144 = LINE('',#6145,#6146);
#6145 = CARTESIAN_POINT('',(-1.11915192277,0.175,0.232635182233));
#6146 = VECTOR('',#6147,1.);
#6147 = DIRECTION('',(0.14131190243,-1.616944126098E-18,0.989965123745)
  );
#6148 = ORIENTED_EDGE('',*,*,#6149,.T.);
#6149 = EDGE_CURVE('',#6142,#6150,#6152,.T.);
#6150 = VERTEX_POINT('',#6151);
#6151 = CARTESIAN_POINT('',(-0.85,0.175,0.6));
#6152 = CIRCLE('',#6153,0.25);
#6153 = AXIS2_PLACEMENT_3D('',#6154,#6155,#6156);
#6154 = CARTESIAN_POINT('',(-0.85,0.175,0.35));
#6155 = DIRECTION('',(1.144237745222E-17,1.,0.));
#6156 = DIRECTION('',(-0.984807753012,1.126854202784E-17,0.173648177667)
  );
#6157 = ORIENTED_EDGE('',*,*,#6158,.T.);
#6158 = EDGE_CURVE('',#6150,#5141,#6159,.T.);
#6159 = LINE('',#6160,#6161);
#6160 = CARTESIAN_POINT('',(-0.85,0.175,0.6));
#6161 = VECTOR('',#6162,1.);
#6162 = DIRECTION('',(1.,-1.144237745222E-17,0.));
#6163 = PLANE('',#6164);
#6164 = AXIS2_PLACEMENT_3D('',#6165,#6166,#6167);
#6165 = CARTESIAN_POINT('',(-1.064349127789,0.175,0.282825311951));
#6166 = DIRECTION('',(1.144237745222E-17,1.,0.));
#6167 = DIRECTION('',(0.,-0.,1.));
#6168 = ADVANCED_FACE('',(#6169),#6180,.F.);
#6169 = FACE_BOUND('',#6170,.F.);
#6170 = EDGE_LOOP('',(#6171,#6172,#6173,#6174));
#6171 = ORIENTED_EDGE('',*,*,#5157,.T.);
#6172 = ORIENTED_EDGE('',*,*,#5453,.T.);
#6173 = ORIENTED_EDGE('',*,*,#5501,.F.);
#6174 = ORIENTED_EDGE('',*,*,#6175,.F.);
#6175 = EDGE_CURVE('',#5141,#5494,#6176,.T.);
#6176 = LINE('',#6177,#6178);
#6177 = CARTESIAN_POINT('',(-0.85,0.175,0.6));
#6178 = VECTOR('',#6179,1.);
#6179 = DIRECTION('',(1.,-1.144237745222E-17,0.));
#6180 = PLANE('',#6181);
#6181 = AXIS2_PLACEMENT_3D('',#6182,#6183,#6184);
#6182 = CARTESIAN_POINT('',(-2.091417030376E-16,1.4375,0.6));
#6183 = DIRECTION('',(2.888762391192E-17,8.634073551009E-28,-1.));
#6184 = DIRECTION('',(1.,1.51922136901E-16,2.888762391192E-17));
#6185 = ADVANCED_FACE('',(#6186),#6265,.F.);
#6186 = FACE_BOUND('',#6187,.F.);
#6187 = EDGE_LOOP('',(#6188,#6189,#6190,#6199,#6207,#6216,#6224,#6232,
    #6240,#6249,#6257,#6264));
#6188 = ORIENTED_EDGE('',*,*,#5149,.F.);
#6189 = ORIENTED_EDGE('',*,*,#5171,.T.);
#6190 = ORIENTED_EDGE('',*,*,#6191,.T.);
#6191 = EDGE_CURVE('',#5172,#6192,#6194,.T.);
#6192 = VERTEX_POINT('',#6193);
#6193 = CARTESIAN_POINT('',(-0.948480775301,0.775,0.367364817767));
#6194 = CIRCLE('',#6195,0.1);
#6195 = AXIS2_PLACEMENT_3D('',#6196,#6197,#6198);
#6196 = CARTESIAN_POINT('',(-0.85,0.775,0.35));
#6197 = DIRECTION('',(-1.144237745222E-17,-1.,0.));
#6198 = DIRECTION('',(0.,0.,1.));
#6199 = ORIENTED_EDGE('',*,*,#6200,.T.);
#6200 = EDGE_CURVE('',#6192,#6201,#6203,.T.);
#6201 = VERTEX_POINT('',#6202);
#6202 = CARTESIAN_POINT('',(-0.971430759818,0.775,0.206587955583));
#6203 = LINE('',#6204,#6205);
#6204 = CARTESIAN_POINT('',(-0.948480775301,0.775,0.367364817767));
#6205 = VECTOR('',#6206,1.);
#6206 = DIRECTION('',(-0.14131190243,1.616944126098E-18,-0.989965123745)
  );
#6207 = ORIENTED_EDGE('',*,*,#6208,.T.);
#6208 = EDGE_CURVE('',#6201,#6209,#6211,.T.);
#6209 = VERTEX_POINT('',#6210);
#6210 = CARTESIAN_POINT('',(-1.217632698071,0.775,5.551115123126E-17));
#6211 = CIRCLE('',#6212,0.25);
#6212 = AXIS2_PLACEMENT_3D('',#6213,#6214,#6215);
#6213 = CARTESIAN_POINT('',(-1.217632698071,0.775,0.25));
#6214 = DIRECTION('',(1.144237745222E-17,1.,3.851859888774E-34));
#6215 = DIRECTION('',(0.984807753012,-1.126854202784E-17,-0.173648177667
    ));
#6216 = ORIENTED_EDGE('',*,*,#6217,.T.);
#6217 = EDGE_CURVE('',#6209,#6218,#6220,.T.);
#6218 = VERTEX_POINT('',#6219);
#6219 = CARTESIAN_POINT('',(-1.4,0.775,5.551115123126E-17));
#6220 = LINE('',#6221,#6222);
#6221 = CARTESIAN_POINT('',(-1.217632698071,0.775,5.551115123126E-17));
#6222 = VECTOR('',#6223,1.);
#6223 = DIRECTION('',(-1.,1.144237745222E-17,0.));
#6224 = ORIENTED_EDGE('',*,*,#6225,.T.);
#6225 = EDGE_CURVE('',#6218,#6226,#6228,.T.);
#6226 = VERTEX_POINT('',#6227);
#6227 = CARTESIAN_POINT('',(-1.4,0.775,0.15));
#6228 = LINE('',#6229,#6230);
#6229 = CARTESIAN_POINT('',(-1.4,0.775,5.551115123126E-17));
#6230 = VECTOR('',#6231,1.);
#6231 = DIRECTION('',(0.,0.,1.));
#6232 = ORIENTED_EDGE('',*,*,#6233,.T.);
#6233 = EDGE_CURVE('',#6226,#6234,#6236,.T.);
#6234 = VERTEX_POINT('',#6235);
#6235 = CARTESIAN_POINT('',(-1.217632698071,0.775,0.15));
#6236 = LINE('',#6237,#6238);
#6237 = CARTESIAN_POINT('',(-1.4,0.775,0.15));
#6238 = VECTOR('',#6239,1.);
#6239 = DIRECTION('',(1.,-1.144237745222E-17,0.));
#6240 = ORIENTED_EDGE('',*,*,#6241,.T.);
#6241 = EDGE_CURVE('',#6234,#6242,#6244,.T.);
#6242 = VERTEX_POINT('',#6243);
#6243 = CARTESIAN_POINT('',(-1.11915192277,0.775,0.232635182233));
#6244 = CIRCLE('',#6245,0.1);
#6245 = AXIS2_PLACEMENT_3D('',#6246,#6247,#6248);
#6246 = CARTESIAN_POINT('',(-1.217632698071,0.775,0.25));
#6247 = DIRECTION('',(-1.144237745222E-17,-1.,1.094764425254E-47));
#6248 = DIRECTION('',(-2.22044604925E-15,2.540718180781E-32,-1.));
#6249 = ORIENTED_EDGE('',*,*,#6250,.T.);
#6250 = EDGE_CURVE('',#6242,#6251,#6253,.T.);
#6251 = VERTEX_POINT('',#6252);
#6252 = CARTESIAN_POINT('',(-1.096201938253,0.775,0.393412044417));
#6253 = LINE('',#6254,#6255);
#6254 = CARTESIAN_POINT('',(-1.11915192277,0.775,0.232635182233));
#6255 = VECTOR('',#6256,1.);
#6256 = DIRECTION('',(0.14131190243,-1.616944126098E-18,0.989965123745)
  );
#6257 = ORIENTED_EDGE('',*,*,#6258,.T.);
#6258 = EDGE_CURVE('',#6251,#5423,#6259,.T.);
#6259 = CIRCLE('',#6260,0.25);
#6260 = AXIS2_PLACEMENT_3D('',#6261,#6262,#6263);
#6261 = CARTESIAN_POINT('',(-0.85,0.775,0.35));
#6262 = DIRECTION('',(1.144237745222E-17,1.,0.));
#6263 = DIRECTION('',(-0.984807753012,1.126854202784E-17,0.173648177667)
  );
#6264 = ORIENTED_EDGE('',*,*,#5422,.T.);
#6265 = PLANE('',#6266);
#6266 = AXIS2_PLACEMENT_3D('',#6267,#6268,#6269);
#6267 = CARTESIAN_POINT('',(-1.064349127789,0.775,0.282825311951));
#6268 = DIRECTION('',(1.144237745222E-17,1.,0.));
#6269 = DIRECTION('',(0.,-0.,1.));
#6270 = ADVANCED_FACE('',(#6271),#6290,.F.);
#6271 = FACE_BOUND('',#6272,.F.);
#6272 = EDGE_LOOP('',(#6273,#6274,#6283,#6289));
#6273 = ORIENTED_EDGE('',*,*,#5188,.T.);
#6274 = ORIENTED_EDGE('',*,*,#6275,.T.);
#6275 = EDGE_CURVE('',#5181,#6276,#6278,.T.);
#6276 = VERTEX_POINT('',#6277);
#6277 = CARTESIAN_POINT('',(-0.948480775301,1.125,0.367364817767));
#6278 = CIRCLE('',#6279,0.1);
#6279 = AXIS2_PLACEMENT_3D('',#6280,#6281,#6282);
#6280 = CARTESIAN_POINT('',(-0.85,1.125,0.35));
#6281 = DIRECTION('',(-1.144237745222E-17,-1.,0.));
#6282 = DIRECTION('',(0.,0.,1.));
#6283 = ORIENTED_EDGE('',*,*,#6284,.F.);
#6284 = EDGE_CURVE('',#6192,#6276,#6285,.T.);
#6285 = LINE('',#6286,#6287);
#6286 = CARTESIAN_POINT('',(-0.948480775301,0.775,0.367364817767));
#6287 = VECTOR('',#6288,1.);
#6288 = DIRECTION('',(1.144237745222E-17,1.,0.));
#6289 = ORIENTED_EDGE('',*,*,#6191,.F.);
#6290 = CYLINDRICAL_SURFACE('',#6291,0.1);
#6291 = AXIS2_PLACEMENT_3D('',#6292,#6293,#6294);
#6292 = CARTESIAN_POINT('',(-0.85,0.775,0.35));
#6293 = DIRECTION('',(-1.144237745222E-17,-1.,0.));
#6294 = DIRECTION('',(0.,0.,1.));
#6295 = ADVANCED_FACE('',(#6296),#6367,.T.);
#6296 = FACE_BOUND('',#6297,.T.);
#6297 = EDGE_LOOP('',(#6298,#6299,#6300,#6301,#6309,#6318,#6326,#6334,
    #6342,#6351,#6359,#6366));
#6298 = ORIENTED_EDGE('',*,*,#5202,.F.);
#6299 = ORIENTED_EDGE('',*,*,#5180,.T.);
#6300 = ORIENTED_EDGE('',*,*,#6275,.T.);
#6301 = ORIENTED_EDGE('',*,*,#6302,.T.);
#6302 = EDGE_CURVE('',#6276,#6303,#6305,.T.);
#6303 = VERTEX_POINT('',#6304);
#6304 = CARTESIAN_POINT('',(-0.971430759818,1.125,0.206587955583));
#6305 = LINE('',#6306,#6307);
#6306 = CARTESIAN_POINT('',(-0.948480775301,1.125,0.367364817767));
#6307 = VECTOR('',#6308,1.);
#6308 = DIRECTION('',(-0.14131190243,1.616944126098E-18,-0.989965123745)
  );
#6309 = ORIENTED_EDGE('',*,*,#6310,.T.);
#6310 = EDGE_CURVE('',#6303,#6311,#6313,.T.);
#6311 = VERTEX_POINT('',#6312);
#6312 = CARTESIAN_POINT('',(-1.217632698071,1.125,5.551115123126E-17));
#6313 = CIRCLE('',#6314,0.25);
#6314 = AXIS2_PLACEMENT_3D('',#6315,#6316,#6317);
#6315 = CARTESIAN_POINT('',(-1.217632698071,1.125,0.25));
#6316 = DIRECTION('',(1.144237745222E-17,1.,3.851859888774E-34));
#6317 = DIRECTION('',(0.984807753012,-1.126854202784E-17,-0.173648177667
    ));
#6318 = ORIENTED_EDGE('',*,*,#6319,.T.);
#6319 = EDGE_CURVE('',#6311,#6320,#6322,.T.);
#6320 = VERTEX_POINT('',#6321);
#6321 = CARTESIAN_POINT('',(-1.4,1.125,5.551115123126E-17));
#6322 = LINE('',#6323,#6324);
#6323 = CARTESIAN_POINT('',(-1.217632698071,1.125,5.551115123126E-17));
#6324 = VECTOR('',#6325,1.);
#6325 = DIRECTION('',(-1.,1.144237745222E-17,0.));
#6326 = ORIENTED_EDGE('',*,*,#6327,.T.);
#6327 = EDGE_CURVE('',#6320,#6328,#6330,.T.);
#6328 = VERTEX_POINT('',#6329);
#6329 = CARTESIAN_POINT('',(-1.4,1.125,0.15));
#6330 = LINE('',#6331,#6332);
#6331 = CARTESIAN_POINT('',(-1.4,1.125,5.551115123126E-17));
#6332 = VECTOR('',#6333,1.);
#6333 = DIRECTION('',(0.,0.,1.));
#6334 = ORIENTED_EDGE('',*,*,#6335,.T.);
#6335 = EDGE_CURVE('',#6328,#6336,#6338,.T.);
#6336 = VERTEX_POINT('',#6337);
#6337 = CARTESIAN_POINT('',(-1.217632698071,1.125,0.15));
#6338 = LINE('',#6339,#6340);
#6339 = CARTESIAN_POINT('',(-1.4,1.125,0.15));
#6340 = VECTOR('',#6341,1.);
#6341 = DIRECTION('',(1.,-1.144237745222E-17,0.));
#6342 = ORIENTED_EDGE('',*,*,#6343,.T.);
#6343 = EDGE_CURVE('',#6336,#6344,#6346,.T.);
#6344 = VERTEX_POINT('',#6345);
#6345 = CARTESIAN_POINT('',(-1.11915192277,1.125,0.232635182233));
#6346 = CIRCLE('',#6347,0.1);
#6347 = AXIS2_PLACEMENT_3D('',#6348,#6349,#6350);
#6348 = CARTESIAN_POINT('',(-1.217632698071,1.125,0.25));
#6349 = DIRECTION('',(-1.144237745222E-17,-1.,1.094764425254E-47));
#6350 = DIRECTION('',(-2.22044604925E-15,2.540718180781E-32,-1.));
#6351 = ORIENTED_EDGE('',*,*,#6352,.T.);
#6352 = EDGE_CURVE('',#6344,#6353,#6355,.T.);
#6353 = VERTEX_POINT('',#6354);
#6354 = CARTESIAN_POINT('',(-1.096201938253,1.125,0.393412044417));
#6355 = LINE('',#6356,#6357);
#6356 = CARTESIAN_POINT('',(-1.11915192277,1.125,0.232635182233));
#6357 = VECTOR('',#6358,1.);
#6358 = DIRECTION('',(0.14131190243,-1.616944126098E-18,0.989965123745)
  );
#6359 = ORIENTED_EDGE('',*,*,#6360,.T.);
#6360 = EDGE_CURVE('',#6353,#5431,#6361,.T.);
#6361 = CIRCLE('',#6362,0.25);
#6362 = AXIS2_PLACEMENT_3D('',#6363,#6364,#6365);
#6363 = CARTESIAN_POINT('',(-0.85,1.125,0.35));
#6364 = DIRECTION('',(1.144237745222E-17,1.,0.));
#6365 = DIRECTION('',(-0.984807753012,1.126854202784E-17,0.173648177667)
  );
#6366 = ORIENTED_EDGE('',*,*,#5438,.T.);
#6367 = PLANE('',#6368);
#6368 = AXIS2_PLACEMENT_3D('',#6369,#6370,#6371);
#6369 = CARTESIAN_POINT('',(-1.064349127789,1.125,0.282825311951));
#6370 = DIRECTION('',(1.144237745222E-17,1.,0.));
#6371 = DIRECTION('',(0.,-0.,1.));
#6372 = ADVANCED_FACE('',(#6373),#6452,.F.);
#6373 = FACE_BOUND('',#6374,.F.);
#6374 = EDGE_LOOP('',(#6375,#6376,#6377,#6386,#6394,#6403,#6411,#6419,
    #6427,#6436,#6444,#6451));
#6375 = ORIENTED_EDGE('',*,*,#5221,.F.);
#6376 = ORIENTED_EDGE('',*,*,#5236,.T.);
#6377 = ORIENTED_EDGE('',*,*,#6378,.T.);
#6378 = EDGE_CURVE('',#5237,#6379,#6381,.T.);
#6379 = VERTEX_POINT('',#6380);
#6380 = CARTESIAN_POINT('',(0.948480775301,1.125,0.367364817767));
#6381 = CIRCLE('',#6382,0.1);
#6382 = AXIS2_PLACEMENT_3D('',#6383,#6384,#6385);
#6383 = CARTESIAN_POINT('',(0.85,1.125,0.35));
#6384 = DIRECTION('',(-1.110223024625E-16,1.,0.));
#6385 = DIRECTION('',(0.,0.,1.));
#6386 = ORIENTED_EDGE('',*,*,#6387,.T.);
#6387 = EDGE_CURVE('',#6379,#6388,#6390,.T.);
#6388 = VERTEX_POINT('',#6389);
#6389 = CARTESIAN_POINT('',(0.971430759818,1.125,0.206587955583));
#6390 = LINE('',#6391,#6392);
#6391 = CARTESIAN_POINT('',(0.948480775301,1.125,0.367364817767));
#6392 = VECTOR('',#6393,1.);
#6393 = DIRECTION('',(0.14131190243,1.568877277316E-17,-0.989965123745)
  );
#6394 = ORIENTED_EDGE('',*,*,#6395,.T.);
#6395 = EDGE_CURVE('',#6388,#6396,#6398,.T.);
#6396 = VERTEX_POINT('',#6397);
#6397 = CARTESIAN_POINT('',(1.217632698071,1.125,5.551115123126E-17));
#6398 = CIRCLE('',#6399,0.25);
#6399 = AXIS2_PLACEMENT_3D('',#6400,#6401,#6402);
#6400 = CARTESIAN_POINT('',(1.217632698071,1.125,0.25));
#6401 = DIRECTION('',(1.110223024625E-16,-1.,0.));
#6402 = DIRECTION('',(-0.984807753012,-1.093356242223E-16,
    -0.173648177667));
#6403 = ORIENTED_EDGE('',*,*,#6404,.T.);
#6404 = EDGE_CURVE('',#6396,#6405,#6407,.T.);
#6405 = VERTEX_POINT('',#6406);
#6406 = CARTESIAN_POINT('',(1.4,1.125,5.551115123126E-17));
#6407 = LINE('',#6408,#6409);
#6408 = CARTESIAN_POINT('',(1.217632698071,1.125,5.551115123126E-17));
#6409 = VECTOR('',#6410,1.);
#6410 = DIRECTION('',(1.,1.110223024625E-16,0.));
#6411 = ORIENTED_EDGE('',*,*,#6412,.T.);
#6412 = EDGE_CURVE('',#6405,#6413,#6415,.T.);
#6413 = VERTEX_POINT('',#6414);
#6414 = CARTESIAN_POINT('',(1.4,1.125,0.15));
#6415 = LINE('',#6416,#6417);
#6416 = CARTESIAN_POINT('',(1.4,1.125,5.551115123126E-17));
#6417 = VECTOR('',#6418,1.);
#6418 = DIRECTION('',(0.,0.,1.));
#6419 = ORIENTED_EDGE('',*,*,#6420,.T.);
#6420 = EDGE_CURVE('',#6413,#6421,#6423,.T.);
#6421 = VERTEX_POINT('',#6422);
#6422 = CARTESIAN_POINT('',(1.217632698071,1.125,0.15));
#6423 = LINE('',#6424,#6425);
#6424 = CARTESIAN_POINT('',(1.4,1.125,0.15));
#6425 = VECTOR('',#6426,1.);
#6426 = DIRECTION('',(-1.,-1.110223024625E-16,0.));
#6427 = ORIENTED_EDGE('',*,*,#6428,.T.);
#6428 = EDGE_CURVE('',#6421,#6429,#6431,.T.);
#6429 = VERTEX_POINT('',#6430);
#6430 = CARTESIAN_POINT('',(1.11915192277,1.125,0.232635182233));
#6431 = CIRCLE('',#6432,0.1);
#6432 = AXIS2_PLACEMENT_3D('',#6433,#6434,#6435);
#6433 = CARTESIAN_POINT('',(1.217632698071,1.125,0.25));
#6434 = DIRECTION('',(-1.110223024625E-16,1.,0.));
#6435 = DIRECTION('',(2.22044604925E-15,2.465190328815E-31,-1.));
#6436 = ORIENTED_EDGE('',*,*,#6437,.T.);
#6437 = EDGE_CURVE('',#6429,#6438,#6440,.T.);
#6438 = VERTEX_POINT('',#6439);
#6439 = CARTESIAN_POINT('',(1.096201938253,1.125,0.393412044417));
#6440 = LINE('',#6441,#6442);
#6441 = CARTESIAN_POINT('',(1.11915192277,1.125,0.232635182233));
#6442 = VECTOR('',#6443,1.);
#6443 = DIRECTION('',(-0.14131190243,-1.568877277316E-17,0.989965123745)
  );
#6444 = ORIENTED_EDGE('',*,*,#6445,.T.);
#6445 = EDGE_CURVE('',#6438,#5662,#6446,.T.);
#6446 = CIRCLE('',#6447,0.25);
#6447 = AXIS2_PLACEMENT_3D('',#6448,#6449,#6450);
#6448 = CARTESIAN_POINT('',(0.85,1.125,0.35));
#6449 = DIRECTION('',(1.110223024625E-16,-1.,0.));
#6450 = DIRECTION('',(0.984807753012,1.093356242223E-16,0.173648177667)
  );
#6451 = ORIENTED_EDGE('',*,*,#5661,.T.);
#6452 = PLANE('',#6453);
#6453 = AXIS2_PLACEMENT_3D('',#6454,#6455,#6456);
#6454 = CARTESIAN_POINT('',(1.064349127789,1.125,0.282825311951));
#6455 = DIRECTION('',(1.110223024625E-16,-1.,0.));
#6456 = DIRECTION('',(0.,0.,1.));
#6457 = ADVANCED_FACE('',(#6458),#6477,.F.);
#6458 = FACE_BOUND('',#6459,.F.);
#6459 = EDGE_LOOP('',(#6460,#6461,#6470,#6476));
#6460 = ORIENTED_EDGE('',*,*,#5253,.T.);
#6461 = ORIENTED_EDGE('',*,*,#6462,.T.);
#6462 = EDGE_CURVE('',#5246,#6463,#6465,.T.);
#6463 = VERTEX_POINT('',#6464);
#6464 = CARTESIAN_POINT('',(0.948480775301,0.775,0.367364817767));
#6465 = CIRCLE('',#6466,0.1);
#6466 = AXIS2_PLACEMENT_3D('',#6467,#6468,#6469);
#6467 = CARTESIAN_POINT('',(0.85,0.775,0.35));
#6468 = DIRECTION('',(-1.110223024625E-16,1.,0.));
#6469 = DIRECTION('',(0.,0.,1.));
#6470 = ORIENTED_EDGE('',*,*,#6471,.F.);
#6471 = EDGE_CURVE('',#6379,#6463,#6472,.T.);
#6472 = LINE('',#6473,#6474);
#6473 = CARTESIAN_POINT('',(0.948480775301,1.125,0.367364817767));
#6474 = VECTOR('',#6475,1.);
#6475 = DIRECTION('',(1.110223024625E-16,-1.,0.));
#6476 = ORIENTED_EDGE('',*,*,#6378,.F.);
#6477 = CYLINDRICAL_SURFACE('',#6478,0.1);
#6478 = AXIS2_PLACEMENT_3D('',#6479,#6480,#6481);
#6479 = CARTESIAN_POINT('',(0.85,1.125,0.35));
#6480 = DIRECTION('',(-1.110223024625E-16,1.,0.));
#6481 = DIRECTION('',(0.,0.,1.));
#6482 = ADVANCED_FACE('',(#6483),#6554,.T.);
#6483 = FACE_BOUND('',#6484,.T.);
#6484 = EDGE_LOOP('',(#6485,#6486,#6487,#6488,#6496,#6505,#6513,#6521,
    #6529,#6538,#6546,#6553));
#6485 = ORIENTED_EDGE('',*,*,#5267,.F.);
#6486 = ORIENTED_EDGE('',*,*,#5245,.T.);
#6487 = ORIENTED_EDGE('',*,*,#6462,.T.);
#6488 = ORIENTED_EDGE('',*,*,#6489,.T.);
#6489 = EDGE_CURVE('',#6463,#6490,#6492,.T.);
#6490 = VERTEX_POINT('',#6491);
#6491 = CARTESIAN_POINT('',(0.971430759818,0.775,0.206587955583));
#6492 = LINE('',#6493,#6494);
#6493 = CARTESIAN_POINT('',(0.948480775301,0.775,0.367364817767));
#6494 = VECTOR('',#6495,1.);
#6495 = DIRECTION('',(0.14131190243,1.568877277316E-17,-0.989965123745)
  );
#6496 = ORIENTED_EDGE('',*,*,#6497,.T.);
#6497 = EDGE_CURVE('',#6490,#6498,#6500,.T.);
#6498 = VERTEX_POINT('',#6499);
#6499 = CARTESIAN_POINT('',(1.217632698071,0.775,5.551115123126E-17));
#6500 = CIRCLE('',#6501,0.25);
#6501 = AXIS2_PLACEMENT_3D('',#6502,#6503,#6504);
#6502 = CARTESIAN_POINT('',(1.217632698071,0.775,0.25));
#6503 = DIRECTION('',(1.110223024625E-16,-1.,0.));
#6504 = DIRECTION('',(-0.984807753012,-1.093356242223E-16,
    -0.173648177667));
#6505 = ORIENTED_EDGE('',*,*,#6506,.T.);
#6506 = EDGE_CURVE('',#6498,#6507,#6509,.T.);
#6507 = VERTEX_POINT('',#6508);
#6508 = CARTESIAN_POINT('',(1.4,0.775,5.551115123126E-17));
#6509 = LINE('',#6510,#6511);
#6510 = CARTESIAN_POINT('',(1.217632698071,0.775,5.551115123126E-17));
#6511 = VECTOR('',#6512,1.);
#6512 = DIRECTION('',(1.,1.110223024625E-16,0.));
#6513 = ORIENTED_EDGE('',*,*,#6514,.T.);
#6514 = EDGE_CURVE('',#6507,#6515,#6517,.T.);
#6515 = VERTEX_POINT('',#6516);
#6516 = CARTESIAN_POINT('',(1.4,0.775,0.15));
#6517 = LINE('',#6518,#6519);
#6518 = CARTESIAN_POINT('',(1.4,0.775,5.551115123126E-17));
#6519 = VECTOR('',#6520,1.);
#6520 = DIRECTION('',(0.,0.,1.));
#6521 = ORIENTED_EDGE('',*,*,#6522,.T.);
#6522 = EDGE_CURVE('',#6515,#6523,#6525,.T.);
#6523 = VERTEX_POINT('',#6524);
#6524 = CARTESIAN_POINT('',(1.217632698071,0.775,0.15));
#6525 = LINE('',#6526,#6527);
#6526 = CARTESIAN_POINT('',(1.4,0.775,0.15));
#6527 = VECTOR('',#6528,1.);
#6528 = DIRECTION('',(-1.,-1.110223024625E-16,0.));
#6529 = ORIENTED_EDGE('',*,*,#6530,.T.);
#6530 = EDGE_CURVE('',#6523,#6531,#6533,.T.);
#6531 = VERTEX_POINT('',#6532);
#6532 = CARTESIAN_POINT('',(1.11915192277,0.775,0.232635182233));
#6533 = CIRCLE('',#6534,0.1);
#6534 = AXIS2_PLACEMENT_3D('',#6535,#6536,#6537);
#6535 = CARTESIAN_POINT('',(1.217632698071,0.775,0.25));
#6536 = DIRECTION('',(-1.110223024625E-16,1.,0.));
#6537 = DIRECTION('',(2.22044604925E-15,2.465190328815E-31,-1.));
#6538 = ORIENTED_EDGE('',*,*,#6539,.T.);
#6539 = EDGE_CURVE('',#6531,#6540,#6542,.T.);
#6540 = VERTEX_POINT('',#6541);
#6541 = CARTESIAN_POINT('',(1.096201938253,0.775,0.393412044417));
#6542 = LINE('',#6543,#6544);
#6543 = CARTESIAN_POINT('',(1.11915192277,0.775,0.232635182233));
#6544 = VECTOR('',#6545,1.);
#6545 = DIRECTION('',(-0.14131190243,-1.568877277316E-17,0.989965123745)
  );
#6546 = ORIENTED_EDGE('',*,*,#6547,.T.);
#6547 = EDGE_CURVE('',#6540,#5670,#6548,.T.);
#6548 = CIRCLE('',#6549,0.25);
#6549 = AXIS2_PLACEMENT_3D('',#6550,#6551,#6552);
#6550 = CARTESIAN_POINT('',(0.85,0.775,0.35));
#6551 = DIRECTION('',(1.110223024625E-16,-1.,0.));
#6552 = DIRECTION('',(0.984807753012,1.093356242223E-16,0.173648177667)
  );
#6553 = ORIENTED_EDGE('',*,*,#5677,.T.);
#6554 = PLANE('',#6555);
#6555 = AXIS2_PLACEMENT_3D('',#6556,#6557,#6558);
#6556 = CARTESIAN_POINT('',(1.064349127789,0.775,0.282825311951));
#6557 = DIRECTION('',(1.110223024625E-16,-1.,0.));
#6558 = DIRECTION('',(0.,0.,1.));
#6559 = ADVANCED_FACE('',(#6560),#6571,.F.);
#6560 = FACE_BOUND('',#6561,.F.);
#6561 = EDGE_LOOP('',(#6562,#6563,#6564,#6570));
#6562 = ORIENTED_EDGE('',*,*,#5683,.F.);
#6563 = ORIENTED_EDGE('',*,*,#5284,.T.);
#6564 = ORIENTED_EDGE('',*,*,#6565,.T.);
#6565 = EDGE_CURVE('',#5277,#5616,#6566,.T.);
#6566 = LINE('',#6567,#6568);
#6567 = CARTESIAN_POINT('',(0.85,-0.775,0.6));
#6568 = VECTOR('',#6569,1.);
#6569 = DIRECTION('',(-1.,-1.110223024625E-16,0.));
#6570 = ORIENTED_EDGE('',*,*,#5615,.F.);
#6571 = PLANE('',#6572);
#6572 = AXIS2_PLACEMENT_3D('',#6573,#6574,#6575);
#6573 = CARTESIAN_POINT('',(-2.091417030376E-16,1.4375,0.6));
#6574 = DIRECTION('',(2.888762391192E-17,8.634073551009E-28,-1.));
#6575 = DIRECTION('',(1.,1.51922136901E-16,2.888762391192E-17));
#6576 = ADVANCED_FACE('',(#6577),#6663,.F.);
#6577 = FACE_BOUND('',#6578,.F.);
#6578 = EDGE_LOOP('',(#6579,#6580,#6581,#6590,#6598,#6607,#6615,#6623,
    #6631,#6640,#6648,#6657));
#6579 = ORIENTED_EDGE('',*,*,#5276,.F.);
#6580 = ORIENTED_EDGE('',*,*,#5298,.T.);
#6581 = ORIENTED_EDGE('',*,*,#6582,.T.);
#6582 = EDGE_CURVE('',#5299,#6583,#6585,.T.);
#6583 = VERTEX_POINT('',#6584);
#6584 = CARTESIAN_POINT('',(0.948480775301,-0.775,0.367364817767));
#6585 = CIRCLE('',#6586,0.1);
#6586 = AXIS2_PLACEMENT_3D('',#6587,#6588,#6589);
#6587 = CARTESIAN_POINT('',(0.85,-0.775,0.35));
#6588 = DIRECTION('',(-1.110223024625E-16,1.,0.));
#6589 = DIRECTION('',(0.,0.,1.));
#6590 = ORIENTED_EDGE('',*,*,#6591,.T.);
#6591 = EDGE_CURVE('',#6583,#6592,#6594,.T.);
#6592 = VERTEX_POINT('',#6593);
#6593 = CARTESIAN_POINT('',(0.971430759818,-0.775,0.206587955583));
#6594 = LINE('',#6595,#6596);
#6595 = CARTESIAN_POINT('',(0.948480775301,-0.775,0.367364817767));
#6596 = VECTOR('',#6597,1.);
#6597 = DIRECTION('',(0.14131190243,1.568877277316E-17,-0.989965123745)
  );
#6598 = ORIENTED_EDGE('',*,*,#6599,.T.);
#6599 = EDGE_CURVE('',#6592,#6600,#6602,.T.);
#6600 = VERTEX_POINT('',#6601);
#6601 = CARTESIAN_POINT('',(1.217632698071,-0.775,5.551115123126E-17));
#6602 = CIRCLE('',#6603,0.25);
#6603 = AXIS2_PLACEMENT_3D('',#6604,#6605,#6606);
#6604 = CARTESIAN_POINT('',(1.217632698071,-0.775,0.25));
#6605 = DIRECTION('',(1.110223024625E-16,-1.,0.));
#6606 = DIRECTION('',(-0.984807753012,-1.093356242223E-16,
    -0.173648177667));
#6607 = ORIENTED_EDGE('',*,*,#6608,.T.);
#6608 = EDGE_CURVE('',#6600,#6609,#6611,.T.);
#6609 = VERTEX_POINT('',#6610);
#6610 = CARTESIAN_POINT('',(1.4,-0.775,5.551115123126E-17));
#6611 = LINE('',#6612,#6613);
#6612 = CARTESIAN_POINT('',(1.217632698071,-0.775,5.551115123126E-17));
#6613 = VECTOR('',#6614,1.);
#6614 = DIRECTION('',(1.,1.110223024625E-16,0.));
#6615 = ORIENTED_EDGE('',*,*,#6616,.T.);
#6616 = EDGE_CURVE('',#6609,#6617,#6619,.T.);
#6617 = VERTEX_POINT('',#6618);
#6618 = CARTESIAN_POINT('',(1.4,-0.775,0.15));
#6619 = LINE('',#6620,#6621);
#6620 = CARTESIAN_POINT('',(1.4,-0.775,5.551115123126E-17));
#6621 = VECTOR('',#6622,1.);
#6622 = DIRECTION('',(0.,0.,1.));
#6623 = ORIENTED_EDGE('',*,*,#6624,.T.);
#6624 = EDGE_CURVE('',#6617,#6625,#6627,.T.);
#6625 = VERTEX_POINT('',#6626);
#6626 = CARTESIAN_POINT('',(1.217632698071,-0.775,0.15));
#6627 = LINE('',#6628,#6629);
#6628 = CARTESIAN_POINT('',(1.4,-0.775,0.15));
#6629 = VECTOR('',#6630,1.);
#6630 = DIRECTION('',(-1.,-1.110223024625E-16,0.));
#6631 = ORIENTED_EDGE('',*,*,#6632,.T.);
#6632 = EDGE_CURVE('',#6625,#6633,#6635,.T.);
#6633 = VERTEX_POINT('',#6634);
#6634 = CARTESIAN_POINT('',(1.11915192277,-0.775,0.232635182233));
#6635 = CIRCLE('',#6636,0.1);
#6636 = AXIS2_PLACEMENT_3D('',#6637,#6638,#6639);
#6637 = CARTESIAN_POINT('',(1.217632698071,-0.775,0.25));
#6638 = DIRECTION('',(-1.110223024625E-16,1.,0.));
#6639 = DIRECTION('',(2.22044604925E-15,2.465190328815E-31,-1.));
#6640 = ORIENTED_EDGE('',*,*,#6641,.T.);
#6641 = EDGE_CURVE('',#6633,#6642,#6644,.T.);
#6642 = VERTEX_POINT('',#6643);
#6643 = CARTESIAN_POINT('',(1.096201938253,-0.775,0.393412044417));
#6644 = LINE('',#6645,#6646);
#6645 = CARTESIAN_POINT('',(1.11915192277,-0.775,0.232635182233));
#6646 = VECTOR('',#6647,1.);
#6647 = DIRECTION('',(-0.14131190243,-1.568877277316E-17,0.989965123745)
  );
#6648 = ORIENTED_EDGE('',*,*,#6649,.T.);
#6649 = EDGE_CURVE('',#6642,#6650,#6652,.T.);
#6650 = VERTEX_POINT('',#6651);
#6651 = CARTESIAN_POINT('',(0.85,-0.775,0.6));
#6652 = CIRCLE('',#6653,0.25);
#6653 = AXIS2_PLACEMENT_3D('',#6654,#6655,#6656);
#6654 = CARTESIAN_POINT('',(0.85,-0.775,0.35));
#6655 = DIRECTION('',(1.110223024625E-16,-1.,0.));
#6656 = DIRECTION('',(0.984807753012,1.093356242223E-16,0.173648177667)
  );
#6657 = ORIENTED_EDGE('',*,*,#6658,.T.);
#6658 = EDGE_CURVE('',#6650,#5277,#6659,.T.);
#6659 = LINE('',#6660,#6661);
#6660 = CARTESIAN_POINT('',(0.85,-0.775,0.6));
#6661 = VECTOR('',#6662,1.);
#6662 = DIRECTION('',(-1.,-1.110223024625E-16,0.));
#6663 = PLANE('',#6664);
#6664 = AXIS2_PLACEMENT_3D('',#6665,#6666,#6667);
#6665 = CARTESIAN_POINT('',(1.064349127789,-0.775,0.282825311951));
#6666 = DIRECTION('',(1.110223024625E-16,-1.,0.));
#6667 = DIRECTION('',(0.,0.,1.));
#6668 = ADVANCED_FACE('',(#6669),#6688,.F.);
#6669 = FACE_BOUND('',#6670,.F.);
#6670 = EDGE_LOOP('',(#6671,#6672,#6681,#6687));
#6671 = ORIENTED_EDGE('',*,*,#5315,.T.);
#6672 = ORIENTED_EDGE('',*,*,#6673,.T.);
#6673 = EDGE_CURVE('',#5308,#6674,#6676,.T.);
#6674 = VERTEX_POINT('',#6675);
#6675 = CARTESIAN_POINT('',(0.948480775301,-1.125,0.367364817767));
#6676 = CIRCLE('',#6677,0.1);
#6677 = AXIS2_PLACEMENT_3D('',#6678,#6679,#6680);
#6678 = CARTESIAN_POINT('',(0.85,-1.125,0.35));
#6679 = DIRECTION('',(-1.110223024625E-16,1.,0.));
#6680 = DIRECTION('',(0.,0.,1.));
#6681 = ORIENTED_EDGE('',*,*,#6682,.F.);
#6682 = EDGE_CURVE('',#6583,#6674,#6683,.T.);
#6683 = LINE('',#6684,#6685);
#6684 = CARTESIAN_POINT('',(0.948480775301,-0.775,0.367364817767));
#6685 = VECTOR('',#6686,1.);
#6686 = DIRECTION('',(1.110223024625E-16,-1.,0.));
#6687 = ORIENTED_EDGE('',*,*,#6582,.F.);
#6688 = CYLINDRICAL_SURFACE('',#6689,0.1);
#6689 = AXIS2_PLACEMENT_3D('',#6690,#6691,#6692);
#6690 = CARTESIAN_POINT('',(0.85,-0.775,0.35));
#6691 = DIRECTION('',(-1.110223024625E-16,1.,0.));
#6692 = DIRECTION('',(0.,0.,1.));
#6693 = ADVANCED_FACE('',(#6694),#6772,.T.);
#6694 = FACE_BOUND('',#6695,.T.);
#6695 = EDGE_LOOP('',(#6696,#6697,#6698,#6699,#6707,#6716,#6724,#6732,
    #6740,#6749,#6757,#6766));
#6696 = ORIENTED_EDGE('',*,*,#5329,.F.);
#6697 = ORIENTED_EDGE('',*,*,#5307,.T.);
#6698 = ORIENTED_EDGE('',*,*,#6673,.T.);
#6699 = ORIENTED_EDGE('',*,*,#6700,.T.);
#6700 = EDGE_CURVE('',#6674,#6701,#6703,.T.);
#6701 = VERTEX_POINT('',#6702);
#6702 = CARTESIAN_POINT('',(0.971430759818,-1.125,0.206587955583));
#6703 = LINE('',#6704,#6705);
#6704 = CARTESIAN_POINT('',(0.948480775301,-1.125,0.367364817767));
#6705 = VECTOR('',#6706,1.);
#6706 = DIRECTION('',(0.14131190243,1.568877277316E-17,-0.989965123745)
  );
#6707 = ORIENTED_EDGE('',*,*,#6708,.T.);
#6708 = EDGE_CURVE('',#6701,#6709,#6711,.T.);
#6709 = VERTEX_POINT('',#6710);
#6710 = CARTESIAN_POINT('',(1.217632698071,-1.125,5.551115123126E-17));
#6711 = CIRCLE('',#6712,0.25);
#6712 = AXIS2_PLACEMENT_3D('',#6713,#6714,#6715);
#6713 = CARTESIAN_POINT('',(1.217632698071,-1.125,0.25));
#6714 = DIRECTION('',(1.110223024625E-16,-1.,0.));
#6715 = DIRECTION('',(-0.984807753012,-1.093356242223E-16,
    -0.173648177667));
#6716 = ORIENTED_EDGE('',*,*,#6717,.T.);
#6717 = EDGE_CURVE('',#6709,#6718,#6720,.T.);
#6718 = VERTEX_POINT('',#6719);
#6719 = CARTESIAN_POINT('',(1.4,-1.125,5.551115123126E-17));
#6720 = LINE('',#6721,#6722);
#6721 = CARTESIAN_POINT('',(1.217632698071,-1.125,5.551115123126E-17));
#6722 = VECTOR('',#6723,1.);
#6723 = DIRECTION('',(1.,1.110223024625E-16,0.));
#6724 = ORIENTED_EDGE('',*,*,#6725,.T.);
#6725 = EDGE_CURVE('',#6718,#6726,#6728,.T.);
#6726 = VERTEX_POINT('',#6727);
#6727 = CARTESIAN_POINT('',(1.4,-1.125,0.15));
#6728 = LINE('',#6729,#6730);
#6729 = CARTESIAN_POINT('',(1.4,-1.125,5.551115123126E-17));
#6730 = VECTOR('',#6731,1.);
#6731 = DIRECTION('',(0.,0.,1.));
#6732 = ORIENTED_EDGE('',*,*,#6733,.T.);
#6733 = EDGE_CURVE('',#6726,#6734,#6736,.T.);
#6734 = VERTEX_POINT('',#6735);
#6735 = CARTESIAN_POINT('',(1.217632698071,-1.125,0.15));
#6736 = LINE('',#6737,#6738);
#6737 = CARTESIAN_POINT('',(1.4,-1.125,0.15));
#6738 = VECTOR('',#6739,1.);
#6739 = DIRECTION('',(-1.,-1.110223024625E-16,0.));
#6740 = ORIENTED_EDGE('',*,*,#6741,.T.);
#6741 = EDGE_CURVE('',#6734,#6742,#6744,.T.);
#6742 = VERTEX_POINT('',#6743);
#6743 = CARTESIAN_POINT('',(1.11915192277,-1.125,0.232635182233));
#6744 = CIRCLE('',#6745,0.1);
#6745 = AXIS2_PLACEMENT_3D('',#6746,#6747,#6748);
#6746 = CARTESIAN_POINT('',(1.217632698071,-1.125,0.25));
#6747 = DIRECTION('',(-1.110223024625E-16,1.,0.));
#6748 = DIRECTION('',(2.22044604925E-15,2.465190328815E-31,-1.));
#6749 = ORIENTED_EDGE('',*,*,#6750,.T.);
#6750 = EDGE_CURVE('',#6742,#6751,#6753,.T.);
#6751 = VERTEX_POINT('',#6752);
#6752 = CARTESIAN_POINT('',(1.096201938253,-1.125,0.393412044417));
#6753 = LINE('',#6754,#6755);
#6754 = CARTESIAN_POINT('',(1.11915192277,-1.125,0.232635182233));
#6755 = VECTOR('',#6756,1.);
#6756 = DIRECTION('',(-0.14131190243,-1.568877277316E-17,0.989965123745)
  );
#6757 = ORIENTED_EDGE('',*,*,#6758,.T.);
#6758 = EDGE_CURVE('',#6751,#6759,#6761,.T.);
#6759 = VERTEX_POINT('',#6760);
#6760 = CARTESIAN_POINT('',(0.85,-1.125,0.6));
#6761 = CIRCLE('',#6762,0.25);
#6762 = AXIS2_PLACEMENT_3D('',#6763,#6764,#6765);
#6763 = CARTESIAN_POINT('',(0.85,-1.125,0.35));
#6764 = DIRECTION('',(1.110223024625E-16,-1.,0.));
#6765 = DIRECTION('',(0.984807753012,1.093356242223E-16,0.173648177667)
  );
#6766 = ORIENTED_EDGE('',*,*,#6767,.T.);
#6767 = EDGE_CURVE('',#6759,#5330,#6768,.T.);
#6768 = LINE('',#6769,#6770);
#6769 = CARTESIAN_POINT('',(0.85,-1.125,0.6));
#6770 = VECTOR('',#6771,1.);
#6771 = DIRECTION('',(-1.,-1.110223024625E-16,0.));
#6772 = PLANE('',#6773);
#6773 = AXIS2_PLACEMENT_3D('',#6774,#6775,#6776);
#6774 = CARTESIAN_POINT('',(1.064349127789,-1.125,0.282825311951));
#6775 = DIRECTION('',(1.110223024625E-16,-1.,0.));
#6776 = DIRECTION('',(0.,0.,1.));
#6777 = ADVANCED_FACE('',(#6778),#6789,.T.);
#6778 = FACE_BOUND('',#6779,.T.);
#6779 = EDGE_LOOP('',(#6780,#6781,#6782,#6783));
#6780 = ORIENTED_EDGE('',*,*,#6258,.T.);
#6781 = ORIENTED_EDGE('',*,*,#5430,.T.);
#6782 = ORIENTED_EDGE('',*,*,#6360,.F.);
#6783 = ORIENTED_EDGE('',*,*,#6784,.F.);
#6784 = EDGE_CURVE('',#6251,#6353,#6785,.T.);
#6785 = LINE('',#6786,#6787);
#6786 = CARTESIAN_POINT('',(-1.096201938253,0.775,0.393412044417));
#6787 = VECTOR('',#6788,1.);
#6788 = DIRECTION('',(1.144237745222E-17,1.,0.));
#6789 = CYLINDRICAL_SURFACE('',#6790,0.25);
#6790 = AXIS2_PLACEMENT_3D('',#6791,#6792,#6793);
#6791 = CARTESIAN_POINT('',(-0.85,0.775,0.35));
#6792 = DIRECTION('',(-1.144237745222E-17,-1.,0.));
#6793 = DIRECTION('',(-0.984807753012,1.126854202784E-17,0.173648177667)
  );
#6794 = ADVANCED_FACE('',(#6795),#6808,.F.);
#6795 = FACE_BOUND('',#6796,.F.);
#6796 = EDGE_LOOP('',(#6797,#6798,#6804,#6805,#6806,#6807));
#6797 = ORIENTED_EDGE('',*,*,#5826,.F.);
#6798 = ORIENTED_EDGE('',*,*,#6799,.T.);
#6799 = EDGE_CURVE('',#5818,#5927,#6800,.T.);
#6800 = LINE('',#6801,#6802);
#6801 = CARTESIAN_POINT('',(-0.85,-1.125,0.6));
#6802 = VECTOR('',#6803,1.);
#6803 = DIRECTION('',(1.144237745222E-17,1.,0.));
#6804 = ORIENTED_EDGE('',*,*,#5935,.T.);
#6805 = ORIENTED_EDGE('',*,*,#5957,.T.);
#6806 = ORIENTED_EDGE('',*,*,#5477,.F.);
#6807 = ORIENTED_EDGE('',*,*,#5710,.F.);
#6808 = PLANE('',#6809);
#6809 = AXIS2_PLACEMENT_3D('',#6810,#6811,#6812);
#6810 = CARTESIAN_POINT('',(-0.85,-1.125,0.6));
#6811 = DIRECTION('',(0.,0.,-1.));
#6812 = DIRECTION('',(1.,-1.144237745222E-17,0.));
#6813 = ADVANCED_FACE('',(#6814),#6827,.F.);
#6814 = FACE_BOUND('',#6815,.F.);
#6815 = EDGE_LOOP('',(#6816,#6817,#6823,#6824,#6825,#6826));
#6816 = ORIENTED_EDGE('',*,*,#6049,.F.);
#6817 = ORIENTED_EDGE('',*,*,#6818,.T.);
#6818 = EDGE_CURVE('',#6041,#6150,#6819,.T.);
#6819 = LINE('',#6820,#6821);
#6820 = CARTESIAN_POINT('',(-0.85,-0.175,0.6));
#6821 = VECTOR('',#6822,1.);
#6822 = DIRECTION('',(1.144237745222E-17,1.,0.));
#6823 = ORIENTED_EDGE('',*,*,#6158,.T.);
#6824 = ORIENTED_EDGE('',*,*,#6175,.T.);
#6825 = ORIENTED_EDGE('',*,*,#5493,.F.);
#6826 = ORIENTED_EDGE('',*,*,#5950,.F.);
#6827 = PLANE('',#6828);
#6828 = AXIS2_PLACEMENT_3D('',#6829,#6830,#6831);
#6829 = CARTESIAN_POINT('',(-0.85,-0.175,0.6));
#6830 = DIRECTION('',(0.,0.,-1.));
#6831 = DIRECTION('',(1.,-1.144237745222E-17,0.));
#6832 = ADVANCED_FACE('',(#6833,#6862),#6873,.T.);
#6833 = FACE_BOUND('',#6834,.T.);
#6834 = EDGE_LOOP('',(#6835,#6836,#6837,#6838,#6846,#6854,#6860,#6861));
#6835 = ORIENTED_EDGE('',*,*,#5568,.F.);
#6836 = ORIENTED_EDGE('',*,*,#5545,.F.);
#6837 = ORIENTED_EDGE('',*,*,#5516,.F.);
#6838 = ORIENTED_EDGE('',*,*,#6839,.F.);
#6839 = EDGE_CURVE('',#6840,#5517,#6842,.T.);
#6840 = VERTEX_POINT('',#6841);
#6841 = CARTESIAN_POINT('',(-0.667905353927,-1.375810707854,0.95));
#6842 = LINE('',#6843,#6844);
#6843 = CARTESIAN_POINT('',(-0.667905353927,-1.375810707854,0.95));
#6844 = VECTOR('',#6845,1.);
#6845 = DIRECTION('',(-0.707106781187,0.707106781187,0.));
#6846 = ORIENTED_EDGE('',*,*,#6847,.F.);
#6847 = EDGE_CURVE('',#6848,#6840,#6850,.T.);
#6848 = VERTEX_POINT('',#6849);
#6849 = CARTESIAN_POINT('',(0.667905353927,-1.375810707854,0.95));
#6850 = LINE('',#6851,#6852);
#6851 = CARTESIAN_POINT('',(0.667905353927,-1.375810707854,0.95));
#6852 = VECTOR('',#6853,1.);
#6853 = DIRECTION('',(-1.,-1.110223024625E-16,0.));
#6854 = ORIENTED_EDGE('',*,*,#6855,.F.);
#6855 = EDGE_CURVE('',#5640,#6848,#6856,.T.);
#6856 = LINE('',#6857,#6858);
#6857 = CARTESIAN_POINT('',(0.725810707854,-1.317905353927,0.95));
#6858 = VECTOR('',#6859,1.);
#6859 = DIRECTION('',(-0.707106781187,-0.707106781187,0.));
#6860 = ORIENTED_EDGE('',*,*,#5646,.F.);
#6861 = ORIENTED_EDGE('',*,*,#5591,.F.);
#6862 = FACE_BOUND('',#6863,.T.);
#6863 = EDGE_LOOP('',(#6864));
#6864 = ORIENTED_EDGE('',*,*,#6865,.T.);
#6865 = EDGE_CURVE('',#6866,#6866,#6868,.T.);
#6866 = VERTEX_POINT('',#6867);
#6867 = CARTESIAN_POINT('',(-0.525810707854,1.125810707854,0.95));
#6868 = CIRCLE('',#6869,5.E-02);
#6869 = AXIS2_PLACEMENT_3D('',#6870,#6871,#6872);
#6870 = CARTESIAN_POINT('',(-0.525810707854,1.175810707854,0.95));
#6871 = DIRECTION('',(0.,-0.,-1.));
#6872 = DIRECTION('',(1.110223024625E-16,-1.,0.));
#6873 = PLANE('',#6874);
#6874 = AXIS2_PLACEMENT_3D('',#6875,#6876,#6877);
#6875 = CARTESIAN_POINT('',(-0.667905353927,1.375810707854,0.95));
#6876 = DIRECTION('',(0.,0.,1.));
#6877 = DIRECTION('',(0.436721133329,-0.89959693847,0.));
#6878 = ADVANCED_FACE('',(#6879),#6889,.F.);
#6879 = FACE_BOUND('',#6880,.F.);
#6880 = EDGE_LOOP('',(#6881,#6882,#6883,#6884));
#6881 = ORIENTED_EDGE('',*,*,#5717,.T.);
#6882 = ORIENTED_EDGE('',*,*,#5524,.T.);
#6883 = ORIENTED_EDGE('',*,*,#6839,.F.);
#6884 = ORIENTED_EDGE('',*,*,#6885,.F.);
#6885 = EDGE_CURVE('',#5718,#6840,#6886,.T.);
#6886 = B_SPLINE_CURVE_WITH_KNOTS('',1,(#6887,#6888),.UNSPECIFIED.,.F.,
  .F.,(2,2),(0.,1.),.PIECEWISE_BEZIER_KNOTS.);
#6887 = CARTESIAN_POINT('',(-0.6925,-1.425,0.6));
#6888 = CARTESIAN_POINT('',(-0.667905353927,-1.375810707854,0.95));
#6889 = B_SPLINE_SURFACE_WITH_KNOTS('',1,1,(
    (#6890,#6891)
    ,(#6892,#6893
    )),.UNSPECIFIED.,.F.,.F.,.F.,(2,2),(2,2),(0.,0.116672618896),(0.,1.)
  ,.PIECEWISE_BEZIER_KNOTS.);
#6890 = CARTESIAN_POINT('',(-0.6925,-1.425,0.6));
#6891 = CARTESIAN_POINT('',(-0.667905353927,-1.375810707854,0.95));
#6892 = CARTESIAN_POINT('',(-0.775,-1.3425,0.6));
#6893 = CARTESIAN_POINT('',(-0.725810707854,-1.317905353927,0.95));
#6894 = ADVANCED_FACE('',(#6895),#6908,.F.);
#6895 = FACE_BOUND('',#6896,.F.);
#6896 = EDGE_LOOP('',(#6897,#6898,#6904,#6905,#6906,#6907));
#6897 = ORIENTED_EDGE('',*,*,#6658,.F.);
#6898 = ORIENTED_EDGE('',*,*,#6899,.T.);
#6899 = EDGE_CURVE('',#6650,#6759,#6900,.T.);
#6900 = LINE('',#6901,#6902);
#6901 = CARTESIAN_POINT('',(0.85,-0.775,0.6));
#6902 = VECTOR('',#6903,1.);
#6903 = DIRECTION('',(1.110223024625E-16,-1.,0.));
#6904 = ORIENTED_EDGE('',*,*,#6767,.T.);
#6905 = ORIENTED_EDGE('',*,*,#5699,.T.);
#6906 = ORIENTED_EDGE('',*,*,#5623,.F.);
#6907 = ORIENTED_EDGE('',*,*,#6565,.F.);
#6908 = PLANE('',#6909);
#6909 = AXIS2_PLACEMENT_3D('',#6910,#6911,#6912);
#6910 = CARTESIAN_POINT('',(0.85,-0.775,0.6));
#6911 = DIRECTION('',(0.,0.,-1.));
#6912 = DIRECTION('',(-1.,-1.110223024625E-16,-0.));
#6913 = ADVANCED_FACE('',(#6914),#6924,.F.);
#6914 = FACE_BOUND('',#6915,.F.);
#6915 = EDGE_LOOP('',(#6916,#6917,#6922,#6923));
#6916 = ORIENTED_EDGE('',*,*,#5733,.T.);
#6917 = ORIENTED_EDGE('',*,*,#6918,.T.);
#6918 = EDGE_CURVE('',#5726,#6848,#6919,.T.);
#6919 = B_SPLINE_CURVE_WITH_KNOTS('',1,(#6920,#6921),.UNSPECIFIED.,.F.,
  .F.,(2,2),(0.,1.),.PIECEWISE_BEZIER_KNOTS.);
#6920 = CARTESIAN_POINT('',(0.6925,-1.425,0.6));
#6921 = CARTESIAN_POINT('',(0.667905353927,-1.375810707854,0.95));
#6922 = ORIENTED_EDGE('',*,*,#6855,.F.);
#6923 = ORIENTED_EDGE('',*,*,#5639,.F.);
#6924 = B_SPLINE_SURFACE_WITH_KNOTS('',1,1,(
    (#6925,#6926)
    ,(#6927,#6928
    )),.UNSPECIFIED.,.F.,.F.,.F.,(2,2),(2,2),(0.,0.116672618896),(0.,1.)
  ,.PIECEWISE_BEZIER_KNOTS.);
#6925 = CARTESIAN_POINT('',(0.775,-1.3425,0.6));
#6926 = CARTESIAN_POINT('',(0.725810707854,-1.317905353927,0.95));
#6927 = CARTESIAN_POINT('',(0.6925,-1.425,0.6));
#6928 = CARTESIAN_POINT('',(0.667905353927,-1.375810707854,0.95));
#6929 = ADVANCED_FACE('',(#6930),#6941,.T.);
#6930 = FACE_BOUND('',#6931,.T.);
#6931 = EDGE_LOOP('',(#6932,#6933,#6934,#6935));
#6932 = ORIENTED_EDGE('',*,*,#6445,.T.);
#6933 = ORIENTED_EDGE('',*,*,#5669,.T.);
#6934 = ORIENTED_EDGE('',*,*,#6547,.F.);
#6935 = ORIENTED_EDGE('',*,*,#6936,.F.);
#6936 = EDGE_CURVE('',#6438,#6540,#6937,.T.);
#6937 = LINE('',#6938,#6939);
#6938 = CARTESIAN_POINT('',(1.096201938253,1.125,0.393412044417));
#6939 = VECTOR('',#6940,1.);
#6940 = DIRECTION('',(1.110223024625E-16,-1.,0.));
#6941 = CYLINDRICAL_SURFACE('',#6942,0.25);
#6942 = AXIS2_PLACEMENT_3D('',#6943,#6944,#6945);
#6943 = CARTESIAN_POINT('',(0.85,1.125,0.35));
#6944 = DIRECTION('',(-1.110223024625E-16,1.,0.));
#6945 = DIRECTION('',(0.984807753012,1.093356242223E-16,0.173648177667)
  );
#6946 = ADVANCED_FACE('',(#6947),#6953,.F.);
#6947 = FACE_BOUND('',#6948,.F.);
#6948 = EDGE_LOOP('',(#6949,#6950,#6951,#6952));
#6949 = ORIENTED_EDGE('',*,*,#5725,.T.);
#6950 = ORIENTED_EDGE('',*,*,#6885,.T.);
#6951 = ORIENTED_EDGE('',*,*,#6847,.F.);
#6952 = ORIENTED_EDGE('',*,*,#6918,.F.);
#6953 = B_SPLINE_SURFACE_WITH_KNOTS('',1,1,(
    (#6954,#6955)
    ,(#6956,#6957
    )),.UNSPECIFIED.,.F.,.F.,.F.,(2,2),(2,2),(0.,1.385),(0.,1.),
  .PIECEWISE_BEZIER_KNOTS.);
#6954 = CARTESIAN_POINT('',(0.6925,-1.425,0.6));
#6955 = CARTESIAN_POINT('',(0.667905353927,-1.375810707854,0.95));
#6956 = CARTESIAN_POINT('',(-0.6925,-1.425,0.6));
#6957 = CARTESIAN_POINT('',(-0.667905353927,-1.375810707854,0.95));
#6958 = ADVANCED_FACE('',(#6959),#6970,.T.);
#6959 = FACE_BOUND('',#6960,.T.);
#6960 = EDGE_LOOP('',(#6961,#6962,#6963,#6964));
#6961 = ORIENTED_EDGE('',*,*,#5817,.T.);
#6962 = ORIENTED_EDGE('',*,*,#6799,.T.);
#6963 = ORIENTED_EDGE('',*,*,#5926,.F.);
#6964 = ORIENTED_EDGE('',*,*,#6965,.F.);
#6965 = EDGE_CURVE('',#5810,#5919,#6966,.T.);
#6966 = LINE('',#6967,#6968);
#6967 = CARTESIAN_POINT('',(-1.096201938253,-1.125,0.393412044417));
#6968 = VECTOR('',#6969,1.);
#6969 = DIRECTION('',(1.144237745222E-17,1.,0.));
#6970 = CYLINDRICAL_SURFACE('',#6971,0.25);
#6971 = AXIS2_PLACEMENT_3D('',#6972,#6973,#6974);
#6972 = CARTESIAN_POINT('',(-0.85,-1.125,0.35));
#6973 = DIRECTION('',(-1.144237745222E-17,-1.,0.));
#6974 = DIRECTION('',(-0.984807753012,1.126854202784E-17,0.173648177667)
  );
#6975 = ADVANCED_FACE('',(#6976),#6987,.F.);
#6976 = FACE_BOUND('',#6977,.F.);
#6977 = EDGE_LOOP('',(#6978,#6984,#6985,#6986));
#6978 = ORIENTED_EDGE('',*,*,#6979,.T.);
#6979 = EDGE_CURVE('',#5801,#5910,#6980,.T.);
#6980 = LINE('',#6981,#6982);
#6981 = CARTESIAN_POINT('',(-1.11915192277,-1.125,0.232635182233));
#6982 = VECTOR('',#6983,1.);
#6983 = DIRECTION('',(1.144237745222E-17,1.,0.));
#6984 = ORIENTED_EDGE('',*,*,#5918,.T.);
#6985 = ORIENTED_EDGE('',*,*,#6965,.F.);
#6986 = ORIENTED_EDGE('',*,*,#5809,.F.);
#6987 = PLANE('',#6988);
#6988 = AXIS2_PLACEMENT_3D('',#6989,#6990,#6991);
#6989 = CARTESIAN_POINT('',(-1.11915192277,-1.125,0.232635182233));
#6990 = DIRECTION('',(0.989965123745,-1.132755461042E-17,-0.14131190243)
  );
#6991 = DIRECTION('',(0.14131190243,-1.616944126098E-18,0.989965123745)
  );
#6992 = ADVANCED_FACE('',(#6993),#7004,.F.);
#6993 = FACE_BOUND('',#6994,.F.);
#6994 = EDGE_LOOP('',(#6995,#7001,#7002,#7003));
#6995 = ORIENTED_EDGE('',*,*,#6996,.T.);
#6996 = EDGE_CURVE('',#5793,#5902,#6997,.T.);
#6997 = LINE('',#6998,#6999);
#6998 = CARTESIAN_POINT('',(-1.217632698071,-1.125,0.15));
#6999 = VECTOR('',#7000,1.);
#7000 = DIRECTION('',(1.144237745222E-17,1.,0.));
#7001 = ORIENTED_EDGE('',*,*,#5909,.T.);
#7002 = ORIENTED_EDGE('',*,*,#6979,.F.);
#7003 = ORIENTED_EDGE('',*,*,#5800,.F.);
#7004 = CYLINDRICAL_SURFACE('',#7005,0.1);
#7005 = AXIS2_PLACEMENT_3D('',#7006,#7007,#7008);
#7006 = CARTESIAN_POINT('',(-1.217632698071,-1.125,0.25));
#7007 = DIRECTION('',(-1.144237745222E-17,-1.,0.));
#7008 = DIRECTION('',(-2.22044604925E-15,2.540718180781E-32,-1.));
#7009 = ADVANCED_FACE('',(#7010),#7021,.F.);
#7010 = FACE_BOUND('',#7011,.F.);
#7011 = EDGE_LOOP('',(#7012,#7018,#7019,#7020));
#7012 = ORIENTED_EDGE('',*,*,#7013,.T.);
#7013 = EDGE_CURVE('',#5785,#5894,#7014,.T.);
#7014 = LINE('',#7015,#7016);
#7015 = CARTESIAN_POINT('',(-1.4,-1.125,0.15));
#7016 = VECTOR('',#7017,1.);
#7017 = DIRECTION('',(1.144237745222E-17,1.,0.));
#7018 = ORIENTED_EDGE('',*,*,#5901,.T.);
#7019 = ORIENTED_EDGE('',*,*,#6996,.F.);
#7020 = ORIENTED_EDGE('',*,*,#5792,.F.);
#7021 = PLANE('',#7022);
#7022 = AXIS2_PLACEMENT_3D('',#7023,#7024,#7025);
#7023 = CARTESIAN_POINT('',(-1.4,-1.125,0.15));
#7024 = DIRECTION('',(0.,0.,-1.));
#7025 = DIRECTION('',(1.,-1.144237745222E-17,0.));
#7026 = ADVANCED_FACE('',(#7027),#7038,.F.);
#7027 = FACE_BOUND('',#7028,.F.);
#7028 = EDGE_LOOP('',(#7029,#7035,#7036,#7037));
#7029 = ORIENTED_EDGE('',*,*,#7030,.T.);
#7030 = EDGE_CURVE('',#5777,#5886,#7031,.T.);
#7031 = LINE('',#7032,#7033);
#7032 = CARTESIAN_POINT('',(-1.4,-1.125,5.551115123126E-17));
#7033 = VECTOR('',#7034,1.);
#7034 = DIRECTION('',(1.144237745222E-17,1.,0.));
#7035 = ORIENTED_EDGE('',*,*,#5893,.T.);
#7036 = ORIENTED_EDGE('',*,*,#7013,.F.);
#7037 = ORIENTED_EDGE('',*,*,#5784,.F.);
#7038 = PLANE('',#7039);
#7039 = AXIS2_PLACEMENT_3D('',#7040,#7041,#7042);
#7040 = CARTESIAN_POINT('',(-1.4,-1.125,5.551115123126E-17));
#7041 = DIRECTION('',(1.,-1.144237745222E-17,0.));
#7042 = DIRECTION('',(0.,0.,1.));
#7043 = ADVANCED_FACE('',(#7044),#7055,.F.);
#7044 = FACE_BOUND('',#7045,.F.);
#7045 = EDGE_LOOP('',(#7046,#7052,#7053,#7054));
#7046 = ORIENTED_EDGE('',*,*,#7047,.T.);
#7047 = EDGE_CURVE('',#5768,#5877,#7048,.T.);
#7048 = LINE('',#7049,#7050);
#7049 = CARTESIAN_POINT('',(-1.217632698071,-1.125,5.551115123126E-17));
#7050 = VECTOR('',#7051,1.);
#7051 = DIRECTION('',(1.144237745222E-17,1.,0.));
#7052 = ORIENTED_EDGE('',*,*,#5885,.T.);
#7053 = ORIENTED_EDGE('',*,*,#7030,.F.);
#7054 = ORIENTED_EDGE('',*,*,#5776,.F.);
#7055 = PLANE('',#7056);
#7056 = AXIS2_PLACEMENT_3D('',#7057,#7058,#7059);
#7057 = CARTESIAN_POINT('',(-1.217632698071,-1.125,5.551115123126E-17));
#7058 = DIRECTION('',(0.,0.,1.));
#7059 = DIRECTION('',(-1.,1.144237745222E-17,0.));
#7060 = ADVANCED_FACE('',(#7061),#7072,.T.);
#7061 = FACE_BOUND('',#7062,.T.);
#7062 = EDGE_LOOP('',(#7063,#7064,#7065,#7066));
#7063 = ORIENTED_EDGE('',*,*,#5767,.T.);
#7064 = ORIENTED_EDGE('',*,*,#7047,.T.);
#7065 = ORIENTED_EDGE('',*,*,#5876,.F.);
#7066 = ORIENTED_EDGE('',*,*,#7067,.F.);
#7067 = EDGE_CURVE('',#5760,#5869,#7068,.T.);
#7068 = LINE('',#7069,#7070);
#7069 = CARTESIAN_POINT('',(-0.971430759818,-1.125,0.206587955583));
#7070 = VECTOR('',#7071,1.);
#7071 = DIRECTION('',(1.144237745222E-17,1.,0.));
#7072 = CYLINDRICAL_SURFACE('',#7073,0.25);
#7073 = AXIS2_PLACEMENT_3D('',#7074,#7075,#7076);
#7074 = CARTESIAN_POINT('',(-1.217632698071,-1.125,0.25));
#7075 = DIRECTION('',(-1.144237745222E-17,-1.,0.));
#7076 = DIRECTION('',(0.984807753012,-1.126854202784E-17,-0.173648177667
    ));
#7077 = ADVANCED_FACE('',(#7078),#7084,.F.);
#7078 = FACE_BOUND('',#7079,.F.);
#7079 = EDGE_LOOP('',(#7080,#7081,#7082,#7083));
#7080 = ORIENTED_EDGE('',*,*,#5850,.T.);
#7081 = ORIENTED_EDGE('',*,*,#5868,.T.);
#7082 = ORIENTED_EDGE('',*,*,#7067,.F.);
#7083 = ORIENTED_EDGE('',*,*,#5759,.F.);
#7084 = PLANE('',#7085);
#7085 = AXIS2_PLACEMENT_3D('',#7086,#7087,#7088);
#7086 = CARTESIAN_POINT('',(-0.948480775301,-1.125,0.367364817767));
#7087 = DIRECTION('',(-0.989965123745,1.132755461042E-17,0.14131190243)
  );
#7088 = DIRECTION('',(-0.14131190243,1.616944126098E-18,-0.989965123745)
  );
#7089 = ADVANCED_FACE('',(#7090),#7101,.T.);
#7090 = FACE_BOUND('',#7091,.T.);
#7091 = EDGE_LOOP('',(#7092,#7093,#7094,#7095));
#7092 = ORIENTED_EDGE('',*,*,#6040,.T.);
#7093 = ORIENTED_EDGE('',*,*,#6818,.T.);
#7094 = ORIENTED_EDGE('',*,*,#6149,.F.);
#7095 = ORIENTED_EDGE('',*,*,#7096,.F.);
#7096 = EDGE_CURVE('',#6033,#6142,#7097,.T.);
#7097 = LINE('',#7098,#7099);
#7098 = CARTESIAN_POINT('',(-1.096201938253,-0.175,0.393412044417));
#7099 = VECTOR('',#7100,1.);
#7100 = DIRECTION('',(1.144237745222E-17,1.,0.));
#7101 = CYLINDRICAL_SURFACE('',#7102,0.25);
#7102 = AXIS2_PLACEMENT_3D('',#7103,#7104,#7105);
#7103 = CARTESIAN_POINT('',(-0.85,-0.175,0.35));
#7104 = DIRECTION('',(-1.144237745222E-17,-1.,0.));
#7105 = DIRECTION('',(-0.984807753012,1.126854202784E-17,0.173648177667)
  );
#7106 = ADVANCED_FACE('',(#7107),#7118,.F.);
#7107 = FACE_BOUND('',#7108,.F.);
#7108 = EDGE_LOOP('',(#7109,#7115,#7116,#7117));
#7109 = ORIENTED_EDGE('',*,*,#7110,.T.);
#7110 = EDGE_CURVE('',#6024,#6133,#7111,.T.);
#7111 = LINE('',#7112,#7113);
#7112 = CARTESIAN_POINT('',(-1.11915192277,-0.175,0.232635182233));
#7113 = VECTOR('',#7114,1.);
#7114 = DIRECTION('',(1.144237745222E-17,1.,0.));
#7115 = ORIENTED_EDGE('',*,*,#6141,.T.);
#7116 = ORIENTED_EDGE('',*,*,#7096,.F.);
#7117 = ORIENTED_EDGE('',*,*,#6032,.F.);
#7118 = PLANE('',#7119);
#7119 = AXIS2_PLACEMENT_3D('',#7120,#7121,#7122);
#7120 = CARTESIAN_POINT('',(-1.11915192277,-0.175,0.232635182233));
#7121 = DIRECTION('',(0.989965123745,-1.132755461042E-17,-0.14131190243)
  );
#7122 = DIRECTION('',(0.14131190243,-1.616944126098E-18,0.989965123745)
  );
#7123 = ADVANCED_FACE('',(#7124),#7135,.F.);
#7124 = FACE_BOUND('',#7125,.F.);
#7125 = EDGE_LOOP('',(#7126,#7132,#7133,#7134));
#7126 = ORIENTED_EDGE('',*,*,#7127,.T.);
#7127 = EDGE_CURVE('',#6016,#6125,#7128,.T.);
#7128 = LINE('',#7129,#7130);
#7129 = CARTESIAN_POINT('',(-1.217632698071,-0.175,0.15));
#7130 = VECTOR('',#7131,1.);
#7131 = DIRECTION('',(1.144237745222E-17,1.,0.));
#7132 = ORIENTED_EDGE('',*,*,#6132,.T.);
#7133 = ORIENTED_EDGE('',*,*,#7110,.F.);
#7134 = ORIENTED_EDGE('',*,*,#6023,.F.);
#7135 = CYLINDRICAL_SURFACE('',#7136,0.1);
#7136 = AXIS2_PLACEMENT_3D('',#7137,#7138,#7139);
#7137 = CARTESIAN_POINT('',(-1.217632698071,-0.175,0.25));
#7138 = DIRECTION('',(-1.144237745222E-17,-1.,0.));
#7139 = DIRECTION('',(-2.22044604925E-15,2.540718180781E-32,-1.));
#7140 = ADVANCED_FACE('',(#7141),#7152,.F.);
#7141 = FACE_BOUND('',#7142,.F.);
#7142 = EDGE_LOOP('',(#7143,#7149,#7150,#7151));
#7143 = ORIENTED_EDGE('',*,*,#7144,.T.);
#7144 = EDGE_CURVE('',#6008,#6117,#7145,.T.);
#7145 = LINE('',#7146,#7147);
#7146 = CARTESIAN_POINT('',(-1.4,-0.175,0.15));
#7147 = VECTOR('',#7148,1.);
#7148 = DIRECTION('',(1.144237745222E-17,1.,0.));
#7149 = ORIENTED_EDGE('',*,*,#6124,.T.);
#7150 = ORIENTED_EDGE('',*,*,#7127,.F.);
#7151 = ORIENTED_EDGE('',*,*,#6015,.F.);
#7152 = PLANE('',#7153);
#7153 = AXIS2_PLACEMENT_3D('',#7154,#7155,#7156);
#7154 = CARTESIAN_POINT('',(-1.4,-0.175,0.15));
#7155 = DIRECTION('',(0.,0.,-1.));
#7156 = DIRECTION('',(1.,-1.144237745222E-17,0.));
#7157 = ADVANCED_FACE('',(#7158),#7169,.F.);
#7158 = FACE_BOUND('',#7159,.F.);
#7159 = EDGE_LOOP('',(#7160,#7166,#7167,#7168));
#7160 = ORIENTED_EDGE('',*,*,#7161,.T.);
#7161 = EDGE_CURVE('',#6000,#6109,#7162,.T.);
#7162 = LINE('',#7163,#7164);
#7163 = CARTESIAN_POINT('',(-1.4,-0.175,5.551115123126E-17));
#7164 = VECTOR('',#7165,1.);
#7165 = DIRECTION('',(1.144237745222E-17,1.,0.));
#7166 = ORIENTED_EDGE('',*,*,#6116,.T.);
#7167 = ORIENTED_EDGE('',*,*,#7144,.F.);
#7168 = ORIENTED_EDGE('',*,*,#6007,.F.);
#7169 = PLANE('',#7170);
#7170 = AXIS2_PLACEMENT_3D('',#7171,#7172,#7173);
#7171 = CARTESIAN_POINT('',(-1.4,-0.175,5.551115123126E-17));
#7172 = DIRECTION('',(1.,-1.144237745222E-17,0.));
#7173 = DIRECTION('',(0.,0.,1.));
#7174 = ADVANCED_FACE('',(#7175),#7186,.F.);
#7175 = FACE_BOUND('',#7176,.F.);
#7176 = EDGE_LOOP('',(#7177,#7183,#7184,#7185));
#7177 = ORIENTED_EDGE('',*,*,#7178,.T.);
#7178 = EDGE_CURVE('',#5991,#6100,#7179,.T.);
#7179 = LINE('',#7180,#7181);
#7180 = CARTESIAN_POINT('',(-1.217632698071,-0.175,5.551115123126E-17));
#7181 = VECTOR('',#7182,1.);
#7182 = DIRECTION('',(1.144237745222E-17,1.,0.));
#7183 = ORIENTED_EDGE('',*,*,#6108,.T.);
#7184 = ORIENTED_EDGE('',*,*,#7161,.F.);
#7185 = ORIENTED_EDGE('',*,*,#5999,.F.);
#7186 = PLANE('',#7187);
#7187 = AXIS2_PLACEMENT_3D('',#7188,#7189,#7190);
#7188 = CARTESIAN_POINT('',(-1.217632698071,-0.175,5.551115123126E-17));
#7189 = DIRECTION('',(0.,0.,1.));
#7190 = DIRECTION('',(-1.,1.144237745222E-17,0.));
#7191 = ADVANCED_FACE('',(#7192),#7203,.T.);
#7192 = FACE_BOUND('',#7193,.T.);
#7193 = EDGE_LOOP('',(#7194,#7195,#7196,#7197));
#7194 = ORIENTED_EDGE('',*,*,#5990,.T.);
#7195 = ORIENTED_EDGE('',*,*,#7178,.T.);
#7196 = ORIENTED_EDGE('',*,*,#6099,.F.);
#7197 = ORIENTED_EDGE('',*,*,#7198,.F.);
#7198 = EDGE_CURVE('',#5983,#6092,#7199,.T.);
#7199 = LINE('',#7200,#7201);
#7200 = CARTESIAN_POINT('',(-0.971430759818,-0.175,0.206587955583));
#7201 = VECTOR('',#7202,1.);
#7202 = DIRECTION('',(1.144237745222E-17,1.,0.));
#7203 = CYLINDRICAL_SURFACE('',#7204,0.25);
#7204 = AXIS2_PLACEMENT_3D('',#7205,#7206,#7207);
#7205 = CARTESIAN_POINT('',(-1.217632698071,-0.175,0.25));
#7206 = DIRECTION('',(-1.144237745222E-17,-1.,0.));
#7207 = DIRECTION('',(0.984807753012,-1.126854202784E-17,-0.173648177667
    ));
#7208 = ADVANCED_FACE('',(#7209),#7215,.F.);
#7209 = FACE_BOUND('',#7210,.F.);
#7210 = EDGE_LOOP('',(#7211,#7212,#7213,#7214));
#7211 = ORIENTED_EDGE('',*,*,#6073,.T.);
#7212 = ORIENTED_EDGE('',*,*,#6091,.T.);
#7213 = ORIENTED_EDGE('',*,*,#7198,.F.);
#7214 = ORIENTED_EDGE('',*,*,#5982,.F.);
#7215 = PLANE('',#7216);
#7216 = AXIS2_PLACEMENT_3D('',#7217,#7218,#7219);
#7217 = CARTESIAN_POINT('',(-0.948480775301,-0.175,0.367364817767));
#7218 = DIRECTION('',(-0.989965123745,1.132755461042E-17,0.14131190243)
  );
#7219 = DIRECTION('',(-0.14131190243,1.616944126098E-18,-0.989965123745)
  );
#7220 = ADVANCED_FACE('',(#7221),#7232,.F.);
#7221 = FACE_BOUND('',#7222,.F.);
#7222 = EDGE_LOOP('',(#7223,#7229,#7230,#7231));
#7223 = ORIENTED_EDGE('',*,*,#7224,.T.);
#7224 = EDGE_CURVE('',#6242,#6344,#7225,.T.);
#7225 = LINE('',#7226,#7227);
#7226 = CARTESIAN_POINT('',(-1.11915192277,0.775,0.232635182233));
#7227 = VECTOR('',#7228,1.);
#7228 = DIRECTION('',(1.144237745222E-17,1.,0.));
#7229 = ORIENTED_EDGE('',*,*,#6352,.T.);
#7230 = ORIENTED_EDGE('',*,*,#6784,.F.);
#7231 = ORIENTED_EDGE('',*,*,#6250,.F.);
#7232 = PLANE('',#7233);
#7233 = AXIS2_PLACEMENT_3D('',#7234,#7235,#7236);
#7234 = CARTESIAN_POINT('',(-1.11915192277,0.775,0.232635182233));
#7235 = DIRECTION('',(0.989965123745,-1.132755461042E-17,-0.14131190243)
  );
#7236 = DIRECTION('',(0.14131190243,-1.616944126098E-18,0.989965123745)
  );
#7237 = ADVANCED_FACE('',(#7238),#7249,.F.);
#7238 = FACE_BOUND('',#7239,.F.);
#7239 = EDGE_LOOP('',(#7240,#7246,#7247,#7248));
#7240 = ORIENTED_EDGE('',*,*,#7241,.T.);
#7241 = EDGE_CURVE('',#6234,#6336,#7242,.T.);
#7242 = LINE('',#7243,#7244);
#7243 = CARTESIAN_POINT('',(-1.217632698071,0.775,0.15));
#7244 = VECTOR('',#7245,1.);
#7245 = DIRECTION('',(1.144237745222E-17,1.,0.));
#7246 = ORIENTED_EDGE('',*,*,#6343,.T.);
#7247 = ORIENTED_EDGE('',*,*,#7224,.F.);
#7248 = ORIENTED_EDGE('',*,*,#6241,.F.);
#7249 = CYLINDRICAL_SURFACE('',#7250,0.1);
#7250 = AXIS2_PLACEMENT_3D('',#7251,#7252,#7253);
#7251 = CARTESIAN_POINT('',(-1.217632698071,0.775,0.25));
#7252 = DIRECTION('',(-1.144237745222E-17,-1.,0.));
#7253 = DIRECTION('',(-2.22044604925E-15,2.540718180781E-32,-1.));
#7254 = ADVANCED_FACE('',(#7255),#7266,.F.);
#7255 = FACE_BOUND('',#7256,.F.);
#7256 = EDGE_LOOP('',(#7257,#7263,#7264,#7265));
#7257 = ORIENTED_EDGE('',*,*,#7258,.T.);
#7258 = EDGE_CURVE('',#6226,#6328,#7259,.T.);
#7259 = LINE('',#7260,#7261);
#7260 = CARTESIAN_POINT('',(-1.4,0.775,0.15));
#7261 = VECTOR('',#7262,1.);
#7262 = DIRECTION('',(1.144237745222E-17,1.,0.));
#7263 = ORIENTED_EDGE('',*,*,#6335,.T.);
#7264 = ORIENTED_EDGE('',*,*,#7241,.F.);
#7265 = ORIENTED_EDGE('',*,*,#6233,.F.);
#7266 = PLANE('',#7267);
#7267 = AXIS2_PLACEMENT_3D('',#7268,#7269,#7270);
#7268 = CARTESIAN_POINT('',(-1.4,0.775,0.15));
#7269 = DIRECTION('',(0.,0.,-1.));
#7270 = DIRECTION('',(1.,-1.144237745222E-17,0.));
#7271 = ADVANCED_FACE('',(#7272),#7283,.F.);
#7272 = FACE_BOUND('',#7273,.F.);
#7273 = EDGE_LOOP('',(#7274,#7280,#7281,#7282));
#7274 = ORIENTED_EDGE('',*,*,#7275,.T.);
#7275 = EDGE_CURVE('',#6218,#6320,#7276,.T.);
#7276 = LINE('',#7277,#7278);
#7277 = CARTESIAN_POINT('',(-1.4,0.775,5.551115123126E-17));
#7278 = VECTOR('',#7279,1.);
#7279 = DIRECTION('',(1.144237745222E-17,1.,0.));
#7280 = ORIENTED_EDGE('',*,*,#6327,.T.);
#7281 = ORIENTED_EDGE('',*,*,#7258,.F.);
#7282 = ORIENTED_EDGE('',*,*,#6225,.F.);
#7283 = PLANE('',#7284);
#7284 = AXIS2_PLACEMENT_3D('',#7285,#7286,#7287);
#7285 = CARTESIAN_POINT('',(-1.4,0.775,5.551115123126E-17));
#7286 = DIRECTION('',(1.,-1.144237745222E-17,0.));
#7287 = DIRECTION('',(0.,0.,1.));
#7288 = ADVANCED_FACE('',(#7289),#7300,.F.);
#7289 = FACE_BOUND('',#7290,.F.);
#7290 = EDGE_LOOP('',(#7291,#7297,#7298,#7299));
#7291 = ORIENTED_EDGE('',*,*,#7292,.T.);
#7292 = EDGE_CURVE('',#6209,#6311,#7293,.T.);
#7293 = LINE('',#7294,#7295);
#7294 = CARTESIAN_POINT('',(-1.217632698071,0.775,5.551115123126E-17));
#7295 = VECTOR('',#7296,1.);
#7296 = DIRECTION('',(1.144237745222E-17,1.,0.));
#7297 = ORIENTED_EDGE('',*,*,#6319,.T.);
#7298 = ORIENTED_EDGE('',*,*,#7275,.F.);
#7299 = ORIENTED_EDGE('',*,*,#6217,.F.);
#7300 = PLANE('',#7301);
#7301 = AXIS2_PLACEMENT_3D('',#7302,#7303,#7304);
#7302 = CARTESIAN_POINT('',(-1.217632698071,0.775,5.551115123126E-17));
#7303 = DIRECTION('',(0.,0.,1.));
#7304 = DIRECTION('',(-1.,1.144237745222E-17,0.));
#7305 = ADVANCED_FACE('',(#7306),#7317,.T.);
#7306 = FACE_BOUND('',#7307,.T.);
#7307 = EDGE_LOOP('',(#7308,#7309,#7310,#7311));
#7308 = ORIENTED_EDGE('',*,*,#6208,.T.);
#7309 = ORIENTED_EDGE('',*,*,#7292,.T.);
#7310 = ORIENTED_EDGE('',*,*,#6310,.F.);
#7311 = ORIENTED_EDGE('',*,*,#7312,.F.);
#7312 = EDGE_CURVE('',#6201,#6303,#7313,.T.);
#7313 = LINE('',#7314,#7315);
#7314 = CARTESIAN_POINT('',(-0.971430759818,0.775,0.206587955583));
#7315 = VECTOR('',#7316,1.);
#7316 = DIRECTION('',(1.144237745222E-17,1.,0.));
#7317 = CYLINDRICAL_SURFACE('',#7318,0.25);
#7318 = AXIS2_PLACEMENT_3D('',#7319,#7320,#7321);
#7319 = CARTESIAN_POINT('',(-1.217632698071,0.775,0.25));
#7320 = DIRECTION('',(-1.144237745222E-17,-1.,0.));
#7321 = DIRECTION('',(0.984807753012,-1.126854202784E-17,-0.173648177667
    ));
#7322 = ADVANCED_FACE('',(#7323),#7329,.F.);
#7323 = FACE_BOUND('',#7324,.F.);
#7324 = EDGE_LOOP('',(#7325,#7326,#7327,#7328));
#7325 = ORIENTED_EDGE('',*,*,#6284,.T.);
#7326 = ORIENTED_EDGE('',*,*,#6302,.T.);
#7327 = ORIENTED_EDGE('',*,*,#7312,.F.);
#7328 = ORIENTED_EDGE('',*,*,#6200,.F.);
#7329 = PLANE('',#7330);
#7330 = AXIS2_PLACEMENT_3D('',#7331,#7332,#7333);
#7331 = CARTESIAN_POINT('',(-0.948480775301,0.775,0.367364817767));
#7332 = DIRECTION('',(-0.989965123745,1.132755461042E-17,0.14131190243)
  );
#7333 = DIRECTION('',(-0.14131190243,1.616944126098E-18,-0.989965123745)
  );
#7334 = ADVANCED_FACE('',(#7335),#7346,.F.);
#7335 = FACE_BOUND('',#7336,.F.);
#7336 = EDGE_LOOP('',(#7337,#7343,#7344,#7345));
#7337 = ORIENTED_EDGE('',*,*,#7338,.T.);
#7338 = EDGE_CURVE('',#6429,#6531,#7339,.T.);
#7339 = LINE('',#7340,#7341);
#7340 = CARTESIAN_POINT('',(1.11915192277,1.125,0.232635182233));
#7341 = VECTOR('',#7342,1.);
#7342 = DIRECTION('',(1.110223024625E-16,-1.,0.));
#7343 = ORIENTED_EDGE('',*,*,#6539,.T.);
#7344 = ORIENTED_EDGE('',*,*,#6936,.F.);
#7345 = ORIENTED_EDGE('',*,*,#6437,.F.);
#7346 = PLANE('',#7347);
#7347 = AXIS2_PLACEMENT_3D('',#7348,#7349,#7350);
#7348 = CARTESIAN_POINT('',(1.11915192277,1.125,0.232635182233));
#7349 = DIRECTION('',(-0.989965123745,-1.099082073958E-16,-0.14131190243
    ));
#7350 = DIRECTION('',(-0.14131190243,-1.568877277316E-17,0.989965123745)
  );
#7351 = ADVANCED_FACE('',(#7352),#7363,.F.);
#7352 = FACE_BOUND('',#7353,.F.);
#7353 = EDGE_LOOP('',(#7354,#7360,#7361,#7362));
#7354 = ORIENTED_EDGE('',*,*,#7355,.T.);
#7355 = EDGE_CURVE('',#6421,#6523,#7356,.T.);
#7356 = LINE('',#7357,#7358);
#7357 = CARTESIAN_POINT('',(1.217632698071,1.125,0.15));
#7358 = VECTOR('',#7359,1.);
#7359 = DIRECTION('',(1.110223024625E-16,-1.,0.));
#7360 = ORIENTED_EDGE('',*,*,#6530,.T.);
#7361 = ORIENTED_EDGE('',*,*,#7338,.F.);
#7362 = ORIENTED_EDGE('',*,*,#6428,.F.);
#7363 = CYLINDRICAL_SURFACE('',#7364,0.1);
#7364 = AXIS2_PLACEMENT_3D('',#7365,#7366,#7367);
#7365 = CARTESIAN_POINT('',(1.217632698071,1.125,0.25));
#7366 = DIRECTION('',(-1.110223024625E-16,1.,0.));
#7367 = DIRECTION('',(2.22044604925E-15,2.465190328815E-31,-1.));
#7368 = ADVANCED_FACE('',(#7369),#7380,.F.);
#7369 = FACE_BOUND('',#7370,.F.);
#7370 = EDGE_LOOP('',(#7371,#7377,#7378,#7379));
#7371 = ORIENTED_EDGE('',*,*,#7372,.T.);
#7372 = EDGE_CURVE('',#6413,#6515,#7373,.T.);
#7373 = LINE('',#7374,#7375);
#7374 = CARTESIAN_POINT('',(1.4,1.125,0.15));
#7375 = VECTOR('',#7376,1.);
#7376 = DIRECTION('',(1.110223024625E-16,-1.,0.));
#7377 = ORIENTED_EDGE('',*,*,#6522,.T.);
#7378 = ORIENTED_EDGE('',*,*,#7355,.F.);
#7379 = ORIENTED_EDGE('',*,*,#6420,.F.);
#7380 = PLANE('',#7381);
#7381 = AXIS2_PLACEMENT_3D('',#7382,#7383,#7384);
#7382 = CARTESIAN_POINT('',(1.4,1.125,0.15));
#7383 = DIRECTION('',(0.,0.,-1.));
#7384 = DIRECTION('',(-1.,-1.110223024625E-16,-0.));
#7385 = ADVANCED_FACE('',(#7386),#7397,.F.);
#7386 = FACE_BOUND('',#7387,.F.);
#7387 = EDGE_LOOP('',(#7388,#7394,#7395,#7396));
#7388 = ORIENTED_EDGE('',*,*,#7389,.T.);
#7389 = EDGE_CURVE('',#6405,#6507,#7390,.T.);
#7390 = LINE('',#7391,#7392);
#7391 = CARTESIAN_POINT('',(1.4,1.125,5.551115123126E-17));
#7392 = VECTOR('',#7393,1.);
#7393 = DIRECTION('',(1.110223024625E-16,-1.,0.));
#7394 = ORIENTED_EDGE('',*,*,#6514,.T.);
#7395 = ORIENTED_EDGE('',*,*,#7372,.F.);
#7396 = ORIENTED_EDGE('',*,*,#6412,.F.);
#7397 = PLANE('',#7398);
#7398 = AXIS2_PLACEMENT_3D('',#7399,#7400,#7401);
#7399 = CARTESIAN_POINT('',(1.4,1.125,5.551115123126E-17));
#7400 = DIRECTION('',(-1.,-1.110223024625E-16,0.));
#7401 = DIRECTION('',(0.,0.,1.));
#7402 = ADVANCED_FACE('',(#7403),#7414,.F.);
#7403 = FACE_BOUND('',#7404,.F.);
#7404 = EDGE_LOOP('',(#7405,#7411,#7412,#7413));
#7405 = ORIENTED_EDGE('',*,*,#7406,.T.);
#7406 = EDGE_CURVE('',#6396,#6498,#7407,.T.);
#7407 = LINE('',#7408,#7409);
#7408 = CARTESIAN_POINT('',(1.217632698071,1.125,5.551115123126E-17));
#7409 = VECTOR('',#7410,1.);
#7410 = DIRECTION('',(1.110223024625E-16,-1.,0.));
#7411 = ORIENTED_EDGE('',*,*,#6506,.T.);
#7412 = ORIENTED_EDGE('',*,*,#7389,.F.);
#7413 = ORIENTED_EDGE('',*,*,#6404,.F.);
#7414 = PLANE('',#7415);
#7415 = AXIS2_PLACEMENT_3D('',#7416,#7417,#7418);
#7416 = CARTESIAN_POINT('',(1.217632698071,1.125,5.551115123126E-17));
#7417 = DIRECTION('',(0.,0.,1.));
#7418 = DIRECTION('',(1.,1.110223024625E-16,-0.));
#7419 = ADVANCED_FACE('',(#7420),#7431,.T.);
#7420 = FACE_BOUND('',#7421,.T.);
#7421 = EDGE_LOOP('',(#7422,#7423,#7424,#7425));
#7422 = ORIENTED_EDGE('',*,*,#6395,.T.);
#7423 = ORIENTED_EDGE('',*,*,#7406,.T.);
#7424 = ORIENTED_EDGE('',*,*,#6497,.F.);
#7425 = ORIENTED_EDGE('',*,*,#7426,.F.);
#7426 = EDGE_CURVE('',#6388,#6490,#7427,.T.);
#7427 = LINE('',#7428,#7429);
#7428 = CARTESIAN_POINT('',(0.971430759818,1.125,0.206587955583));
#7429 = VECTOR('',#7430,1.);
#7430 = DIRECTION('',(1.110223024625E-16,-1.,0.));
#7431 = CYLINDRICAL_SURFACE('',#7432,0.25);
#7432 = AXIS2_PLACEMENT_3D('',#7433,#7434,#7435);
#7433 = CARTESIAN_POINT('',(1.217632698071,1.125,0.25));
#7434 = DIRECTION('',(-1.110223024625E-16,1.,0.));
#7435 = DIRECTION('',(-0.984807753012,-1.093356242223E-16,
    -0.173648177667));
#7436 = ADVANCED_FACE('',(#7437),#7443,.F.);
#7437 = FACE_BOUND('',#7438,.F.);
#7438 = EDGE_LOOP('',(#7439,#7440,#7441,#7442));
#7439 = ORIENTED_EDGE('',*,*,#6471,.T.);
#7440 = ORIENTED_EDGE('',*,*,#6489,.T.);
#7441 = ORIENTED_EDGE('',*,*,#7426,.F.);
#7442 = ORIENTED_EDGE('',*,*,#6387,.F.);
#7443 = PLANE('',#7444);
#7444 = AXIS2_PLACEMENT_3D('',#7445,#7446,#7447);
#7445 = CARTESIAN_POINT('',(0.948480775301,1.125,0.367364817767));
#7446 = DIRECTION('',(0.989965123745,1.099082073958E-16,0.14131190243));
#7447 = DIRECTION('',(0.14131190243,1.568877277316E-17,-0.989965123745)
  );
#7448 = ADVANCED_FACE('',(#7449),#7460,.T.);
#7449 = FACE_BOUND('',#7450,.T.);
#7450 = EDGE_LOOP('',(#7451,#7452,#7453,#7454));
#7451 = ORIENTED_EDGE('',*,*,#6649,.T.);
#7452 = ORIENTED_EDGE('',*,*,#6899,.T.);
#7453 = ORIENTED_EDGE('',*,*,#6758,.F.);
#7454 = ORIENTED_EDGE('',*,*,#7455,.F.);
#7455 = EDGE_CURVE('',#6642,#6751,#7456,.T.);
#7456 = LINE('',#7457,#7458);
#7457 = CARTESIAN_POINT('',(1.096201938253,-0.775,0.393412044417));
#7458 = VECTOR('',#7459,1.);
#7459 = DIRECTION('',(1.110223024625E-16,-1.,0.));
#7460 = CYLINDRICAL_SURFACE('',#7461,0.25);
#7461 = AXIS2_PLACEMENT_3D('',#7462,#7463,#7464);
#7462 = CARTESIAN_POINT('',(0.85,-0.775,0.35));
#7463 = DIRECTION('',(-1.110223024625E-16,1.,0.));
#7464 = DIRECTION('',(0.984807753012,1.093356242223E-16,0.173648177667)
  );
#7465 = ADVANCED_FACE('',(#7466),#7477,.F.);
#7466 = FACE_BOUND('',#7467,.F.);
#7467 = EDGE_LOOP('',(#7468,#7474,#7475,#7476));
#7468 = ORIENTED_EDGE('',*,*,#7469,.T.);
#7469 = EDGE_CURVE('',#6633,#6742,#7470,.T.);
#7470 = LINE('',#7471,#7472);
#7471 = CARTESIAN_POINT('',(1.11915192277,-0.775,0.232635182233));
#7472 = VECTOR('',#7473,1.);
#7473 = DIRECTION('',(1.110223024625E-16,-1.,0.));
#7474 = ORIENTED_EDGE('',*,*,#6750,.T.);
#7475 = ORIENTED_EDGE('',*,*,#7455,.F.);
#7476 = ORIENTED_EDGE('',*,*,#6641,.F.);
#7477 = PLANE('',#7478);
#7478 = AXIS2_PLACEMENT_3D('',#7479,#7480,#7481);
#7479 = CARTESIAN_POINT('',(1.11915192277,-0.775,0.232635182233));
#7480 = DIRECTION('',(-0.989965123745,-1.099082073958E-16,-0.14131190243
    ));
#7481 = DIRECTION('',(-0.14131190243,-1.568877277316E-17,0.989965123745)
  );
#7482 = ADVANCED_FACE('',(#7483),#7494,.F.);
#7483 = FACE_BOUND('',#7484,.F.);
#7484 = EDGE_LOOP('',(#7485,#7491,#7492,#7493));
#7485 = ORIENTED_EDGE('',*,*,#7486,.T.);
#7486 = EDGE_CURVE('',#6625,#6734,#7487,.T.);
#7487 = LINE('',#7488,#7489);
#7488 = CARTESIAN_POINT('',(1.217632698071,-0.775,0.15));
#7489 = VECTOR('',#7490,1.);
#7490 = DIRECTION('',(1.110223024625E-16,-1.,0.));
#7491 = ORIENTED_EDGE('',*,*,#6741,.T.);
#7492 = ORIENTED_EDGE('',*,*,#7469,.F.);
#7493 = ORIENTED_EDGE('',*,*,#6632,.F.);
#7494 = CYLINDRICAL_SURFACE('',#7495,0.1);
#7495 = AXIS2_PLACEMENT_3D('',#7496,#7497,#7498);
#7496 = CARTESIAN_POINT('',(1.217632698071,-0.775,0.25));
#7497 = DIRECTION('',(-1.110223024625E-16,1.,0.));
#7498 = DIRECTION('',(2.22044604925E-15,2.465190328815E-31,-1.));
#7499 = ADVANCED_FACE('',(#7500),#7511,.F.);
#7500 = FACE_BOUND('',#7501,.F.);
#7501 = EDGE_LOOP('',(#7502,#7508,#7509,#7510));
#7502 = ORIENTED_EDGE('',*,*,#7503,.T.);
#7503 = EDGE_CURVE('',#6617,#6726,#7504,.T.);
#7504 = LINE('',#7505,#7506);
#7505 = CARTESIAN_POINT('',(1.4,-0.775,0.15));
#7506 = VECTOR('',#7507,1.);
#7507 = DIRECTION('',(1.110223024625E-16,-1.,0.));
#7508 = ORIENTED_EDGE('',*,*,#6733,.T.);
#7509 = ORIENTED_EDGE('',*,*,#7486,.F.);
#7510 = ORIENTED_EDGE('',*,*,#6624,.F.);
#7511 = PLANE('',#7512);
#7512 = AXIS2_PLACEMENT_3D('',#7513,#7514,#7515);
#7513 = CARTESIAN_POINT('',(1.4,-0.775,0.15));
#7514 = DIRECTION('',(0.,0.,-1.));
#7515 = DIRECTION('',(-1.,-1.110223024625E-16,-0.));
#7516 = ADVANCED_FACE('',(#7517),#7528,.F.);
#7517 = FACE_BOUND('',#7518,.F.);
#7518 = EDGE_LOOP('',(#7519,#7525,#7526,#7527));
#7519 = ORIENTED_EDGE('',*,*,#7520,.T.);
#7520 = EDGE_CURVE('',#6609,#6718,#7521,.T.);
#7521 = LINE('',#7522,#7523);
#7522 = CARTESIAN_POINT('',(1.4,-0.775,5.551115123126E-17));
#7523 = VECTOR('',#7524,1.);
#7524 = DIRECTION('',(1.110223024625E-16,-1.,0.));
#7525 = ORIENTED_EDGE('',*,*,#6725,.T.);
#7526 = ORIENTED_EDGE('',*,*,#7503,.F.);
#7527 = ORIENTED_EDGE('',*,*,#6616,.F.);
#7528 = PLANE('',#7529);
#7529 = AXIS2_PLACEMENT_3D('',#7530,#7531,#7532);
#7530 = CARTESIAN_POINT('',(1.4,-0.775,5.551115123126E-17));
#7531 = DIRECTION('',(-1.,-1.110223024625E-16,0.));
#7532 = DIRECTION('',(0.,0.,1.));
#7533 = ADVANCED_FACE('',(#7534),#7545,.F.);
#7534 = FACE_BOUND('',#7535,.F.);
#7535 = EDGE_LOOP('',(#7536,#7542,#7543,#7544));
#7536 = ORIENTED_EDGE('',*,*,#7537,.T.);
#7537 = EDGE_CURVE('',#6600,#6709,#7538,.T.);
#7538 = LINE('',#7539,#7540);
#7539 = CARTESIAN_POINT('',(1.217632698071,-0.775,5.551115123126E-17));
#7540 = VECTOR('',#7541,1.);
#7541 = DIRECTION('',(1.110223024625E-16,-1.,0.));
#7542 = ORIENTED_EDGE('',*,*,#6717,.T.);
#7543 = ORIENTED_EDGE('',*,*,#7520,.F.);
#7544 = ORIENTED_EDGE('',*,*,#6608,.F.);
#7545 = PLANE('',#7546);
#7546 = AXIS2_PLACEMENT_3D('',#7547,#7548,#7549);
#7547 = CARTESIAN_POINT('',(1.217632698071,-0.775,5.551115123126E-17));
#7548 = DIRECTION('',(0.,0.,1.));
#7549 = DIRECTION('',(1.,1.110223024625E-16,-0.));
#7550 = ADVANCED_FACE('',(#7551),#7562,.T.);
#7551 = FACE_BOUND('',#7552,.T.);
#7552 = EDGE_LOOP('',(#7553,#7554,#7555,#7556));
#7553 = ORIENTED_EDGE('',*,*,#6599,.T.);
#7554 = ORIENTED_EDGE('',*,*,#7537,.T.);
#7555 = ORIENTED_EDGE('',*,*,#6708,.F.);
#7556 = ORIENTED_EDGE('',*,*,#7557,.F.);
#7557 = EDGE_CURVE('',#6592,#6701,#7558,.T.);
#7558 = LINE('',#7559,#7560);
#7559 = CARTESIAN_POINT('',(0.971430759818,-0.775,0.206587955583));
#7560 = VECTOR('',#7561,1.);
#7561 = DIRECTION('',(1.110223024625E-16,-1.,0.));
#7562 = CYLINDRICAL_SURFACE('',#7563,0.25);
#7563 = AXIS2_PLACEMENT_3D('',#7564,#7565,#7566);
#7564 = CARTESIAN_POINT('',(1.217632698071,-0.775,0.25));
#7565 = DIRECTION('',(-1.110223024625E-16,1.,0.));
#7566 = DIRECTION('',(-0.984807753012,-1.093356242223E-16,
    -0.173648177667));
#7567 = ADVANCED_FACE('',(#7568),#7574,.F.);
#7568 = FACE_BOUND('',#7569,.F.);
#7569 = EDGE_LOOP('',(#7570,#7571,#7572,#7573));
#7570 = ORIENTED_EDGE('',*,*,#6682,.T.);
#7571 = ORIENTED_EDGE('',*,*,#6700,.T.);
#7572 = ORIENTED_EDGE('',*,*,#7557,.F.);
#7573 = ORIENTED_EDGE('',*,*,#6591,.F.);
#7574 = PLANE('',#7575);
#7575 = AXIS2_PLACEMENT_3D('',#7576,#7577,#7578);
#7576 = CARTESIAN_POINT('',(0.948480775301,-0.775,0.367364817767));
#7577 = DIRECTION('',(0.989965123745,1.099082073958E-16,0.14131190243));
#7578 = DIRECTION('',(0.14131190243,1.568877277316E-17,-0.989965123745)
  );
#7579 = ADVANCED_FACE('',(#7580),#7583,.F.);
#7580 = FACE_BOUND('',#7581,.T.);
#7581 = EDGE_LOOP('',(#7582));
#7582 = ORIENTED_EDGE('',*,*,#6865,.F.);
#7583 = PLANE('',#7584);
#7584 = AXIS2_PLACEMENT_3D('',#7585,#7586,#7587);
#7585 = CARTESIAN_POINT('',(-0.525810707854,1.175810707854,0.95));
#7586 = DIRECTION('',(0.,0.,-1.));
#7587 = DIRECTION('',(1.110223024625E-16,-1.,0.));
#7588 = ( GEOMETRIC_REPRESENTATION_CONTEXT(3) 
GLOBAL_UNCERTAINTY_ASSIGNED_CONTEXT((#7592)) 
GLOBAL_UNIT_ASSIGNED_CONTEXT((#7589,#7590,#7591)) REPRESENTATION_CONTEXT
('Context #1','3D Context with UNIT and UNCERTAINTY') );
#7589 = ( LENGTH_UNIT() NAMED_UNIT(*) SI_UNIT(.MILLI.,.METRE.) );
#7590 = ( NAMED_UNIT(*) PLANE_ANGLE_UNIT() SI_UNIT($,.RADIAN.) );
#7591 = ( NAMED_UNIT(*) SI_UNIT($,.STERADIAN.) SOLID_ANGLE_UNIT() );
#7592 = UNCERTAINTY_MEASURE_WITH_UNIT(LENGTH_MEASURE(1.E-07),#7589,
  'distance_accuracy_value','confusion accuracy');
#7593 = CONTEXT_DEPENDENT_SHAPE_REPRESENTATION(#7594,#7596);
#7594 = ( REPRESENTATION_RELATIONSHIP('','',#4518,#10) 
REPRESENTATION_RELATIONSHIP_WITH_TRANSFORMATION(#7595) 
SHAPE_REPRESENTATION_RELATIONSHIP() );
#7595 = ITEM_DEFINED_TRANSFORMATION('','',#11,#23);
#7596 = PRODUCT_DEFINITION_SHAPE('Placement','Placement of an item',
  #7597);
#7597 = NEXT_ASSEMBLY_USAGE_OCCURRENCE('3','U2','',#5,#4513,$);
#7598 = PRODUCT_RELATED_PRODUCT_CATEGORY('part',$,(#4515));
#7599 = SHAPE_DEFINITION_REPRESENTATION(#7600,#7606);
#7600 = PRODUCT_DEFINITION_SHAPE('','',#7601);
#7601 = PRODUCT_DEFINITION('design','',#7602,#7605);
#7602 = PRODUCT_DEFINITION_FORMATION('','',#7603);
#7603 = PRODUCT('TSOT-23','TSOT-23','',(#7604));
#7604 = PRODUCT_CONTEXT('',#2,'mechanical');
#7605 = PRODUCT_DEFINITION_CONTEXT('part definition',#2,'design');
#7606 = ADVANCED_BREP_SHAPE_REPRESENTATION('',(#11,#7607),#9742);
#7607 = MANIFOLD_SOLID_BREP('',#7608);
#7608 = CLOSED_SHELL('',(#7609,#7647,#7710,#7733,#7762,#7785,#7840,#7879
    ,#7902,#7925,#7942,#7965,#8053,#8069,#8099,#8130,#8161,#8192,#8209,
    #8226,#8257,#8287,#8310,#8333,#8350,#8395,#8449,#8472,#8495,#8518,
    #8557,#8595,#8639,#8731,#8756,#8840,#8857,#8942,#8967,#9044,#9129,
    #9154,#9231,#9248,#9267,#9313,#9329,#9345,#9362,#9374,#9391,#9408,
    #9425,#9442,#9459,#9476,#9493,#9505,#9522,#9539,#9556,#9573,#9590,
    #9607,#9619,#9636,#9653,#9670,#9687,#9704,#9721,#9733));
#7609 = ADVANCED_FACE('',(#7610),#7642,.F.);
#7610 = FACE_BOUND('',#7611,.F.);
#7611 = EDGE_LOOP('',(#7612,#7622,#7629,#7637));
#7612 = ORIENTED_EDGE('',*,*,#7613,.T.);
#7613 = EDGE_CURVE('',#7614,#7616,#7618,.T.);
#7614 = VERTEX_POINT('',#7615);
#7615 = CARTESIAN_POINT('',(-0.680405353927,1.400810707854,0.1));
#7616 = VERTEX_POINT('',#7617);
#7617 = CARTESIAN_POINT('',(0.680405353927,1.400810707854,0.1));
#7618 = LINE('',#7619,#7620);
#7619 = CARTESIAN_POINT('',(-0.680405353927,1.400810707854,0.1));
#7620 = VECTOR('',#7621,1.);
#7621 = DIRECTION('',(1.,1.110223024625E-16,0.));
#7622 = ORIENTED_EDGE('',*,*,#7623,.T.);
#7623 = EDGE_CURVE('',#7616,#7624,#7626,.T.);
#7624 = VERTEX_POINT('',#7625);
#7625 = CARTESIAN_POINT('',(0.705,1.45,0.45));
#7626 = B_SPLINE_CURVE_WITH_KNOTS('',1,(#7627,#7628),.UNSPECIFIED.,.F.,
  .F.,(2,2),(0.,1.),.PIECEWISE_BEZIER_KNOTS.);
#7627 = CARTESIAN_POINT('',(0.680405353927,1.400810707854,0.1));
#7628 = CARTESIAN_POINT('',(0.705,1.45,0.45));
#7629 = ORIENTED_EDGE('',*,*,#7630,.F.);
#7630 = EDGE_CURVE('',#7631,#7624,#7633,.T.);
#7631 = VERTEX_POINT('',#7632);
#7632 = CARTESIAN_POINT('',(-0.705,1.45,0.45));
#7633 = LINE('',#7634,#7635);
#7634 = CARTESIAN_POINT('',(-0.705,1.45,0.45));
#7635 = VECTOR('',#7636,1.);
#7636 = DIRECTION('',(1.,1.110223024625E-16,0.));
#7637 = ORIENTED_EDGE('',*,*,#7638,.F.);
#7638 = EDGE_CURVE('',#7614,#7631,#7639,.T.);
#7639 = B_SPLINE_CURVE_WITH_KNOTS('',1,(#7640,#7641),.UNSPECIFIED.,.F.,
  .F.,(2,2),(0.,1.),.PIECEWISE_BEZIER_KNOTS.);
#7640 = CARTESIAN_POINT('',(-0.680405353927,1.400810707854,0.1));
#7641 = CARTESIAN_POINT('',(-0.705,1.45,0.45));
#7642 = B_SPLINE_SURFACE_WITH_KNOTS('',1,1,(
    (#7643,#7644)
    ,(#7645,#7646
    )),.UNSPECIFIED.,.F.,.F.,.F.,(2,2),(2,2),(0.,1.41),(0.,1.),
  .PIECEWISE_BEZIER_KNOTS.);
#7643 = CARTESIAN_POINT('',(-0.680405353927,1.400810707854,0.1));
#7644 = CARTESIAN_POINT('',(-0.705,1.45,0.45));
#7645 = CARTESIAN_POINT('',(0.680405353927,1.400810707854,0.1));
#7646 = CARTESIAN_POINT('',(0.705,1.45,0.45));
#7647 = ADVANCED_FACE('',(#7648),#7705,.F.);
#7648 = FACE_BOUND('',#7649,.T.);
#7649 = EDGE_LOOP('',(#7650,#7651,#7659,#7667,#7675,#7683,#7691,#7699));
#7650 = ORIENTED_EDGE('',*,*,#7613,.T.);
#7651 = ORIENTED_EDGE('',*,*,#7652,.T.);
#7652 = EDGE_CURVE('',#7616,#7653,#7655,.T.);
#7653 = VERTEX_POINT('',#7654);
#7654 = CARTESIAN_POINT('',(0.750810707854,1.330405353927,0.1));
#7655 = LINE('',#7656,#7657);
#7656 = CARTESIAN_POINT('',(0.680405353927,1.400810707854,0.1));
#7657 = VECTOR('',#7658,1.);
#7658 = DIRECTION('',(0.707106781187,-0.707106781187,0.));
#7659 = ORIENTED_EDGE('',*,*,#7660,.T.);
#7660 = EDGE_CURVE('',#7653,#7661,#7663,.T.);
#7661 = VERTEX_POINT('',#7662);
#7662 = CARTESIAN_POINT('',(0.750810707854,-1.330405353927,0.1));
#7663 = LINE('',#7664,#7665);
#7664 = CARTESIAN_POINT('',(0.750810707854,1.330405353927,0.1));
#7665 = VECTOR('',#7666,1.);
#7666 = DIRECTION('',(1.110223024625E-16,-1.,0.));
#7667 = ORIENTED_EDGE('',*,*,#7668,.T.);
#7668 = EDGE_CURVE('',#7661,#7669,#7671,.T.);
#7669 = VERTEX_POINT('',#7670);
#7670 = CARTESIAN_POINT('',(0.680405353927,-1.400810707854,0.1));
#7671 = LINE('',#7672,#7673);
#7672 = CARTESIAN_POINT('',(0.750810707854,-1.330405353927,0.1));
#7673 = VECTOR('',#7674,1.);
#7674 = DIRECTION('',(-0.707106781187,-0.707106781187,0.));
#7675 = ORIENTED_EDGE('',*,*,#7676,.T.);
#7676 = EDGE_CURVE('',#7669,#7677,#7679,.T.);
#7677 = VERTEX_POINT('',#7678);
#7678 = CARTESIAN_POINT('',(-0.680405353927,-1.400810707854,0.1));
#7679 = LINE('',#7680,#7681);
#7680 = CARTESIAN_POINT('',(0.680405353927,-1.400810707854,0.1));
#7681 = VECTOR('',#7682,1.);
#7682 = DIRECTION('',(-1.,-1.110223024625E-16,0.));
#7683 = ORIENTED_EDGE('',*,*,#7684,.T.);
#7684 = EDGE_CURVE('',#7677,#7685,#7687,.T.);
#7685 = VERTEX_POINT('',#7686);
#7686 = CARTESIAN_POINT('',(-0.750810707854,-1.330405353927,0.1));
#7687 = LINE('',#7688,#7689);
#7688 = CARTESIAN_POINT('',(-0.680405353927,-1.400810707854,0.1));
#7689 = VECTOR('',#7690,1.);
#7690 = DIRECTION('',(-0.707106781187,0.707106781187,0.));
#7691 = ORIENTED_EDGE('',*,*,#7692,.T.);
#7692 = EDGE_CURVE('',#7685,#7693,#7695,.T.);
#7693 = VERTEX_POINT('',#7694);
#7694 = CARTESIAN_POINT('',(-0.750810707854,1.330405353927,0.1));
#7695 = LINE('',#7696,#7697);
#7696 = CARTESIAN_POINT('',(-0.750810707854,-1.330405353927,0.1));
#7697 = VECTOR('',#7698,1.);
#7698 = DIRECTION('',(-1.110223024625E-16,1.,0.));
#7699 = ORIENTED_EDGE('',*,*,#7700,.T.);
#7700 = EDGE_CURVE('',#7693,#7614,#7701,.T.);
#7701 = LINE('',#7702,#7703);
#7702 = CARTESIAN_POINT('',(-0.750810707854,1.330405353927,0.1));
#7703 = VECTOR('',#7704,1.);
#7704 = DIRECTION('',(0.707106781187,0.707106781187,0.));
#7705 = PLANE('',#7706);
#7706 = AXIS2_PLACEMENT_3D('',#7707,#7708,#7709);
#7707 = CARTESIAN_POINT('',(-0.680405353927,1.400810707854,0.1));
#7708 = DIRECTION('',(0.,0.,1.));
#7709 = DIRECTION('',(0.436909980015,-0.899505235873,0.));
#7710 = ADVANCED_FACE('',(#7711),#7728,.F.);
#7711 = FACE_BOUND('',#7712,.F.);
#7712 = EDGE_LOOP('',(#7713,#7714,#7721,#7727));
#7713 = ORIENTED_EDGE('',*,*,#7652,.T.);
#7714 = ORIENTED_EDGE('',*,*,#7715,.T.);
#7715 = EDGE_CURVE('',#7653,#7716,#7718,.T.);
#7716 = VERTEX_POINT('',#7717);
#7717 = CARTESIAN_POINT('',(0.8,1.355,0.45));
#7718 = B_SPLINE_CURVE_WITH_KNOTS('',1,(#7719,#7720),.UNSPECIFIED.,.F.,
  .F.,(2,2),(0.,1.),.PIECEWISE_BEZIER_KNOTS.);
#7719 = CARTESIAN_POINT('',(0.750810707854,1.330405353927,0.1));
#7720 = CARTESIAN_POINT('',(0.8,1.355,0.45));
#7721 = ORIENTED_EDGE('',*,*,#7722,.F.);
#7722 = EDGE_CURVE('',#7624,#7716,#7723,.T.);
#7723 = LINE('',#7724,#7725);
#7724 = CARTESIAN_POINT('',(0.705,1.45,0.45));
#7725 = VECTOR('',#7726,1.);
#7726 = DIRECTION('',(0.707106781187,-0.707106781187,0.));
#7727 = ORIENTED_EDGE('',*,*,#7623,.F.);
#7728 = B_SPLINE_SURFACE_WITH_KNOTS('',1,1,(
    (#7729,#7730)
    ,(#7731,#7732
    )),.UNSPECIFIED.,.F.,.F.,.F.,(2,2),(2,2),(0.,0.134350288425),(0.,1.)
  ,.PIECEWISE_BEZIER_KNOTS.);
#7729 = CARTESIAN_POINT('',(0.680405353927,1.400810707854,0.1));
#7730 = CARTESIAN_POINT('',(0.705,1.45,0.45));
#7731 = CARTESIAN_POINT('',(0.750810707854,1.330405353927,0.1));
#7732 = CARTESIAN_POINT('',(0.8,1.355,0.45));
#7733 = ADVANCED_FACE('',(#7734),#7757,.F.);
#7734 = FACE_BOUND('',#7735,.F.);
#7735 = EDGE_LOOP('',(#7736,#7737,#7744,#7752));
#7736 = ORIENTED_EDGE('',*,*,#7630,.T.);
#7737 = ORIENTED_EDGE('',*,*,#7738,.T.);
#7738 = EDGE_CURVE('',#7624,#7739,#7741,.T.);
#7739 = VERTEX_POINT('',#7740);
#7740 = CARTESIAN_POINT('',(0.705,1.45,0.6));
#7741 = B_SPLINE_CURVE_WITH_KNOTS('',1,(#7742,#7743),.UNSPECIFIED.,.F.,
  .F.,(2,2),(0.,1.),.PIECEWISE_BEZIER_KNOTS.);
#7742 = CARTESIAN_POINT('',(0.705,1.45,0.45));
#7743 = CARTESIAN_POINT('',(0.705,1.45,0.6));
#7744 = ORIENTED_EDGE('',*,*,#7745,.F.);
#7745 = EDGE_CURVE('',#7746,#7739,#7748,.T.);
#7746 = VERTEX_POINT('',#7747);
#7747 = CARTESIAN_POINT('',(-0.705,1.45,0.6));
#7748 = LINE('',#7749,#7750);
#7749 = CARTESIAN_POINT('',(-0.705,1.45,0.6));
#7750 = VECTOR('',#7751,1.);
#7751 = DIRECTION('',(1.,1.110223024625E-16,0.));
#7752 = ORIENTED_EDGE('',*,*,#7753,.F.);
#7753 = EDGE_CURVE('',#7631,#7746,#7754,.T.);
#7754 = B_SPLINE_CURVE_WITH_KNOTS('',1,(#7755,#7756),.UNSPECIFIED.,.F.,
  .F.,(2,2),(0.,1.),.PIECEWISE_BEZIER_KNOTS.);
#7755 = CARTESIAN_POINT('',(-0.705,1.45,0.45));
#7756 = CARTESIAN_POINT('',(-0.705,1.45,0.6));
#7757 = PLANE('',#7758);
#7758 = AXIS2_PLACEMENT_3D('',#7759,#7760,#7761);
#7759 = CARTESIAN_POINT('',(-0.705,1.45,0.6));
#7760 = DIRECTION('',(1.110223024625E-16,-1.,0.));
#7761 = DIRECTION('',(1.,1.110223024625E-16,0.));
#7762 = ADVANCED_FACE('',(#7763),#7780,.F.);
#7763 = FACE_BOUND('',#7764,.F.);
#7764 = EDGE_LOOP('',(#7765,#7766,#7767,#7775));
#7765 = ORIENTED_EDGE('',*,*,#7700,.T.);
#7766 = ORIENTED_EDGE('',*,*,#7638,.T.);
#7767 = ORIENTED_EDGE('',*,*,#7768,.F.);
#7768 = EDGE_CURVE('',#7769,#7631,#7771,.T.);
#7769 = VERTEX_POINT('',#7770);
#7770 = CARTESIAN_POINT('',(-0.8,1.355,0.45));
#7771 = LINE('',#7772,#7773);
#7772 = CARTESIAN_POINT('',(-0.8,1.355,0.45));
#7773 = VECTOR('',#7774,1.);
#7774 = DIRECTION('',(0.707106781187,0.707106781187,0.));
#7775 = ORIENTED_EDGE('',*,*,#7776,.F.);
#7776 = EDGE_CURVE('',#7693,#7769,#7777,.T.);
#7777 = B_SPLINE_CURVE_WITH_KNOTS('',1,(#7778,#7779),.UNSPECIFIED.,.F.,
  .F.,(2,2),(0.,1.),.PIECEWISE_BEZIER_KNOTS.);
#7778 = CARTESIAN_POINT('',(-0.750810707854,1.330405353927,0.1));
#7779 = CARTESIAN_POINT('',(-0.8,1.355,0.45));
#7780 = B_SPLINE_SURFACE_WITH_KNOTS('',1,1,(
    (#7781,#7782)
    ,(#7783,#7784
    )),.UNSPECIFIED.,.F.,.F.,.F.,(2,2),(2,2),(0.,0.134350288425),(0.,1.)
  ,.PIECEWISE_BEZIER_KNOTS.);
#7781 = CARTESIAN_POINT('',(-0.750810707854,1.330405353927,0.1));
#7782 = CARTESIAN_POINT('',(-0.8,1.355,0.45));
#7783 = CARTESIAN_POINT('',(-0.680405353927,1.400810707854,0.1));
#7784 = CARTESIAN_POINT('',(-0.705,1.45,0.45));
#7785 = ADVANCED_FACE('',(#7786),#7835,.F.);
#7786 = FACE_BOUND('',#7787,.F.);
#7787 = EDGE_LOOP('',(#7788,#7789,#7790,#7798,#7806,#7814,#7822,#7830));
#7788 = ORIENTED_EDGE('',*,*,#7692,.T.);
#7789 = ORIENTED_EDGE('',*,*,#7776,.T.);
#7790 = ORIENTED_EDGE('',*,*,#7791,.F.);
#7791 = EDGE_CURVE('',#7792,#7769,#7794,.T.);
#7792 = VERTEX_POINT('',#7793);
#7793 = CARTESIAN_POINT('',(-0.8,1.125,0.45));
#7794 = LINE('',#7795,#7796);
#7795 = CARTESIAN_POINT('',(-0.8,-1.355,0.45));
#7796 = VECTOR('',#7797,1.);
#7797 = DIRECTION('',(-1.110223024625E-16,1.,0.));
#7798 = ORIENTED_EDGE('',*,*,#7799,.F.);
#7799 = EDGE_CURVE('',#7800,#7792,#7802,.T.);
#7800 = VERTEX_POINT('',#7801);
#7801 = CARTESIAN_POINT('',(-0.8,0.775,0.45));
#7802 = LINE('',#7803,#7804);
#7803 = CARTESIAN_POINT('',(-0.8,-1.355,0.45));
#7804 = VECTOR('',#7805,1.);
#7805 = DIRECTION('',(-1.110223024625E-16,1.,0.));
#7806 = ORIENTED_EDGE('',*,*,#7807,.F.);
#7807 = EDGE_CURVE('',#7808,#7800,#7810,.T.);
#7808 = VERTEX_POINT('',#7809);
#7809 = CARTESIAN_POINT('',(-0.8,-0.775,0.45));
#7810 = LINE('',#7811,#7812);
#7811 = CARTESIAN_POINT('',(-0.8,-1.355,0.45));
#7812 = VECTOR('',#7813,1.);
#7813 = DIRECTION('',(-1.110223024625E-16,1.,0.));
#7814 = ORIENTED_EDGE('',*,*,#7815,.F.);
#7815 = EDGE_CURVE('',#7816,#7808,#7818,.T.);
#7816 = VERTEX_POINT('',#7817);
#7817 = CARTESIAN_POINT('',(-0.8,-1.125,0.45));
#7818 = LINE('',#7819,#7820);
#7819 = CARTESIAN_POINT('',(-0.8,-1.355,0.45));
#7820 = VECTOR('',#7821,1.);
#7821 = DIRECTION('',(-1.110223024625E-16,1.,0.));
#7822 = ORIENTED_EDGE('',*,*,#7823,.F.);
#7823 = EDGE_CURVE('',#7824,#7816,#7826,.T.);
#7824 = VERTEX_POINT('',#7825);
#7825 = CARTESIAN_POINT('',(-0.8,-1.355,0.45));
#7826 = LINE('',#7827,#7828);
#7827 = CARTESIAN_POINT('',(-0.8,-1.355,0.45));
#7828 = VECTOR('',#7829,1.);
#7829 = DIRECTION('',(-1.110223024625E-16,1.,0.));
#7830 = ORIENTED_EDGE('',*,*,#7831,.F.);
#7831 = EDGE_CURVE('',#7685,#7824,#7832,.T.);
#7832 = B_SPLINE_CURVE_WITH_KNOTS('',1,(#7833,#7834),.UNSPECIFIED.,.F.,
  .F.,(2,2),(0.,1.),.PIECEWISE_BEZIER_KNOTS.);
#7833 = CARTESIAN_POINT('',(-0.750810707854,-1.330405353927,0.1));
#7834 = CARTESIAN_POINT('',(-0.8,-1.355,0.45));
#7835 = B_SPLINE_SURFACE_WITH_KNOTS('',1,1,(
    (#7836,#7837)
    ,(#7838,#7839
    )),.UNSPECIFIED.,.F.,.F.,.F.,(2,2),(2,2),(0.,2.71),(0.,1.),
  .PIECEWISE_BEZIER_KNOTS.);
#7836 = CARTESIAN_POINT('',(-0.750810707854,-1.330405353927,0.1));
#7837 = CARTESIAN_POINT('',(-0.8,-1.355,0.45));
#7838 = CARTESIAN_POINT('',(-0.750810707854,1.330405353927,0.1));
#7839 = CARTESIAN_POINT('',(-0.8,1.355,0.45));
#7840 = ADVANCED_FACE('',(#7841),#7874,.F.);
#7841 = FACE_BOUND('',#7842,.F.);
#7842 = EDGE_LOOP('',(#7843,#7844,#7851,#7859,#7867,#7873));
#7843 = ORIENTED_EDGE('',*,*,#7660,.T.);
#7844 = ORIENTED_EDGE('',*,*,#7845,.T.);
#7845 = EDGE_CURVE('',#7661,#7846,#7848,.T.);
#7846 = VERTEX_POINT('',#7847);
#7847 = CARTESIAN_POINT('',(0.8,-1.355,0.45));
#7848 = B_SPLINE_CURVE_WITH_KNOTS('',1,(#7849,#7850),.UNSPECIFIED.,.F.,
  .F.,(2,2),(0.,1.),.PIECEWISE_BEZIER_KNOTS.);
#7849 = CARTESIAN_POINT('',(0.750810707854,-1.330405353927,0.1));
#7850 = CARTESIAN_POINT('',(0.8,-1.355,0.45));
#7851 = ORIENTED_EDGE('',*,*,#7852,.F.);
#7852 = EDGE_CURVE('',#7853,#7846,#7855,.T.);
#7853 = VERTEX_POINT('',#7854);
#7854 = CARTESIAN_POINT('',(0.8,-0.175,0.45));
#7855 = LINE('',#7856,#7857);
#7856 = CARTESIAN_POINT('',(0.8,1.355,0.45));
#7857 = VECTOR('',#7858,1.);
#7858 = DIRECTION('',(1.110223024625E-16,-1.,0.));
#7859 = ORIENTED_EDGE('',*,*,#7860,.F.);
#7860 = EDGE_CURVE('',#7861,#7853,#7863,.T.);
#7861 = VERTEX_POINT('',#7862);
#7862 = CARTESIAN_POINT('',(0.8,0.175,0.45));
#7863 = LINE('',#7864,#7865);
#7864 = CARTESIAN_POINT('',(0.8,1.355,0.45));
#7865 = VECTOR('',#7866,1.);
#7866 = DIRECTION('',(1.110223024625E-16,-1.,0.));
#7867 = ORIENTED_EDGE('',*,*,#7868,.F.);
#7868 = EDGE_CURVE('',#7716,#7861,#7869,.T.);
#7869 = LINE('',#7870,#7871);
#7870 = CARTESIAN_POINT('',(0.8,1.355,0.45));
#7871 = VECTOR('',#7872,1.);
#7872 = DIRECTION('',(1.110223024625E-16,-1.,0.));
#7873 = ORIENTED_EDGE('',*,*,#7715,.F.);
#7874 = B_SPLINE_SURFACE_WITH_KNOTS('',1,1,(
    (#7875,#7876)
    ,(#7877,#7878
    )),.UNSPECIFIED.,.F.,.F.,.F.,(2,2),(2,2),(0.,2.71),(0.,1.),
  .PIECEWISE_BEZIER_KNOTS.);
#7875 = CARTESIAN_POINT('',(0.750810707854,1.330405353927,0.1));
#7876 = CARTESIAN_POINT('',(0.8,1.355,0.45));
#7877 = CARTESIAN_POINT('',(0.750810707854,-1.330405353927,0.1));
#7878 = CARTESIAN_POINT('',(0.8,-1.355,0.45));
#7879 = ADVANCED_FACE('',(#7880),#7897,.F.);
#7880 = FACE_BOUND('',#7881,.F.);
#7881 = EDGE_LOOP('',(#7882,#7883,#7884,#7892));
#7882 = ORIENTED_EDGE('',*,*,#7684,.T.);
#7883 = ORIENTED_EDGE('',*,*,#7831,.T.);
#7884 = ORIENTED_EDGE('',*,*,#7885,.F.);
#7885 = EDGE_CURVE('',#7886,#7824,#7888,.T.);
#7886 = VERTEX_POINT('',#7887);
#7887 = CARTESIAN_POINT('',(-0.705,-1.45,0.45));
#7888 = LINE('',#7889,#7890);
#7889 = CARTESIAN_POINT('',(-0.705,-1.45,0.45));
#7890 = VECTOR('',#7891,1.);
#7891 = DIRECTION('',(-0.707106781187,0.707106781187,0.));
#7892 = ORIENTED_EDGE('',*,*,#7893,.F.);
#7893 = EDGE_CURVE('',#7677,#7886,#7894,.T.);
#7894 = B_SPLINE_CURVE_WITH_KNOTS('',1,(#7895,#7896),.UNSPECIFIED.,.F.,
  .F.,(2,2),(0.,1.),.PIECEWISE_BEZIER_KNOTS.);
#7895 = CARTESIAN_POINT('',(-0.680405353927,-1.400810707854,0.1));
#7896 = CARTESIAN_POINT('',(-0.705,-1.45,0.45));
#7897 = B_SPLINE_SURFACE_WITH_KNOTS('',1,1,(
    (#7898,#7899)
    ,(#7900,#7901
    )),.UNSPECIFIED.,.F.,.F.,.F.,(2,2),(2,2),(0.,0.134350288425),(0.,1.)
  ,.PIECEWISE_BEZIER_KNOTS.);
#7898 = CARTESIAN_POINT('',(-0.680405353927,-1.400810707854,0.1));
#7899 = CARTESIAN_POINT('',(-0.705,-1.45,0.45));
#7900 = CARTESIAN_POINT('',(-0.750810707854,-1.330405353927,0.1));
#7901 = CARTESIAN_POINT('',(-0.8,-1.355,0.45));
#7902 = ADVANCED_FACE('',(#7903),#7920,.F.);
#7903 = FACE_BOUND('',#7904,.F.);
#7904 = EDGE_LOOP('',(#7905,#7906,#7913,#7919));
#7905 = ORIENTED_EDGE('',*,*,#7668,.T.);
#7906 = ORIENTED_EDGE('',*,*,#7907,.T.);
#7907 = EDGE_CURVE('',#7669,#7908,#7910,.T.);
#7908 = VERTEX_POINT('',#7909);
#7909 = CARTESIAN_POINT('',(0.705,-1.45,0.45));
#7910 = B_SPLINE_CURVE_WITH_KNOTS('',1,(#7911,#7912),.UNSPECIFIED.,.F.,
  .F.,(2,2),(0.,1.),.PIECEWISE_BEZIER_KNOTS.);
#7911 = CARTESIAN_POINT('',(0.680405353927,-1.400810707854,0.1));
#7912 = CARTESIAN_POINT('',(0.705,-1.45,0.45));
#7913 = ORIENTED_EDGE('',*,*,#7914,.F.);
#7914 = EDGE_CURVE('',#7846,#7908,#7915,.T.);
#7915 = LINE('',#7916,#7917);
#7916 = CARTESIAN_POINT('',(0.8,-1.355,0.45));
#7917 = VECTOR('',#7918,1.);
#7918 = DIRECTION('',(-0.707106781187,-0.707106781187,0.));
#7919 = ORIENTED_EDGE('',*,*,#7845,.F.);
#7920 = B_SPLINE_SURFACE_WITH_KNOTS('',1,1,(
    (#7921,#7922)
    ,(#7923,#7924
    )),.UNSPECIFIED.,.F.,.F.,.F.,(2,2),(2,2),(0.,0.134350288425),(0.,1.)
  ,.PIECEWISE_BEZIER_KNOTS.);
#7921 = CARTESIAN_POINT('',(0.750810707854,-1.330405353927,0.1));
#7922 = CARTESIAN_POINT('',(0.8,-1.355,0.45));
#7923 = CARTESIAN_POINT('',(0.680405353927,-1.400810707854,0.1));
#7924 = CARTESIAN_POINT('',(0.705,-1.45,0.45));
#7925 = ADVANCED_FACE('',(#7926),#7937,.F.);
#7926 = FACE_BOUND('',#7927,.F.);
#7927 = EDGE_LOOP('',(#7928,#7929,#7930,#7936));
#7928 = ORIENTED_EDGE('',*,*,#7676,.T.);
#7929 = ORIENTED_EDGE('',*,*,#7893,.T.);
#7930 = ORIENTED_EDGE('',*,*,#7931,.F.);
#7931 = EDGE_CURVE('',#7908,#7886,#7932,.T.);
#7932 = LINE('',#7933,#7934);
#7933 = CARTESIAN_POINT('',(0.705,-1.45,0.45));
#7934 = VECTOR('',#7935,1.);
#7935 = DIRECTION('',(-1.,-1.110223024625E-16,0.));
#7936 = ORIENTED_EDGE('',*,*,#7907,.F.);
#7937 = B_SPLINE_SURFACE_WITH_KNOTS('',1,1,(
    (#7938,#7939)
    ,(#7940,#7941
    )),.UNSPECIFIED.,.F.,.F.,.F.,(2,2),(2,2),(0.,1.41),(0.,1.),
  .PIECEWISE_BEZIER_KNOTS.);
#7938 = CARTESIAN_POINT('',(0.680405353927,-1.400810707854,0.1));
#7939 = CARTESIAN_POINT('',(0.705,-1.45,0.45));
#7940 = CARTESIAN_POINT('',(-0.680405353927,-1.400810707854,0.1));
#7941 = CARTESIAN_POINT('',(-0.705,-1.45,0.45));
#7942 = ADVANCED_FACE('',(#7943),#7960,.F.);
#7943 = FACE_BOUND('',#7944,.F.);
#7944 = EDGE_LOOP('',(#7945,#7946,#7953,#7959));
#7945 = ORIENTED_EDGE('',*,*,#7722,.T.);
#7946 = ORIENTED_EDGE('',*,*,#7947,.T.);
#7947 = EDGE_CURVE('',#7716,#7948,#7950,.T.);
#7948 = VERTEX_POINT('',#7949);
#7949 = CARTESIAN_POINT('',(0.8,1.355,0.6));
#7950 = B_SPLINE_CURVE_WITH_KNOTS('',1,(#7951,#7952),.UNSPECIFIED.,.F.,
  .F.,(2,2),(0.,1.),.PIECEWISE_BEZIER_KNOTS.);
#7951 = CARTESIAN_POINT('',(0.8,1.355,0.45));
#7952 = CARTESIAN_POINT('',(0.8,1.355,0.6));
#7953 = ORIENTED_EDGE('',*,*,#7954,.F.);
#7954 = EDGE_CURVE('',#7739,#7948,#7955,.T.);
#7955 = LINE('',#7956,#7957);
#7956 = CARTESIAN_POINT('',(0.705,1.45,0.6));
#7957 = VECTOR('',#7958,1.);
#7958 = DIRECTION('',(0.707106781187,-0.707106781187,0.));
#7959 = ORIENTED_EDGE('',*,*,#7738,.F.);
#7960 = PLANE('',#7961);
#7961 = AXIS2_PLACEMENT_3D('',#7962,#7963,#7964);
#7962 = CARTESIAN_POINT('',(0.705,1.45,0.6));
#7963 = DIRECTION('',(-0.707106781187,-0.707106781187,0.));
#7964 = DIRECTION('',(0.707106781187,-0.707106781187,0.));
#7965 = ADVANCED_FACE('',(#7966),#8048,.F.);
#7966 = FACE_BOUND('',#7967,.F.);
#7967 = EDGE_LOOP('',(#7968,#7976,#7977,#7978,#7986,#7994,#8002,#8010,
    #8018,#8026,#8034,#8042));
#7968 = ORIENTED_EDGE('',*,*,#7969,.T.);
#7969 = EDGE_CURVE('',#7970,#7746,#7972,.T.);
#7970 = VERTEX_POINT('',#7971);
#7971 = CARTESIAN_POINT('',(-0.8,1.355,0.6));
#7972 = LINE('',#7973,#7974);
#7973 = CARTESIAN_POINT('',(-0.8,1.355,0.6));
#7974 = VECTOR('',#7975,1.);
#7975 = DIRECTION('',(0.707106781187,0.707106781187,0.));
#7976 = ORIENTED_EDGE('',*,*,#7745,.T.);
#7977 = ORIENTED_EDGE('',*,*,#7954,.T.);
#7978 = ORIENTED_EDGE('',*,*,#7979,.T.);
#7979 = EDGE_CURVE('',#7948,#7980,#7982,.T.);
#7980 = VERTEX_POINT('',#7981);
#7981 = CARTESIAN_POINT('',(0.8,0.175,0.6));
#7982 = LINE('',#7983,#7984);
#7983 = CARTESIAN_POINT('',(0.8,1.355,0.6));
#7984 = VECTOR('',#7985,1.);
#7985 = DIRECTION('',(1.110223024625E-16,-1.,0.));
#7986 = ORIENTED_EDGE('',*,*,#7987,.T.);
#7987 = EDGE_CURVE('',#7980,#7988,#7990,.T.);
#7988 = VERTEX_POINT('',#7989);
#7989 = CARTESIAN_POINT('',(0.775,0.175,0.6));
#7990 = LINE('',#7991,#7992);
#7991 = CARTESIAN_POINT('',(0.85,0.175,0.6));
#7992 = VECTOR('',#7993,1.);
#7993 = DIRECTION('',(-1.,-1.110223024625E-16,0.));
#7994 = ORIENTED_EDGE('',*,*,#7995,.F.);
#7995 = EDGE_CURVE('',#7996,#7988,#7998,.T.);
#7996 = VERTEX_POINT('',#7997);
#7997 = CARTESIAN_POINT('',(0.775,1.3425,0.6));
#7998 = LINE('',#7999,#8000);
#7999 = CARTESIAN_POINT('',(0.775,1.3425,0.6));
#8000 = VECTOR('',#8001,1.);
#8001 = DIRECTION('',(1.110223024625E-16,-1.,0.));
#8002 = ORIENTED_EDGE('',*,*,#8003,.F.);
#8003 = EDGE_CURVE('',#8004,#7996,#8006,.T.);
#8004 = VERTEX_POINT('',#8005);
#8005 = CARTESIAN_POINT('',(0.6925,1.425,0.6));
#8006 = LINE('',#8007,#8008);
#8007 = CARTESIAN_POINT('',(0.6925,1.425,0.6));
#8008 = VECTOR('',#8009,1.);
#8009 = DIRECTION('',(0.707106781187,-0.707106781187,0.));
#8010 = ORIENTED_EDGE('',*,*,#8011,.F.);
#8011 = EDGE_CURVE('',#8012,#8004,#8014,.T.);
#8012 = VERTEX_POINT('',#8013);
#8013 = CARTESIAN_POINT('',(-0.6925,1.425,0.6));
#8014 = LINE('',#8015,#8016);
#8015 = CARTESIAN_POINT('',(-0.6925,1.425,0.6));
#8016 = VECTOR('',#8017,1.);
#8017 = DIRECTION('',(1.,1.110223024625E-16,0.));
#8018 = ORIENTED_EDGE('',*,*,#8019,.F.);
#8019 = EDGE_CURVE('',#8020,#8012,#8022,.T.);
#8020 = VERTEX_POINT('',#8021);
#8021 = CARTESIAN_POINT('',(-0.775,1.3425,0.6));
#8022 = LINE('',#8023,#8024);
#8023 = CARTESIAN_POINT('',(-0.775,1.3425,0.6));
#8024 = VECTOR('',#8025,1.);
#8025 = DIRECTION('',(0.707106781187,0.707106781187,0.));
#8026 = ORIENTED_EDGE('',*,*,#8027,.F.);
#8027 = EDGE_CURVE('',#8028,#8020,#8030,.T.);
#8028 = VERTEX_POINT('',#8029);
#8029 = CARTESIAN_POINT('',(-0.775,1.125,0.6));
#8030 = LINE('',#8031,#8032);
#8031 = CARTESIAN_POINT('',(-0.775,-1.3425,0.6));
#8032 = VECTOR('',#8033,1.);
#8033 = DIRECTION('',(-1.110223024625E-16,1.,0.));
#8034 = ORIENTED_EDGE('',*,*,#8035,.F.);
#8035 = EDGE_CURVE('',#8036,#8028,#8038,.T.);
#8036 = VERTEX_POINT('',#8037);
#8037 = CARTESIAN_POINT('',(-0.8,1.125,0.6));
#8038 = LINE('',#8039,#8040);
#8039 = CARTESIAN_POINT('',(-0.85,1.125,0.6));
#8040 = VECTOR('',#8041,1.);
#8041 = DIRECTION('',(1.,-1.144237745222E-17,0.));
#8042 = ORIENTED_EDGE('',*,*,#8043,.T.);
#8043 = EDGE_CURVE('',#8036,#7970,#8044,.T.);
#8044 = LINE('',#8045,#8046);
#8045 = CARTESIAN_POINT('',(-0.8,-1.355,0.6));
#8046 = VECTOR('',#8047,1.);
#8047 = DIRECTION('',(-1.110223024625E-16,1.,0.));
#8048 = PLANE('',#8049);
#8049 = AXIS2_PLACEMENT_3D('',#8050,#8051,#8052);
#8050 = CARTESIAN_POINT('',(-2.091417030376E-16,1.4375,0.6));
#8051 = DIRECTION('',(2.888762391192E-17,8.634073551009E-28,-1.));
#8052 = DIRECTION('',(1.,1.51922136901E-16,2.888762391192E-17));
#8053 = ADVANCED_FACE('',(#8054),#8064,.F.);
#8054 = FACE_BOUND('',#8055,.F.);
#8055 = EDGE_LOOP('',(#8056,#8057,#8058,#8059));
#8056 = ORIENTED_EDGE('',*,*,#7768,.T.);
#8057 = ORIENTED_EDGE('',*,*,#7753,.T.);
#8058 = ORIENTED_EDGE('',*,*,#7969,.F.);
#8059 = ORIENTED_EDGE('',*,*,#8060,.F.);
#8060 = EDGE_CURVE('',#7769,#7970,#8061,.T.);
#8061 = B_SPLINE_CURVE_WITH_KNOTS('',1,(#8062,#8063),.UNSPECIFIED.,.F.,
  .F.,(2,2),(0.,1.),.PIECEWISE_BEZIER_KNOTS.);
#8062 = CARTESIAN_POINT('',(-0.8,1.355,0.45));
#8063 = CARTESIAN_POINT('',(-0.8,1.355,0.6));
#8064 = PLANE('',#8065);
#8065 = AXIS2_PLACEMENT_3D('',#8066,#8067,#8068);
#8066 = CARTESIAN_POINT('',(-0.8,1.355,0.6));
#8067 = DIRECTION('',(0.707106781187,-0.707106781187,0.));
#8068 = DIRECTION('',(0.707106781187,0.707106781187,0.));
#8069 = ADVANCED_FACE('',(#8070),#8094,.F.);
#8070 = FACE_BOUND('',#8071,.F.);
#8071 = EDGE_LOOP('',(#8072,#8079,#8080,#8088));
#8072 = ORIENTED_EDGE('',*,*,#8073,.F.);
#8073 = EDGE_CURVE('',#7824,#8074,#8076,.T.);
#8074 = VERTEX_POINT('',#8075);
#8075 = CARTESIAN_POINT('',(-0.8,-1.355,0.6));
#8076 = B_SPLINE_CURVE_WITH_KNOTS('',1,(#8077,#8078),.UNSPECIFIED.,.F.,
  .F.,(2,2),(0.,1.),.PIECEWISE_BEZIER_KNOTS.);
#8077 = CARTESIAN_POINT('',(-0.8,-1.355,0.45));
#8078 = CARTESIAN_POINT('',(-0.8,-1.355,0.6));
#8079 = ORIENTED_EDGE('',*,*,#7823,.T.);
#8080 = ORIENTED_EDGE('',*,*,#8081,.T.);
#8081 = EDGE_CURVE('',#7816,#8082,#8084,.T.);
#8082 = VERTEX_POINT('',#8083);
#8083 = CARTESIAN_POINT('',(-0.8,-1.125,0.6));
#8084 = LINE('',#8085,#8086);
#8085 = CARTESIAN_POINT('',(-0.8,-1.125,0.441412655976));
#8086 = VECTOR('',#8087,1.);
#8087 = DIRECTION('',(0.,0.,1.));
#8088 = ORIENTED_EDGE('',*,*,#8089,.F.);
#8089 = EDGE_CURVE('',#8074,#8082,#8090,.T.);
#8090 = LINE('',#8091,#8092);
#8091 = CARTESIAN_POINT('',(-0.8,-1.355,0.6));
#8092 = VECTOR('',#8093,1.);
#8093 = DIRECTION('',(-1.110223024625E-16,1.,0.));
#8094 = PLANE('',#8095);
#8095 = AXIS2_PLACEMENT_3D('',#8096,#8097,#8098);
#8096 = CARTESIAN_POINT('',(-0.8,-1.355,0.6));
#8097 = DIRECTION('',(1.,1.110223024625E-16,0.));
#8098 = DIRECTION('',(-1.110223024625E-16,1.,0.));
#8099 = ADVANCED_FACE('',(#8100),#8125,.F.);
#8100 = FACE_BOUND('',#8101,.F.);
#8101 = EDGE_LOOP('',(#8102,#8110,#8111,#8119));
#8102 = ORIENTED_EDGE('',*,*,#8103,.F.);
#8103 = EDGE_CURVE('',#7816,#8104,#8106,.T.);
#8104 = VERTEX_POINT('',#8105);
#8105 = CARTESIAN_POINT('',(-0.85,-1.125,0.45));
#8106 = LINE('',#8107,#8108);
#8107 = CARTESIAN_POINT('',(-0.75,-1.125,0.45));
#8108 = VECTOR('',#8109,1.);
#8109 = DIRECTION('',(-1.,1.144237745222E-17,0.));
#8110 = ORIENTED_EDGE('',*,*,#7815,.T.);
#8111 = ORIENTED_EDGE('',*,*,#8112,.T.);
#8112 = EDGE_CURVE('',#7808,#8113,#8115,.T.);
#8113 = VERTEX_POINT('',#8114);
#8114 = CARTESIAN_POINT('',(-0.85,-0.775,0.45));
#8115 = LINE('',#8116,#8117);
#8116 = CARTESIAN_POINT('',(-0.75,-0.775,0.45));
#8117 = VECTOR('',#8118,1.);
#8118 = DIRECTION('',(-1.,1.144237745222E-17,0.));
#8119 = ORIENTED_EDGE('',*,*,#8120,.F.);
#8120 = EDGE_CURVE('',#8104,#8113,#8121,.T.);
#8121 = LINE('',#8122,#8123);
#8122 = CARTESIAN_POINT('',(-0.85,-1.125,0.45));
#8123 = VECTOR('',#8124,1.);
#8124 = DIRECTION('',(1.144237745222E-17,1.,0.));
#8125 = PLANE('',#8126);
#8126 = AXIS2_PLACEMENT_3D('',#8127,#8128,#8129);
#8127 = CARTESIAN_POINT('',(-0.75,-1.125,0.45));
#8128 = DIRECTION('',(0.,0.,1.));
#8129 = DIRECTION('',(-1.,1.144237745222E-17,0.));
#8130 = ADVANCED_FACE('',(#8131),#8156,.F.);
#8131 = FACE_BOUND('',#8132,.F.);
#8132 = EDGE_LOOP('',(#8133,#8141,#8142,#8150));
#8133 = ORIENTED_EDGE('',*,*,#8134,.F.);
#8134 = EDGE_CURVE('',#7808,#8135,#8137,.T.);
#8135 = VERTEX_POINT('',#8136);
#8136 = CARTESIAN_POINT('',(-0.8,-0.775,0.6));
#8137 = LINE('',#8138,#8139);
#8138 = CARTESIAN_POINT('',(-0.8,-0.775,0.441412655976));
#8139 = VECTOR('',#8140,1.);
#8140 = DIRECTION('',(0.,0.,1.));
#8141 = ORIENTED_EDGE('',*,*,#7807,.T.);
#8142 = ORIENTED_EDGE('',*,*,#8143,.T.);
#8143 = EDGE_CURVE('',#7800,#8144,#8146,.T.);
#8144 = VERTEX_POINT('',#8145);
#8145 = CARTESIAN_POINT('',(-0.8,0.775,0.6));
#8146 = LINE('',#8147,#8148);
#8147 = CARTESIAN_POINT('',(-0.8,0.775,0.441412655976));
#8148 = VECTOR('',#8149,1.);
#8149 = DIRECTION('',(0.,0.,1.));
#8150 = ORIENTED_EDGE('',*,*,#8151,.F.);
#8151 = EDGE_CURVE('',#8135,#8144,#8152,.T.);
#8152 = LINE('',#8153,#8154);
#8153 = CARTESIAN_POINT('',(-0.8,-1.355,0.6));
#8154 = VECTOR('',#8155,1.);
#8155 = DIRECTION('',(-1.110223024625E-16,1.,0.));
#8156 = PLANE('',#8157);
#8157 = AXIS2_PLACEMENT_3D('',#8158,#8159,#8160);
#8158 = CARTESIAN_POINT('',(-0.8,-1.355,0.6));
#8159 = DIRECTION('',(1.,1.110223024625E-16,0.));
#8160 = DIRECTION('',(-1.110223024625E-16,1.,0.));
#8161 = ADVANCED_FACE('',(#8162),#8187,.F.);
#8162 = FACE_BOUND('',#8163,.F.);
#8163 = EDGE_LOOP('',(#8164,#8172,#8173,#8181));
#8164 = ORIENTED_EDGE('',*,*,#8165,.F.);
#8165 = EDGE_CURVE('',#7800,#8166,#8168,.T.);
#8166 = VERTEX_POINT('',#8167);
#8167 = CARTESIAN_POINT('',(-0.85,0.775,0.45));
#8168 = LINE('',#8169,#8170);
#8169 = CARTESIAN_POINT('',(-0.75,0.775,0.45));
#8170 = VECTOR('',#8171,1.);
#8171 = DIRECTION('',(-1.,1.144237745222E-17,0.));
#8172 = ORIENTED_EDGE('',*,*,#7799,.T.);
#8173 = ORIENTED_EDGE('',*,*,#8174,.T.);
#8174 = EDGE_CURVE('',#7792,#8175,#8177,.T.);
#8175 = VERTEX_POINT('',#8176);
#8176 = CARTESIAN_POINT('',(-0.85,1.125,0.45));
#8177 = LINE('',#8178,#8179);
#8178 = CARTESIAN_POINT('',(-0.75,1.125,0.45));
#8179 = VECTOR('',#8180,1.);
#8180 = DIRECTION('',(-1.,1.144237745222E-17,0.));
#8181 = ORIENTED_EDGE('',*,*,#8182,.F.);
#8182 = EDGE_CURVE('',#8166,#8175,#8183,.T.);
#8183 = LINE('',#8184,#8185);
#8184 = CARTESIAN_POINT('',(-0.85,0.775,0.45));
#8185 = VECTOR('',#8186,1.);
#8186 = DIRECTION('',(1.144237745222E-17,1.,0.));
#8187 = PLANE('',#8188);
#8188 = AXIS2_PLACEMENT_3D('',#8189,#8190,#8191);
#8189 = CARTESIAN_POINT('',(-0.75,0.775,0.45));
#8190 = DIRECTION('',(0.,0.,1.));
#8191 = DIRECTION('',(-1.,1.144237745222E-17,0.));
#8192 = ADVANCED_FACE('',(#8193),#8204,.F.);
#8193 = FACE_BOUND('',#8194,.F.);
#8194 = EDGE_LOOP('',(#8195,#8201,#8202,#8203));
#8195 = ORIENTED_EDGE('',*,*,#8196,.F.);
#8196 = EDGE_CURVE('',#7792,#8036,#8197,.T.);
#8197 = LINE('',#8198,#8199);
#8198 = CARTESIAN_POINT('',(-0.8,1.125,0.441412655976));
#8199 = VECTOR('',#8200,1.);
#8200 = DIRECTION('',(0.,0.,1.));
#8201 = ORIENTED_EDGE('',*,*,#7791,.T.);
#8202 = ORIENTED_EDGE('',*,*,#8060,.T.);
#8203 = ORIENTED_EDGE('',*,*,#8043,.F.);
#8204 = PLANE('',#8205);
#8205 = AXIS2_PLACEMENT_3D('',#8206,#8207,#8208);
#8206 = CARTESIAN_POINT('',(-0.8,-1.355,0.6));
#8207 = DIRECTION('',(1.,1.110223024625E-16,0.));
#8208 = DIRECTION('',(-1.110223024625E-16,1.,0.));
#8209 = ADVANCED_FACE('',(#8210),#8221,.F.);
#8210 = FACE_BOUND('',#8211,.F.);
#8211 = EDGE_LOOP('',(#8212,#8213,#8214,#8220));
#8212 = ORIENTED_EDGE('',*,*,#7947,.F.);
#8213 = ORIENTED_EDGE('',*,*,#7868,.T.);
#8214 = ORIENTED_EDGE('',*,*,#8215,.T.);
#8215 = EDGE_CURVE('',#7861,#7980,#8216,.T.);
#8216 = LINE('',#8217,#8218);
#8217 = CARTESIAN_POINT('',(0.8,0.175,0.441412655976));
#8218 = VECTOR('',#8219,1.);
#8219 = DIRECTION('',(0.,0.,1.));
#8220 = ORIENTED_EDGE('',*,*,#7979,.F.);
#8221 = PLANE('',#8222);
#8222 = AXIS2_PLACEMENT_3D('',#8223,#8224,#8225);
#8223 = CARTESIAN_POINT('',(0.8,1.355,0.6));
#8224 = DIRECTION('',(-1.,-1.110223024625E-16,0.));
#8225 = DIRECTION('',(1.110223024625E-16,-1.,0.));
#8226 = ADVANCED_FACE('',(#8227),#8252,.F.);
#8227 = FACE_BOUND('',#8228,.F.);
#8228 = EDGE_LOOP('',(#8229,#8237,#8238,#8246));
#8229 = ORIENTED_EDGE('',*,*,#8230,.F.);
#8230 = EDGE_CURVE('',#7861,#8231,#8233,.T.);
#8231 = VERTEX_POINT('',#8232);
#8232 = CARTESIAN_POINT('',(0.85,0.175,0.45));
#8233 = LINE('',#8234,#8235);
#8234 = CARTESIAN_POINT('',(0.75,0.175,0.45));
#8235 = VECTOR('',#8236,1.);
#8236 = DIRECTION('',(1.,1.110223024625E-16,0.));
#8237 = ORIENTED_EDGE('',*,*,#7860,.T.);
#8238 = ORIENTED_EDGE('',*,*,#8239,.T.);
#8239 = EDGE_CURVE('',#7853,#8240,#8242,.T.);
#8240 = VERTEX_POINT('',#8241);
#8241 = CARTESIAN_POINT('',(0.85,-0.175,0.45));
#8242 = LINE('',#8243,#8244);
#8243 = CARTESIAN_POINT('',(0.75,-0.175,0.45));
#8244 = VECTOR('',#8245,1.);
#8245 = DIRECTION('',(1.,1.110223024625E-16,0.));
#8246 = ORIENTED_EDGE('',*,*,#8247,.F.);
#8247 = EDGE_CURVE('',#8231,#8240,#8248,.T.);
#8248 = LINE('',#8249,#8250);
#8249 = CARTESIAN_POINT('',(0.85,0.175,0.45));
#8250 = VECTOR('',#8251,1.);
#8251 = DIRECTION('',(1.110223024625E-16,-1.,0.));
#8252 = PLANE('',#8253);
#8253 = AXIS2_PLACEMENT_3D('',#8254,#8255,#8256);
#8254 = CARTESIAN_POINT('',(0.75,0.175,0.45));
#8255 = DIRECTION('',(0.,0.,1.));
#8256 = DIRECTION('',(1.,1.110223024625E-16,-0.));
#8257 = ADVANCED_FACE('',(#8258),#8282,.F.);
#8258 = FACE_BOUND('',#8259,.F.);
#8259 = EDGE_LOOP('',(#8260,#8268,#8269,#8276));
#8260 = ORIENTED_EDGE('',*,*,#8261,.F.);
#8261 = EDGE_CURVE('',#7853,#8262,#8264,.T.);
#8262 = VERTEX_POINT('',#8263);
#8263 = CARTESIAN_POINT('',(0.8,-0.175,0.6));
#8264 = LINE('',#8265,#8266);
#8265 = CARTESIAN_POINT('',(0.8,-0.175,0.441412655976));
#8266 = VECTOR('',#8267,1.);
#8267 = DIRECTION('',(0.,0.,1.));
#8268 = ORIENTED_EDGE('',*,*,#7852,.T.);
#8269 = ORIENTED_EDGE('',*,*,#8270,.T.);
#8270 = EDGE_CURVE('',#7846,#8271,#8273,.T.);
#8271 = VERTEX_POINT('',#8272);
#8272 = CARTESIAN_POINT('',(0.8,-1.355,0.6));
#8273 = B_SPLINE_CURVE_WITH_KNOTS('',1,(#8274,#8275),.UNSPECIFIED.,.F.,
  .F.,(2,2),(0.,1.),.PIECEWISE_BEZIER_KNOTS.);
#8274 = CARTESIAN_POINT('',(0.8,-1.355,0.45));
#8275 = CARTESIAN_POINT('',(0.8,-1.355,0.6));
#8276 = ORIENTED_EDGE('',*,*,#8277,.F.);
#8277 = EDGE_CURVE('',#8262,#8271,#8278,.T.);
#8278 = LINE('',#8279,#8280);
#8279 = CARTESIAN_POINT('',(0.8,1.355,0.6));
#8280 = VECTOR('',#8281,1.);
#8281 = DIRECTION('',(1.110223024625E-16,-1.,0.));
#8282 = PLANE('',#8283);
#8283 = AXIS2_PLACEMENT_3D('',#8284,#8285,#8286);
#8284 = CARTESIAN_POINT('',(0.8,1.355,0.6));
#8285 = DIRECTION('',(-1.,-1.110223024625E-16,0.));
#8286 = DIRECTION('',(1.110223024625E-16,-1.,0.));
#8287 = ADVANCED_FACE('',(#8288),#8305,.F.);
#8288 = FACE_BOUND('',#8289,.F.);
#8289 = EDGE_LOOP('',(#8290,#8291,#8292,#8300));
#8290 = ORIENTED_EDGE('',*,*,#7885,.T.);
#8291 = ORIENTED_EDGE('',*,*,#8073,.T.);
#8292 = ORIENTED_EDGE('',*,*,#8293,.F.);
#8293 = EDGE_CURVE('',#8294,#8074,#8296,.T.);
#8294 = VERTEX_POINT('',#8295);
#8295 = CARTESIAN_POINT('',(-0.705,-1.45,0.6));
#8296 = LINE('',#8297,#8298);
#8297 = CARTESIAN_POINT('',(-0.705,-1.45,0.6));
#8298 = VECTOR('',#8299,1.);
#8299 = DIRECTION('',(-0.707106781187,0.707106781187,0.));
#8300 = ORIENTED_EDGE('',*,*,#8301,.F.);
#8301 = EDGE_CURVE('',#7886,#8294,#8302,.T.);
#8302 = B_SPLINE_CURVE_WITH_KNOTS('',1,(#8303,#8304),.UNSPECIFIED.,.F.,
  .F.,(2,2),(0.,1.),.PIECEWISE_BEZIER_KNOTS.);
#8303 = CARTESIAN_POINT('',(-0.705,-1.45,0.45));
#8304 = CARTESIAN_POINT('',(-0.705,-1.45,0.6));
#8305 = PLANE('',#8306);
#8306 = AXIS2_PLACEMENT_3D('',#8307,#8308,#8309);
#8307 = CARTESIAN_POINT('',(-0.705,-1.45,0.6));
#8308 = DIRECTION('',(0.707106781187,0.707106781187,0.));
#8309 = DIRECTION('',(-0.707106781187,0.707106781187,0.));
#8310 = ADVANCED_FACE('',(#8311),#8328,.F.);
#8311 = FACE_BOUND('',#8312,.F.);
#8312 = EDGE_LOOP('',(#8313,#8314,#8321,#8327));
#8313 = ORIENTED_EDGE('',*,*,#7914,.T.);
#8314 = ORIENTED_EDGE('',*,*,#8315,.T.);
#8315 = EDGE_CURVE('',#7908,#8316,#8318,.T.);
#8316 = VERTEX_POINT('',#8317);
#8317 = CARTESIAN_POINT('',(0.705,-1.45,0.6));
#8318 = B_SPLINE_CURVE_WITH_KNOTS('',1,(#8319,#8320),.UNSPECIFIED.,.F.,
  .F.,(2,2),(0.,1.),.PIECEWISE_BEZIER_KNOTS.);
#8319 = CARTESIAN_POINT('',(0.705,-1.45,0.45));
#8320 = CARTESIAN_POINT('',(0.705,-1.45,0.6));
#8321 = ORIENTED_EDGE('',*,*,#8322,.F.);
#8322 = EDGE_CURVE('',#8271,#8316,#8323,.T.);
#8323 = LINE('',#8324,#8325);
#8324 = CARTESIAN_POINT('',(0.8,-1.355,0.6));
#8325 = VECTOR('',#8326,1.);
#8326 = DIRECTION('',(-0.707106781187,-0.707106781187,0.));
#8327 = ORIENTED_EDGE('',*,*,#8270,.F.);
#8328 = PLANE('',#8329);
#8329 = AXIS2_PLACEMENT_3D('',#8330,#8331,#8332);
#8330 = CARTESIAN_POINT('',(0.8,-1.355,0.6));
#8331 = DIRECTION('',(-0.707106781187,0.707106781187,0.));
#8332 = DIRECTION('',(-0.707106781187,-0.707106781187,0.));
#8333 = ADVANCED_FACE('',(#8334),#8345,.F.);
#8334 = FACE_BOUND('',#8335,.F.);
#8335 = EDGE_LOOP('',(#8336,#8337,#8338,#8344));
#8336 = ORIENTED_EDGE('',*,*,#7931,.T.);
#8337 = ORIENTED_EDGE('',*,*,#8301,.T.);
#8338 = ORIENTED_EDGE('',*,*,#8339,.F.);
#8339 = EDGE_CURVE('',#8316,#8294,#8340,.T.);
#8340 = LINE('',#8341,#8342);
#8341 = CARTESIAN_POINT('',(0.705,-1.45,0.6));
#8342 = VECTOR('',#8343,1.);
#8343 = DIRECTION('',(-1.,-1.110223024625E-16,0.));
#8344 = ORIENTED_EDGE('',*,*,#8315,.F.);
#8345 = PLANE('',#8346);
#8346 = AXIS2_PLACEMENT_3D('',#8347,#8348,#8349);
#8347 = CARTESIAN_POINT('',(0.705,-1.45,0.6));
#8348 = DIRECTION('',(-1.110223024625E-16,1.,0.));
#8349 = DIRECTION('',(-1.,-1.110223024625E-16,0.));
#8350 = ADVANCED_FACE('',(#8351),#8390,.F.);
#8351 = FACE_BOUND('',#8352,.F.);
#8352 = EDGE_LOOP('',(#8353,#8361,#8369,#8375,#8376,#8384));
#8353 = ORIENTED_EDGE('',*,*,#8354,.F.);
#8354 = EDGE_CURVE('',#8355,#8144,#8357,.T.);
#8355 = VERTEX_POINT('',#8356);
#8356 = CARTESIAN_POINT('',(-0.85,0.775,0.6));
#8357 = LINE('',#8358,#8359);
#8358 = CARTESIAN_POINT('',(-0.85,0.775,0.6));
#8359 = VECTOR('',#8360,1.);
#8360 = DIRECTION('',(1.,-1.144237745222E-17,0.));
#8361 = ORIENTED_EDGE('',*,*,#8362,.T.);
#8362 = EDGE_CURVE('',#8355,#8363,#8365,.T.);
#8363 = VERTEX_POINT('',#8364);
#8364 = CARTESIAN_POINT('',(-0.85,1.125,0.6));
#8365 = LINE('',#8366,#8367);
#8366 = CARTESIAN_POINT('',(-0.85,0.775,0.6));
#8367 = VECTOR('',#8368,1.);
#8368 = DIRECTION('',(1.144237745222E-17,1.,0.));
#8369 = ORIENTED_EDGE('',*,*,#8370,.T.);
#8370 = EDGE_CURVE('',#8363,#8036,#8371,.T.);
#8371 = LINE('',#8372,#8373);
#8372 = CARTESIAN_POINT('',(-0.85,1.125,0.6));
#8373 = VECTOR('',#8374,1.);
#8374 = DIRECTION('',(1.,-1.144237745222E-17,0.));
#8375 = ORIENTED_EDGE('',*,*,#8035,.T.);
#8376 = ORIENTED_EDGE('',*,*,#8377,.F.);
#8377 = EDGE_CURVE('',#8378,#8028,#8380,.T.);
#8378 = VERTEX_POINT('',#8379);
#8379 = CARTESIAN_POINT('',(-0.775,0.775,0.6));
#8380 = LINE('',#8381,#8382);
#8381 = CARTESIAN_POINT('',(-0.775,-1.3425,0.6));
#8382 = VECTOR('',#8383,1.);
#8383 = DIRECTION('',(-1.110223024625E-16,1.,0.));
#8384 = ORIENTED_EDGE('',*,*,#8385,.F.);
#8385 = EDGE_CURVE('',#8144,#8378,#8386,.T.);
#8386 = LINE('',#8387,#8388);
#8387 = CARTESIAN_POINT('',(-0.85,0.775,0.6));
#8388 = VECTOR('',#8389,1.);
#8389 = DIRECTION('',(1.,-1.144237745222E-17,0.));
#8390 = PLANE('',#8391);
#8391 = AXIS2_PLACEMENT_3D('',#8392,#8393,#8394);
#8392 = CARTESIAN_POINT('',(-0.85,0.775,0.6));
#8393 = DIRECTION('',(0.,0.,-1.));
#8394 = DIRECTION('',(1.,-1.144237745222E-17,0.));
#8395 = ADVANCED_FACE('',(#8396),#8444,.F.);
#8396 = FACE_BOUND('',#8397,.F.);
#8397 = EDGE_LOOP('',(#8398,#8408,#8416,#8422,#8423,#8424,#8431,#8439));
#8398 = ORIENTED_EDGE('',*,*,#8399,.T.);
#8399 = EDGE_CURVE('',#8400,#8402,#8404,.T.);
#8400 = VERTEX_POINT('',#8401);
#8401 = CARTESIAN_POINT('',(-0.775,-1.3425,0.6));
#8402 = VERTEX_POINT('',#8403);
#8403 = CARTESIAN_POINT('',(-0.775,-1.125,0.6));
#8404 = LINE('',#8405,#8406);
#8405 = CARTESIAN_POINT('',(-0.775,-1.3425,0.6));
#8406 = VECTOR('',#8407,1.);
#8407 = DIRECTION('',(-1.110223024625E-16,1.,0.));
#8408 = ORIENTED_EDGE('',*,*,#8409,.T.);
#8409 = EDGE_CURVE('',#8402,#8410,#8412,.T.);
#8410 = VERTEX_POINT('',#8411);
#8411 = CARTESIAN_POINT('',(-0.775,-0.775,0.6));
#8412 = LINE('',#8413,#8414);
#8413 = CARTESIAN_POINT('',(-0.775,-1.3425,0.6));
#8414 = VECTOR('',#8415,1.);
#8415 = DIRECTION('',(-1.110223024625E-16,1.,0.));
#8416 = ORIENTED_EDGE('',*,*,#8417,.T.);
#8417 = EDGE_CURVE('',#8410,#8378,#8418,.T.);
#8418 = LINE('',#8419,#8420);
#8419 = CARTESIAN_POINT('',(-0.775,-1.3425,0.6));
#8420 = VECTOR('',#8421,1.);
#8421 = DIRECTION('',(-1.110223024625E-16,1.,0.));
#8422 = ORIENTED_EDGE('',*,*,#8377,.T.);
#8423 = ORIENTED_EDGE('',*,*,#8027,.T.);
#8424 = ORIENTED_EDGE('',*,*,#8425,.T.);
#8425 = EDGE_CURVE('',#8020,#8426,#8428,.T.);
#8426 = VERTEX_POINT('',#8427);
#8427 = CARTESIAN_POINT('',(-0.725810707854,1.317905353927,0.95));
#8428 = B_SPLINE_CURVE_WITH_KNOTS('',1,(#8429,#8430),.UNSPECIFIED.,.F.,
  .F.,(2,2),(0.,1.),.PIECEWISE_BEZIER_KNOTS.);
#8429 = CARTESIAN_POINT('',(-0.775,1.3425,0.6));
#8430 = CARTESIAN_POINT('',(-0.725810707854,1.317905353927,0.95));
#8431 = ORIENTED_EDGE('',*,*,#8432,.F.);
#8432 = EDGE_CURVE('',#8433,#8426,#8435,.T.);
#8433 = VERTEX_POINT('',#8434);
#8434 = CARTESIAN_POINT('',(-0.725810707854,-1.317905353927,0.95));
#8435 = LINE('',#8436,#8437);
#8436 = CARTESIAN_POINT('',(-0.725810707854,-1.317905353927,0.95));
#8437 = VECTOR('',#8438,1.);
#8438 = DIRECTION('',(-1.110223024625E-16,1.,0.));
#8439 = ORIENTED_EDGE('',*,*,#8440,.F.);
#8440 = EDGE_CURVE('',#8400,#8433,#8441,.T.);
#8441 = B_SPLINE_CURVE_WITH_KNOTS('',1,(#8442,#8443),.UNSPECIFIED.,.F.,
  .F.,(2,2),(0.,1.),.PIECEWISE_BEZIER_KNOTS.);
#8442 = CARTESIAN_POINT('',(-0.775,-1.3425,0.6));
#8443 = CARTESIAN_POINT('',(-0.725810707854,-1.317905353927,0.95));
#8444 = B_SPLINE_SURFACE_WITH_KNOTS('',1,1,(
    (#8445,#8446)
    ,(#8447,#8448
    )),.UNSPECIFIED.,.F.,.F.,.F.,(2,2),(2,2),(0.,2.685),(0.,1.),
  .PIECEWISE_BEZIER_KNOTS.);
#8445 = CARTESIAN_POINT('',(-0.775,-1.3425,0.6));
#8446 = CARTESIAN_POINT('',(-0.725810707854,-1.317905353927,0.95));
#8447 = CARTESIAN_POINT('',(-0.775,1.3425,0.6));
#8448 = CARTESIAN_POINT('',(-0.725810707854,1.317905353927,0.95));
#8449 = ADVANCED_FACE('',(#8450),#8467,.F.);
#8450 = FACE_BOUND('',#8451,.F.);
#8451 = EDGE_LOOP('',(#8452,#8453,#8460,#8466));
#8452 = ORIENTED_EDGE('',*,*,#8019,.T.);
#8453 = ORIENTED_EDGE('',*,*,#8454,.T.);
#8454 = EDGE_CURVE('',#8012,#8455,#8457,.T.);
#8455 = VERTEX_POINT('',#8456);
#8456 = CARTESIAN_POINT('',(-0.667905353927,1.375810707854,0.95));
#8457 = B_SPLINE_CURVE_WITH_KNOTS('',1,(#8458,#8459),.UNSPECIFIED.,.F.,
  .F.,(2,2),(0.,1.),.PIECEWISE_BEZIER_KNOTS.);
#8458 = CARTESIAN_POINT('',(-0.6925,1.425,0.6));
#8459 = CARTESIAN_POINT('',(-0.667905353927,1.375810707854,0.95));
#8460 = ORIENTED_EDGE('',*,*,#8461,.F.);
#8461 = EDGE_CURVE('',#8426,#8455,#8462,.T.);
#8462 = LINE('',#8463,#8464);
#8463 = CARTESIAN_POINT('',(-0.725810707854,1.317905353927,0.95));
#8464 = VECTOR('',#8465,1.);
#8465 = DIRECTION('',(0.707106781187,0.707106781187,0.));
#8466 = ORIENTED_EDGE('',*,*,#8425,.F.);
#8467 = B_SPLINE_SURFACE_WITH_KNOTS('',1,1,(
    (#8468,#8469)
    ,(#8470,#8471
    )),.UNSPECIFIED.,.F.,.F.,.F.,(2,2),(2,2),(0.,0.116672618896),(0.,1.)
  ,.PIECEWISE_BEZIER_KNOTS.);
#8468 = CARTESIAN_POINT('',(-0.775,1.3425,0.6));
#8469 = CARTESIAN_POINT('',(-0.725810707854,1.317905353927,0.95));
#8470 = CARTESIAN_POINT('',(-0.6925,1.425,0.6));
#8471 = CARTESIAN_POINT('',(-0.667905353927,1.375810707854,0.95));
#8472 = ADVANCED_FACE('',(#8473),#8490,.F.);
#8473 = FACE_BOUND('',#8474,.F.);
#8474 = EDGE_LOOP('',(#8475,#8476,#8483,#8489));
#8475 = ORIENTED_EDGE('',*,*,#8011,.T.);
#8476 = ORIENTED_EDGE('',*,*,#8477,.T.);
#8477 = EDGE_CURVE('',#8004,#8478,#8480,.T.);
#8478 = VERTEX_POINT('',#8479);
#8479 = CARTESIAN_POINT('',(0.667905353927,1.375810707854,0.95));
#8480 = B_SPLINE_CURVE_WITH_KNOTS('',1,(#8481,#8482),.UNSPECIFIED.,.F.,
  .F.,(2,2),(0.,1.),.PIECEWISE_BEZIER_KNOTS.);
#8481 = CARTESIAN_POINT('',(0.6925,1.425,0.6));
#8482 = CARTESIAN_POINT('',(0.667905353927,1.375810707854,0.95));
#8483 = ORIENTED_EDGE('',*,*,#8484,.F.);
#8484 = EDGE_CURVE('',#8455,#8478,#8485,.T.);
#8485 = LINE('',#8486,#8487);
#8486 = CARTESIAN_POINT('',(-0.667905353927,1.375810707854,0.95));
#8487 = VECTOR('',#8488,1.);
#8488 = DIRECTION('',(1.,1.110223024625E-16,0.));
#8489 = ORIENTED_EDGE('',*,*,#8454,.F.);
#8490 = B_SPLINE_SURFACE_WITH_KNOTS('',1,1,(
    (#8491,#8492)
    ,(#8493,#8494
    )),.UNSPECIFIED.,.F.,.F.,.F.,(2,2),(2,2),(0.,1.385),(0.,1.),
  .PIECEWISE_BEZIER_KNOTS.);
#8491 = CARTESIAN_POINT('',(-0.6925,1.425,0.6));
#8492 = CARTESIAN_POINT('',(-0.667905353927,1.375810707854,0.95));
#8493 = CARTESIAN_POINT('',(0.6925,1.425,0.6));
#8494 = CARTESIAN_POINT('',(0.667905353927,1.375810707854,0.95));
#8495 = ADVANCED_FACE('',(#8496),#8513,.F.);
#8496 = FACE_BOUND('',#8497,.F.);
#8497 = EDGE_LOOP('',(#8498,#8499,#8506,#8512));
#8498 = ORIENTED_EDGE('',*,*,#8003,.T.);
#8499 = ORIENTED_EDGE('',*,*,#8500,.T.);
#8500 = EDGE_CURVE('',#7996,#8501,#8503,.T.);
#8501 = VERTEX_POINT('',#8502);
#8502 = CARTESIAN_POINT('',(0.725810707854,1.317905353927,0.95));
#8503 = B_SPLINE_CURVE_WITH_KNOTS('',1,(#8504,#8505),.UNSPECIFIED.,.F.,
  .F.,(2,2),(0.,1.),.PIECEWISE_BEZIER_KNOTS.);
#8504 = CARTESIAN_POINT('',(0.775,1.3425,0.6));
#8505 = CARTESIAN_POINT('',(0.725810707854,1.317905353927,0.95));
#8506 = ORIENTED_EDGE('',*,*,#8507,.F.);
#8507 = EDGE_CURVE('',#8478,#8501,#8508,.T.);
#8508 = LINE('',#8509,#8510);
#8509 = CARTESIAN_POINT('',(0.667905353927,1.375810707854,0.95));
#8510 = VECTOR('',#8511,1.);
#8511 = DIRECTION('',(0.707106781187,-0.707106781187,0.));
#8512 = ORIENTED_EDGE('',*,*,#8477,.F.);
#8513 = B_SPLINE_SURFACE_WITH_KNOTS('',1,1,(
    (#8514,#8515)
    ,(#8516,#8517
    )),.UNSPECIFIED.,.F.,.F.,.F.,(2,2),(2,2),(0.,0.116672618896),(0.,1.)
  ,.PIECEWISE_BEZIER_KNOTS.);
#8514 = CARTESIAN_POINT('',(0.6925,1.425,0.6));
#8515 = CARTESIAN_POINT('',(0.667905353927,1.375810707854,0.95));
#8516 = CARTESIAN_POINT('',(0.775,1.3425,0.6));
#8517 = CARTESIAN_POINT('',(0.725810707854,1.317905353927,0.95));
#8518 = ADVANCED_FACE('',(#8519),#8552,.F.);
#8519 = FACE_BOUND('',#8520,.F.);
#8520 = EDGE_LOOP('',(#8521,#8522,#8530,#8538,#8545,#8551));
#8521 = ORIENTED_EDGE('',*,*,#7995,.T.);
#8522 = ORIENTED_EDGE('',*,*,#8523,.T.);
#8523 = EDGE_CURVE('',#7988,#8524,#8526,.T.);
#8524 = VERTEX_POINT('',#8525);
#8525 = CARTESIAN_POINT('',(0.775,-0.175,0.6));
#8526 = LINE('',#8527,#8528);
#8527 = CARTESIAN_POINT('',(0.775,1.3425,0.6));
#8528 = VECTOR('',#8529,1.);
#8529 = DIRECTION('',(1.110223024625E-16,-1.,0.));
#8530 = ORIENTED_EDGE('',*,*,#8531,.T.);
#8531 = EDGE_CURVE('',#8524,#8532,#8534,.T.);
#8532 = VERTEX_POINT('',#8533);
#8533 = CARTESIAN_POINT('',(0.775,-1.3425,0.6));
#8534 = LINE('',#8535,#8536);
#8535 = CARTESIAN_POINT('',(0.775,1.3425,0.6));
#8536 = VECTOR('',#8537,1.);
#8537 = DIRECTION('',(1.110223024625E-16,-1.,0.));
#8538 = ORIENTED_EDGE('',*,*,#8539,.T.);
#8539 = EDGE_CURVE('',#8532,#8540,#8542,.T.);
#8540 = VERTEX_POINT('',#8541);
#8541 = CARTESIAN_POINT('',(0.725810707854,-1.317905353927,0.95));
#8542 = B_SPLINE_CURVE_WITH_KNOTS('',1,(#8543,#8544),.UNSPECIFIED.,.F.,
  .F.,(2,2),(0.,1.),.PIECEWISE_BEZIER_KNOTS.);
#8543 = CARTESIAN_POINT('',(0.775,-1.3425,0.6));
#8544 = CARTESIAN_POINT('',(0.725810707854,-1.317905353927,0.95));
#8545 = ORIENTED_EDGE('',*,*,#8546,.F.);
#8546 = EDGE_CURVE('',#8501,#8540,#8547,.T.);
#8547 = LINE('',#8548,#8549);
#8548 = CARTESIAN_POINT('',(0.725810707854,1.317905353927,0.95));
#8549 = VECTOR('',#8550,1.);
#8550 = DIRECTION('',(1.110223024625E-16,-1.,0.));
#8551 = ORIENTED_EDGE('',*,*,#8500,.F.);
#8552 = B_SPLINE_SURFACE_WITH_KNOTS('',1,1,(
    (#8553,#8554)
    ,(#8555,#8556
    )),.UNSPECIFIED.,.F.,.F.,.F.,(2,2),(2,2),(0.,2.685),(0.,1.),
  .PIECEWISE_BEZIER_KNOTS.);
#8553 = CARTESIAN_POINT('',(0.775,1.3425,0.6));
#8554 = CARTESIAN_POINT('',(0.725810707854,1.317905353927,0.95));
#8555 = CARTESIAN_POINT('',(0.775,-1.3425,0.6));
#8556 = CARTESIAN_POINT('',(0.725810707854,-1.317905353927,0.95));
#8557 = ADVANCED_FACE('',(#8558),#8590,.F.);
#8558 = FACE_BOUND('',#8559,.F.);
#8559 = EDGE_LOOP('',(#8560,#8568,#8576,#8582,#8588,#8589));
#8560 = ORIENTED_EDGE('',*,*,#8561,.F.);
#8561 = EDGE_CURVE('',#8562,#7980,#8564,.T.);
#8562 = VERTEX_POINT('',#8563);
#8563 = CARTESIAN_POINT('',(0.85,0.175,0.6));
#8564 = LINE('',#8565,#8566);
#8565 = CARTESIAN_POINT('',(0.85,0.175,0.6));
#8566 = VECTOR('',#8567,1.);
#8567 = DIRECTION('',(-1.,-1.110223024625E-16,0.));
#8568 = ORIENTED_EDGE('',*,*,#8569,.T.);
#8569 = EDGE_CURVE('',#8562,#8570,#8572,.T.);
#8570 = VERTEX_POINT('',#8571);
#8571 = CARTESIAN_POINT('',(0.85,-0.175,0.6));
#8572 = LINE('',#8573,#8574);
#8573 = CARTESIAN_POINT('',(0.85,0.175,0.6));
#8574 = VECTOR('',#8575,1.);
#8575 = DIRECTION('',(1.110223024625E-16,-1.,0.));
#8576 = ORIENTED_EDGE('',*,*,#8577,.T.);
#8577 = EDGE_CURVE('',#8570,#8262,#8578,.T.);
#8578 = LINE('',#8579,#8580);
#8579 = CARTESIAN_POINT('',(0.85,-0.175,0.6));
#8580 = VECTOR('',#8581,1.);
#8581 = DIRECTION('',(-1.,-1.110223024625E-16,0.));
#8582 = ORIENTED_EDGE('',*,*,#8583,.T.);
#8583 = EDGE_CURVE('',#8262,#8524,#8584,.T.);
#8584 = LINE('',#8585,#8586);
#8585 = CARTESIAN_POINT('',(0.85,-0.175,0.6));
#8586 = VECTOR('',#8587,1.);
#8587 = DIRECTION('',(-1.,-1.110223024625E-16,0.));
#8588 = ORIENTED_EDGE('',*,*,#8523,.F.);
#8589 = ORIENTED_EDGE('',*,*,#7987,.F.);
#8590 = PLANE('',#8591);
#8591 = AXIS2_PLACEMENT_3D('',#8592,#8593,#8594);
#8592 = CARTESIAN_POINT('',(0.85,0.175,0.6));
#8593 = DIRECTION('',(0.,0.,-1.));
#8594 = DIRECTION('',(-1.,-1.110223024625E-16,-0.));
#8595 = ADVANCED_FACE('',(#8596),#8634,.F.);
#8596 = FACE_BOUND('',#8597,.F.);
#8597 = EDGE_LOOP('',(#8598,#8599,#8600,#8601,#8602,#8603,#8604,#8610,
    #8611,#8619,#8627,#8633));
#8598 = ORIENTED_EDGE('',*,*,#8583,.F.);
#8599 = ORIENTED_EDGE('',*,*,#8277,.T.);
#8600 = ORIENTED_EDGE('',*,*,#8322,.T.);
#8601 = ORIENTED_EDGE('',*,*,#8339,.T.);
#8602 = ORIENTED_EDGE('',*,*,#8293,.T.);
#8603 = ORIENTED_EDGE('',*,*,#8089,.T.);
#8604 = ORIENTED_EDGE('',*,*,#8605,.T.);
#8605 = EDGE_CURVE('',#8082,#8402,#8606,.T.);
#8606 = LINE('',#8607,#8608);
#8607 = CARTESIAN_POINT('',(-0.85,-1.125,0.6));
#8608 = VECTOR('',#8609,1.);
#8609 = DIRECTION('',(1.,-1.144237745222E-17,0.));
#8610 = ORIENTED_EDGE('',*,*,#8399,.F.);
#8611 = ORIENTED_EDGE('',*,*,#8612,.F.);
#8612 = EDGE_CURVE('',#8613,#8400,#8615,.T.);
#8613 = VERTEX_POINT('',#8614);
#8614 = CARTESIAN_POINT('',(-0.6925,-1.425,0.6));
#8615 = LINE('',#8616,#8617);
#8616 = CARTESIAN_POINT('',(-0.6925,-1.425,0.6));
#8617 = VECTOR('',#8618,1.);
#8618 = DIRECTION('',(-0.707106781187,0.707106781187,0.));
#8619 = ORIENTED_EDGE('',*,*,#8620,.F.);
#8620 = EDGE_CURVE('',#8621,#8613,#8623,.T.);
#8621 = VERTEX_POINT('',#8622);
#8622 = CARTESIAN_POINT('',(0.6925,-1.425,0.6));
#8623 = LINE('',#8624,#8625);
#8624 = CARTESIAN_POINT('',(0.6925,-1.425,0.6));
#8625 = VECTOR('',#8626,1.);
#8626 = DIRECTION('',(-1.,-1.110223024625E-16,0.));
#8627 = ORIENTED_EDGE('',*,*,#8628,.F.);
#8628 = EDGE_CURVE('',#8532,#8621,#8629,.T.);
#8629 = LINE('',#8630,#8631);
#8630 = CARTESIAN_POINT('',(0.775,-1.3425,0.6));
#8631 = VECTOR('',#8632,1.);
#8632 = DIRECTION('',(-0.707106781187,-0.707106781187,0.));
#8633 = ORIENTED_EDGE('',*,*,#8531,.F.);
#8634 = PLANE('',#8635);
#8635 = AXIS2_PLACEMENT_3D('',#8636,#8637,#8638);
#8636 = CARTESIAN_POINT('',(-2.091417030376E-16,1.4375,0.6));
#8637 = DIRECTION('',(2.888762391192E-17,8.634073551009E-28,-1.));
#8638 = DIRECTION('',(1.,1.51922136901E-16,2.888762391192E-17));
#8639 = ADVANCED_FACE('',(#8640),#8726,.F.);
#8640 = FACE_BOUND('',#8641,.F.);
#8641 = EDGE_LOOP('',(#8642,#8643,#8644,#8653,#8661,#8670,#8678,#8686,
    #8694,#8703,#8711,#8720));
#8642 = ORIENTED_EDGE('',*,*,#8081,.F.);
#8643 = ORIENTED_EDGE('',*,*,#8103,.T.);
#8644 = ORIENTED_EDGE('',*,*,#8645,.T.);
#8645 = EDGE_CURVE('',#8104,#8646,#8648,.T.);
#8646 = VERTEX_POINT('',#8647);
#8647 = CARTESIAN_POINT('',(-0.948480775301,-1.125,0.367364817767));
#8648 = CIRCLE('',#8649,0.1);
#8649 = AXIS2_PLACEMENT_3D('',#8650,#8651,#8652);
#8650 = CARTESIAN_POINT('',(-0.85,-1.125,0.35));
#8651 = DIRECTION('',(-1.144237745222E-17,-1.,0.));
#8652 = DIRECTION('',(0.,0.,1.));
#8653 = ORIENTED_EDGE('',*,*,#8654,.T.);
#8654 = EDGE_CURVE('',#8646,#8655,#8657,.T.);
#8655 = VERTEX_POINT('',#8656);
#8656 = CARTESIAN_POINT('',(-0.971430759818,-1.125,0.206587955583));
#8657 = LINE('',#8658,#8659);
#8658 = CARTESIAN_POINT('',(-0.948480775301,-1.125,0.367364817767));
#8659 = VECTOR('',#8660,1.);
#8660 = DIRECTION('',(-0.14131190243,1.616944126098E-18,-0.989965123745)
  );
#8661 = ORIENTED_EDGE('',*,*,#8662,.T.);
#8662 = EDGE_CURVE('',#8655,#8663,#8665,.T.);
#8663 = VERTEX_POINT('',#8664);
#8664 = CARTESIAN_POINT('',(-1.217632698071,-1.125,5.551115123126E-17));
#8665 = CIRCLE('',#8666,0.25);
#8666 = AXIS2_PLACEMENT_3D('',#8667,#8668,#8669);
#8667 = CARTESIAN_POINT('',(-1.217632698071,-1.125,0.25));
#8668 = DIRECTION('',(1.144237745222E-17,1.,3.851859888774E-34));
#8669 = DIRECTION('',(0.984807753012,-1.126854202784E-17,-0.173648177667
    ));
#8670 = ORIENTED_EDGE('',*,*,#8671,.T.);
#8671 = EDGE_CURVE('',#8663,#8672,#8674,.T.);
#8672 = VERTEX_POINT('',#8673);
#8673 = CARTESIAN_POINT('',(-1.4,-1.125,5.551115123126E-17));
#8674 = LINE('',#8675,#8676);
#8675 = CARTESIAN_POINT('',(-1.217632698071,-1.125,5.551115123126E-17));
#8676 = VECTOR('',#8677,1.);
#8677 = DIRECTION('',(-1.,1.144237745222E-17,0.));
#8678 = ORIENTED_EDGE('',*,*,#8679,.T.);
#8679 = EDGE_CURVE('',#8672,#8680,#8682,.T.);
#8680 = VERTEX_POINT('',#8681);
#8681 = CARTESIAN_POINT('',(-1.4,-1.125,0.15));
#8682 = LINE('',#8683,#8684);
#8683 = CARTESIAN_POINT('',(-1.4,-1.125,5.551115123126E-17));
#8684 = VECTOR('',#8685,1.);
#8685 = DIRECTION('',(0.,0.,1.));
#8686 = ORIENTED_EDGE('',*,*,#8687,.T.);
#8687 = EDGE_CURVE('',#8680,#8688,#8690,.T.);
#8688 = VERTEX_POINT('',#8689);
#8689 = CARTESIAN_POINT('',(-1.217632698071,-1.125,0.15));
#8690 = LINE('',#8691,#8692);
#8691 = CARTESIAN_POINT('',(-1.4,-1.125,0.15));
#8692 = VECTOR('',#8693,1.);
#8693 = DIRECTION('',(1.,-1.144237745222E-17,0.));
#8694 = ORIENTED_EDGE('',*,*,#8695,.T.);
#8695 = EDGE_CURVE('',#8688,#8696,#8698,.T.);
#8696 = VERTEX_POINT('',#8697);
#8697 = CARTESIAN_POINT('',(-1.11915192277,-1.125,0.232635182233));
#8698 = CIRCLE('',#8699,0.1);
#8699 = AXIS2_PLACEMENT_3D('',#8700,#8701,#8702);
#8700 = CARTESIAN_POINT('',(-1.217632698071,-1.125,0.25));
#8701 = DIRECTION('',(-1.144237745222E-17,-1.,1.094764425254E-47));
#8702 = DIRECTION('',(-2.22044604925E-15,2.540718180781E-32,-1.));
#8703 = ORIENTED_EDGE('',*,*,#8704,.T.);
#8704 = EDGE_CURVE('',#8696,#8705,#8707,.T.);
#8705 = VERTEX_POINT('',#8706);
#8706 = CARTESIAN_POINT('',(-1.096201938253,-1.125,0.393412044417));
#8707 = LINE('',#8708,#8709);
#8708 = CARTESIAN_POINT('',(-1.11915192277,-1.125,0.232635182233));
#8709 = VECTOR('',#8710,1.);
#8710 = DIRECTION('',(0.14131190243,-1.616944126098E-18,0.989965123745)
  );
#8711 = ORIENTED_EDGE('',*,*,#8712,.T.);
#8712 = EDGE_CURVE('',#8705,#8713,#8715,.T.);
#8713 = VERTEX_POINT('',#8714);
#8714 = CARTESIAN_POINT('',(-0.85,-1.125,0.6));
#8715 = CIRCLE('',#8716,0.25);
#8716 = AXIS2_PLACEMENT_3D('',#8717,#8718,#8719);
#8717 = CARTESIAN_POINT('',(-0.85,-1.125,0.35));
#8718 = DIRECTION('',(1.144237745222E-17,1.,0.));
#8719 = DIRECTION('',(-0.984807753012,1.126854202784E-17,0.173648177667)
  );
#8720 = ORIENTED_EDGE('',*,*,#8721,.T.);
#8721 = EDGE_CURVE('',#8713,#8082,#8722,.T.);
#8722 = LINE('',#8723,#8724);
#8723 = CARTESIAN_POINT('',(-0.85,-1.125,0.6));
#8724 = VECTOR('',#8725,1.);
#8725 = DIRECTION('',(1.,-1.144237745222E-17,0.));
#8726 = PLANE('',#8727);
#8727 = AXIS2_PLACEMENT_3D('',#8728,#8729,#8730);
#8728 = CARTESIAN_POINT('',(-1.064349127789,-1.125,0.282825311951));
#8729 = DIRECTION('',(1.144237745222E-17,1.,0.));
#8730 = DIRECTION('',(0.,-0.,1.));
#8731 = ADVANCED_FACE('',(#8732),#8751,.F.);
#8732 = FACE_BOUND('',#8733,.F.);
#8733 = EDGE_LOOP('',(#8734,#8735,#8744,#8750));
#8734 = ORIENTED_EDGE('',*,*,#8120,.T.);
#8735 = ORIENTED_EDGE('',*,*,#8736,.T.);
#8736 = EDGE_CURVE('',#8113,#8737,#8739,.T.);
#8737 = VERTEX_POINT('',#8738);
#8738 = CARTESIAN_POINT('',(-0.948480775301,-0.775,0.367364817767));
#8739 = CIRCLE('',#8740,0.1);
#8740 = AXIS2_PLACEMENT_3D('',#8741,#8742,#8743);
#8741 = CARTESIAN_POINT('',(-0.85,-0.775,0.35));
#8742 = DIRECTION('',(-1.144237745222E-17,-1.,0.));
#8743 = DIRECTION('',(0.,0.,1.));
#8744 = ORIENTED_EDGE('',*,*,#8745,.F.);
#8745 = EDGE_CURVE('',#8646,#8737,#8746,.T.);
#8746 = LINE('',#8747,#8748);
#8747 = CARTESIAN_POINT('',(-0.948480775301,-1.125,0.367364817767));
#8748 = VECTOR('',#8749,1.);
#8749 = DIRECTION('',(1.144237745222E-17,1.,0.));
#8750 = ORIENTED_EDGE('',*,*,#8645,.F.);
#8751 = CYLINDRICAL_SURFACE('',#8752,0.1);
#8752 = AXIS2_PLACEMENT_3D('',#8753,#8754,#8755);
#8753 = CARTESIAN_POINT('',(-0.85,-1.125,0.35));
#8754 = DIRECTION('',(-1.144237745222E-17,-1.,0.));
#8755 = DIRECTION('',(0.,0.,1.));
#8756 = ADVANCED_FACE('',(#8757),#8835,.T.);
#8757 = FACE_BOUND('',#8758,.T.);
#8758 = EDGE_LOOP('',(#8759,#8760,#8761,#8762,#8770,#8779,#8787,#8795,
    #8803,#8812,#8820,#8829));
#8759 = ORIENTED_EDGE('',*,*,#8134,.F.);
#8760 = ORIENTED_EDGE('',*,*,#8112,.T.);
#8761 = ORIENTED_EDGE('',*,*,#8736,.T.);
#8762 = ORIENTED_EDGE('',*,*,#8763,.T.);
#8763 = EDGE_CURVE('',#8737,#8764,#8766,.T.);
#8764 = VERTEX_POINT('',#8765);
#8765 = CARTESIAN_POINT('',(-0.971430759818,-0.775,0.206587955583));
#8766 = LINE('',#8767,#8768);
#8767 = CARTESIAN_POINT('',(-0.948480775301,-0.775,0.367364817767));
#8768 = VECTOR('',#8769,1.);
#8769 = DIRECTION('',(-0.14131190243,1.616944126098E-18,-0.989965123745)
  );
#8770 = ORIENTED_EDGE('',*,*,#8771,.T.);
#8771 = EDGE_CURVE('',#8764,#8772,#8774,.T.);
#8772 = VERTEX_POINT('',#8773);
#8773 = CARTESIAN_POINT('',(-1.217632698071,-0.775,5.551115123126E-17));
#8774 = CIRCLE('',#8775,0.25);
#8775 = AXIS2_PLACEMENT_3D('',#8776,#8777,#8778);
#8776 = CARTESIAN_POINT('',(-1.217632698071,-0.775,0.25));
#8777 = DIRECTION('',(1.144237745222E-17,1.,3.851859888774E-34));
#8778 = DIRECTION('',(0.984807753012,-1.126854202784E-17,-0.173648177667
    ));
#8779 = ORIENTED_EDGE('',*,*,#8780,.T.);
#8780 = EDGE_CURVE('',#8772,#8781,#8783,.T.);
#8781 = VERTEX_POINT('',#8782);
#8782 = CARTESIAN_POINT('',(-1.4,-0.775,5.551115123126E-17));
#8783 = LINE('',#8784,#8785);
#8784 = CARTESIAN_POINT('',(-1.217632698071,-0.775,5.551115123126E-17));
#8785 = VECTOR('',#8786,1.);
#8786 = DIRECTION('',(-1.,1.144237745222E-17,0.));
#8787 = ORIENTED_EDGE('',*,*,#8788,.T.);
#8788 = EDGE_CURVE('',#8781,#8789,#8791,.T.);
#8789 = VERTEX_POINT('',#8790);
#8790 = CARTESIAN_POINT('',(-1.4,-0.775,0.15));
#8791 = LINE('',#8792,#8793);
#8792 = CARTESIAN_POINT('',(-1.4,-0.775,5.551115123126E-17));
#8793 = VECTOR('',#8794,1.);
#8794 = DIRECTION('',(0.,0.,1.));
#8795 = ORIENTED_EDGE('',*,*,#8796,.T.);
#8796 = EDGE_CURVE('',#8789,#8797,#8799,.T.);
#8797 = VERTEX_POINT('',#8798);
#8798 = CARTESIAN_POINT('',(-1.217632698071,-0.775,0.15));
#8799 = LINE('',#8800,#8801);
#8800 = CARTESIAN_POINT('',(-1.4,-0.775,0.15));
#8801 = VECTOR('',#8802,1.);
#8802 = DIRECTION('',(1.,-1.144237745222E-17,0.));
#8803 = ORIENTED_EDGE('',*,*,#8804,.T.);
#8804 = EDGE_CURVE('',#8797,#8805,#8807,.T.);
#8805 = VERTEX_POINT('',#8806);
#8806 = CARTESIAN_POINT('',(-1.11915192277,-0.775,0.232635182233));
#8807 = CIRCLE('',#8808,0.1);
#8808 = AXIS2_PLACEMENT_3D('',#8809,#8810,#8811);
#8809 = CARTESIAN_POINT('',(-1.217632698071,-0.775,0.25));
#8810 = DIRECTION('',(-1.144237745222E-17,-1.,1.094764425254E-47));
#8811 = DIRECTION('',(-2.22044604925E-15,2.540718180781E-32,-1.));
#8812 = ORIENTED_EDGE('',*,*,#8813,.T.);
#8813 = EDGE_CURVE('',#8805,#8814,#8816,.T.);
#8814 = VERTEX_POINT('',#8815);
#8815 = CARTESIAN_POINT('',(-1.096201938253,-0.775,0.393412044417));
#8816 = LINE('',#8817,#8818);
#8817 = CARTESIAN_POINT('',(-1.11915192277,-0.775,0.232635182233));
#8818 = VECTOR('',#8819,1.);
#8819 = DIRECTION('',(0.14131190243,-1.616944126098E-18,0.989965123745)
  );
#8820 = ORIENTED_EDGE('',*,*,#8821,.T.);
#8821 = EDGE_CURVE('',#8814,#8822,#8824,.T.);
#8822 = VERTEX_POINT('',#8823);
#8823 = CARTESIAN_POINT('',(-0.85,-0.775,0.6));
#8824 = CIRCLE('',#8825,0.25);
#8825 = AXIS2_PLACEMENT_3D('',#8826,#8827,#8828);
#8826 = CARTESIAN_POINT('',(-0.85,-0.775,0.35));
#8827 = DIRECTION('',(1.144237745222E-17,1.,0.));
#8828 = DIRECTION('',(-0.984807753012,1.126854202784E-17,0.173648177667)
  );
#8829 = ORIENTED_EDGE('',*,*,#8830,.T.);
#8830 = EDGE_CURVE('',#8822,#8135,#8831,.T.);
#8831 = LINE('',#8832,#8833);
#8832 = CARTESIAN_POINT('',(-0.85,-0.775,0.6));
#8833 = VECTOR('',#8834,1.);
#8834 = DIRECTION('',(1.,-1.144237745222E-17,0.));
#8835 = PLANE('',#8836);
#8836 = AXIS2_PLACEMENT_3D('',#8837,#8838,#8839);
#8837 = CARTESIAN_POINT('',(-1.064349127789,-0.775,0.282825311951));
#8838 = DIRECTION('',(1.144237745222E-17,1.,0.));
#8839 = DIRECTION('',(0.,-0.,1.));
#8840 = ADVANCED_FACE('',(#8841),#8852,.F.);
#8841 = FACE_BOUND('',#8842,.F.);
#8842 = EDGE_LOOP('',(#8843,#8844,#8845,#8846));
#8843 = ORIENTED_EDGE('',*,*,#8151,.T.);
#8844 = ORIENTED_EDGE('',*,*,#8385,.T.);
#8845 = ORIENTED_EDGE('',*,*,#8417,.F.);
#8846 = ORIENTED_EDGE('',*,*,#8847,.F.);
#8847 = EDGE_CURVE('',#8135,#8410,#8848,.T.);
#8848 = LINE('',#8849,#8850);
#8849 = CARTESIAN_POINT('',(-0.85,-0.775,0.6));
#8850 = VECTOR('',#8851,1.);
#8851 = DIRECTION('',(1.,-1.144237745222E-17,0.));
#8852 = PLANE('',#8853);
#8853 = AXIS2_PLACEMENT_3D('',#8854,#8855,#8856);
#8854 = CARTESIAN_POINT('',(-2.091417030376E-16,1.4375,0.6));
#8855 = DIRECTION('',(2.888762391192E-17,8.634073551009E-28,-1.));
#8856 = DIRECTION('',(1.,1.51922136901E-16,2.888762391192E-17));
#8857 = ADVANCED_FACE('',(#8858),#8937,.F.);
#8858 = FACE_BOUND('',#8859,.F.);
#8859 = EDGE_LOOP('',(#8860,#8861,#8862,#8871,#8879,#8888,#8896,#8904,
    #8912,#8921,#8929,#8936));
#8860 = ORIENTED_EDGE('',*,*,#8143,.F.);
#8861 = ORIENTED_EDGE('',*,*,#8165,.T.);
#8862 = ORIENTED_EDGE('',*,*,#8863,.T.);
#8863 = EDGE_CURVE('',#8166,#8864,#8866,.T.);
#8864 = VERTEX_POINT('',#8865);
#8865 = CARTESIAN_POINT('',(-0.948480775301,0.775,0.367364817767));
#8866 = CIRCLE('',#8867,0.1);
#8867 = AXIS2_PLACEMENT_3D('',#8868,#8869,#8870);
#8868 = CARTESIAN_POINT('',(-0.85,0.775,0.35));
#8869 = DIRECTION('',(-1.144237745222E-17,-1.,0.));
#8870 = DIRECTION('',(0.,0.,1.));
#8871 = ORIENTED_EDGE('',*,*,#8872,.T.);
#8872 = EDGE_CURVE('',#8864,#8873,#8875,.T.);
#8873 = VERTEX_POINT('',#8874);
#8874 = CARTESIAN_POINT('',(-0.971430759818,0.775,0.206587955583));
#8875 = LINE('',#8876,#8877);
#8876 = CARTESIAN_POINT('',(-0.948480775301,0.775,0.367364817767));
#8877 = VECTOR('',#8878,1.);
#8878 = DIRECTION('',(-0.14131190243,1.616944126098E-18,-0.989965123745)
  );
#8879 = ORIENTED_EDGE('',*,*,#8880,.T.);
#8880 = EDGE_CURVE('',#8873,#8881,#8883,.T.);
#8881 = VERTEX_POINT('',#8882);
#8882 = CARTESIAN_POINT('',(-1.217632698071,0.775,5.551115123126E-17));
#8883 = CIRCLE('',#8884,0.25);
#8884 = AXIS2_PLACEMENT_3D('',#8885,#8886,#8887);
#8885 = CARTESIAN_POINT('',(-1.217632698071,0.775,0.25));
#8886 = DIRECTION('',(1.144237745222E-17,1.,3.851859888774E-34));
#8887 = DIRECTION('',(0.984807753012,-1.126854202784E-17,-0.173648177667
    ));
#8888 = ORIENTED_EDGE('',*,*,#8889,.T.);
#8889 = EDGE_CURVE('',#8881,#8890,#8892,.T.);
#8890 = VERTEX_POINT('',#8891);
#8891 = CARTESIAN_POINT('',(-1.4,0.775,5.551115123126E-17));
#8892 = LINE('',#8893,#8894);
#8893 = CARTESIAN_POINT('',(-1.217632698071,0.775,5.551115123126E-17));
#8894 = VECTOR('',#8895,1.);
#8895 = DIRECTION('',(-1.,1.144237745222E-17,0.));
#8896 = ORIENTED_EDGE('',*,*,#8897,.T.);
#8897 = EDGE_CURVE('',#8890,#8898,#8900,.T.);
#8898 = VERTEX_POINT('',#8899);
#8899 = CARTESIAN_POINT('',(-1.4,0.775,0.15));
#8900 = LINE('',#8901,#8902);
#8901 = CARTESIAN_POINT('',(-1.4,0.775,5.551115123126E-17));
#8902 = VECTOR('',#8903,1.);
#8903 = DIRECTION('',(0.,0.,1.));
#8904 = ORIENTED_EDGE('',*,*,#8905,.T.);
#8905 = EDGE_CURVE('',#8898,#8906,#8908,.T.);
#8906 = VERTEX_POINT('',#8907);
#8907 = CARTESIAN_POINT('',(-1.217632698071,0.775,0.15));
#8908 = LINE('',#8909,#8910);
#8909 = CARTESIAN_POINT('',(-1.4,0.775,0.15));
#8910 = VECTOR('',#8911,1.);
#8911 = DIRECTION('',(1.,-1.144237745222E-17,0.));
#8912 = ORIENTED_EDGE('',*,*,#8913,.T.);
#8913 = EDGE_CURVE('',#8906,#8914,#8916,.T.);
#8914 = VERTEX_POINT('',#8915);
#8915 = CARTESIAN_POINT('',(-1.11915192277,0.775,0.232635182233));
#8916 = CIRCLE('',#8917,0.1);
#8917 = AXIS2_PLACEMENT_3D('',#8918,#8919,#8920);
#8918 = CARTESIAN_POINT('',(-1.217632698071,0.775,0.25));
#8919 = DIRECTION('',(-1.144237745222E-17,-1.,1.094764425254E-47));
#8920 = DIRECTION('',(-2.22044604925E-15,2.540718180781E-32,-1.));
#8921 = ORIENTED_EDGE('',*,*,#8922,.T.);
#8922 = EDGE_CURVE('',#8914,#8923,#8925,.T.);
#8923 = VERTEX_POINT('',#8924);
#8924 = CARTESIAN_POINT('',(-1.096201938253,0.775,0.393412044417));
#8925 = LINE('',#8926,#8927);
#8926 = CARTESIAN_POINT('',(-1.11915192277,0.775,0.232635182233));
#8927 = VECTOR('',#8928,1.);
#8928 = DIRECTION('',(0.14131190243,-1.616944126098E-18,0.989965123745)
  );
#8929 = ORIENTED_EDGE('',*,*,#8930,.T.);
#8930 = EDGE_CURVE('',#8923,#8355,#8931,.T.);
#8931 = CIRCLE('',#8932,0.25);
#8932 = AXIS2_PLACEMENT_3D('',#8933,#8934,#8935);
#8933 = CARTESIAN_POINT('',(-0.85,0.775,0.35));
#8934 = DIRECTION('',(1.144237745222E-17,1.,0.));
#8935 = DIRECTION('',(-0.984807753012,1.126854202784E-17,0.173648177667)
  );
#8936 = ORIENTED_EDGE('',*,*,#8354,.T.);
#8937 = PLANE('',#8938);
#8938 = AXIS2_PLACEMENT_3D('',#8939,#8940,#8941);
#8939 = CARTESIAN_POINT('',(-1.064349127789,0.775,0.282825311951));
#8940 = DIRECTION('',(1.144237745222E-17,1.,0.));
#8941 = DIRECTION('',(0.,-0.,1.));
#8942 = ADVANCED_FACE('',(#8943),#8962,.F.);
#8943 = FACE_BOUND('',#8944,.F.);
#8944 = EDGE_LOOP('',(#8945,#8946,#8955,#8961));
#8945 = ORIENTED_EDGE('',*,*,#8182,.T.);
#8946 = ORIENTED_EDGE('',*,*,#8947,.T.);
#8947 = EDGE_CURVE('',#8175,#8948,#8950,.T.);
#8948 = VERTEX_POINT('',#8949);
#8949 = CARTESIAN_POINT('',(-0.948480775301,1.125,0.367364817767));
#8950 = CIRCLE('',#8951,0.1);
#8951 = AXIS2_PLACEMENT_3D('',#8952,#8953,#8954);
#8952 = CARTESIAN_POINT('',(-0.85,1.125,0.35));
#8953 = DIRECTION('',(-1.144237745222E-17,-1.,0.));
#8954 = DIRECTION('',(0.,0.,1.));
#8955 = ORIENTED_EDGE('',*,*,#8956,.F.);
#8956 = EDGE_CURVE('',#8864,#8948,#8957,.T.);
#8957 = LINE('',#8958,#8959);
#8958 = CARTESIAN_POINT('',(-0.948480775301,0.775,0.367364817767));
#8959 = VECTOR('',#8960,1.);
#8960 = DIRECTION('',(1.144237745222E-17,1.,0.));
#8961 = ORIENTED_EDGE('',*,*,#8863,.F.);
#8962 = CYLINDRICAL_SURFACE('',#8963,0.1);
#8963 = AXIS2_PLACEMENT_3D('',#8964,#8965,#8966);
#8964 = CARTESIAN_POINT('',(-0.85,0.775,0.35));
#8965 = DIRECTION('',(-1.144237745222E-17,-1.,0.));
#8966 = DIRECTION('',(0.,0.,1.));
#8967 = ADVANCED_FACE('',(#8968),#9039,.T.);
#8968 = FACE_BOUND('',#8969,.T.);
#8969 = EDGE_LOOP('',(#8970,#8971,#8972,#8973,#8981,#8990,#8998,#9006,
    #9014,#9023,#9031,#9038));
#8970 = ORIENTED_EDGE('',*,*,#8196,.F.);
#8971 = ORIENTED_EDGE('',*,*,#8174,.T.);
#8972 = ORIENTED_EDGE('',*,*,#8947,.T.);
#8973 = ORIENTED_EDGE('',*,*,#8974,.T.);
#8974 = EDGE_CURVE('',#8948,#8975,#8977,.T.);
#8975 = VERTEX_POINT('',#8976);
#8976 = CARTESIAN_POINT('',(-0.971430759818,1.125,0.206587955583));
#8977 = LINE('',#8978,#8979);
#8978 = CARTESIAN_POINT('',(-0.948480775301,1.125,0.367364817767));
#8979 = VECTOR('',#8980,1.);
#8980 = DIRECTION('',(-0.14131190243,1.616944126098E-18,-0.989965123745)
  );
#8981 = ORIENTED_EDGE('',*,*,#8982,.T.);
#8982 = EDGE_CURVE('',#8975,#8983,#8985,.T.);
#8983 = VERTEX_POINT('',#8984);
#8984 = CARTESIAN_POINT('',(-1.217632698071,1.125,5.551115123126E-17));
#8985 = CIRCLE('',#8986,0.25);
#8986 = AXIS2_PLACEMENT_3D('',#8987,#8988,#8989);
#8987 = CARTESIAN_POINT('',(-1.217632698071,1.125,0.25));
#8988 = DIRECTION('',(1.144237745222E-17,1.,3.851859888774E-34));
#8989 = DIRECTION('',(0.984807753012,-1.126854202784E-17,-0.173648177667
    ));
#8990 = ORIENTED_EDGE('',*,*,#8991,.T.);
#8991 = EDGE_CURVE('',#8983,#8992,#8994,.T.);
#8992 = VERTEX_POINT('',#8993);
#8993 = CARTESIAN_POINT('',(-1.4,1.125,5.551115123126E-17));
#8994 = LINE('',#8995,#8996);
#8995 = CARTESIAN_POINT('',(-1.217632698071,1.125,5.551115123126E-17));
#8996 = VECTOR('',#8997,1.);
#8997 = DIRECTION('',(-1.,1.144237745222E-17,0.));
#8998 = ORIENTED_EDGE('',*,*,#8999,.T.);
#8999 = EDGE_CURVE('',#8992,#9000,#9002,.T.);
#9000 = VERTEX_POINT('',#9001);
#9001 = CARTESIAN_POINT('',(-1.4,1.125,0.15));
#9002 = LINE('',#9003,#9004);
#9003 = CARTESIAN_POINT('',(-1.4,1.125,5.551115123126E-17));
#9004 = VECTOR('',#9005,1.);
#9005 = DIRECTION('',(0.,0.,1.));
#9006 = ORIENTED_EDGE('',*,*,#9007,.T.);
#9007 = EDGE_CURVE('',#9000,#9008,#9010,.T.);
#9008 = VERTEX_POINT('',#9009);
#9009 = CARTESIAN_POINT('',(-1.217632698071,1.125,0.15));
#9010 = LINE('',#9011,#9012);
#9011 = CARTESIAN_POINT('',(-1.4,1.125,0.15));
#9012 = VECTOR('',#9013,1.);
#9013 = DIRECTION('',(1.,-1.144237745222E-17,0.));
#9014 = ORIENTED_EDGE('',*,*,#9015,.T.);
#9015 = EDGE_CURVE('',#9008,#9016,#9018,.T.);
#9016 = VERTEX_POINT('',#9017);
#9017 = CARTESIAN_POINT('',(-1.11915192277,1.125,0.232635182233));
#9018 = CIRCLE('',#9019,0.1);
#9019 = AXIS2_PLACEMENT_3D('',#9020,#9021,#9022);
#9020 = CARTESIAN_POINT('',(-1.217632698071,1.125,0.25));
#9021 = DIRECTION('',(-1.144237745222E-17,-1.,1.094764425254E-47));
#9022 = DIRECTION('',(-2.22044604925E-15,2.540718180781E-32,-1.));
#9023 = ORIENTED_EDGE('',*,*,#9024,.T.);
#9024 = EDGE_CURVE('',#9016,#9025,#9027,.T.);
#9025 = VERTEX_POINT('',#9026);
#9026 = CARTESIAN_POINT('',(-1.096201938253,1.125,0.393412044417));
#9027 = LINE('',#9028,#9029);
#9028 = CARTESIAN_POINT('',(-1.11915192277,1.125,0.232635182233));
#9029 = VECTOR('',#9030,1.);
#9030 = DIRECTION('',(0.14131190243,-1.616944126098E-18,0.989965123745)
  );
#9031 = ORIENTED_EDGE('',*,*,#9032,.T.);
#9032 = EDGE_CURVE('',#9025,#8363,#9033,.T.);
#9033 = CIRCLE('',#9034,0.25);
#9034 = AXIS2_PLACEMENT_3D('',#9035,#9036,#9037);
#9035 = CARTESIAN_POINT('',(-0.85,1.125,0.35));
#9036 = DIRECTION('',(1.144237745222E-17,1.,0.));
#9037 = DIRECTION('',(-0.984807753012,1.126854202784E-17,0.173648177667)
  );
#9038 = ORIENTED_EDGE('',*,*,#8370,.T.);
#9039 = PLANE('',#9040);
#9040 = AXIS2_PLACEMENT_3D('',#9041,#9042,#9043);
#9041 = CARTESIAN_POINT('',(-1.064349127789,1.125,0.282825311951));
#9042 = DIRECTION('',(1.144237745222E-17,1.,0.));
#9043 = DIRECTION('',(0.,-0.,1.));
#9044 = ADVANCED_FACE('',(#9045),#9124,.F.);
#9045 = FACE_BOUND('',#9046,.F.);
#9046 = EDGE_LOOP('',(#9047,#9048,#9049,#9058,#9066,#9075,#9083,#9091,
    #9099,#9108,#9116,#9123));
#9047 = ORIENTED_EDGE('',*,*,#8215,.F.);
#9048 = ORIENTED_EDGE('',*,*,#8230,.T.);
#9049 = ORIENTED_EDGE('',*,*,#9050,.T.);
#9050 = EDGE_CURVE('',#8231,#9051,#9053,.T.);
#9051 = VERTEX_POINT('',#9052);
#9052 = CARTESIAN_POINT('',(0.948480775301,0.175,0.367364817767));
#9053 = CIRCLE('',#9054,0.1);
#9054 = AXIS2_PLACEMENT_3D('',#9055,#9056,#9057);
#9055 = CARTESIAN_POINT('',(0.85,0.175,0.35));
#9056 = DIRECTION('',(-1.110223024625E-16,1.,0.));
#9057 = DIRECTION('',(0.,0.,1.));
#9058 = ORIENTED_EDGE('',*,*,#9059,.T.);
#9059 = EDGE_CURVE('',#9051,#9060,#9062,.T.);
#9060 = VERTEX_POINT('',#9061);
#9061 = CARTESIAN_POINT('',(0.971430759818,0.175,0.206587955583));
#9062 = LINE('',#9063,#9064);
#9063 = CARTESIAN_POINT('',(0.948480775301,0.175,0.367364817767));
#9064 = VECTOR('',#9065,1.);
#9065 = DIRECTION('',(0.14131190243,1.568877277316E-17,-0.989965123745)
  );
#9066 = ORIENTED_EDGE('',*,*,#9067,.T.);
#9067 = EDGE_CURVE('',#9060,#9068,#9070,.T.);
#9068 = VERTEX_POINT('',#9069);
#9069 = CARTESIAN_POINT('',(1.217632698071,0.175,5.551115123126E-17));
#9070 = CIRCLE('',#9071,0.25);
#9071 = AXIS2_PLACEMENT_3D('',#9072,#9073,#9074);
#9072 = CARTESIAN_POINT('',(1.217632698071,0.175,0.25));
#9073 = DIRECTION('',(1.110223024625E-16,-1.,0.));
#9074 = DIRECTION('',(-0.984807753012,-1.093356242223E-16,
    -0.173648177667));
#9075 = ORIENTED_EDGE('',*,*,#9076,.T.);
#9076 = EDGE_CURVE('',#9068,#9077,#9079,.T.);
#9077 = VERTEX_POINT('',#9078);
#9078 = CARTESIAN_POINT('',(1.4,0.175,5.551115123126E-17));
#9079 = LINE('',#9080,#9081);
#9080 = CARTESIAN_POINT('',(1.217632698071,0.175,5.551115123126E-17));
#9081 = VECTOR('',#9082,1.);
#9082 = DIRECTION('',(1.,1.110223024625E-16,0.));
#9083 = ORIENTED_EDGE('',*,*,#9084,.T.);
#9084 = EDGE_CURVE('',#9077,#9085,#9087,.T.);
#9085 = VERTEX_POINT('',#9086);
#9086 = CARTESIAN_POINT('',(1.4,0.175,0.15));
#9087 = LINE('',#9088,#9089);
#9088 = CARTESIAN_POINT('',(1.4,0.175,5.551115123126E-17));
#9089 = VECTOR('',#9090,1.);
#9090 = DIRECTION('',(0.,0.,1.));
#9091 = ORIENTED_EDGE('',*,*,#9092,.T.);
#9092 = EDGE_CURVE('',#9085,#9093,#9095,.T.);
#9093 = VERTEX_POINT('',#9094);
#9094 = CARTESIAN_POINT('',(1.217632698071,0.175,0.15));
#9095 = LINE('',#9096,#9097);
#9096 = CARTESIAN_POINT('',(1.4,0.175,0.15));
#9097 = VECTOR('',#9098,1.);
#9098 = DIRECTION('',(-1.,-1.110223024625E-16,0.));
#9099 = ORIENTED_EDGE('',*,*,#9100,.T.);
#9100 = EDGE_CURVE('',#9093,#9101,#9103,.T.);
#9101 = VERTEX_POINT('',#9102);
#9102 = CARTESIAN_POINT('',(1.11915192277,0.175,0.232635182233));
#9103 = CIRCLE('',#9104,0.1);
#9104 = AXIS2_PLACEMENT_3D('',#9105,#9106,#9107);
#9105 = CARTESIAN_POINT('',(1.217632698071,0.175,0.25));
#9106 = DIRECTION('',(-1.110223024625E-16,1.,0.));
#9107 = DIRECTION('',(2.22044604925E-15,2.465190328815E-31,-1.));
#9108 = ORIENTED_EDGE('',*,*,#9109,.T.);
#9109 = EDGE_CURVE('',#9101,#9110,#9112,.T.);
#9110 = VERTEX_POINT('',#9111);
#9111 = CARTESIAN_POINT('',(1.096201938253,0.175,0.393412044417));
#9112 = LINE('',#9113,#9114);
#9113 = CARTESIAN_POINT('',(1.11915192277,0.175,0.232635182233));
#9114 = VECTOR('',#9115,1.);
#9115 = DIRECTION('',(-0.14131190243,-1.568877277316E-17,0.989965123745)
  );
#9116 = ORIENTED_EDGE('',*,*,#9117,.T.);
#9117 = EDGE_CURVE('',#9110,#8562,#9118,.T.);
#9118 = CIRCLE('',#9119,0.25);
#9119 = AXIS2_PLACEMENT_3D('',#9120,#9121,#9122);
#9120 = CARTESIAN_POINT('',(0.85,0.175,0.35));
#9121 = DIRECTION('',(1.110223024625E-16,-1.,0.));
#9122 = DIRECTION('',(0.984807753012,1.093356242223E-16,0.173648177667)
  );
#9123 = ORIENTED_EDGE('',*,*,#8561,.T.);
#9124 = PLANE('',#9125);
#9125 = AXIS2_PLACEMENT_3D('',#9126,#9127,#9128);
#9126 = CARTESIAN_POINT('',(1.064349127789,0.175,0.282825311951));
#9127 = DIRECTION('',(1.110223024625E-16,-1.,0.));
#9128 = DIRECTION('',(0.,0.,1.));
#9129 = ADVANCED_FACE('',(#9130),#9149,.F.);
#9130 = FACE_BOUND('',#9131,.F.);
#9131 = EDGE_LOOP('',(#9132,#9133,#9142,#9148));
#9132 = ORIENTED_EDGE('',*,*,#8247,.T.);
#9133 = ORIENTED_EDGE('',*,*,#9134,.T.);
#9134 = EDGE_CURVE('',#8240,#9135,#9137,.T.);
#9135 = VERTEX_POINT('',#9136);
#9136 = CARTESIAN_POINT('',(0.948480775301,-0.175,0.367364817767));
#9137 = CIRCLE('',#9138,0.1);
#9138 = AXIS2_PLACEMENT_3D('',#9139,#9140,#9141);
#9139 = CARTESIAN_POINT('',(0.85,-0.175,0.35));
#9140 = DIRECTION('',(-1.110223024625E-16,1.,0.));
#9141 = DIRECTION('',(0.,0.,1.));
#9142 = ORIENTED_EDGE('',*,*,#9143,.F.);
#9143 = EDGE_CURVE('',#9051,#9135,#9144,.T.);
#9144 = LINE('',#9145,#9146);
#9145 = CARTESIAN_POINT('',(0.948480775301,0.175,0.367364817767));
#9146 = VECTOR('',#9147,1.);
#9147 = DIRECTION('',(1.110223024625E-16,-1.,0.));
#9148 = ORIENTED_EDGE('',*,*,#9050,.F.);
#9149 = CYLINDRICAL_SURFACE('',#9150,0.1);
#9150 = AXIS2_PLACEMENT_3D('',#9151,#9152,#9153);
#9151 = CARTESIAN_POINT('',(0.85,0.175,0.35));
#9152 = DIRECTION('',(-1.110223024625E-16,1.,0.));
#9153 = DIRECTION('',(0.,0.,1.));
#9154 = ADVANCED_FACE('',(#9155),#9226,.T.);
#9155 = FACE_BOUND('',#9156,.T.);
#9156 = EDGE_LOOP('',(#9157,#9158,#9159,#9160,#9168,#9177,#9185,#9193,
    #9201,#9210,#9218,#9225));
#9157 = ORIENTED_EDGE('',*,*,#8261,.F.);
#9158 = ORIENTED_EDGE('',*,*,#8239,.T.);
#9159 = ORIENTED_EDGE('',*,*,#9134,.T.);
#9160 = ORIENTED_EDGE('',*,*,#9161,.T.);
#9161 = EDGE_CURVE('',#9135,#9162,#9164,.T.);
#9162 = VERTEX_POINT('',#9163);
#9163 = CARTESIAN_POINT('',(0.971430759818,-0.175,0.206587955583));
#9164 = LINE('',#9165,#9166);
#9165 = CARTESIAN_POINT('',(0.948480775301,-0.175,0.367364817767));
#9166 = VECTOR('',#9167,1.);
#9167 = DIRECTION('',(0.14131190243,1.568877277316E-17,-0.989965123745)
  );
#9168 = ORIENTED_EDGE('',*,*,#9169,.T.);
#9169 = EDGE_CURVE('',#9162,#9170,#9172,.T.);
#9170 = VERTEX_POINT('',#9171);
#9171 = CARTESIAN_POINT('',(1.217632698071,-0.175,5.551115123126E-17));
#9172 = CIRCLE('',#9173,0.25);
#9173 = AXIS2_PLACEMENT_3D('',#9174,#9175,#9176);
#9174 = CARTESIAN_POINT('',(1.217632698071,-0.175,0.25));
#9175 = DIRECTION('',(1.110223024625E-16,-1.,0.));
#9176 = DIRECTION('',(-0.984807753012,-1.093356242223E-16,
    -0.173648177667));
#9177 = ORIENTED_EDGE('',*,*,#9178,.T.);
#9178 = EDGE_CURVE('',#9170,#9179,#9181,.T.);
#9179 = VERTEX_POINT('',#9180);
#9180 = CARTESIAN_POINT('',(1.4,-0.175,5.551115123126E-17));
#9181 = LINE('',#9182,#9183);
#9182 = CARTESIAN_POINT('',(1.217632698071,-0.175,5.551115123126E-17));
#9183 = VECTOR('',#9184,1.);
#9184 = DIRECTION('',(1.,1.110223024625E-16,0.));
#9185 = ORIENTED_EDGE('',*,*,#9186,.T.);
#9186 = EDGE_CURVE('',#9179,#9187,#9189,.T.);
#9187 = VERTEX_POINT('',#9188);
#9188 = CARTESIAN_POINT('',(1.4,-0.175,0.15));
#9189 = LINE('',#9190,#9191);
#9190 = CARTESIAN_POINT('',(1.4,-0.175,5.551115123126E-17));
#9191 = VECTOR('',#9192,1.);
#9192 = DIRECTION('',(0.,0.,1.));
#9193 = ORIENTED_EDGE('',*,*,#9194,.T.);
#9194 = EDGE_CURVE('',#9187,#9195,#9197,.T.);
#9195 = VERTEX_POINT('',#9196);
#9196 = CARTESIAN_POINT('',(1.217632698071,-0.175,0.15));
#9197 = LINE('',#9198,#9199);
#9198 = CARTESIAN_POINT('',(1.4,-0.175,0.15));
#9199 = VECTOR('',#9200,1.);
#9200 = DIRECTION('',(-1.,-1.110223024625E-16,0.));
#9201 = ORIENTED_EDGE('',*,*,#9202,.T.);
#9202 = EDGE_CURVE('',#9195,#9203,#9205,.T.);
#9203 = VERTEX_POINT('',#9204);
#9204 = CARTESIAN_POINT('',(1.11915192277,-0.175,0.232635182233));
#9205 = CIRCLE('',#9206,0.1);
#9206 = AXIS2_PLACEMENT_3D('',#9207,#9208,#9209);
#9207 = CARTESIAN_POINT('',(1.217632698071,-0.175,0.25));
#9208 = DIRECTION('',(-1.110223024625E-16,1.,0.));
#9209 = DIRECTION('',(2.22044604925E-15,2.465190328815E-31,-1.));
#9210 = ORIENTED_EDGE('',*,*,#9211,.T.);
#9211 = EDGE_CURVE('',#9203,#9212,#9214,.T.);
#9212 = VERTEX_POINT('',#9213);
#9213 = CARTESIAN_POINT('',(1.096201938253,-0.175,0.393412044417));
#9214 = LINE('',#9215,#9216);
#9215 = CARTESIAN_POINT('',(1.11915192277,-0.175,0.232635182233));
#9216 = VECTOR('',#9217,1.);
#9217 = DIRECTION('',(-0.14131190243,-1.568877277316E-17,0.989965123745)
  );
#9218 = ORIENTED_EDGE('',*,*,#9219,.T.);
#9219 = EDGE_CURVE('',#9212,#8570,#9220,.T.);
#9220 = CIRCLE('',#9221,0.25);
#9221 = AXIS2_PLACEMENT_3D('',#9222,#9223,#9224);
#9222 = CARTESIAN_POINT('',(0.85,-0.175,0.35));
#9223 = DIRECTION('',(1.110223024625E-16,-1.,0.));
#9224 = DIRECTION('',(0.984807753012,1.093356242223E-16,0.173648177667)
  );
#9225 = ORIENTED_EDGE('',*,*,#8577,.T.);
#9226 = PLANE('',#9227);
#9227 = AXIS2_PLACEMENT_3D('',#9228,#9229,#9230);
#9228 = CARTESIAN_POINT('',(1.064349127789,-0.175,0.282825311951));
#9229 = DIRECTION('',(1.110223024625E-16,-1.,0.));
#9230 = DIRECTION('',(0.,0.,1.));
#9231 = ADVANCED_FACE('',(#9232),#9243,.T.);
#9232 = FACE_BOUND('',#9233,.T.);
#9233 = EDGE_LOOP('',(#9234,#9235,#9236,#9237));
#9234 = ORIENTED_EDGE('',*,*,#8930,.T.);
#9235 = ORIENTED_EDGE('',*,*,#8362,.T.);
#9236 = ORIENTED_EDGE('',*,*,#9032,.F.);
#9237 = ORIENTED_EDGE('',*,*,#9238,.F.);
#9238 = EDGE_CURVE('',#8923,#9025,#9239,.T.);
#9239 = LINE('',#9240,#9241);
#9240 = CARTESIAN_POINT('',(-1.096201938253,0.775,0.393412044417));
#9241 = VECTOR('',#9242,1.);
#9242 = DIRECTION('',(1.144237745222E-17,1.,0.));
#9243 = CYLINDRICAL_SURFACE('',#9244,0.25);
#9244 = AXIS2_PLACEMENT_3D('',#9245,#9246,#9247);
#9245 = CARTESIAN_POINT('',(-0.85,0.775,0.35));
#9246 = DIRECTION('',(-1.144237745222E-17,-1.,0.));
#9247 = DIRECTION('',(-0.984807753012,1.126854202784E-17,0.173648177667)
  );
#9248 = ADVANCED_FACE('',(#9249),#9262,.F.);
#9249 = FACE_BOUND('',#9250,.F.);
#9250 = EDGE_LOOP('',(#9251,#9252,#9258,#9259,#9260,#9261));
#9251 = ORIENTED_EDGE('',*,*,#8721,.F.);
#9252 = ORIENTED_EDGE('',*,*,#9253,.T.);
#9253 = EDGE_CURVE('',#8713,#8822,#9254,.T.);
#9254 = LINE('',#9255,#9256);
#9255 = CARTESIAN_POINT('',(-0.85,-1.125,0.6));
#9256 = VECTOR('',#9257,1.);
#9257 = DIRECTION('',(1.144237745222E-17,1.,0.));
#9258 = ORIENTED_EDGE('',*,*,#8830,.T.);
#9259 = ORIENTED_EDGE('',*,*,#8847,.T.);
#9260 = ORIENTED_EDGE('',*,*,#8409,.F.);
#9261 = ORIENTED_EDGE('',*,*,#8605,.F.);
#9262 = PLANE('',#9263);
#9263 = AXIS2_PLACEMENT_3D('',#9264,#9265,#9266);
#9264 = CARTESIAN_POINT('',(-0.85,-1.125,0.6));
#9265 = DIRECTION('',(0.,0.,-1.));
#9266 = DIRECTION('',(1.,-1.144237745222E-17,0.));
#9267 = ADVANCED_FACE('',(#9268,#9297),#9308,.T.);
#9268 = FACE_BOUND('',#9269,.T.);
#9269 = EDGE_LOOP('',(#9270,#9271,#9272,#9273,#9281,#9289,#9295,#9296));
#9270 = ORIENTED_EDGE('',*,*,#8484,.F.);
#9271 = ORIENTED_EDGE('',*,*,#8461,.F.);
#9272 = ORIENTED_EDGE('',*,*,#8432,.F.);
#9273 = ORIENTED_EDGE('',*,*,#9274,.F.);
#9274 = EDGE_CURVE('',#9275,#8433,#9277,.T.);
#9275 = VERTEX_POINT('',#9276);
#9276 = CARTESIAN_POINT('',(-0.667905353927,-1.375810707854,0.95));
#9277 = LINE('',#9278,#9279);
#9278 = CARTESIAN_POINT('',(-0.667905353927,-1.375810707854,0.95));
#9279 = VECTOR('',#9280,1.);
#9280 = DIRECTION('',(-0.707106781187,0.707106781187,0.));
#9281 = ORIENTED_EDGE('',*,*,#9282,.F.);
#9282 = EDGE_CURVE('',#9283,#9275,#9285,.T.);
#9283 = VERTEX_POINT('',#9284);
#9284 = CARTESIAN_POINT('',(0.667905353927,-1.375810707854,0.95));
#9285 = LINE('',#9286,#9287);
#9286 = CARTESIAN_POINT('',(0.667905353927,-1.375810707854,0.95));
#9287 = VECTOR('',#9288,1.);
#9288 = DIRECTION('',(-1.,-1.110223024625E-16,0.));
#9289 = ORIENTED_EDGE('',*,*,#9290,.F.);
#9290 = EDGE_CURVE('',#8540,#9283,#9291,.T.);
#9291 = LINE('',#9292,#9293);
#9292 = CARTESIAN_POINT('',(0.725810707854,-1.317905353927,0.95));
#9293 = VECTOR('',#9294,1.);
#9294 = DIRECTION('',(-0.707106781187,-0.707106781187,0.));
#9295 = ORIENTED_EDGE('',*,*,#8546,.F.);
#9296 = ORIENTED_EDGE('',*,*,#8507,.F.);
#9297 = FACE_BOUND('',#9298,.T.);
#9298 = EDGE_LOOP('',(#9299));
#9299 = ORIENTED_EDGE('',*,*,#9300,.T.);
#9300 = EDGE_CURVE('',#9301,#9301,#9303,.T.);
#9301 = VERTEX_POINT('',#9302);
#9302 = CARTESIAN_POINT('',(-0.525810707854,1.125810707854,0.95));
#9303 = CIRCLE('',#9304,5.E-02);
#9304 = AXIS2_PLACEMENT_3D('',#9305,#9306,#9307);
#9305 = CARTESIAN_POINT('',(-0.525810707854,1.175810707854,0.95));
#9306 = DIRECTION('',(0.,-0.,-1.));
#9307 = DIRECTION('',(1.110223024625E-16,-1.,0.));
#9308 = PLANE('',#9309);
#9309 = AXIS2_PLACEMENT_3D('',#9310,#9311,#9312);
#9310 = CARTESIAN_POINT('',(-0.667905353927,1.375810707854,0.95));
#9311 = DIRECTION('',(0.,0.,1.));
#9312 = DIRECTION('',(0.436721133329,-0.89959693847,0.));
#9313 = ADVANCED_FACE('',(#9314),#9324,.F.);
#9314 = FACE_BOUND('',#9315,.F.);
#9315 = EDGE_LOOP('',(#9316,#9317,#9318,#9319));
#9316 = ORIENTED_EDGE('',*,*,#8612,.T.);
#9317 = ORIENTED_EDGE('',*,*,#8440,.T.);
#9318 = ORIENTED_EDGE('',*,*,#9274,.F.);
#9319 = ORIENTED_EDGE('',*,*,#9320,.F.);
#9320 = EDGE_CURVE('',#8613,#9275,#9321,.T.);
#9321 = B_SPLINE_CURVE_WITH_KNOTS('',1,(#9322,#9323),.UNSPECIFIED.,.F.,
  .F.,(2,2),(0.,1.),.PIECEWISE_BEZIER_KNOTS.);
#9322 = CARTESIAN_POINT('',(-0.6925,-1.425,0.6));
#9323 = CARTESIAN_POINT('',(-0.667905353927,-1.375810707854,0.95));
#9324 = B_SPLINE_SURFACE_WITH_KNOTS('',1,1,(
    (#9325,#9326)
    ,(#9327,#9328
    )),.UNSPECIFIED.,.F.,.F.,.F.,(2,2),(2,2),(0.,0.116672618896),(0.,1.)
  ,.PIECEWISE_BEZIER_KNOTS.);
#9325 = CARTESIAN_POINT('',(-0.6925,-1.425,0.6));
#9326 = CARTESIAN_POINT('',(-0.667905353927,-1.375810707854,0.95));
#9327 = CARTESIAN_POINT('',(-0.775,-1.3425,0.6));
#9328 = CARTESIAN_POINT('',(-0.725810707854,-1.317905353927,0.95));
#9329 = ADVANCED_FACE('',(#9330),#9340,.F.);
#9330 = FACE_BOUND('',#9331,.F.);
#9331 = EDGE_LOOP('',(#9332,#9333,#9338,#9339));
#9332 = ORIENTED_EDGE('',*,*,#8628,.T.);
#9333 = ORIENTED_EDGE('',*,*,#9334,.T.);
#9334 = EDGE_CURVE('',#8621,#9283,#9335,.T.);
#9335 = B_SPLINE_CURVE_WITH_KNOTS('',1,(#9336,#9337),.UNSPECIFIED.,.F.,
  .F.,(2,2),(0.,1.),.PIECEWISE_BEZIER_KNOTS.);
#9336 = CARTESIAN_POINT('',(0.6925,-1.425,0.6));
#9337 = CARTESIAN_POINT('',(0.667905353927,-1.375810707854,0.95));
#9338 = ORIENTED_EDGE('',*,*,#9290,.F.);
#9339 = ORIENTED_EDGE('',*,*,#8539,.F.);
#9340 = B_SPLINE_SURFACE_WITH_KNOTS('',1,1,(
    (#9341,#9342)
    ,(#9343,#9344
    )),.UNSPECIFIED.,.F.,.F.,.F.,(2,2),(2,2),(0.,0.116672618896),(0.,1.)
  ,.PIECEWISE_BEZIER_KNOTS.);
#9341 = CARTESIAN_POINT('',(0.775,-1.3425,0.6));
#9342 = CARTESIAN_POINT('',(0.725810707854,-1.317905353927,0.95));
#9343 = CARTESIAN_POINT('',(0.6925,-1.425,0.6));
#9344 = CARTESIAN_POINT('',(0.667905353927,-1.375810707854,0.95));
#9345 = ADVANCED_FACE('',(#9346),#9357,.T.);
#9346 = FACE_BOUND('',#9347,.T.);
#9347 = EDGE_LOOP('',(#9348,#9349,#9350,#9351));
#9348 = ORIENTED_EDGE('',*,*,#9117,.T.);
#9349 = ORIENTED_EDGE('',*,*,#8569,.T.);
#9350 = ORIENTED_EDGE('',*,*,#9219,.F.);
#9351 = ORIENTED_EDGE('',*,*,#9352,.F.);
#9352 = EDGE_CURVE('',#9110,#9212,#9353,.T.);
#9353 = LINE('',#9354,#9355);
#9354 = CARTESIAN_POINT('',(1.096201938253,0.175,0.393412044417));
#9355 = VECTOR('',#9356,1.);
#9356 = DIRECTION('',(1.110223024625E-16,-1.,0.));
#9357 = CYLINDRICAL_SURFACE('',#9358,0.25);
#9358 = AXIS2_PLACEMENT_3D('',#9359,#9360,#9361);
#9359 = CARTESIAN_POINT('',(0.85,0.175,0.35));
#9360 = DIRECTION('',(-1.110223024625E-16,1.,0.));
#9361 = DIRECTION('',(0.984807753012,1.093356242223E-16,0.173648177667)
  );
#9362 = ADVANCED_FACE('',(#9363),#9369,.F.);
#9363 = FACE_BOUND('',#9364,.F.);
#9364 = EDGE_LOOP('',(#9365,#9366,#9367,#9368));
#9365 = ORIENTED_EDGE('',*,*,#8620,.T.);
#9366 = ORIENTED_EDGE('',*,*,#9320,.T.);
#9367 = ORIENTED_EDGE('',*,*,#9282,.F.);
#9368 = ORIENTED_EDGE('',*,*,#9334,.F.);
#9369 = B_SPLINE_SURFACE_WITH_KNOTS('',1,1,(
    (#9370,#9371)
    ,(#9372,#9373
    )),.UNSPECIFIED.,.F.,.F.,.F.,(2,2),(2,2),(0.,1.385),(0.,1.),
  .PIECEWISE_BEZIER_KNOTS.);
#9370 = CARTESIAN_POINT('',(0.6925,-1.425,0.6));
#9371 = CARTESIAN_POINT('',(0.667905353927,-1.375810707854,0.95));
#9372 = CARTESIAN_POINT('',(-0.6925,-1.425,0.6));
#9373 = CARTESIAN_POINT('',(-0.667905353927,-1.375810707854,0.95));
#9374 = ADVANCED_FACE('',(#9375),#9386,.T.);
#9375 = FACE_BOUND('',#9376,.T.);
#9376 = EDGE_LOOP('',(#9377,#9378,#9379,#9380));
#9377 = ORIENTED_EDGE('',*,*,#8712,.T.);
#9378 = ORIENTED_EDGE('',*,*,#9253,.T.);
#9379 = ORIENTED_EDGE('',*,*,#8821,.F.);
#9380 = ORIENTED_EDGE('',*,*,#9381,.F.);
#9381 = EDGE_CURVE('',#8705,#8814,#9382,.T.);
#9382 = LINE('',#9383,#9384);
#9383 = CARTESIAN_POINT('',(-1.096201938253,-1.125,0.393412044417));
#9384 = VECTOR('',#9385,1.);
#9385 = DIRECTION('',(1.144237745222E-17,1.,0.));
#9386 = CYLINDRICAL_SURFACE('',#9387,0.25);
#9387 = AXIS2_PLACEMENT_3D('',#9388,#9389,#9390);
#9388 = CARTESIAN_POINT('',(-0.85,-1.125,0.35));
#9389 = DIRECTION('',(-1.144237745222E-17,-1.,0.));
#9390 = DIRECTION('',(-0.984807753012,1.126854202784E-17,0.173648177667)
  );
#9391 = ADVANCED_FACE('',(#9392),#9403,.F.);
#9392 = FACE_BOUND('',#9393,.F.);
#9393 = EDGE_LOOP('',(#9394,#9400,#9401,#9402));
#9394 = ORIENTED_EDGE('',*,*,#9395,.T.);
#9395 = EDGE_CURVE('',#8696,#8805,#9396,.T.);
#9396 = LINE('',#9397,#9398);
#9397 = CARTESIAN_POINT('',(-1.11915192277,-1.125,0.232635182233));
#9398 = VECTOR('',#9399,1.);
#9399 = DIRECTION('',(1.144237745222E-17,1.,0.));
#9400 = ORIENTED_EDGE('',*,*,#8813,.T.);
#9401 = ORIENTED_EDGE('',*,*,#9381,.F.);
#9402 = ORIENTED_EDGE('',*,*,#8704,.F.);
#9403 = PLANE('',#9404);
#9404 = AXIS2_PLACEMENT_3D('',#9405,#9406,#9407);
#9405 = CARTESIAN_POINT('',(-1.11915192277,-1.125,0.232635182233));
#9406 = DIRECTION('',(0.989965123745,-1.132755461042E-17,-0.14131190243)
  );
#9407 = DIRECTION('',(0.14131190243,-1.616944126098E-18,0.989965123745)
  );
#9408 = ADVANCED_FACE('',(#9409),#9420,.F.);
#9409 = FACE_BOUND('',#9410,.F.);
#9410 = EDGE_LOOP('',(#9411,#9417,#9418,#9419));
#9411 = ORIENTED_EDGE('',*,*,#9412,.T.);
#9412 = EDGE_CURVE('',#8688,#8797,#9413,.T.);
#9413 = LINE('',#9414,#9415);
#9414 = CARTESIAN_POINT('',(-1.217632698071,-1.125,0.15));
#9415 = VECTOR('',#9416,1.);
#9416 = DIRECTION('',(1.144237745222E-17,1.,0.));
#9417 = ORIENTED_EDGE('',*,*,#8804,.T.);
#9418 = ORIENTED_EDGE('',*,*,#9395,.F.);
#9419 = ORIENTED_EDGE('',*,*,#8695,.F.);
#9420 = CYLINDRICAL_SURFACE('',#9421,0.1);
#9421 = AXIS2_PLACEMENT_3D('',#9422,#9423,#9424);
#9422 = CARTESIAN_POINT('',(-1.217632698071,-1.125,0.25));
#9423 = DIRECTION('',(-1.144237745222E-17,-1.,0.));
#9424 = DIRECTION('',(-2.22044604925E-15,2.540718180781E-32,-1.));
#9425 = ADVANCED_FACE('',(#9426),#9437,.F.);
#9426 = FACE_BOUND('',#9427,.F.);
#9427 = EDGE_LOOP('',(#9428,#9434,#9435,#9436));
#9428 = ORIENTED_EDGE('',*,*,#9429,.T.);
#9429 = EDGE_CURVE('',#8680,#8789,#9430,.T.);
#9430 = LINE('',#9431,#9432);
#9431 = CARTESIAN_POINT('',(-1.4,-1.125,0.15));
#9432 = VECTOR('',#9433,1.);
#9433 = DIRECTION('',(1.144237745222E-17,1.,0.));
#9434 = ORIENTED_EDGE('',*,*,#8796,.T.);
#9435 = ORIENTED_EDGE('',*,*,#9412,.F.);
#9436 = ORIENTED_EDGE('',*,*,#8687,.F.);
#9437 = PLANE('',#9438);
#9438 = AXIS2_PLACEMENT_3D('',#9439,#9440,#9441);
#9439 = CARTESIAN_POINT('',(-1.4,-1.125,0.15));
#9440 = DIRECTION('',(0.,0.,-1.));
#9441 = DIRECTION('',(1.,-1.144237745222E-17,0.));
#9442 = ADVANCED_FACE('',(#9443),#9454,.F.);
#9443 = FACE_BOUND('',#9444,.F.);
#9444 = EDGE_LOOP('',(#9445,#9451,#9452,#9453));
#9445 = ORIENTED_EDGE('',*,*,#9446,.T.);
#9446 = EDGE_CURVE('',#8672,#8781,#9447,.T.);
#9447 = LINE('',#9448,#9449);
#9448 = CARTESIAN_POINT('',(-1.4,-1.125,5.551115123126E-17));
#9449 = VECTOR('',#9450,1.);
#9450 = DIRECTION('',(1.144237745222E-17,1.,0.));
#9451 = ORIENTED_EDGE('',*,*,#8788,.T.);
#9452 = ORIENTED_EDGE('',*,*,#9429,.F.);
#9453 = ORIENTED_EDGE('',*,*,#8679,.F.);
#9454 = PLANE('',#9455);
#9455 = AXIS2_PLACEMENT_3D('',#9456,#9457,#9458);
#9456 = CARTESIAN_POINT('',(-1.4,-1.125,5.551115123126E-17));
#9457 = DIRECTION('',(1.,-1.144237745222E-17,0.));
#9458 = DIRECTION('',(0.,0.,1.));
#9459 = ADVANCED_FACE('',(#9460),#9471,.F.);
#9460 = FACE_BOUND('',#9461,.F.);
#9461 = EDGE_LOOP('',(#9462,#9468,#9469,#9470));
#9462 = ORIENTED_EDGE('',*,*,#9463,.T.);
#9463 = EDGE_CURVE('',#8663,#8772,#9464,.T.);
#9464 = LINE('',#9465,#9466);
#9465 = CARTESIAN_POINT('',(-1.217632698071,-1.125,5.551115123126E-17));
#9466 = VECTOR('',#9467,1.);
#9467 = DIRECTION('',(1.144237745222E-17,1.,0.));
#9468 = ORIENTED_EDGE('',*,*,#8780,.T.);
#9469 = ORIENTED_EDGE('',*,*,#9446,.F.);
#9470 = ORIENTED_EDGE('',*,*,#8671,.F.);
#9471 = PLANE('',#9472);
#9472 = AXIS2_PLACEMENT_3D('',#9473,#9474,#9475);
#9473 = CARTESIAN_POINT('',(-1.217632698071,-1.125,5.551115123126E-17));
#9474 = DIRECTION('',(0.,0.,1.));
#9475 = DIRECTION('',(-1.,1.144237745222E-17,0.));
#9476 = ADVANCED_FACE('',(#9477),#9488,.T.);
#9477 = FACE_BOUND('',#9478,.T.);
#9478 = EDGE_LOOP('',(#9479,#9480,#9481,#9482));
#9479 = ORIENTED_EDGE('',*,*,#8662,.T.);
#9480 = ORIENTED_EDGE('',*,*,#9463,.T.);
#9481 = ORIENTED_EDGE('',*,*,#8771,.F.);
#9482 = ORIENTED_EDGE('',*,*,#9483,.F.);
#9483 = EDGE_CURVE('',#8655,#8764,#9484,.T.);
#9484 = LINE('',#9485,#9486);
#9485 = CARTESIAN_POINT('',(-0.971430759818,-1.125,0.206587955583));
#9486 = VECTOR('',#9487,1.);
#9487 = DIRECTION('',(1.144237745222E-17,1.,0.));
#9488 = CYLINDRICAL_SURFACE('',#9489,0.25);
#9489 = AXIS2_PLACEMENT_3D('',#9490,#9491,#9492);
#9490 = CARTESIAN_POINT('',(-1.217632698071,-1.125,0.25));
#9491 = DIRECTION('',(-1.144237745222E-17,-1.,0.));
#9492 = DIRECTION('',(0.984807753012,-1.126854202784E-17,-0.173648177667
    ));
#9493 = ADVANCED_FACE('',(#9494),#9500,.F.);
#9494 = FACE_BOUND('',#9495,.F.);
#9495 = EDGE_LOOP('',(#9496,#9497,#9498,#9499));
#9496 = ORIENTED_EDGE('',*,*,#8745,.T.);
#9497 = ORIENTED_EDGE('',*,*,#8763,.T.);
#9498 = ORIENTED_EDGE('',*,*,#9483,.F.);
#9499 = ORIENTED_EDGE('',*,*,#8654,.F.);
#9500 = PLANE('',#9501);
#9501 = AXIS2_PLACEMENT_3D('',#9502,#9503,#9504);
#9502 = CARTESIAN_POINT('',(-0.948480775301,-1.125,0.367364817767));
#9503 = DIRECTION('',(-0.989965123745,1.132755461042E-17,0.14131190243)
  );
#9504 = DIRECTION('',(-0.14131190243,1.616944126098E-18,-0.989965123745)
  );
#9505 = ADVANCED_FACE('',(#9506),#9517,.F.);
#9506 = FACE_BOUND('',#9507,.F.);
#9507 = EDGE_LOOP('',(#9508,#9514,#9515,#9516));
#9508 = ORIENTED_EDGE('',*,*,#9509,.T.);
#9509 = EDGE_CURVE('',#8914,#9016,#9510,.T.);
#9510 = LINE('',#9511,#9512);
#9511 = CARTESIAN_POINT('',(-1.11915192277,0.775,0.232635182233));
#9512 = VECTOR('',#9513,1.);
#9513 = DIRECTION('',(1.144237745222E-17,1.,0.));
#9514 = ORIENTED_EDGE('',*,*,#9024,.T.);
#9515 = ORIENTED_EDGE('',*,*,#9238,.F.);
#9516 = ORIENTED_EDGE('',*,*,#8922,.F.);
#9517 = PLANE('',#9518);
#9518 = AXIS2_PLACEMENT_3D('',#9519,#9520,#9521);
#9519 = CARTESIAN_POINT('',(-1.11915192277,0.775,0.232635182233));
#9520 = DIRECTION('',(0.989965123745,-1.132755461042E-17,-0.14131190243)
  );
#9521 = DIRECTION('',(0.14131190243,-1.616944126098E-18,0.989965123745)
  );
#9522 = ADVANCED_FACE('',(#9523),#9534,.F.);
#9523 = FACE_BOUND('',#9524,.F.);
#9524 = EDGE_LOOP('',(#9525,#9531,#9532,#9533));
#9525 = ORIENTED_EDGE('',*,*,#9526,.T.);
#9526 = EDGE_CURVE('',#8906,#9008,#9527,.T.);
#9527 = LINE('',#9528,#9529);
#9528 = CARTESIAN_POINT('',(-1.217632698071,0.775,0.15));
#9529 = VECTOR('',#9530,1.);
#9530 = DIRECTION('',(1.144237745222E-17,1.,0.));
#9531 = ORIENTED_EDGE('',*,*,#9015,.T.);
#9532 = ORIENTED_EDGE('',*,*,#9509,.F.);
#9533 = ORIENTED_EDGE('',*,*,#8913,.F.);
#9534 = CYLINDRICAL_SURFACE('',#9535,0.1);
#9535 = AXIS2_PLACEMENT_3D('',#9536,#9537,#9538);
#9536 = CARTESIAN_POINT('',(-1.217632698071,0.775,0.25));
#9537 = DIRECTION('',(-1.144237745222E-17,-1.,0.));
#9538 = DIRECTION('',(-2.22044604925E-15,2.540718180781E-32,-1.));
#9539 = ADVANCED_FACE('',(#9540),#9551,.F.);
#9540 = FACE_BOUND('',#9541,.F.);
#9541 = EDGE_LOOP('',(#9542,#9548,#9549,#9550));
#9542 = ORIENTED_EDGE('',*,*,#9543,.T.);
#9543 = EDGE_CURVE('',#8898,#9000,#9544,.T.);
#9544 = LINE('',#9545,#9546);
#9545 = CARTESIAN_POINT('',(-1.4,0.775,0.15));
#9546 = VECTOR('',#9547,1.);
#9547 = DIRECTION('',(1.144237745222E-17,1.,0.));
#9548 = ORIENTED_EDGE('',*,*,#9007,.T.);
#9549 = ORIENTED_EDGE('',*,*,#9526,.F.);
#9550 = ORIENTED_EDGE('',*,*,#8905,.F.);
#9551 = PLANE('',#9552);
#9552 = AXIS2_PLACEMENT_3D('',#9553,#9554,#9555);
#9553 = CARTESIAN_POINT('',(-1.4,0.775,0.15));
#9554 = DIRECTION('',(0.,0.,-1.));
#9555 = DIRECTION('',(1.,-1.144237745222E-17,0.));
#9556 = ADVANCED_FACE('',(#9557),#9568,.F.);
#9557 = FACE_BOUND('',#9558,.F.);
#9558 = EDGE_LOOP('',(#9559,#9565,#9566,#9567));
#9559 = ORIENTED_EDGE('',*,*,#9560,.T.);
#9560 = EDGE_CURVE('',#8890,#8992,#9561,.T.);
#9561 = LINE('',#9562,#9563);
#9562 = CARTESIAN_POINT('',(-1.4,0.775,5.551115123126E-17));
#9563 = VECTOR('',#9564,1.);
#9564 = DIRECTION('',(1.144237745222E-17,1.,0.));
#9565 = ORIENTED_EDGE('',*,*,#8999,.T.);
#9566 = ORIENTED_EDGE('',*,*,#9543,.F.);
#9567 = ORIENTED_EDGE('',*,*,#8897,.F.);
#9568 = PLANE('',#9569);
#9569 = AXIS2_PLACEMENT_3D('',#9570,#9571,#9572);
#9570 = CARTESIAN_POINT('',(-1.4,0.775,5.551115123126E-17));
#9571 = DIRECTION('',(1.,-1.144237745222E-17,0.));
#9572 = DIRECTION('',(0.,0.,1.));
#9573 = ADVANCED_FACE('',(#9574),#9585,.F.);
#9574 = FACE_BOUND('',#9575,.F.);
#9575 = EDGE_LOOP('',(#9576,#9582,#9583,#9584));
#9576 = ORIENTED_EDGE('',*,*,#9577,.T.);
#9577 = EDGE_CURVE('',#8881,#8983,#9578,.T.);
#9578 = LINE('',#9579,#9580);
#9579 = CARTESIAN_POINT('',(-1.217632698071,0.775,5.551115123126E-17));
#9580 = VECTOR('',#9581,1.);
#9581 = DIRECTION('',(1.144237745222E-17,1.,0.));
#9582 = ORIENTED_EDGE('',*,*,#8991,.T.);
#9583 = ORIENTED_EDGE('',*,*,#9560,.F.);
#9584 = ORIENTED_EDGE('',*,*,#8889,.F.);
#9585 = PLANE('',#9586);
#9586 = AXIS2_PLACEMENT_3D('',#9587,#9588,#9589);
#9587 = CARTESIAN_POINT('',(-1.217632698071,0.775,5.551115123126E-17));
#9588 = DIRECTION('',(0.,0.,1.));
#9589 = DIRECTION('',(-1.,1.144237745222E-17,0.));
#9590 = ADVANCED_FACE('',(#9591),#9602,.T.);
#9591 = FACE_BOUND('',#9592,.T.);
#9592 = EDGE_LOOP('',(#9593,#9594,#9595,#9596));
#9593 = ORIENTED_EDGE('',*,*,#8880,.T.);
#9594 = ORIENTED_EDGE('',*,*,#9577,.T.);
#9595 = ORIENTED_EDGE('',*,*,#8982,.F.);
#9596 = ORIENTED_EDGE('',*,*,#9597,.F.);
#9597 = EDGE_CURVE('',#8873,#8975,#9598,.T.);
#9598 = LINE('',#9599,#9600);
#9599 = CARTESIAN_POINT('',(-0.971430759818,0.775,0.206587955583));
#9600 = VECTOR('',#9601,1.);
#9601 = DIRECTION('',(1.144237745222E-17,1.,0.));
#9602 = CYLINDRICAL_SURFACE('',#9603,0.25);
#9603 = AXIS2_PLACEMENT_3D('',#9604,#9605,#9606);
#9604 = CARTESIAN_POINT('',(-1.217632698071,0.775,0.25));
#9605 = DIRECTION('',(-1.144237745222E-17,-1.,0.));
#9606 = DIRECTION('',(0.984807753012,-1.126854202784E-17,-0.173648177667
    ));
#9607 = ADVANCED_FACE('',(#9608),#9614,.F.);
#9608 = FACE_BOUND('',#9609,.F.);
#9609 = EDGE_LOOP('',(#9610,#9611,#9612,#9613));
#9610 = ORIENTED_EDGE('',*,*,#8956,.T.);
#9611 = ORIENTED_EDGE('',*,*,#8974,.T.);
#9612 = ORIENTED_EDGE('',*,*,#9597,.F.);
#9613 = ORIENTED_EDGE('',*,*,#8872,.F.);
#9614 = PLANE('',#9615);
#9615 = AXIS2_PLACEMENT_3D('',#9616,#9617,#9618);
#9616 = CARTESIAN_POINT('',(-0.948480775301,0.775,0.367364817767));
#9617 = DIRECTION('',(-0.989965123745,1.132755461042E-17,0.14131190243)
  );
#9618 = DIRECTION('',(-0.14131190243,1.616944126098E-18,-0.989965123745)
  );
#9619 = ADVANCED_FACE('',(#9620),#9631,.F.);
#9620 = FACE_BOUND('',#9621,.F.);
#9621 = EDGE_LOOP('',(#9622,#9628,#9629,#9630));
#9622 = ORIENTED_EDGE('',*,*,#9623,.T.);
#9623 = EDGE_CURVE('',#9101,#9203,#9624,.T.);
#9624 = LINE('',#9625,#9626);
#9625 = CARTESIAN_POINT('',(1.11915192277,0.175,0.232635182233));
#9626 = VECTOR('',#9627,1.);
#9627 = DIRECTION('',(1.110223024625E-16,-1.,0.));
#9628 = ORIENTED_EDGE('',*,*,#9211,.T.);
#9629 = ORIENTED_EDGE('',*,*,#9352,.F.);
#9630 = ORIENTED_EDGE('',*,*,#9109,.F.);
#9631 = PLANE('',#9632);
#9632 = AXIS2_PLACEMENT_3D('',#9633,#9634,#9635);
#9633 = CARTESIAN_POINT('',(1.11915192277,0.175,0.232635182233));
#9634 = DIRECTION('',(-0.989965123745,-1.099082073958E-16,-0.14131190243
    ));
#9635 = DIRECTION('',(-0.14131190243,-1.568877277316E-17,0.989965123745)
  );
#9636 = ADVANCED_FACE('',(#9637),#9648,.F.);
#9637 = FACE_BOUND('',#9638,.F.);
#9638 = EDGE_LOOP('',(#9639,#9645,#9646,#9647));
#9639 = ORIENTED_EDGE('',*,*,#9640,.T.);
#9640 = EDGE_CURVE('',#9093,#9195,#9641,.T.);
#9641 = LINE('',#9642,#9643);
#9642 = CARTESIAN_POINT('',(1.217632698071,0.175,0.15));
#9643 = VECTOR('',#9644,1.);
#9644 = DIRECTION('',(1.110223024625E-16,-1.,0.));
#9645 = ORIENTED_EDGE('',*,*,#9202,.T.);
#9646 = ORIENTED_EDGE('',*,*,#9623,.F.);
#9647 = ORIENTED_EDGE('',*,*,#9100,.F.);
#9648 = CYLINDRICAL_SURFACE('',#9649,0.1);
#9649 = AXIS2_PLACEMENT_3D('',#9650,#9651,#9652);
#9650 = CARTESIAN_POINT('',(1.217632698071,0.175,0.25));
#9651 = DIRECTION('',(-1.110223024625E-16,1.,0.));
#9652 = DIRECTION('',(2.22044604925E-15,2.465190328815E-31,-1.));
#9653 = ADVANCED_FACE('',(#9654),#9665,.F.);
#9654 = FACE_BOUND('',#9655,.F.);
#9655 = EDGE_LOOP('',(#9656,#9662,#9663,#9664));
#9656 = ORIENTED_EDGE('',*,*,#9657,.T.);
#9657 = EDGE_CURVE('',#9085,#9187,#9658,.T.);
#9658 = LINE('',#9659,#9660);
#9659 = CARTESIAN_POINT('',(1.4,0.175,0.15));
#9660 = VECTOR('',#9661,1.);
#9661 = DIRECTION('',(1.110223024625E-16,-1.,0.));
#9662 = ORIENTED_EDGE('',*,*,#9194,.T.);
#9663 = ORIENTED_EDGE('',*,*,#9640,.F.);
#9664 = ORIENTED_EDGE('',*,*,#9092,.F.);
#9665 = PLANE('',#9666);
#9666 = AXIS2_PLACEMENT_3D('',#9667,#9668,#9669);
#9667 = CARTESIAN_POINT('',(1.4,0.175,0.15));
#9668 = DIRECTION('',(0.,0.,-1.));
#9669 = DIRECTION('',(-1.,-1.110223024625E-16,-0.));
#9670 = ADVANCED_FACE('',(#9671),#9682,.F.);
#9671 = FACE_BOUND('',#9672,.F.);
#9672 = EDGE_LOOP('',(#9673,#9679,#9680,#9681));
#9673 = ORIENTED_EDGE('',*,*,#9674,.T.);
#9674 = EDGE_CURVE('',#9077,#9179,#9675,.T.);
#9675 = LINE('',#9676,#9677);
#9676 = CARTESIAN_POINT('',(1.4,0.175,5.551115123126E-17));
#9677 = VECTOR('',#9678,1.);
#9678 = DIRECTION('',(1.110223024625E-16,-1.,0.));
#9679 = ORIENTED_EDGE('',*,*,#9186,.T.);
#9680 = ORIENTED_EDGE('',*,*,#9657,.F.);
#9681 = ORIENTED_EDGE('',*,*,#9084,.F.);
#9682 = PLANE('',#9683);
#9683 = AXIS2_PLACEMENT_3D('',#9684,#9685,#9686);
#9684 = CARTESIAN_POINT('',(1.4,0.175,5.551115123126E-17));
#9685 = DIRECTION('',(-1.,-1.110223024625E-16,0.));
#9686 = DIRECTION('',(0.,0.,1.));
#9687 = ADVANCED_FACE('',(#9688),#9699,.F.);
#9688 = FACE_BOUND('',#9689,.F.);
#9689 = EDGE_LOOP('',(#9690,#9696,#9697,#9698));
#9690 = ORIENTED_EDGE('',*,*,#9691,.T.);
#9691 = EDGE_CURVE('',#9068,#9170,#9692,.T.);
#9692 = LINE('',#9693,#9694);
#9693 = CARTESIAN_POINT('',(1.217632698071,0.175,5.551115123126E-17));
#9694 = VECTOR('',#9695,1.);
#9695 = DIRECTION('',(1.110223024625E-16,-1.,0.));
#9696 = ORIENTED_EDGE('',*,*,#9178,.T.);
#9697 = ORIENTED_EDGE('',*,*,#9674,.F.);
#9698 = ORIENTED_EDGE('',*,*,#9076,.F.);
#9699 = PLANE('',#9700);
#9700 = AXIS2_PLACEMENT_3D('',#9701,#9702,#9703);
#9701 = CARTESIAN_POINT('',(1.217632698071,0.175,5.551115123126E-17));
#9702 = DIRECTION('',(0.,0.,1.));
#9703 = DIRECTION('',(1.,1.110223024625E-16,-0.));
#9704 = ADVANCED_FACE('',(#9705),#9716,.T.);
#9705 = FACE_BOUND('',#9706,.T.);
#9706 = EDGE_LOOP('',(#9707,#9708,#9709,#9710));
#9707 = ORIENTED_EDGE('',*,*,#9067,.T.);
#9708 = ORIENTED_EDGE('',*,*,#9691,.T.);
#9709 = ORIENTED_EDGE('',*,*,#9169,.F.);
#9710 = ORIENTED_EDGE('',*,*,#9711,.F.);
#9711 = EDGE_CURVE('',#9060,#9162,#9712,.T.);
#9712 = LINE('',#9713,#9714);
#9713 = CARTESIAN_POINT('',(0.971430759818,0.175,0.206587955583));
#9714 = VECTOR('',#9715,1.);
#9715 = DIRECTION('',(1.110223024625E-16,-1.,0.));
#9716 = CYLINDRICAL_SURFACE('',#9717,0.25);
#9717 = AXIS2_PLACEMENT_3D('',#9718,#9719,#9720);
#9718 = CARTESIAN_POINT('',(1.217632698071,0.175,0.25));
#9719 = DIRECTION('',(-1.110223024625E-16,1.,0.));
#9720 = DIRECTION('',(-0.984807753012,-1.093356242223E-16,
    -0.173648177667));
#9721 = ADVANCED_FACE('',(#9722),#9728,.F.);
#9722 = FACE_BOUND('',#9723,.F.);
#9723 = EDGE_LOOP('',(#9724,#9725,#9726,#9727));
#9724 = ORIENTED_EDGE('',*,*,#9143,.T.);
#9725 = ORIENTED_EDGE('',*,*,#9161,.T.);
#9726 = ORIENTED_EDGE('',*,*,#9711,.F.);
#9727 = ORIENTED_EDGE('',*,*,#9059,.F.);
#9728 = PLANE('',#9729);
#9729 = AXIS2_PLACEMENT_3D('',#9730,#9731,#9732);
#9730 = CARTESIAN_POINT('',(0.948480775301,0.175,0.367364817767));
#9731 = DIRECTION('',(0.989965123745,1.099082073958E-16,0.14131190243));
#9732 = DIRECTION('',(0.14131190243,1.568877277316E-17,-0.989965123745)
  );
#9733 = ADVANCED_FACE('',(#9734),#9737,.F.);
#9734 = FACE_BOUND('',#9735,.T.);
#9735 = EDGE_LOOP('',(#9736));
#9736 = ORIENTED_EDGE('',*,*,#9300,.F.);
#9737 = PLANE('',#9738);
#9738 = AXIS2_PLACEMENT_3D('',#9739,#9740,#9741);
#9739 = CARTESIAN_POINT('',(-0.525810707854,1.175810707854,0.95));
#9740 = DIRECTION('',(0.,0.,-1.));
#9741 = DIRECTION('',(1.110223024625E-16,-1.,0.));
#9742 = ( GEOMETRIC_REPRESENTATION_CONTEXT(3) 
GLOBAL_UNCERTAINTY_ASSIGNED_CONTEXT((#9746)) 
GLOBAL_UNIT_ASSIGNED_CONTEXT((#9743,#9744,#9745)) REPRESENTATION_CONTEXT
('Context #1','3D Context with UNIT and UNCERTAINTY') );
#9743 = ( LENGTH_UNIT() NAMED_UNIT(*) SI_UNIT(.MILLI.,.METRE.) );
#9744 = ( NAMED_UNIT(*) PLANE_ANGLE_UNIT() SI_UNIT($,.RADIAN.) );
#9745 = ( NAMED_UNIT(*) SI_UNIT($,.STERADIAN.) SOLID_ANGLE_UNIT() );
#9746 = UNCERTAINTY_MEASURE_WITH_UNIT(LENGTH_MEASURE(1.E-07),#9743,
  'distance_accuracy_value','confusion accuracy');
#9747 = CONTEXT_DEPENDENT_SHAPE_REPRESENTATION(#9748,#9750);
#9748 = ( REPRESENTATION_RELATIONSHIP('','',#7606,#10) 
REPRESENTATION_RELATIONSHIP_WITH_TRANSFORMATION(#9749) 
SHAPE_REPRESENTATION_RELATIONSHIP() );
#9749 = ITEM_DEFINED_TRANSFORMATION('','',#11,#27);
#9750 = PRODUCT_DEFINITION_SHAPE('Placement','Placement of an item',
  #9751);
#9751 = NEXT_ASSEMBLY_USAGE_OCCURRENCE('4','Q1','',#5,#7601,$);
#9752 = PRODUCT_RELATED_PRODUCT_CATEGORY('part',$,(#7603));
#9753 = CONTEXT_DEPENDENT_SHAPE_REPRESENTATION(#9754,#9756);
#9754 = ( REPRESENTATION_RELATIONSHIP('','',#88,#10) 
REPRESENTATION_RELATIONSHIP_WITH_TRANSFORMATION(#9755) 
SHAPE_REPRESENTATION_RELATIONSHIP() );
#9755 = ITEM_DEFINED_TRANSFORMATION('','',#11,#31);
#9756 = PRODUCT_DEFINITION_SHAPE('Placement','Placement of an item',
  #9757);
#9757 = NEXT_ASSEMBLY_USAGE_OCCURRENCE('5','C2','',#5,#83,$);
#9758 = CONTEXT_DEPENDENT_SHAPE_REPRESENTATION(#9759,#9761);
#9759 = ( REPRESENTATION_RELATIONSHIP('','',#88,#10) 
REPRESENTATION_RELATIONSHIP_WITH_TRANSFORMATION(#9760) 
SHAPE_REPRESENTATION_RELATIONSHIP() );
#9760 = ITEM_DEFINED_TRANSFORMATION('','',#11,#35);
#9761 = PRODUCT_DEFINITION_SHAPE('Placement','Placement of an item',
  #9762);
#9762 = NEXT_ASSEMBLY_USAGE_OCCURRENCE('6','R4','',#5,#83,$);
#9763 = SHAPE_DEFINITION_REPRESENTATION(#9764,#9770);
#9764 = PRODUCT_DEFINITION_SHAPE('','',#9765);
#9765 = PRODUCT_DEFINITION('design','',#9766,#9769);
#9766 = PRODUCT_DEFINITION_FORMATION('','',#9767);
#9767 = PRODUCT('R_0805_2012Metric','R_0805_2012Metric','',(#9768));
#9768 = PRODUCT_CONTEXT('',#2,'mechanical');
#9769 = PRODUCT_DEFINITION_CONTEXT('part definition',#2,'design');
#9770 = ADVANCED_BREP_SHAPE_REPRESENTATION('',(#11,#9771),#10561);
#9771 = MANIFOLD_SOLID_BREP('',#9772);
#9772 = CLOSED_SHELL('',(#9773,#9813,#9896,#9921,#9946,#10013,#10030,
    #10047,#10096,#10113,#10130,#10179,#10196,#10265,#10296,#10320,
    #10389,#10413,#10430,#10447,#10464,#10481,#10498,#10515,#10532,
    #10549));
#9773 = ADVANCED_FACE('',(#9774),#9808,.F.);
#9774 = FACE_BOUND('',#9775,.F.);
#9775 = EDGE_LOOP('',(#9776,#9786,#9794,#9802));
#9776 = ORIENTED_EDGE('',*,*,#9777,.F.);
#9777 = EDGE_CURVE('',#9778,#9780,#9782,.T.);
#9778 = VERTEX_POINT('',#9779);
#9779 = CARTESIAN_POINT('',(-1.,-0.6,4.5E-02));
#9780 = VERTEX_POINT('',#9781);
#9781 = CARTESIAN_POINT('',(-1.,-0.6,0.405));
#9782 = LINE('',#9783,#9784);
#9783 = CARTESIAN_POINT('',(-1.,-0.6,0.));
#9784 = VECTOR('',#9785,1.);
#9785 = DIRECTION('',(0.,0.,1.));
#9786 = ORIENTED_EDGE('',*,*,#9787,.T.);
#9787 = EDGE_CURVE('',#9778,#9788,#9790,.T.);
#9788 = VERTEX_POINT('',#9789);
#9789 = CARTESIAN_POINT('',(-1.,0.6,4.5E-02));
#9790 = LINE('',#9791,#9792);
#9791 = CARTESIAN_POINT('',(-1.,-0.6,4.5E-02));
#9792 = VECTOR('',#9793,1.);
#9793 = DIRECTION('',(0.,1.,0.));
#9794 = ORIENTED_EDGE('',*,*,#9795,.T.);
#9795 = EDGE_CURVE('',#9788,#9796,#9798,.T.);
#9796 = VERTEX_POINT('',#9797);
#9797 = CARTESIAN_POINT('',(-1.,0.6,0.405));
#9798 = LINE('',#9799,#9800);
#9799 = CARTESIAN_POINT('',(-1.,0.6,0.));
#9800 = VECTOR('',#9801,1.);
#9801 = DIRECTION('',(0.,0.,1.));
#9802 = ORIENTED_EDGE('',*,*,#9803,.F.);
#9803 = EDGE_CURVE('',#9780,#9796,#9804,.T.);
#9804 = LINE('',#9805,#9806);
#9805 = CARTESIAN_POINT('',(-1.,-0.6,0.405));
#9806 = VECTOR('',#9807,1.);
#9807 = DIRECTION('',(0.,1.,0.));
#9808 = PLANE('',#9809);
#9809 = AXIS2_PLACEMENT_3D('',#9810,#9811,#9812);
#9810 = CARTESIAN_POINT('',(-1.,-0.6,0.));
#9811 = DIRECTION('',(1.,0.,0.));
#9812 = DIRECTION('',(0.,0.,1.));
#9813 = ADVANCED_FACE('',(#9814),#9891,.F.);
#9814 = FACE_BOUND('',#9815,.F.);
#9815 = EDGE_LOOP('',(#9816,#9826,#9833,#9834,#9843,#9851,#9860,#9868,
    #9876,#9884));
#9816 = ORIENTED_EDGE('',*,*,#9817,.F.);
#9817 = EDGE_CURVE('',#9818,#9820,#9822,.T.);
#9818 = VERTEX_POINT('',#9819);
#9819 = CARTESIAN_POINT('',(-0.955,-0.6,-2.775557561563E-17));
#9820 = VERTEX_POINT('',#9821);
#9821 = CARTESIAN_POINT('',(-0.745,-0.6,-2.775557561563E-17));
#9822 = LINE('',#9823,#9824);
#9823 = CARTESIAN_POINT('',(-1.,-0.6,0.));
#9824 = VECTOR('',#9825,1.);
#9825 = DIRECTION('',(1.,0.,0.));
#9826 = ORIENTED_EDGE('',*,*,#9827,.F.);
#9827 = EDGE_CURVE('',#9778,#9818,#9828,.T.);
#9828 = CIRCLE('',#9829,4.5E-02);
#9829 = AXIS2_PLACEMENT_3D('',#9830,#9831,#9832);
#9830 = CARTESIAN_POINT('',(-0.955,-0.6,4.5E-02));
#9831 = DIRECTION('',(0.,-1.,0.));
#9832 = DIRECTION('',(0.,0.,1.));
#9833 = ORIENTED_EDGE('',*,*,#9777,.T.);
#9834 = ORIENTED_EDGE('',*,*,#9835,.T.);
#9835 = EDGE_CURVE('',#9780,#9836,#9838,.T.);
#9836 = VERTEX_POINT('',#9837);
#9837 = CARTESIAN_POINT('',(-0.955,-0.6,0.45));
#9838 = CIRCLE('',#9839,4.5E-02);
#9839 = AXIS2_PLACEMENT_3D('',#9840,#9841,#9842);
#9840 = CARTESIAN_POINT('',(-0.955,-0.6,0.405));
#9841 = DIRECTION('',(0.,1.,0.));
#9842 = DIRECTION('',(0.,-0.,1.));
#9843 = ORIENTED_EDGE('',*,*,#9844,.T.);
#9844 = EDGE_CURVE('',#9836,#9845,#9847,.T.);
#9845 = VERTEX_POINT('',#9846);
#9846 = CARTESIAN_POINT('',(-0.745,-0.6,0.45));
#9847 = LINE('',#9848,#9849);
#9848 = CARTESIAN_POINT('',(-1.,-0.6,0.45));
#9849 = VECTOR('',#9850,1.);
#9850 = DIRECTION('',(1.,0.,0.));
#9851 = ORIENTED_EDGE('',*,*,#9852,.F.);
#9852 = EDGE_CURVE('',#9853,#9845,#9855,.T.);
#9853 = VERTEX_POINT('',#9854);
#9854 = CARTESIAN_POINT('',(-0.7,-0.6,0.405));
#9855 = CIRCLE('',#9856,4.5E-02);
#9856 = AXIS2_PLACEMENT_3D('',#9857,#9858,#9859);
#9857 = CARTESIAN_POINT('',(-0.745,-0.6,0.405));
#9858 = DIRECTION('',(0.,-1.,0.));
#9859 = DIRECTION('',(0.,0.,1.));
#9860 = ORIENTED_EDGE('',*,*,#9861,.F.);
#9861 = EDGE_CURVE('',#9862,#9853,#9864,.T.);
#9862 = VERTEX_POINT('',#9863);
#9863 = CARTESIAN_POINT('',(-0.955,-0.6,0.405));
#9864 = LINE('',#9865,#9866);
#9865 = CARTESIAN_POINT('',(-0.955,-0.6,0.405));
#9866 = VECTOR('',#9867,1.);
#9867 = DIRECTION('',(1.,0.,0.));
#9868 = ORIENTED_EDGE('',*,*,#9869,.F.);
#9869 = EDGE_CURVE('',#9870,#9862,#9872,.T.);
#9870 = VERTEX_POINT('',#9871);
#9871 = CARTESIAN_POINT('',(-0.955,-0.6,4.5E-02));
#9872 = LINE('',#9873,#9874);
#9873 = CARTESIAN_POINT('',(-0.955,-0.6,4.5E-02));
#9874 = VECTOR('',#9875,1.);
#9875 = DIRECTION('',(0.,0.,1.));
#9876 = ORIENTED_EDGE('',*,*,#9877,.T.);
#9877 = EDGE_CURVE('',#9870,#9878,#9880,.T.);
#9878 = VERTEX_POINT('',#9879);
#9879 = CARTESIAN_POINT('',(-0.7,-0.6,4.5E-02));
#9880 = LINE('',#9881,#9882);
#9881 = CARTESIAN_POINT('',(-0.955,-0.6,4.5E-02));
#9882 = VECTOR('',#9883,1.);
#9883 = DIRECTION('',(1.,0.,0.));
#9884 = ORIENTED_EDGE('',*,*,#9885,.T.);
#9885 = EDGE_CURVE('',#9878,#9820,#9886,.T.);
#9886 = CIRCLE('',#9887,4.5E-02);
#9887 = AXIS2_PLACEMENT_3D('',#9888,#9889,#9890);
#9888 = CARTESIAN_POINT('',(-0.745,-0.6,4.5E-02));
#9889 = DIRECTION('',(0.,1.,0.));
#9890 = DIRECTION('',(0.,-0.,1.));
#9891 = PLANE('',#9892);
#9892 = AXIS2_PLACEMENT_3D('',#9893,#9894,#9895);
#9893 = CARTESIAN_POINT('',(-1.,-0.6,0.));
#9894 = DIRECTION('',(0.,1.,0.));
#9895 = DIRECTION('',(0.,-0.,1.));
#9896 = ADVANCED_FACE('',(#9897),#9916,.T.);
#9897 = FACE_BOUND('',#9898,.T.);
#9898 = EDGE_LOOP('',(#9899,#9900,#9909,#9915));
#9899 = ORIENTED_EDGE('',*,*,#9787,.T.);
#9900 = ORIENTED_EDGE('',*,*,#9901,.T.);
#9901 = EDGE_CURVE('',#9788,#9902,#9904,.T.);
#9902 = VERTEX_POINT('',#9903);
#9903 = CARTESIAN_POINT('',(-0.955,0.6,-2.775557561563E-17));
#9904 = CIRCLE('',#9905,4.5E-02);
#9905 = AXIS2_PLACEMENT_3D('',#9906,#9907,#9908);
#9906 = CARTESIAN_POINT('',(-0.955,0.6,4.5E-02));
#9907 = DIRECTION('',(0.,-1.,0.));
#9908 = DIRECTION('',(0.,0.,1.));
#9909 = ORIENTED_EDGE('',*,*,#9910,.F.);
#9910 = EDGE_CURVE('',#9818,#9902,#9911,.T.);
#9911 = LINE('',#9912,#9913);
#9912 = CARTESIAN_POINT('',(-0.955,-0.6,-2.775557561563E-17));
#9913 = VECTOR('',#9914,1.);
#9914 = DIRECTION('',(0.,1.,0.));
#9915 = ORIENTED_EDGE('',*,*,#9827,.F.);
#9916 = CYLINDRICAL_SURFACE('',#9917,4.5E-02);
#9917 = AXIS2_PLACEMENT_3D('',#9918,#9919,#9920);
#9918 = CARTESIAN_POINT('',(-0.955,-0.6,4.5E-02));
#9919 = DIRECTION('',(0.,1.,0.));
#9920 = DIRECTION('',(-1.,0.,0.));
#9921 = ADVANCED_FACE('',(#9922),#9941,.T.);
#9922 = FACE_BOUND('',#9923,.T.);
#9923 = EDGE_LOOP('',(#9924,#9925,#9933,#9940));
#9924 = ORIENTED_EDGE('',*,*,#9835,.T.);
#9925 = ORIENTED_EDGE('',*,*,#9926,.T.);
#9926 = EDGE_CURVE('',#9836,#9927,#9929,.T.);
#9927 = VERTEX_POINT('',#9928);
#9928 = CARTESIAN_POINT('',(-0.955,0.6,0.45));
#9929 = LINE('',#9930,#9931);
#9930 = CARTESIAN_POINT('',(-0.955,-0.6,0.45));
#9931 = VECTOR('',#9932,1.);
#9932 = DIRECTION('',(0.,1.,0.));
#9933 = ORIENTED_EDGE('',*,*,#9934,.F.);
#9934 = EDGE_CURVE('',#9796,#9927,#9935,.T.);
#9935 = CIRCLE('',#9936,4.5E-02);
#9936 = AXIS2_PLACEMENT_3D('',#9937,#9938,#9939);
#9937 = CARTESIAN_POINT('',(-0.955,0.6,0.405));
#9938 = DIRECTION('',(0.,1.,0.));
#9939 = DIRECTION('',(0.,-0.,1.));
#9940 = ORIENTED_EDGE('',*,*,#9803,.F.);
#9941 = CYLINDRICAL_SURFACE('',#9942,4.5E-02);
#9942 = AXIS2_PLACEMENT_3D('',#9943,#9944,#9945);
#9943 = CARTESIAN_POINT('',(-0.955,-0.6,0.405));
#9944 = DIRECTION('',(0.,1.,0.));
#9945 = DIRECTION('',(-1.,0.,0.));
#9946 = ADVANCED_FACE('',(#9947),#10008,.T.);
#9947 = FACE_BOUND('',#9948,.T.);
#9948 = EDGE_LOOP('',(#9949,#9957,#9958,#9959,#9960,#9968,#9977,#9985,
    #9993,#10001));
#9949 = ORIENTED_EDGE('',*,*,#9950,.F.);
#9950 = EDGE_CURVE('',#9902,#9951,#9953,.T.);
#9951 = VERTEX_POINT('',#9952);
#9952 = CARTESIAN_POINT('',(-0.745,0.6,-2.775557561563E-17));
#9953 = LINE('',#9954,#9955);
#9954 = CARTESIAN_POINT('',(-1.,0.6,0.));
#9955 = VECTOR('',#9956,1.);
#9956 = DIRECTION('',(1.,0.,0.));
#9957 = ORIENTED_EDGE('',*,*,#9901,.F.);
#9958 = ORIENTED_EDGE('',*,*,#9795,.T.);
#9959 = ORIENTED_EDGE('',*,*,#9934,.T.);
#9960 = ORIENTED_EDGE('',*,*,#9961,.T.);
#9961 = EDGE_CURVE('',#9927,#9962,#9964,.T.);
#9962 = VERTEX_POINT('',#9963);
#9963 = CARTESIAN_POINT('',(-0.745,0.6,0.45));
#9964 = LINE('',#9965,#9966);
#9965 = CARTESIAN_POINT('',(-1.,0.6,0.45));
#9966 = VECTOR('',#9967,1.);
#9967 = DIRECTION('',(1.,0.,0.));
#9968 = ORIENTED_EDGE('',*,*,#9969,.F.);
#9969 = EDGE_CURVE('',#9970,#9962,#9972,.T.);
#9970 = VERTEX_POINT('',#9971);
#9971 = CARTESIAN_POINT('',(-0.7,0.6,0.405));
#9972 = CIRCLE('',#9973,4.5E-02);
#9973 = AXIS2_PLACEMENT_3D('',#9974,#9975,#9976);
#9974 = CARTESIAN_POINT('',(-0.745,0.6,0.405));
#9975 = DIRECTION('',(0.,-1.,0.));
#9976 = DIRECTION('',(0.,0.,1.));
#9977 = ORIENTED_EDGE('',*,*,#9978,.F.);
#9978 = EDGE_CURVE('',#9979,#9970,#9981,.T.);
#9979 = VERTEX_POINT('',#9980);
#9980 = CARTESIAN_POINT('',(-0.955,0.6,0.405));
#9981 = LINE('',#9982,#9983);
#9982 = CARTESIAN_POINT('',(-0.955,0.6,0.405));
#9983 = VECTOR('',#9984,1.);
#9984 = DIRECTION('',(1.,0.,0.));
#9985 = ORIENTED_EDGE('',*,*,#9986,.F.);
#9986 = EDGE_CURVE('',#9987,#9979,#9989,.T.);
#9987 = VERTEX_POINT('',#9988);
#9988 = CARTESIAN_POINT('',(-0.955,0.6,4.5E-02));
#9989 = LINE('',#9990,#9991);
#9990 = CARTESIAN_POINT('',(-0.955,0.6,4.5E-02));
#9991 = VECTOR('',#9992,1.);
#9992 = DIRECTION('',(0.,0.,1.));
#9993 = ORIENTED_EDGE('',*,*,#9994,.T.);
#9994 = EDGE_CURVE('',#9987,#9995,#9997,.T.);
#9995 = VERTEX_POINT('',#9996);
#9996 = CARTESIAN_POINT('',(-0.7,0.6,4.5E-02));
#9997 = LINE('',#9998,#9999);
#9998 = CARTESIAN_POINT('',(-0.955,0.6,4.5E-02));
#9999 = VECTOR('',#10000,1.);
#10000 = DIRECTION('',(1.,0.,0.));
#10001 = ORIENTED_EDGE('',*,*,#10002,.T.);
#10002 = EDGE_CURVE('',#9995,#9951,#10003,.T.);
#10003 = CIRCLE('',#10004,4.5E-02);
#10004 = AXIS2_PLACEMENT_3D('',#10005,#10006,#10007);
#10005 = CARTESIAN_POINT('',(-0.745,0.6,4.5E-02));
#10006 = DIRECTION('',(0.,1.,0.));
#10007 = DIRECTION('',(0.,-0.,1.));
#10008 = PLANE('',#10009);
#10009 = AXIS2_PLACEMENT_3D('',#10010,#10011,#10012);
#10010 = CARTESIAN_POINT('',(-1.,0.6,0.));
#10011 = DIRECTION('',(0.,1.,0.));
#10012 = DIRECTION('',(0.,-0.,1.));
#10013 = ADVANCED_FACE('',(#10014),#10025,.F.);
#10014 = FACE_BOUND('',#10015,.F.);
#10015 = EDGE_LOOP('',(#10016,#10017,#10018,#10019));
#10016 = ORIENTED_EDGE('',*,*,#9950,.F.);
#10017 = ORIENTED_EDGE('',*,*,#9910,.F.);
#10018 = ORIENTED_EDGE('',*,*,#9817,.T.);
#10019 = ORIENTED_EDGE('',*,*,#10020,.T.);
#10020 = EDGE_CURVE('',#9820,#9951,#10021,.T.);
#10021 = LINE('',#10022,#10023);
#10022 = CARTESIAN_POINT('',(-0.745,-0.6,-2.775557561563E-17));
#10023 = VECTOR('',#10024,1.);
#10024 = DIRECTION('',(0.,1.,0.));
#10025 = PLANE('',#10026);
#10026 = AXIS2_PLACEMENT_3D('',#10027,#10028,#10029);
#10027 = CARTESIAN_POINT('',(-1.,-0.6,0.));
#10028 = DIRECTION('',(0.,0.,1.));
#10029 = DIRECTION('',(1.,0.,-0.));
#10030 = ADVANCED_FACE('',(#10031),#10042,.T.);
#10031 = FACE_BOUND('',#10032,.T.);
#10032 = EDGE_LOOP('',(#10033,#10034,#10035,#10036));
#10033 = ORIENTED_EDGE('',*,*,#9885,.T.);
#10034 = ORIENTED_EDGE('',*,*,#10020,.T.);
#10035 = ORIENTED_EDGE('',*,*,#10002,.F.);
#10036 = ORIENTED_EDGE('',*,*,#10037,.F.);
#10037 = EDGE_CURVE('',#9878,#9995,#10038,.T.);
#10038 = LINE('',#10039,#10040);
#10039 = CARTESIAN_POINT('',(-0.7,-0.6,4.5E-02));
#10040 = VECTOR('',#10041,1.);
#10041 = DIRECTION('',(0.,1.,0.));
#10042 = CYLINDRICAL_SURFACE('',#10043,4.5E-02);
#10043 = AXIS2_PLACEMENT_3D('',#10044,#10045,#10046);
#10044 = CARTESIAN_POINT('',(-0.745,-0.6,4.5E-02));
#10045 = DIRECTION('',(0.,1.,0.));
#10046 = DIRECTION('',(1.,0.,0.));
#10047 = ADVANCED_FACE('',(#10048),#10091,.F.);
#10048 = FACE_BOUND('',#10049,.F.);
#10049 = EDGE_LOOP('',(#10050,#10051,#10052,#10053,#10061,#10069,#10077,
    #10085));
#10050 = ORIENTED_EDGE('',*,*,#9877,.F.);
#10051 = ORIENTED_EDGE('',*,*,#9869,.T.);
#10052 = ORIENTED_EDGE('',*,*,#9861,.T.);
#10053 = ORIENTED_EDGE('',*,*,#10054,.T.);
#10054 = EDGE_CURVE('',#9853,#10055,#10057,.T.);
#10055 = VERTEX_POINT('',#10056);
#10056 = CARTESIAN_POINT('',(0.7,-0.6,0.405));
#10057 = LINE('',#10058,#10059);
#10058 = CARTESIAN_POINT('',(-0.7,-0.6,0.405));
#10059 = VECTOR('',#10060,1.);
#10060 = DIRECTION('',(1.,0.,0.));
#10061 = ORIENTED_EDGE('',*,*,#10062,.T.);
#10062 = EDGE_CURVE('',#10055,#10063,#10065,.T.);
#10063 = VERTEX_POINT('',#10064);
#10064 = CARTESIAN_POINT('',(0.955,-0.6,0.405));
#10065 = LINE('',#10066,#10067);
#10066 = CARTESIAN_POINT('',(-0.955,-0.6,0.405));
#10067 = VECTOR('',#10068,1.);
#10068 = DIRECTION('',(1.,0.,0.));
#10069 = ORIENTED_EDGE('',*,*,#10070,.F.);
#10070 = EDGE_CURVE('',#10071,#10063,#10073,.T.);
#10071 = VERTEX_POINT('',#10072);
#10072 = CARTESIAN_POINT('',(0.955,-0.6,4.5E-02));
#10073 = LINE('',#10074,#10075);
#10074 = CARTESIAN_POINT('',(0.955,-0.6,4.5E-02));
#10075 = VECTOR('',#10076,1.);
#10076 = DIRECTION('',(0.,0.,1.));
#10077 = ORIENTED_EDGE('',*,*,#10078,.F.);
#10078 = EDGE_CURVE('',#10079,#10071,#10081,.T.);
#10079 = VERTEX_POINT('',#10080);
#10080 = CARTESIAN_POINT('',(0.7,-0.6,4.5E-02));
#10081 = LINE('',#10082,#10083);
#10082 = CARTESIAN_POINT('',(-0.955,-0.6,4.5E-02));
#10083 = VECTOR('',#10084,1.);
#10084 = DIRECTION('',(1.,0.,0.));
#10085 = ORIENTED_EDGE('',*,*,#10086,.F.);
#10086 = EDGE_CURVE('',#9878,#10079,#10087,.T.);
#10087 = LINE('',#10088,#10089);
#10088 = CARTESIAN_POINT('',(-0.955,-0.6,4.5E-02));
#10089 = VECTOR('',#10090,1.);
#10090 = DIRECTION('',(1.,0.,0.));
#10091 = PLANE('',#10092);
#10092 = AXIS2_PLACEMENT_3D('',#10093,#10094,#10095);
#10093 = CARTESIAN_POINT('',(-0.955,-0.6,4.5E-02));
#10094 = DIRECTION('',(0.,1.,0.));
#10095 = DIRECTION('',(0.,-0.,1.));
#10096 = ADVANCED_FACE('',(#10097),#10108,.T.);
#10097 = FACE_BOUND('',#10098,.T.);
#10098 = EDGE_LOOP('',(#10099,#10100,#10101,#10102));
#10099 = ORIENTED_EDGE('',*,*,#9961,.F.);
#10100 = ORIENTED_EDGE('',*,*,#9926,.F.);
#10101 = ORIENTED_EDGE('',*,*,#9844,.T.);
#10102 = ORIENTED_EDGE('',*,*,#10103,.T.);
#10103 = EDGE_CURVE('',#9845,#9962,#10104,.T.);
#10104 = LINE('',#10105,#10106);
#10105 = CARTESIAN_POINT('',(-0.745,-0.6,0.45));
#10106 = VECTOR('',#10107,1.);
#10107 = DIRECTION('',(0.,1.,0.));
#10108 = PLANE('',#10109);
#10109 = AXIS2_PLACEMENT_3D('',#10110,#10111,#10112);
#10110 = CARTESIAN_POINT('',(-1.,-0.6,0.45));
#10111 = DIRECTION('',(0.,0.,1.));
#10112 = DIRECTION('',(1.,0.,-0.));
#10113 = ADVANCED_FACE('',(#10114),#10125,.T.);
#10114 = FACE_BOUND('',#10115,.T.);
#10115 = EDGE_LOOP('',(#10116,#10122,#10123,#10124));
#10116 = ORIENTED_EDGE('',*,*,#10117,.T.);
#10117 = EDGE_CURVE('',#9853,#9970,#10118,.T.);
#10118 = LINE('',#10119,#10120);
#10119 = CARTESIAN_POINT('',(-0.7,-0.6,0.405));
#10120 = VECTOR('',#10121,1.);
#10121 = DIRECTION('',(0.,1.,0.));
#10122 = ORIENTED_EDGE('',*,*,#9969,.T.);
#10123 = ORIENTED_EDGE('',*,*,#10103,.F.);
#10124 = ORIENTED_EDGE('',*,*,#9852,.F.);
#10125 = CYLINDRICAL_SURFACE('',#10126,4.5E-02);
#10126 = AXIS2_PLACEMENT_3D('',#10127,#10128,#10129);
#10127 = CARTESIAN_POINT('',(-0.745,-0.6,0.405));
#10128 = DIRECTION('',(0.,1.,0.));
#10129 = DIRECTION('',(1.,0.,0.));
#10130 = ADVANCED_FACE('',(#10131),#10174,.T.);
#10131 = FACE_BOUND('',#10132,.T.);
#10132 = EDGE_LOOP('',(#10133,#10134,#10135,#10136,#10144,#10152,#10160,
    #10168));
#10133 = ORIENTED_EDGE('',*,*,#9994,.F.);
#10134 = ORIENTED_EDGE('',*,*,#9986,.T.);
#10135 = ORIENTED_EDGE('',*,*,#9978,.T.);
#10136 = ORIENTED_EDGE('',*,*,#10137,.T.);
#10137 = EDGE_CURVE('',#9970,#10138,#10140,.T.);
#10138 = VERTEX_POINT('',#10139);
#10139 = CARTESIAN_POINT('',(0.7,0.6,0.405));
#10140 = LINE('',#10141,#10142);
#10141 = CARTESIAN_POINT('',(-0.7,0.6,0.405));
#10142 = VECTOR('',#10143,1.);
#10143 = DIRECTION('',(1.,0.,0.));
#10144 = ORIENTED_EDGE('',*,*,#10145,.T.);
#10145 = EDGE_CURVE('',#10138,#10146,#10148,.T.);
#10146 = VERTEX_POINT('',#10147);
#10147 = CARTESIAN_POINT('',(0.955,0.6,0.405));
#10148 = LINE('',#10149,#10150);
#10149 = CARTESIAN_POINT('',(-0.955,0.6,0.405));
#10150 = VECTOR('',#10151,1.);
#10151 = DIRECTION('',(1.,0.,0.));
#10152 = ORIENTED_EDGE('',*,*,#10153,.F.);
#10153 = EDGE_CURVE('',#10154,#10146,#10156,.T.);
#10154 = VERTEX_POINT('',#10155);
#10155 = CARTESIAN_POINT('',(0.955,0.6,4.5E-02));
#10156 = LINE('',#10157,#10158);
#10157 = CARTESIAN_POINT('',(0.955,0.6,4.5E-02));
#10158 = VECTOR('',#10159,1.);
#10159 = DIRECTION('',(0.,0.,1.));
#10160 = ORIENTED_EDGE('',*,*,#10161,.F.);
#10161 = EDGE_CURVE('',#10162,#10154,#10164,.T.);
#10162 = VERTEX_POINT('',#10163);
#10163 = CARTESIAN_POINT('',(0.7,0.6,4.5E-02));
#10164 = LINE('',#10165,#10166);
#10165 = CARTESIAN_POINT('',(-0.955,0.6,4.5E-02));
#10166 = VECTOR('',#10167,1.);
#10167 = DIRECTION('',(1.,0.,0.));
#10168 = ORIENTED_EDGE('',*,*,#10169,.F.);
#10169 = EDGE_CURVE('',#9995,#10162,#10170,.T.);
#10170 = LINE('',#10171,#10172);
#10171 = CARTESIAN_POINT('',(-0.955,0.6,4.5E-02));
#10172 = VECTOR('',#10173,1.);
#10173 = DIRECTION('',(1.,0.,0.));
#10174 = PLANE('',#10175);
#10175 = AXIS2_PLACEMENT_3D('',#10176,#10177,#10178);
#10176 = CARTESIAN_POINT('',(-0.955,0.6,4.5E-02));
#10177 = DIRECTION('',(0.,1.,0.));
#10178 = DIRECTION('',(0.,-0.,1.));
#10179 = ADVANCED_FACE('',(#10180),#10191,.F.);
#10180 = FACE_BOUND('',#10181,.F.);
#10181 = EDGE_LOOP('',(#10182,#10183,#10184,#10190));
#10182 = ORIENTED_EDGE('',*,*,#10037,.F.);
#10183 = ORIENTED_EDGE('',*,*,#10086,.T.);
#10184 = ORIENTED_EDGE('',*,*,#10185,.T.);
#10185 = EDGE_CURVE('',#10079,#10162,#10186,.T.);
#10186 = LINE('',#10187,#10188);
#10187 = CARTESIAN_POINT('',(0.7,-0.6,4.5E-02));
#10188 = VECTOR('',#10189,1.);
#10189 = DIRECTION('',(0.,1.,0.));
#10190 = ORIENTED_EDGE('',*,*,#10169,.F.);
#10191 = PLANE('',#10192);
#10192 = AXIS2_PLACEMENT_3D('',#10193,#10194,#10195);
#10193 = CARTESIAN_POINT('',(-0.955,-0.6,4.5E-02));
#10194 = DIRECTION('',(0.,0.,1.));
#10195 = DIRECTION('',(1.,0.,-0.));
#10196 = ADVANCED_FACE('',(#10197),#10260,.F.);
#10197 = FACE_BOUND('',#10198,.F.);
#10198 = EDGE_LOOP('',(#10199,#10209,#10216,#10217,#10218,#10219,#10228,
    #10236,#10245,#10253));
#10199 = ORIENTED_EDGE('',*,*,#10200,.F.);
#10200 = EDGE_CURVE('',#10201,#10203,#10205,.T.);
#10201 = VERTEX_POINT('',#10202);
#10202 = CARTESIAN_POINT('',(0.745,-0.6,-2.775557561563E-17));
#10203 = VERTEX_POINT('',#10204);
#10204 = CARTESIAN_POINT('',(0.955,-0.6,-2.775557561563E-17));
#10205 = LINE('',#10206,#10207);
#10206 = CARTESIAN_POINT('',(0.7,-0.6,0.));
#10207 = VECTOR('',#10208,1.);
#10208 = DIRECTION('',(1.,0.,0.));
#10209 = ORIENTED_EDGE('',*,*,#10210,.F.);
#10210 = EDGE_CURVE('',#10079,#10201,#10211,.T.);
#10211 = CIRCLE('',#10212,4.5E-02);
#10212 = AXIS2_PLACEMENT_3D('',#10213,#10214,#10215);
#10213 = CARTESIAN_POINT('',(0.745,-0.6,4.5E-02));
#10214 = DIRECTION('',(0.,-1.,0.));
#10215 = DIRECTION('',(0.,0.,1.));
#10216 = ORIENTED_EDGE('',*,*,#10078,.T.);
#10217 = ORIENTED_EDGE('',*,*,#10070,.T.);
#10218 = ORIENTED_EDGE('',*,*,#10062,.F.);
#10219 = ORIENTED_EDGE('',*,*,#10220,.T.);
#10220 = EDGE_CURVE('',#10055,#10221,#10223,.T.);
#10221 = VERTEX_POINT('',#10222);
#10222 = CARTESIAN_POINT('',(0.745,-0.6,0.45));
#10223 = CIRCLE('',#10224,4.5E-02);
#10224 = AXIS2_PLACEMENT_3D('',#10225,#10226,#10227);
#10225 = CARTESIAN_POINT('',(0.745,-0.6,0.405));
#10226 = DIRECTION('',(0.,1.,0.));
#10227 = DIRECTION('',(0.,-0.,1.));
#10228 = ORIENTED_EDGE('',*,*,#10229,.T.);
#10229 = EDGE_CURVE('',#10221,#10230,#10232,.T.);
#10230 = VERTEX_POINT('',#10231);
#10231 = CARTESIAN_POINT('',(0.955,-0.6,0.45));
#10232 = LINE('',#10233,#10234);
#10233 = CARTESIAN_POINT('',(0.7,-0.6,0.45));
#10234 = VECTOR('',#10235,1.);
#10235 = DIRECTION('',(1.,0.,0.));
#10236 = ORIENTED_EDGE('',*,*,#10237,.F.);
#10237 = EDGE_CURVE('',#10238,#10230,#10240,.T.);
#10238 = VERTEX_POINT('',#10239);
#10239 = CARTESIAN_POINT('',(1.,-0.6,0.405));
#10240 = CIRCLE('',#10241,4.5E-02);
#10241 = AXIS2_PLACEMENT_3D('',#10242,#10243,#10244);
#10242 = CARTESIAN_POINT('',(0.955,-0.6,0.405));
#10243 = DIRECTION('',(0.,-1.,0.));
#10244 = DIRECTION('',(0.,0.,1.));
#10245 = ORIENTED_EDGE('',*,*,#10246,.F.);
#10246 = EDGE_CURVE('',#10247,#10238,#10249,.T.);
#10247 = VERTEX_POINT('',#10248);
#10248 = CARTESIAN_POINT('',(1.,-0.6,4.5E-02));
#10249 = LINE('',#10250,#10251);
#10250 = CARTESIAN_POINT('',(1.,-0.6,0.));
#10251 = VECTOR('',#10252,1.);
#10252 = DIRECTION('',(0.,0.,1.));
#10253 = ORIENTED_EDGE('',*,*,#10254,.T.);
#10254 = EDGE_CURVE('',#10247,#10203,#10255,.T.);
#10255 = CIRCLE('',#10256,4.5E-02);
#10256 = AXIS2_PLACEMENT_3D('',#10257,#10258,#10259);
#10257 = CARTESIAN_POINT('',(0.955,-0.6,4.5E-02));
#10258 = DIRECTION('',(0.,1.,0.));
#10259 = DIRECTION('',(0.,-0.,1.));
#10260 = PLANE('',#10261);
#10261 = AXIS2_PLACEMENT_3D('',#10262,#10263,#10264);
#10262 = CARTESIAN_POINT('',(0.7,-0.6,0.));
#10263 = DIRECTION('',(0.,1.,0.));
#10264 = DIRECTION('',(0.,-0.,1.));
#10265 = ADVANCED_FACE('',(#10266),#10291,.F.);
#10266 = FACE_BOUND('',#10267,.F.);
#10267 = EDGE_LOOP('',(#10268,#10269,#10277,#10285));
#10268 = ORIENTED_EDGE('',*,*,#10054,.F.);
#10269 = ORIENTED_EDGE('',*,*,#10270,.T.);
#10270 = EDGE_CURVE('',#9853,#10271,#10273,.T.);
#10271 = VERTEX_POINT('',#10272);
#10272 = CARTESIAN_POINT('',(-0.7,-0.6,0.45));
#10273 = LINE('',#10274,#10275);
#10274 = CARTESIAN_POINT('',(-0.7,-0.6,0.405));
#10275 = VECTOR('',#10276,1.);
#10276 = DIRECTION('',(0.,0.,1.));
#10277 = ORIENTED_EDGE('',*,*,#10278,.T.);
#10278 = EDGE_CURVE('',#10271,#10279,#10281,.T.);
#10279 = VERTEX_POINT('',#10280);
#10280 = CARTESIAN_POINT('',(0.7,-0.6,0.45));
#10281 = LINE('',#10282,#10283);
#10282 = CARTESIAN_POINT('',(-0.7,-0.6,0.45));
#10283 = VECTOR('',#10284,1.);
#10284 = DIRECTION('',(1.,0.,0.));
#10285 = ORIENTED_EDGE('',*,*,#10286,.F.);
#10286 = EDGE_CURVE('',#10055,#10279,#10287,.T.);
#10287 = LINE('',#10288,#10289);
#10288 = CARTESIAN_POINT('',(0.7,-0.6,0.405));
#10289 = VECTOR('',#10290,1.);
#10290 = DIRECTION('',(0.,0.,1.));
#10291 = PLANE('',#10292);
#10292 = AXIS2_PLACEMENT_3D('',#10293,#10294,#10295);
#10293 = CARTESIAN_POINT('',(-0.7,-0.6,0.405));
#10294 = DIRECTION('',(0.,1.,0.));
#10295 = DIRECTION('',(0.,-0.,1.));
#10296 = ADVANCED_FACE('',(#10297),#10315,.F.);
#10297 = FACE_BOUND('',#10298,.F.);
#10298 = EDGE_LOOP('',(#10299,#10300,#10301,#10309));
#10299 = ORIENTED_EDGE('',*,*,#10270,.F.);
#10300 = ORIENTED_EDGE('',*,*,#10117,.T.);
#10301 = ORIENTED_EDGE('',*,*,#10302,.T.);
#10302 = EDGE_CURVE('',#9970,#10303,#10305,.T.);
#10303 = VERTEX_POINT('',#10304);
#10304 = CARTESIAN_POINT('',(-0.7,0.6,0.45));
#10305 = LINE('',#10306,#10307);
#10306 = CARTESIAN_POINT('',(-0.7,0.6,0.405));
#10307 = VECTOR('',#10308,1.);
#10308 = DIRECTION('',(0.,0.,1.));
#10309 = ORIENTED_EDGE('',*,*,#10310,.F.);
#10310 = EDGE_CURVE('',#10271,#10303,#10311,.T.);
#10311 = LINE('',#10312,#10313);
#10312 = CARTESIAN_POINT('',(-0.7,-0.6,0.45));
#10313 = VECTOR('',#10314,1.);
#10314 = DIRECTION('',(0.,1.,0.));
#10315 = PLANE('',#10316);
#10316 = AXIS2_PLACEMENT_3D('',#10317,#10318,#10319);
#10317 = CARTESIAN_POINT('',(-0.7,-0.6,0.405));
#10318 = DIRECTION('',(1.,0.,0.));
#10319 = DIRECTION('',(0.,0.,1.));
#10320 = ADVANCED_FACE('',(#10321),#10384,.T.);
#10321 = FACE_BOUND('',#10322,.T.);
#10322 = EDGE_LOOP('',(#10323,#10333,#10340,#10341,#10342,#10343,#10352,
    #10360,#10369,#10377));
#10323 = ORIENTED_EDGE('',*,*,#10324,.F.);
#10324 = EDGE_CURVE('',#10325,#10327,#10329,.T.);
#10325 = VERTEX_POINT('',#10326);
#10326 = CARTESIAN_POINT('',(0.745,0.6,-2.775557561563E-17));
#10327 = VERTEX_POINT('',#10328);
#10328 = CARTESIAN_POINT('',(0.955,0.6,-2.775557561563E-17));
#10329 = LINE('',#10330,#10331);
#10330 = CARTESIAN_POINT('',(0.7,0.6,0.));
#10331 = VECTOR('',#10332,1.);
#10332 = DIRECTION('',(1.,0.,0.));
#10333 = ORIENTED_EDGE('',*,*,#10334,.F.);
#10334 = EDGE_CURVE('',#10162,#10325,#10335,.T.);
#10335 = CIRCLE('',#10336,4.5E-02);
#10336 = AXIS2_PLACEMENT_3D('',#10337,#10338,#10339);
#10337 = CARTESIAN_POINT('',(0.745,0.6,4.5E-02));
#10338 = DIRECTION('',(0.,-1.,0.));
#10339 = DIRECTION('',(0.,0.,1.));
#10340 = ORIENTED_EDGE('',*,*,#10161,.T.);
#10341 = ORIENTED_EDGE('',*,*,#10153,.T.);
#10342 = ORIENTED_EDGE('',*,*,#10145,.F.);
#10343 = ORIENTED_EDGE('',*,*,#10344,.T.);
#10344 = EDGE_CURVE('',#10138,#10345,#10347,.T.);
#10345 = VERTEX_POINT('',#10346);
#10346 = CARTESIAN_POINT('',(0.745,0.6,0.45));
#10347 = CIRCLE('',#10348,4.5E-02);
#10348 = AXIS2_PLACEMENT_3D('',#10349,#10350,#10351);
#10349 = CARTESIAN_POINT('',(0.745,0.6,0.405));
#10350 = DIRECTION('',(0.,1.,0.));
#10351 = DIRECTION('',(0.,-0.,1.));
#10352 = ORIENTED_EDGE('',*,*,#10353,.T.);
#10353 = EDGE_CURVE('',#10345,#10354,#10356,.T.);
#10354 = VERTEX_POINT('',#10355);
#10355 = CARTESIAN_POINT('',(0.955,0.6,0.45));
#10356 = LINE('',#10357,#10358);
#10357 = CARTESIAN_POINT('',(0.7,0.6,0.45));
#10358 = VECTOR('',#10359,1.);
#10359 = DIRECTION('',(1.,0.,0.));
#10360 = ORIENTED_EDGE('',*,*,#10361,.F.);
#10361 = EDGE_CURVE('',#10362,#10354,#10364,.T.);
#10362 = VERTEX_POINT('',#10363);
#10363 = CARTESIAN_POINT('',(1.,0.6,0.405));
#10364 = CIRCLE('',#10365,4.5E-02);
#10365 = AXIS2_PLACEMENT_3D('',#10366,#10367,#10368);
#10366 = CARTESIAN_POINT('',(0.955,0.6,0.405));
#10367 = DIRECTION('',(0.,-1.,0.));
#10368 = DIRECTION('',(0.,0.,1.));
#10369 = ORIENTED_EDGE('',*,*,#10370,.F.);
#10370 = EDGE_CURVE('',#10371,#10362,#10373,.T.);
#10371 = VERTEX_POINT('',#10372);
#10372 = CARTESIAN_POINT('',(1.,0.6,4.5E-02));
#10373 = LINE('',#10374,#10375);
#10374 = CARTESIAN_POINT('',(1.,0.6,0.));
#10375 = VECTOR('',#10376,1.);
#10376 = DIRECTION('',(0.,0.,1.));
#10377 = ORIENTED_EDGE('',*,*,#10378,.T.);
#10378 = EDGE_CURVE('',#10371,#10327,#10379,.T.);
#10379 = CIRCLE('',#10380,4.5E-02);
#10380 = AXIS2_PLACEMENT_3D('',#10381,#10382,#10383);
#10381 = CARTESIAN_POINT('',(0.955,0.6,4.5E-02));
#10382 = DIRECTION('',(0.,1.,0.));
#10383 = DIRECTION('',(0.,-0.,1.));
#10384 = PLANE('',#10385);
#10385 = AXIS2_PLACEMENT_3D('',#10386,#10387,#10388);
#10386 = CARTESIAN_POINT('',(0.7,0.6,0.));
#10387 = DIRECTION('',(0.,1.,0.));
#10388 = DIRECTION('',(0.,-0.,1.));
#10389 = ADVANCED_FACE('',(#10390),#10408,.T.);
#10390 = FACE_BOUND('',#10391,.T.);
#10391 = EDGE_LOOP('',(#10392,#10393,#10394,#10402));
#10392 = ORIENTED_EDGE('',*,*,#10137,.F.);
#10393 = ORIENTED_EDGE('',*,*,#10302,.T.);
#10394 = ORIENTED_EDGE('',*,*,#10395,.T.);
#10395 = EDGE_CURVE('',#10303,#10396,#10398,.T.);
#10396 = VERTEX_POINT('',#10397);
#10397 = CARTESIAN_POINT('',(0.7,0.6,0.45));
#10398 = LINE('',#10399,#10400);
#10399 = CARTESIAN_POINT('',(-0.7,0.6,0.45));
#10400 = VECTOR('',#10401,1.);
#10401 = DIRECTION('',(1.,0.,0.));
#10402 = ORIENTED_EDGE('',*,*,#10403,.F.);
#10403 = EDGE_CURVE('',#10138,#10396,#10404,.T.);
#10404 = LINE('',#10405,#10406);
#10405 = CARTESIAN_POINT('',(0.7,0.6,0.405));
#10406 = VECTOR('',#10407,1.);
#10407 = DIRECTION('',(0.,0.,1.));
#10408 = PLANE('',#10409);
#10409 = AXIS2_PLACEMENT_3D('',#10410,#10411,#10412);
#10410 = CARTESIAN_POINT('',(-0.7,0.6,0.405));
#10411 = DIRECTION('',(0.,1.,0.));
#10412 = DIRECTION('',(0.,-0.,1.));
#10413 = ADVANCED_FACE('',(#10414),#10425,.T.);
#10414 = FACE_BOUND('',#10415,.T.);
#10415 = EDGE_LOOP('',(#10416,#10417,#10418,#10424));
#10416 = ORIENTED_EDGE('',*,*,#10185,.T.);
#10417 = ORIENTED_EDGE('',*,*,#10334,.T.);
#10418 = ORIENTED_EDGE('',*,*,#10419,.F.);
#10419 = EDGE_CURVE('',#10201,#10325,#10420,.T.);
#10420 = LINE('',#10421,#10422);
#10421 = CARTESIAN_POINT('',(0.745,-0.6,-2.775557561563E-17));
#10422 = VECTOR('',#10423,1.);
#10423 = DIRECTION('',(0.,1.,0.));
#10424 = ORIENTED_EDGE('',*,*,#10210,.F.);
#10425 = CYLINDRICAL_SURFACE('',#10426,4.5E-02);
#10426 = AXIS2_PLACEMENT_3D('',#10427,#10428,#10429);
#10427 = CARTESIAN_POINT('',(0.745,-0.6,4.5E-02));
#10428 = DIRECTION('',(0.,1.,0.));
#10429 = DIRECTION('',(-1.,0.,0.));
#10430 = ADVANCED_FACE('',(#10431),#10442,.F.);
#10431 = FACE_BOUND('',#10432,.F.);
#10432 = EDGE_LOOP('',(#10433,#10434,#10435,#10436));
#10433 = ORIENTED_EDGE('',*,*,#10324,.F.);
#10434 = ORIENTED_EDGE('',*,*,#10419,.F.);
#10435 = ORIENTED_EDGE('',*,*,#10200,.T.);
#10436 = ORIENTED_EDGE('',*,*,#10437,.T.);
#10437 = EDGE_CURVE('',#10203,#10327,#10438,.T.);
#10438 = LINE('',#10439,#10440);
#10439 = CARTESIAN_POINT('',(0.955,-0.6,-2.775557561563E-17));
#10440 = VECTOR('',#10441,1.);
#10441 = DIRECTION('',(0.,1.,0.));
#10442 = PLANE('',#10443);
#10443 = AXIS2_PLACEMENT_3D('',#10444,#10445,#10446);
#10444 = CARTESIAN_POINT('',(0.7,-0.6,0.));
#10445 = DIRECTION('',(0.,0.,1.));
#10446 = DIRECTION('',(1.,0.,-0.));
#10447 = ADVANCED_FACE('',(#10448),#10459,.T.);
#10448 = FACE_BOUND('',#10449,.T.);
#10449 = EDGE_LOOP('',(#10450,#10451,#10452,#10453));
#10450 = ORIENTED_EDGE('',*,*,#10254,.T.);
#10451 = ORIENTED_EDGE('',*,*,#10437,.T.);
#10452 = ORIENTED_EDGE('',*,*,#10378,.F.);
#10453 = ORIENTED_EDGE('',*,*,#10454,.F.);
#10454 = EDGE_CURVE('',#10247,#10371,#10455,.T.);
#10455 = LINE('',#10456,#10457);
#10456 = CARTESIAN_POINT('',(1.,-0.6,4.5E-02));
#10457 = VECTOR('',#10458,1.);
#10458 = DIRECTION('',(0.,1.,0.));
#10459 = CYLINDRICAL_SURFACE('',#10460,4.5E-02);
#10460 = AXIS2_PLACEMENT_3D('',#10461,#10462,#10463);
#10461 = CARTESIAN_POINT('',(0.955,-0.6,4.5E-02));
#10462 = DIRECTION('',(0.,1.,0.));
#10463 = DIRECTION('',(1.,0.,0.));
#10464 = ADVANCED_FACE('',(#10465),#10476,.T.);
#10465 = FACE_BOUND('',#10466,.T.);
#10466 = EDGE_LOOP('',(#10467,#10468,#10469,#10470));
#10467 = ORIENTED_EDGE('',*,*,#10246,.F.);
#10468 = ORIENTED_EDGE('',*,*,#10454,.T.);
#10469 = ORIENTED_EDGE('',*,*,#10370,.T.);
#10470 = ORIENTED_EDGE('',*,*,#10471,.F.);
#10471 = EDGE_CURVE('',#10238,#10362,#10472,.T.);
#10472 = LINE('',#10473,#10474);
#10473 = CARTESIAN_POINT('',(1.,-0.6,0.405));
#10474 = VECTOR('',#10475,1.);
#10475 = DIRECTION('',(0.,1.,0.));
#10476 = PLANE('',#10477);
#10477 = AXIS2_PLACEMENT_3D('',#10478,#10479,#10480);
#10478 = CARTESIAN_POINT('',(1.,-0.6,0.));
#10479 = DIRECTION('',(1.,0.,0.));
#10480 = DIRECTION('',(0.,0.,1.));
#10481 = ADVANCED_FACE('',(#10482),#10493,.T.);
#10482 = FACE_BOUND('',#10483,.T.);
#10483 = EDGE_LOOP('',(#10484,#10485,#10486,#10492));
#10484 = ORIENTED_EDGE('',*,*,#10471,.T.);
#10485 = ORIENTED_EDGE('',*,*,#10361,.T.);
#10486 = ORIENTED_EDGE('',*,*,#10487,.F.);
#10487 = EDGE_CURVE('',#10230,#10354,#10488,.T.);
#10488 = LINE('',#10489,#10490);
#10489 = CARTESIAN_POINT('',(0.955,-0.6,0.45));
#10490 = VECTOR('',#10491,1.);
#10491 = DIRECTION('',(0.,1.,0.));
#10492 = ORIENTED_EDGE('',*,*,#10237,.F.);
#10493 = CYLINDRICAL_SURFACE('',#10494,4.5E-02);
#10494 = AXIS2_PLACEMENT_3D('',#10495,#10496,#10497);
#10495 = CARTESIAN_POINT('',(0.955,-0.6,0.405));
#10496 = DIRECTION('',(0.,1.,0.));
#10497 = DIRECTION('',(1.,0.,0.));
#10498 = ADVANCED_FACE('',(#10499),#10510,.T.);
#10499 = FACE_BOUND('',#10500,.T.);
#10500 = EDGE_LOOP('',(#10501,#10502,#10508,#10509));
#10501 = ORIENTED_EDGE('',*,*,#10353,.F.);
#10502 = ORIENTED_EDGE('',*,*,#10503,.F.);
#10503 = EDGE_CURVE('',#10221,#10345,#10504,.T.);
#10504 = LINE('',#10505,#10506);
#10505 = CARTESIAN_POINT('',(0.745,-0.6,0.45));
#10506 = VECTOR('',#10507,1.);
#10507 = DIRECTION('',(0.,1.,0.));
#10508 = ORIENTED_EDGE('',*,*,#10229,.T.);
#10509 = ORIENTED_EDGE('',*,*,#10487,.T.);
#10510 = PLANE('',#10511);
#10511 = AXIS2_PLACEMENT_3D('',#10512,#10513,#10514);
#10512 = CARTESIAN_POINT('',(0.7,-0.6,0.45));
#10513 = DIRECTION('',(0.,0.,1.));
#10514 = DIRECTION('',(1.,0.,-0.));
#10515 = ADVANCED_FACE('',(#10516),#10527,.T.);
#10516 = FACE_BOUND('',#10517,.T.);
#10517 = EDGE_LOOP('',(#10518,#10519,#10520,#10521));
#10518 = ORIENTED_EDGE('',*,*,#10220,.T.);
#10519 = ORIENTED_EDGE('',*,*,#10503,.T.);
#10520 = ORIENTED_EDGE('',*,*,#10344,.F.);
#10521 = ORIENTED_EDGE('',*,*,#10522,.F.);
#10522 = EDGE_CURVE('',#10055,#10138,#10523,.T.);
#10523 = LINE('',#10524,#10525);
#10524 = CARTESIAN_POINT('',(0.7,-0.6,0.405));
#10525 = VECTOR('',#10526,1.);
#10526 = DIRECTION('',(0.,1.,0.));
#10527 = CYLINDRICAL_SURFACE('',#10528,4.5E-02);
#10528 = AXIS2_PLACEMENT_3D('',#10529,#10530,#10531);
#10529 = CARTESIAN_POINT('',(0.745,-0.6,0.405));
#10530 = DIRECTION('',(0.,1.,0.));
#10531 = DIRECTION('',(-1.,0.,0.));
#10532 = ADVANCED_FACE('',(#10533),#10544,.T.);
#10533 = FACE_BOUND('',#10534,.T.);
#10534 = EDGE_LOOP('',(#10535,#10536,#10537,#10538));
#10535 = ORIENTED_EDGE('',*,*,#10286,.F.);
#10536 = ORIENTED_EDGE('',*,*,#10522,.T.);
#10537 = ORIENTED_EDGE('',*,*,#10403,.T.);
#10538 = ORIENTED_EDGE('',*,*,#10539,.F.);
#10539 = EDGE_CURVE('',#10279,#10396,#10540,.T.);
#10540 = LINE('',#10541,#10542);
#10541 = CARTESIAN_POINT('',(0.7,-0.6,0.45));
#10542 = VECTOR('',#10543,1.);
#10543 = DIRECTION('',(0.,1.,0.));
#10544 = PLANE('',#10545);
#10545 = AXIS2_PLACEMENT_3D('',#10546,#10547,#10548);
#10546 = CARTESIAN_POINT('',(0.7,-0.6,0.405));
#10547 = DIRECTION('',(1.,0.,0.));
#10548 = DIRECTION('',(0.,0.,1.));
#10549 = ADVANCED_FACE('',(#10550),#10556,.T.);
#10550 = FACE_BOUND('',#10551,.T.);
#10551 = EDGE_LOOP('',(#10552,#10553,#10554,#10555));
#10552 = ORIENTED_EDGE('',*,*,#10310,.F.);
#10553 = ORIENTED_EDGE('',*,*,#10278,.T.);
#10554 = ORIENTED_EDGE('',*,*,#10539,.T.);
#10555 = ORIENTED_EDGE('',*,*,#10395,.F.);
#10556 = PLANE('',#10557);
#10557 = AXIS2_PLACEMENT_3D('',#10558,#10559,#10560);
#10558 = CARTESIAN_POINT('',(-0.7,-0.6,0.45));
#10559 = DIRECTION('',(0.,0.,1.));
#10560 = DIRECTION('',(1.,0.,-0.));
#10561 = ( GEOMETRIC_REPRESENTATION_CONTEXT(3) 
GLOBAL_UNCERTAINTY_ASSIGNED_CONTEXT((#10565)) 
GLOBAL_UNIT_ASSIGNED_CONTEXT((#10562,#10563,#10564)) 
REPRESENTATION_CONTEXT('Context #1',
  '3D Context with UNIT and UNCERTAINTY') );
#10562 = ( LENGTH_UNIT() NAMED_UNIT(*) SI_UNIT(.MILLI.,.METRE.) );
#10563 = ( NAMED_UNIT(*) PLANE_ANGLE_UNIT() SI_UNIT($,.RADIAN.) );
#10564 = ( NAMED_UNIT(*) SI_UNIT($,.STERADIAN.) SOLID_ANGLE_UNIT() );
#10565 = UNCERTAINTY_MEASURE_WITH_UNIT(LENGTH_MEASURE(1.E-07),#10562,
  'distance_accuracy_value','confusion accuracy');
#10566 = CONTEXT_DEPENDENT_SHAPE_REPRESENTATION(#10567,#10569);
#10567 = ( REPRESENTATION_RELATIONSHIP('','',#9770,#10) 
REPRESENTATION_RELATIONSHIP_WITH_TRANSFORMATION(#10568) 
SHAPE_REPRESENTATION_RELATIONSHIP() );
#10568 = ITEM_DEFINED_TRANSFORMATION('','',#11,#39);
#10569 = PRODUCT_DEFINITION_SHAPE('Placement','Placement of an item',
  #10570);
#10570 = NEXT_ASSEMBLY_USAGE_OCCURRENCE('7','C4','',#5,#9765,$);
#10571 = PRODUCT_RELATED_PRODUCT_CATEGORY('part',$,(#9767));
#10572 = SHAPE_DEFINITION_REPRESENTATION(#10573,#10579);
#10573 = PRODUCT_DEFINITION_SHAPE('','',#10574);
#10574 = PRODUCT_DEFINITION('design','',#10575,#10578);
#10575 = PRODUCT_DEFINITION_FORMATION('','',#10576);
#10576 = PRODUCT('PinHeader_1x08_P2.54mm_Vertical',
  'PinHeader_1x08_P2.54mm_Vertical','',(#10577));
#10577 = PRODUCT_CONTEXT('',#2,'mechanical');
#10578 = PRODUCT_DEFINITION_CONTEXT('part definition',#2,'design');
#10579 = ADVANCED_BREP_SHAPE_REPRESENTATION('',(#11,#10580),#16056);
#10580 = MANIFOLD_SOLID_BREP('',#10581);
#10581 = CLOSED_SHELL('',(#10582,#10622,#10653,#10684,#11341,#11998,
    #12015,#12032,#12049,#12066,#12083,#12100,#12117,#12134,#12151,
    #12168,#12185,#12202,#12219,#12236,#12253,#12270,#12287,#12304,
    #12321,#12338,#12355,#12372,#12389,#12406,#12423,#12440,#12457,
    #12474,#12491,#12508,#12525,#12542,#12559,#12576,#12593,#12610,
    #12627,#12644,#12661,#12678,#12695,#12712,#12729,#12746,#12763,
    #12780,#12792,#12823,#12847,#12871,#12888,#12919,#12943,#12967,
    #12984,#13015,#13039,#13063,#13080,#13111,#13135,#13159,#13176,
    #13207,#13231,#13255,#13272,#13303,#13327,#13351,#13368,#13399,
    #13423,#13447,#13464,#13495,#13519,#13543,#13560,#13591,#13615,
    #13639,#13656,#13687,#13711,#13735,#13752,#13783,#13807,#13831,
    #13848,#13879,#13903,#13927,#13944,#13975,#13999,#14023,#14040,
    #14071,#14095,#14119,#14136,#14167,#14191,#14215,#14232,#14263,
    #14287,#14311,#14328,#14359,#14383,#14407,#14424,#14455,#14479,
    #14503,#14520,#14551,#14575,#14599,#14616,#14647,#14671,#14695,
    #14712,#14743,#14767,#14791,#14808,#14839,#14863,#14887,#14904,
    #14935,#14959,#14983,#15000,#15031,#15055,#15079,#15096,#15127,
    #15151,#15175,#15192,#15223,#15247,#15271,#15288,#15319,#15343,
    #15367,#15384,#15415,#15439,#15463,#15480,#15511,#15535,#15559,
    #15576,#15607,#15631,#15655,#15672,#15703,#15727,#15751,#15768,
    #15799,#15823,#15847,#15864,#15876,#15888,#15900,#15912,#15924,
    #15936,#15948,#15960,#15972,#15984,#15996,#16008,#16020,#16032,
    #16044));
#10582 = ADVANCED_FACE('',(#10583),#10617,.F.);
#10583 = FACE_BOUND('',#10584,.F.);
#10584 = EDGE_LOOP('',(#10585,#10595,#10603,#10611));
#10585 = ORIENTED_EDGE('',*,*,#10586,.T.);
#10586 = EDGE_CURVE('',#10587,#10589,#10591,.T.);
#10587 = VERTEX_POINT('',#10588);
#10588 = CARTESIAN_POINT('',(-1.016,1.27,0.));
#10589 = VERTEX_POINT('',#10590);
#10590 = CARTESIAN_POINT('',(-1.016,1.27,2.54));
#10591 = LINE('',#10592,#10593);
#10592 = CARTESIAN_POINT('',(-1.016,1.27,0.));
#10593 = VECTOR('',#10594,1.);
#10594 = DIRECTION('',(0.,0.,1.));
#10595 = ORIENTED_EDGE('',*,*,#10596,.T.);
#10596 = EDGE_CURVE('',#10589,#10597,#10599,.T.);
#10597 = VERTEX_POINT('',#10598);
#10598 = CARTESIAN_POINT('',(-1.27,1.016,2.54));
#10599 = LINE('',#10600,#10601);
#10600 = CARTESIAN_POINT('',(-1.016,1.27,2.54));
#10601 = VECTOR('',#10602,1.);
#10602 = DIRECTION('',(-0.707106781187,-0.707106781187,0.));
#10603 = ORIENTED_EDGE('',*,*,#10604,.F.);
#10604 = EDGE_CURVE('',#10605,#10597,#10607,.T.);
#10605 = VERTEX_POINT('',#10606);
#10606 = CARTESIAN_POINT('',(-1.27,1.016,0.));
#10607 = LINE('',#10608,#10609);
#10608 = CARTESIAN_POINT('',(-1.27,1.016,0.));
#10609 = VECTOR('',#10610,1.);
#10610 = DIRECTION('',(0.,0.,1.));
#10611 = ORIENTED_EDGE('',*,*,#10612,.F.);
#10612 = EDGE_CURVE('',#10587,#10605,#10613,.T.);
#10613 = LINE('',#10614,#10615);
#10614 = CARTESIAN_POINT('',(-1.016,1.27,0.));
#10615 = VECTOR('',#10616,1.);
#10616 = DIRECTION('',(-0.707106781187,-0.707106781187,0.));
#10617 = PLANE('',#10618);
#10618 = AXIS2_PLACEMENT_3D('',#10619,#10620,#10621);
#10619 = CARTESIAN_POINT('',(-1.016,1.27,0.));
#10620 = DIRECTION('',(0.707106781187,-0.707106781187,0.));
#10621 = DIRECTION('',(-0.707106781187,-0.707106781187,0.));
#10622 = ADVANCED_FACE('',(#10623),#10648,.F.);
#10623 = FACE_BOUND('',#10624,.F.);
#10624 = EDGE_LOOP('',(#10625,#10635,#10641,#10642));
#10625 = ORIENTED_EDGE('',*,*,#10626,.T.);
#10626 = EDGE_CURVE('',#10627,#10629,#10631,.T.);
#10627 = VERTEX_POINT('',#10628);
#10628 = CARTESIAN_POINT('',(1.016,1.27,0.));
#10629 = VERTEX_POINT('',#10630);
#10630 = CARTESIAN_POINT('',(1.016,1.27,2.54));
#10631 = LINE('',#10632,#10633);
#10632 = CARTESIAN_POINT('',(1.016,1.27,0.));
#10633 = VECTOR('',#10634,1.);
#10634 = DIRECTION('',(0.,0.,1.));
#10635 = ORIENTED_EDGE('',*,*,#10636,.T.);
#10636 = EDGE_CURVE('',#10629,#10589,#10637,.T.);
#10637 = LINE('',#10638,#10639);
#10638 = CARTESIAN_POINT('',(1.016,1.27,2.54));
#10639 = VECTOR('',#10640,1.);
#10640 = DIRECTION('',(-1.,0.,0.));
#10641 = ORIENTED_EDGE('',*,*,#10586,.F.);
#10642 = ORIENTED_EDGE('',*,*,#10643,.F.);
#10643 = EDGE_CURVE('',#10627,#10587,#10644,.T.);
#10644 = LINE('',#10645,#10646);
#10645 = CARTESIAN_POINT('',(1.016,1.27,0.));
#10646 = VECTOR('',#10647,1.);
#10647 = DIRECTION('',(-1.,0.,0.));
#10648 = PLANE('',#10649);
#10649 = AXIS2_PLACEMENT_3D('',#10650,#10651,#10652);
#10650 = CARTESIAN_POINT('',(1.016,1.27,0.));
#10651 = DIRECTION('',(0.,-1.,0.));
#10652 = DIRECTION('',(-1.,0.,0.));
#10653 = ADVANCED_FACE('',(#10654),#10679,.F.);
#10654 = FACE_BOUND('',#10655,.F.);
#10655 = EDGE_LOOP('',(#10656,#10657,#10665,#10673));
#10656 = ORIENTED_EDGE('',*,*,#10604,.T.);
#10657 = ORIENTED_EDGE('',*,*,#10658,.T.);
#10658 = EDGE_CURVE('',#10597,#10659,#10661,.T.);
#10659 = VERTEX_POINT('',#10660);
#10660 = CARTESIAN_POINT('',(-1.27,-1.016,2.54));
#10661 = LINE('',#10662,#10663);
#10662 = CARTESIAN_POINT('',(-1.27,1.016,2.54));
#10663 = VECTOR('',#10664,1.);
#10664 = DIRECTION('',(0.,-1.,0.));
#10665 = ORIENTED_EDGE('',*,*,#10666,.F.);
#10666 = EDGE_CURVE('',#10667,#10659,#10669,.T.);
#10667 = VERTEX_POINT('',#10668);
#10668 = CARTESIAN_POINT('',(-1.27,-1.016,0.));
#10669 = LINE('',#10670,#10671);
#10670 = CARTESIAN_POINT('',(-1.27,-1.016,0.));
#10671 = VECTOR('',#10672,1.);
#10672 = DIRECTION('',(0.,0.,1.));
#10673 = ORIENTED_EDGE('',*,*,#10674,.F.);
#10674 = EDGE_CURVE('',#10605,#10667,#10675,.T.);
#10675 = LINE('',#10676,#10677);
#10676 = CARTESIAN_POINT('',(-1.27,1.016,0.));
#10677 = VECTOR('',#10678,1.);
#10678 = DIRECTION('',(0.,-1.,0.));
#10679 = PLANE('',#10680);
#10680 = AXIS2_PLACEMENT_3D('',#10681,#10682,#10683);
#10681 = CARTESIAN_POINT('',(-1.27,1.016,0.));
#10682 = DIRECTION('',(1.,0.,0.));
#10683 = DIRECTION('',(0.,-1.,0.));
#10684 = ADVANCED_FACE('',(#10685,#11064,#11098,#11132,#11166,#11200,
    #11234,#11268,#11302),#11336,.F.);
#10685 = FACE_BOUND('',#10686,.F.);
#10686 = EDGE_LOOP('',(#10687,#10688,#10689,#10697,#10705,#10713,#10721,
    #10729,#10737,#10745,#10753,#10761,#10769,#10777,#10785,#10793,
    #10801,#10809,#10817,#10825,#10833,#10841,#10849,#10857,#10865,
    #10873,#10881,#10889,#10897,#10905,#10913,#10921,#10929,#10937,
    #10945,#10953,#10961,#10969,#10977,#10985,#10993,#11001,#11009,
    #11017,#11025,#11033,#11041,#11049,#11057,#11063));
#10687 = ORIENTED_EDGE('',*,*,#10612,.T.);
#10688 = ORIENTED_EDGE('',*,*,#10674,.T.);
#10689 = ORIENTED_EDGE('',*,*,#10690,.T.);
#10690 = EDGE_CURVE('',#10667,#10691,#10693,.T.);
#10691 = VERTEX_POINT('',#10692);
#10692 = CARTESIAN_POINT('',(-1.016,-1.27,0.));
#10693 = LINE('',#10694,#10695);
#10694 = CARTESIAN_POINT('',(-1.27,-1.016,0.));
#10695 = VECTOR('',#10696,1.);
#10696 = DIRECTION('',(0.707106781187,-0.707106781187,0.));
#10697 = ORIENTED_EDGE('',*,*,#10698,.T.);
#10698 = EDGE_CURVE('',#10691,#10699,#10701,.T.);
#10699 = VERTEX_POINT('',#10700);
#10700 = CARTESIAN_POINT('',(-1.27,-1.524,0.));
#10701 = LINE('',#10702,#10703);
#10702 = CARTESIAN_POINT('',(-1.016,-1.27,0.));
#10703 = VECTOR('',#10704,1.);
#10704 = DIRECTION('',(-0.707106781187,-0.707106781187,0.));
#10705 = ORIENTED_EDGE('',*,*,#10706,.T.);
#10706 = EDGE_CURVE('',#10699,#10707,#10709,.T.);
#10707 = VERTEX_POINT('',#10708);
#10708 = CARTESIAN_POINT('',(-1.27,-3.556,0.));
#10709 = LINE('',#10710,#10711);
#10710 = CARTESIAN_POINT('',(-1.27,-1.524,0.));
#10711 = VECTOR('',#10712,1.);
#10712 = DIRECTION('',(0.,-1.,0.));
#10713 = ORIENTED_EDGE('',*,*,#10714,.T.);
#10714 = EDGE_CURVE('',#10707,#10715,#10717,.T.);
#10715 = VERTEX_POINT('',#10716);
#10716 = CARTESIAN_POINT('',(-1.016,-3.81,0.));
#10717 = LINE('',#10718,#10719);
#10718 = CARTESIAN_POINT('',(-1.27,-3.556,0.));
#10719 = VECTOR('',#10720,1.);
#10720 = DIRECTION('',(0.707106781187,-0.707106781187,0.));
#10721 = ORIENTED_EDGE('',*,*,#10722,.T.);
#10722 = EDGE_CURVE('',#10715,#10723,#10725,.T.);
#10723 = VERTEX_POINT('',#10724);
#10724 = CARTESIAN_POINT('',(-1.27,-4.064,0.));
#10725 = LINE('',#10726,#10727);
#10726 = CARTESIAN_POINT('',(-1.016,-3.81,0.));
#10727 = VECTOR('',#10728,1.);
#10728 = DIRECTION('',(-0.707106781187,-0.707106781187,0.));
#10729 = ORIENTED_EDGE('',*,*,#10730,.T.);
#10730 = EDGE_CURVE('',#10723,#10731,#10733,.T.);
#10731 = VERTEX_POINT('',#10732);
#10732 = CARTESIAN_POINT('',(-1.27,-6.096,0.));
#10733 = LINE('',#10734,#10735);
#10734 = CARTESIAN_POINT('',(-1.27,-4.064,0.));
#10735 = VECTOR('',#10736,1.);
#10736 = DIRECTION('',(0.,-1.,0.));
#10737 = ORIENTED_EDGE('',*,*,#10738,.T.);
#10738 = EDGE_CURVE('',#10731,#10739,#10741,.T.);
#10739 = VERTEX_POINT('',#10740);
#10740 = CARTESIAN_POINT('',(-1.016,-6.35,0.));
#10741 = LINE('',#10742,#10743);
#10742 = CARTESIAN_POINT('',(-1.27,-6.096,0.));
#10743 = VECTOR('',#10744,1.);
#10744 = DIRECTION('',(0.707106781187,-0.707106781187,0.));
#10745 = ORIENTED_EDGE('',*,*,#10746,.T.);
#10746 = EDGE_CURVE('',#10739,#10747,#10749,.T.);
#10747 = VERTEX_POINT('',#10748);
#10748 = CARTESIAN_POINT('',(-1.27,-6.604,0.));
#10749 = LINE('',#10750,#10751);
#10750 = CARTESIAN_POINT('',(-1.016,-6.35,0.));
#10751 = VECTOR('',#10752,1.);
#10752 = DIRECTION('',(-0.707106781187,-0.707106781187,0.));
#10753 = ORIENTED_EDGE('',*,*,#10754,.T.);
#10754 = EDGE_CURVE('',#10747,#10755,#10757,.T.);
#10755 = VERTEX_POINT('',#10756);
#10756 = CARTESIAN_POINT('',(-1.27,-8.636,0.));
#10757 = LINE('',#10758,#10759);
#10758 = CARTESIAN_POINT('',(-1.27,-6.604,0.));
#10759 = VECTOR('',#10760,1.);
#10760 = DIRECTION('',(0.,-1.,0.));
#10761 = ORIENTED_EDGE('',*,*,#10762,.T.);
#10762 = EDGE_CURVE('',#10755,#10763,#10765,.T.);
#10763 = VERTEX_POINT('',#10764);
#10764 = CARTESIAN_POINT('',(-1.016,-8.89,0.));
#10765 = LINE('',#10766,#10767);
#10766 = CARTESIAN_POINT('',(-1.27,-8.636,0.));
#10767 = VECTOR('',#10768,1.);
#10768 = DIRECTION('',(0.707106781187,-0.707106781187,0.));
#10769 = ORIENTED_EDGE('',*,*,#10770,.T.);
#10770 = EDGE_CURVE('',#10763,#10771,#10773,.T.);
#10771 = VERTEX_POINT('',#10772);
#10772 = CARTESIAN_POINT('',(-1.27,-9.144,0.));
#10773 = LINE('',#10774,#10775);
#10774 = CARTESIAN_POINT('',(-1.016,-8.89,0.));
#10775 = VECTOR('',#10776,1.);
#10776 = DIRECTION('',(-0.707106781187,-0.707106781187,0.));
#10777 = ORIENTED_EDGE('',*,*,#10778,.T.);
#10778 = EDGE_CURVE('',#10771,#10779,#10781,.T.);
#10779 = VERTEX_POINT('',#10780);
#10780 = CARTESIAN_POINT('',(-1.27,-11.176,0.));
#10781 = LINE('',#10782,#10783);
#10782 = CARTESIAN_POINT('',(-1.27,-9.144,0.));
#10783 = VECTOR('',#10784,1.);
#10784 = DIRECTION('',(0.,-1.,0.));
#10785 = ORIENTED_EDGE('',*,*,#10786,.T.);
#10786 = EDGE_CURVE('',#10779,#10787,#10789,.T.);
#10787 = VERTEX_POINT('',#10788);
#10788 = CARTESIAN_POINT('',(-1.016,-11.43,0.));
#10789 = LINE('',#10790,#10791);
#10790 = CARTESIAN_POINT('',(-1.27,-11.176,0.));
#10791 = VECTOR('',#10792,1.);
#10792 = DIRECTION('',(0.707106781187,-0.707106781187,0.));
#10793 = ORIENTED_EDGE('',*,*,#10794,.T.);
#10794 = EDGE_CURVE('',#10787,#10795,#10797,.T.);
#10795 = VERTEX_POINT('',#10796);
#10796 = CARTESIAN_POINT('',(-1.27,-11.684,0.));
#10797 = LINE('',#10798,#10799);
#10798 = CARTESIAN_POINT('',(-1.016,-11.43,0.));
#10799 = VECTOR('',#10800,1.);
#10800 = DIRECTION('',(-0.707106781187,-0.707106781187,0.));
#10801 = ORIENTED_EDGE('',*,*,#10802,.T.);
#10802 = EDGE_CURVE('',#10795,#10803,#10805,.T.);
#10803 = VERTEX_POINT('',#10804);
#10804 = CARTESIAN_POINT('',(-1.27,-13.716,0.));
#10805 = LINE('',#10806,#10807);
#10806 = CARTESIAN_POINT('',(-1.27,-11.684,0.));
#10807 = VECTOR('',#10808,1.);
#10808 = DIRECTION('',(0.,-1.,0.));
#10809 = ORIENTED_EDGE('',*,*,#10810,.T.);
#10810 = EDGE_CURVE('',#10803,#10811,#10813,.T.);
#10811 = VERTEX_POINT('',#10812);
#10812 = CARTESIAN_POINT('',(-1.016,-13.97,0.));
#10813 = LINE('',#10814,#10815);
#10814 = CARTESIAN_POINT('',(-1.27,-13.716,0.));
#10815 = VECTOR('',#10816,1.);
#10816 = DIRECTION('',(0.707106781187,-0.707106781187,0.));
#10817 = ORIENTED_EDGE('',*,*,#10818,.T.);
#10818 = EDGE_CURVE('',#10811,#10819,#10821,.T.);
#10819 = VERTEX_POINT('',#10820);
#10820 = CARTESIAN_POINT('',(-1.27,-14.224,0.));
#10821 = LINE('',#10822,#10823);
#10822 = CARTESIAN_POINT('',(-1.016,-13.97,0.));
#10823 = VECTOR('',#10824,1.);
#10824 = DIRECTION('',(-0.707106781187,-0.707106781187,0.));
#10825 = ORIENTED_EDGE('',*,*,#10826,.T.);
#10826 = EDGE_CURVE('',#10819,#10827,#10829,.T.);
#10827 = VERTEX_POINT('',#10828);
#10828 = CARTESIAN_POINT('',(-1.27,-16.256,0.));
#10829 = LINE('',#10830,#10831);
#10830 = CARTESIAN_POINT('',(-1.27,-14.224,0.));
#10831 = VECTOR('',#10832,1.);
#10832 = DIRECTION('',(0.,-1.,0.));
#10833 = ORIENTED_EDGE('',*,*,#10834,.T.);
#10834 = EDGE_CURVE('',#10827,#10835,#10837,.T.);
#10835 = VERTEX_POINT('',#10836);
#10836 = CARTESIAN_POINT('',(-1.016,-16.51,0.));
#10837 = LINE('',#10838,#10839);
#10838 = CARTESIAN_POINT('',(-1.27,-16.256,0.));
#10839 = VECTOR('',#10840,1.);
#10840 = DIRECTION('',(0.707106781187,-0.707106781187,0.));
#10841 = ORIENTED_EDGE('',*,*,#10842,.T.);
#10842 = EDGE_CURVE('',#10835,#10843,#10845,.T.);
#10843 = VERTEX_POINT('',#10844);
#10844 = CARTESIAN_POINT('',(-1.27,-16.764,0.));
#10845 = LINE('',#10846,#10847);
#10846 = CARTESIAN_POINT('',(-1.016,-16.51,0.));
#10847 = VECTOR('',#10848,1.);
#10848 = DIRECTION('',(-0.707106781187,-0.707106781187,0.));
#10849 = ORIENTED_EDGE('',*,*,#10850,.T.);
#10850 = EDGE_CURVE('',#10843,#10851,#10853,.T.);
#10851 = VERTEX_POINT('',#10852);
#10852 = CARTESIAN_POINT('',(-1.27,-18.796,0.));
#10853 = LINE('',#10854,#10855);
#10854 = CARTESIAN_POINT('',(-1.27,-16.764,0.));
#10855 = VECTOR('',#10856,1.);
#10856 = DIRECTION('',(0.,-1.,0.));
#10857 = ORIENTED_EDGE('',*,*,#10858,.T.);
#10858 = EDGE_CURVE('',#10851,#10859,#10861,.T.);
#10859 = VERTEX_POINT('',#10860);
#10860 = CARTESIAN_POINT('',(-1.016,-19.05,0.));
#10861 = LINE('',#10862,#10863);
#10862 = CARTESIAN_POINT('',(-1.27,-18.796,0.));
#10863 = VECTOR('',#10864,1.);
#10864 = DIRECTION('',(0.707106781187,-0.707106781187,0.));
#10865 = ORIENTED_EDGE('',*,*,#10866,.T.);
#10866 = EDGE_CURVE('',#10859,#10867,#10869,.T.);
#10867 = VERTEX_POINT('',#10868);
#10868 = CARTESIAN_POINT('',(1.016,-19.05,0.));
#10869 = LINE('',#10870,#10871);
#10870 = CARTESIAN_POINT('',(-1.016,-19.05,0.));
#10871 = VECTOR('',#10872,1.);
#10872 = DIRECTION('',(1.,0.,0.));
#10873 = ORIENTED_EDGE('',*,*,#10874,.T.);
#10874 = EDGE_CURVE('',#10867,#10875,#10877,.T.);
#10875 = VERTEX_POINT('',#10876);
#10876 = CARTESIAN_POINT('',(1.27,-18.796,0.));
#10877 = LINE('',#10878,#10879);
#10878 = CARTESIAN_POINT('',(1.016,-19.05,0.));
#10879 = VECTOR('',#10880,1.);
#10880 = DIRECTION('',(0.707106781187,0.707106781187,0.));
#10881 = ORIENTED_EDGE('',*,*,#10882,.T.);
#10882 = EDGE_CURVE('',#10875,#10883,#10885,.T.);
#10883 = VERTEX_POINT('',#10884);
#10884 = CARTESIAN_POINT('',(1.27,-16.764,0.));
#10885 = LINE('',#10886,#10887);
#10886 = CARTESIAN_POINT('',(1.27,-18.796,0.));
#10887 = VECTOR('',#10888,1.);
#10888 = DIRECTION('',(0.,1.,0.));
#10889 = ORIENTED_EDGE('',*,*,#10890,.T.);
#10890 = EDGE_CURVE('',#10883,#10891,#10893,.T.);
#10891 = VERTEX_POINT('',#10892);
#10892 = CARTESIAN_POINT('',(1.016,-16.51,0.));
#10893 = LINE('',#10894,#10895);
#10894 = CARTESIAN_POINT('',(1.27,-16.764,0.));
#10895 = VECTOR('',#10896,1.);
#10896 = DIRECTION('',(-0.707106781187,0.707106781187,0.));
#10897 = ORIENTED_EDGE('',*,*,#10898,.T.);
#10898 = EDGE_CURVE('',#10891,#10899,#10901,.T.);
#10899 = VERTEX_POINT('',#10900);
#10900 = CARTESIAN_POINT('',(1.27,-16.256,0.));
#10901 = LINE('',#10902,#10903);
#10902 = CARTESIAN_POINT('',(1.016,-16.51,0.));
#10903 = VECTOR('',#10904,1.);
#10904 = DIRECTION('',(0.707106781187,0.707106781187,0.));
#10905 = ORIENTED_EDGE('',*,*,#10906,.T.);
#10906 = EDGE_CURVE('',#10899,#10907,#10909,.T.);
#10907 = VERTEX_POINT('',#10908);
#10908 = CARTESIAN_POINT('',(1.27,-14.224,0.));
#10909 = LINE('',#10910,#10911);
#10910 = CARTESIAN_POINT('',(1.27,-16.256,0.));
#10911 = VECTOR('',#10912,1.);
#10912 = DIRECTION('',(0.,1.,0.));
#10913 = ORIENTED_EDGE('',*,*,#10914,.T.);
#10914 = EDGE_CURVE('',#10907,#10915,#10917,.T.);
#10915 = VERTEX_POINT('',#10916);
#10916 = CARTESIAN_POINT('',(1.016,-13.97,0.));
#10917 = LINE('',#10918,#10919);
#10918 = CARTESIAN_POINT('',(1.27,-14.224,0.));
#10919 = VECTOR('',#10920,1.);
#10920 = DIRECTION('',(-0.707106781187,0.707106781187,0.));
#10921 = ORIENTED_EDGE('',*,*,#10922,.T.);
#10922 = EDGE_CURVE('',#10915,#10923,#10925,.T.);
#10923 = VERTEX_POINT('',#10924);
#10924 = CARTESIAN_POINT('',(1.27,-13.716,0.));
#10925 = LINE('',#10926,#10927);
#10926 = CARTESIAN_POINT('',(1.016,-13.97,0.));
#10927 = VECTOR('',#10928,1.);
#10928 = DIRECTION('',(0.707106781187,0.707106781187,0.));
#10929 = ORIENTED_EDGE('',*,*,#10930,.T.);
#10930 = EDGE_CURVE('',#10923,#10931,#10933,.T.);
#10931 = VERTEX_POINT('',#10932);
#10932 = CARTESIAN_POINT('',(1.27,-11.684,0.));
#10933 = LINE('',#10934,#10935);
#10934 = CARTESIAN_POINT('',(1.27,-13.716,0.));
#10935 = VECTOR('',#10936,1.);
#10936 = DIRECTION('',(0.,1.,0.));
#10937 = ORIENTED_EDGE('',*,*,#10938,.T.);
#10938 = EDGE_CURVE('',#10931,#10939,#10941,.T.);
#10939 = VERTEX_POINT('',#10940);
#10940 = CARTESIAN_POINT('',(1.016,-11.43,0.));
#10941 = LINE('',#10942,#10943);
#10942 = CARTESIAN_POINT('',(1.27,-11.684,0.));
#10943 = VECTOR('',#10944,1.);
#10944 = DIRECTION('',(-0.707106781187,0.707106781187,0.));
#10945 = ORIENTED_EDGE('',*,*,#10946,.T.);
#10946 = EDGE_CURVE('',#10939,#10947,#10949,.T.);
#10947 = VERTEX_POINT('',#10948);
#10948 = CARTESIAN_POINT('',(1.27,-11.176,0.));
#10949 = LINE('',#10950,#10951);
#10950 = CARTESIAN_POINT('',(1.016,-11.43,0.));
#10951 = VECTOR('',#10952,1.);
#10952 = DIRECTION('',(0.707106781187,0.707106781187,0.));
#10953 = ORIENTED_EDGE('',*,*,#10954,.T.);
#10954 = EDGE_CURVE('',#10947,#10955,#10957,.T.);
#10955 = VERTEX_POINT('',#10956);
#10956 = CARTESIAN_POINT('',(1.27,-9.144,0.));
#10957 = LINE('',#10958,#10959);
#10958 = CARTESIAN_POINT('',(1.27,-11.176,0.));
#10959 = VECTOR('',#10960,1.);
#10960 = DIRECTION('',(0.,1.,0.));
#10961 = ORIENTED_EDGE('',*,*,#10962,.T.);
#10962 = EDGE_CURVE('',#10955,#10963,#10965,.T.);
#10963 = VERTEX_POINT('',#10964);
#10964 = CARTESIAN_POINT('',(1.016,-8.89,0.));
#10965 = LINE('',#10966,#10967);
#10966 = CARTESIAN_POINT('',(1.27,-9.144,0.));
#10967 = VECTOR('',#10968,1.);
#10968 = DIRECTION('',(-0.707106781187,0.707106781187,0.));
#10969 = ORIENTED_EDGE('',*,*,#10970,.T.);
#10970 = EDGE_CURVE('',#10963,#10971,#10973,.T.);
#10971 = VERTEX_POINT('',#10972);
#10972 = CARTESIAN_POINT('',(1.27,-8.636,0.));
#10973 = LINE('',#10974,#10975);
#10974 = CARTESIAN_POINT('',(1.016,-8.89,0.));
#10975 = VECTOR('',#10976,1.);
#10976 = DIRECTION('',(0.707106781187,0.707106781187,0.));
#10977 = ORIENTED_EDGE('',*,*,#10978,.T.);
#10978 = EDGE_CURVE('',#10971,#10979,#10981,.T.);
#10979 = VERTEX_POINT('',#10980);
#10980 = CARTESIAN_POINT('',(1.27,-6.604,0.));
#10981 = LINE('',#10982,#10983);
#10982 = CARTESIAN_POINT('',(1.27,-8.636,0.));
#10983 = VECTOR('',#10984,1.);
#10984 = DIRECTION('',(0.,1.,0.));
#10985 = ORIENTED_EDGE('',*,*,#10986,.T.);
#10986 = EDGE_CURVE('',#10979,#10987,#10989,.T.);
#10987 = VERTEX_POINT('',#10988);
#10988 = CARTESIAN_POINT('',(1.016,-6.35,0.));
#10989 = LINE('',#10990,#10991);
#10990 = CARTESIAN_POINT('',(1.27,-6.604,0.));
#10991 = VECTOR('',#10992,1.);
#10992 = DIRECTION('',(-0.707106781187,0.707106781187,0.));
#10993 = ORIENTED_EDGE('',*,*,#10994,.T.);
#10994 = EDGE_CURVE('',#10987,#10995,#10997,.T.);
#10995 = VERTEX_POINT('',#10996);
#10996 = CARTESIAN_POINT('',(1.27,-6.096,0.));
#10997 = LINE('',#10998,#10999);
#10998 = CARTESIAN_POINT('',(1.016,-6.35,0.));
#10999 = VECTOR('',#11000,1.);
#11000 = DIRECTION('',(0.707106781187,0.707106781187,0.));
#11001 = ORIENTED_EDGE('',*,*,#11002,.T.);
#11002 = EDGE_CURVE('',#10995,#11003,#11005,.T.);
#11003 = VERTEX_POINT('',#11004);
#11004 = CARTESIAN_POINT('',(1.27,-4.064,0.));
#11005 = LINE('',#11006,#11007);
#11006 = CARTESIAN_POINT('',(1.27,-6.096,0.));
#11007 = VECTOR('',#11008,1.);
#11008 = DIRECTION('',(0.,1.,0.));
#11009 = ORIENTED_EDGE('',*,*,#11010,.T.);
#11010 = EDGE_CURVE('',#11003,#11011,#11013,.T.);
#11011 = VERTEX_POINT('',#11012);
#11012 = CARTESIAN_POINT('',(1.016,-3.81,0.));
#11013 = LINE('',#11014,#11015);
#11014 = CARTESIAN_POINT('',(1.27,-4.064,0.));
#11015 = VECTOR('',#11016,1.);
#11016 = DIRECTION('',(-0.707106781187,0.707106781187,0.));
#11017 = ORIENTED_EDGE('',*,*,#11018,.T.);
#11018 = EDGE_CURVE('',#11011,#11019,#11021,.T.);
#11019 = VERTEX_POINT('',#11020);
#11020 = CARTESIAN_POINT('',(1.27,-3.556,0.));
#11021 = LINE('',#11022,#11023);
#11022 = CARTESIAN_POINT('',(1.016,-3.81,0.));
#11023 = VECTOR('',#11024,1.);
#11024 = DIRECTION('',(0.707106781187,0.707106781187,0.));
#11025 = ORIENTED_EDGE('',*,*,#11026,.T.);
#11026 = EDGE_CURVE('',#11019,#11027,#11029,.T.);
#11027 = VERTEX_POINT('',#11028);
#11028 = CARTESIAN_POINT('',(1.27,-1.524,0.));
#11029 = LINE('',#11030,#11031);
#11030 = CARTESIAN_POINT('',(1.27,-3.556,0.));
#11031 = VECTOR('',#11032,1.);
#11032 = DIRECTION('',(0.,1.,0.));
#11033 = ORIENTED_EDGE('',*,*,#11034,.T.);
#11034 = EDGE_CURVE('',#11027,#11035,#11037,.T.);
#11035 = VERTEX_POINT('',#11036);
#11036 = CARTESIAN_POINT('',(1.016,-1.27,0.));
#11037 = LINE('',#11038,#11039);
#11038 = CARTESIAN_POINT('',(1.27,-1.524,0.));
#11039 = VECTOR('',#11040,1.);
#11040 = DIRECTION('',(-0.707106781187,0.707106781187,0.));
#11041 = ORIENTED_EDGE('',*,*,#11042,.T.);
#11042 = EDGE_CURVE('',#11035,#11043,#11045,.T.);
#11043 = VERTEX_POINT('',#11044);
#11044 = CARTESIAN_POINT('',(1.27,-1.016,0.));
#11045 = LINE('',#11046,#11047);
#11046 = CARTESIAN_POINT('',(1.016,-1.27,0.));
#11047 = VECTOR('',#11048,1.);
#11048 = DIRECTION('',(0.707106781187,0.707106781187,0.));
#11049 = ORIENTED_EDGE('',*,*,#11050,.T.);
#11050 = EDGE_CURVE('',#11043,#11051,#11053,.T.);
#11051 = VERTEX_POINT('',#11052);
#11052 = CARTESIAN_POINT('',(1.27,1.016,0.));
#11053 = LINE('',#11054,#11055);
#11054 = CARTESIAN_POINT('',(1.27,-1.016,0.));
#11055 = VECTOR('',#11056,1.);
#11056 = DIRECTION('',(0.,1.,0.));
#11057 = ORIENTED_EDGE('',*,*,#11058,.T.);
#11058 = EDGE_CURVE('',#11051,#10627,#11059,.T.);
#11059 = LINE('',#11060,#11061);
#11060 = CARTESIAN_POINT('',(1.27,1.016,0.));
#11061 = VECTOR('',#11062,1.);
#11062 = DIRECTION('',(-0.707106781187,0.707106781187,0.));
#11063 = ORIENTED_EDGE('',*,*,#10643,.T.);
#11064 = FACE_BOUND('',#11065,.F.);
#11065 = EDGE_LOOP('',(#11066,#11076,#11084,#11092));
#11066 = ORIENTED_EDGE('',*,*,#11067,.T.);
#11067 = EDGE_CURVE('',#11068,#11070,#11072,.T.);
#11068 = VERTEX_POINT('',#11069);
#11069 = CARTESIAN_POINT('',(0.32,-18.1,0.));
#11070 = VERTEX_POINT('',#11071);
#11071 = CARTESIAN_POINT('',(-0.32,-18.1,0.));
#11072 = LINE('',#11073,#11074);
#11073 = CARTESIAN_POINT('',(-0.16,-18.1,0.));
#11074 = VECTOR('',#11075,1.);
#11075 = DIRECTION('',(-1.,0.,0.));
#11076 = ORIENTED_EDGE('',*,*,#11077,.T.);
#11077 = EDGE_CURVE('',#11070,#11078,#11080,.T.);
#11078 = VERTEX_POINT('',#11079);
#11079 = CARTESIAN_POINT('',(-0.32,-17.46,0.));
#11080 = LINE('',#11081,#11082);
#11081 = CARTESIAN_POINT('',(-0.32,-13.495,0.));
#11082 = VECTOR('',#11083,1.);
#11083 = DIRECTION('',(0.,1.,0.));
#11084 = ORIENTED_EDGE('',*,*,#11085,.F.);
#11085 = EDGE_CURVE('',#11086,#11078,#11088,.T.);
#11086 = VERTEX_POINT('',#11087);
#11087 = CARTESIAN_POINT('',(0.32,-17.46,0.));
#11088 = LINE('',#11089,#11090);
#11089 = CARTESIAN_POINT('',(-0.16,-17.46,0.));
#11090 = VECTOR('',#11091,1.);
#11091 = DIRECTION('',(-1.,0.,0.));
#11092 = ORIENTED_EDGE('',*,*,#11093,.F.);
#11093 = EDGE_CURVE('',#11068,#11086,#11094,.T.);
#11094 = LINE('',#11095,#11096);
#11095 = CARTESIAN_POINT('',(0.32,-13.495,0.));
#11096 = VECTOR('',#11097,1.);
#11097 = DIRECTION('',(0.,1.,0.));
#11098 = FACE_BOUND('',#11099,.F.);
#11099 = EDGE_LOOP('',(#11100,#11110,#11118,#11126));
#11100 = ORIENTED_EDGE('',*,*,#11101,.F.);
#11101 = EDGE_CURVE('',#11102,#11104,#11106,.T.);
#11102 = VERTEX_POINT('',#11103);
#11103 = CARTESIAN_POINT('',(0.32,-14.92,0.));
#11104 = VERTEX_POINT('',#11105);
#11105 = CARTESIAN_POINT('',(-0.32,-14.92,0.));
#11106 = LINE('',#11107,#11108);
#11107 = CARTESIAN_POINT('',(-0.16,-14.92,0.));
#11108 = VECTOR('',#11109,1.);
#11109 = DIRECTION('',(-1.,0.,0.));
#11110 = ORIENTED_EDGE('',*,*,#11111,.F.);
#11111 = EDGE_CURVE('',#11112,#11102,#11114,.T.);
#11112 = VERTEX_POINT('',#11113);
#11113 = CARTESIAN_POINT('',(0.32,-15.56,0.));
#11114 = LINE('',#11115,#11116);
#11115 = CARTESIAN_POINT('',(0.32,-12.225,0.));
#11116 = VECTOR('',#11117,1.);
#11117 = DIRECTION('',(0.,1.,0.));
#11118 = ORIENTED_EDGE('',*,*,#11119,.T.);
#11119 = EDGE_CURVE('',#11112,#11120,#11122,.T.);
#11120 = VERTEX_POINT('',#11121);
#11121 = CARTESIAN_POINT('',(-0.32,-15.56,0.));
#11122 = LINE('',#11123,#11124);
#11123 = CARTESIAN_POINT('',(-0.16,-15.56,0.));
#11124 = VECTOR('',#11125,1.);
#11125 = DIRECTION('',(-1.,0.,0.));
#11126 = ORIENTED_EDGE('',*,*,#11127,.T.);
#11127 = EDGE_CURVE('',#11120,#11104,#11128,.T.);
#11128 = LINE('',#11129,#11130);
#11129 = CARTESIAN_POINT('',(-0.32,-12.225,0.));
#11130 = VECTOR('',#11131,1.);
#11131 = DIRECTION('',(0.,1.,0.));
#11132 = FACE_BOUND('',#11133,.F.);
#11133 = EDGE_LOOP('',(#11134,#11144,#11152,#11160));
#11134 = ORIENTED_EDGE('',*,*,#11135,.F.);
#11135 = EDGE_CURVE('',#11136,#11138,#11140,.T.);
#11136 = VERTEX_POINT('',#11137);
#11137 = CARTESIAN_POINT('',(0.32,-7.94,0.));
#11138 = VERTEX_POINT('',#11139);
#11139 = CARTESIAN_POINT('',(0.32,-7.3,0.));
#11140 = LINE('',#11141,#11142);
#11141 = CARTESIAN_POINT('',(0.32,-8.415,0.));
#11142 = VECTOR('',#11143,1.);
#11143 = DIRECTION('',(0.,1.,0.));
#11144 = ORIENTED_EDGE('',*,*,#11145,.T.);
#11145 = EDGE_CURVE('',#11136,#11146,#11148,.T.);
#11146 = VERTEX_POINT('',#11147);
#11147 = CARTESIAN_POINT('',(-0.32,-7.94,0.));
#11148 = LINE('',#11149,#11150);
#11149 = CARTESIAN_POINT('',(-0.16,-7.94,0.));
#11150 = VECTOR('',#11151,1.);
#11151 = DIRECTION('',(-1.,0.,0.));
#11152 = ORIENTED_EDGE('',*,*,#11153,.T.);
#11153 = EDGE_CURVE('',#11146,#11154,#11156,.T.);
#11154 = VERTEX_POINT('',#11155);
#11155 = CARTESIAN_POINT('',(-0.32,-7.3,0.));
#11156 = LINE('',#11157,#11158);
#11157 = CARTESIAN_POINT('',(-0.32,-8.415,0.));
#11158 = VECTOR('',#11159,1.);
#11159 = DIRECTION('',(0.,1.,0.));
#11160 = ORIENTED_EDGE('',*,*,#11161,.F.);
#11161 = EDGE_CURVE('',#11138,#11154,#11162,.T.);
#11162 = LINE('',#11163,#11164);
#11163 = CARTESIAN_POINT('',(-0.16,-7.3,0.));
#11164 = VECTOR('',#11165,1.);
#11165 = DIRECTION('',(-1.,0.,0.));
#11166 = FACE_BOUND('',#11167,.F.);
#11167 = EDGE_LOOP('',(#11168,#11178,#11186,#11194));
#11168 = ORIENTED_EDGE('',*,*,#11169,.F.);
#11169 = EDGE_CURVE('',#11170,#11172,#11174,.T.);
#11170 = VERTEX_POINT('',#11171);
#11171 = CARTESIAN_POINT('',(0.32,-12.38,0.));
#11172 = VERTEX_POINT('',#11173);
#11173 = CARTESIAN_POINT('',(-0.32,-12.38,0.));
#11174 = LINE('',#11175,#11176);
#11175 = CARTESIAN_POINT('',(-0.16,-12.38,0.));
#11176 = VECTOR('',#11177,1.);
#11177 = DIRECTION('',(-1.,0.,0.));
#11178 = ORIENTED_EDGE('',*,*,#11179,.F.);
#11179 = EDGE_CURVE('',#11180,#11170,#11182,.T.);
#11180 = VERTEX_POINT('',#11181);
#11181 = CARTESIAN_POINT('',(0.32,-13.02,0.));
#11182 = LINE('',#11183,#11184);
#11183 = CARTESIAN_POINT('',(0.32,-10.955,0.));
#11184 = VECTOR('',#11185,1.);
#11185 = DIRECTION('',(0.,1.,0.));
#11186 = ORIENTED_EDGE('',*,*,#11187,.T.);
#11187 = EDGE_CURVE('',#11180,#11188,#11190,.T.);
#11188 = VERTEX_POINT('',#11189);
#11189 = CARTESIAN_POINT('',(-0.32,-13.02,0.));
#11190 = LINE('',#11191,#11192);
#11191 = CARTESIAN_POINT('',(-0.16,-13.02,0.));
#11192 = VECTOR('',#11193,1.);
#11193 = DIRECTION('',(-1.,0.,0.));
#11194 = ORIENTED_EDGE('',*,*,#11195,.T.);
#11195 = EDGE_CURVE('',#11188,#11172,#11196,.T.);
#11196 = LINE('',#11197,#11198);
#11197 = CARTESIAN_POINT('',(-0.32,-10.955,0.));
#11198 = VECTOR('',#11199,1.);
#11199 = DIRECTION('',(0.,1.,0.));
#11200 = FACE_BOUND('',#11201,.F.);
#11201 = EDGE_LOOP('',(#11202,#11212,#11220,#11228));
#11202 = ORIENTED_EDGE('',*,*,#11203,.F.);
#11203 = EDGE_CURVE('',#11204,#11206,#11208,.T.);
#11204 = VERTEX_POINT('',#11205);
#11205 = CARTESIAN_POINT('',(0.32,-10.48,0.));
#11206 = VERTEX_POINT('',#11207);
#11207 = CARTESIAN_POINT('',(0.32,-9.84,0.));
#11208 = LINE('',#11209,#11210);
#11209 = CARTESIAN_POINT('',(0.32,-9.685,0.));
#11210 = VECTOR('',#11211,1.);
#11211 = DIRECTION('',(0.,1.,0.));
#11212 = ORIENTED_EDGE('',*,*,#11213,.T.);
#11213 = EDGE_CURVE('',#11204,#11214,#11216,.T.);
#11214 = VERTEX_POINT('',#11215);
#11215 = CARTESIAN_POINT('',(-0.32,-10.48,0.));
#11216 = LINE('',#11217,#11218);
#11217 = CARTESIAN_POINT('',(-0.16,-10.48,0.));
#11218 = VECTOR('',#11219,1.);
#11219 = DIRECTION('',(-1.,0.,0.));
#11220 = ORIENTED_EDGE('',*,*,#11221,.T.);
#11221 = EDGE_CURVE('',#11214,#11222,#11224,.T.);
#11222 = VERTEX_POINT('',#11223);
#11223 = CARTESIAN_POINT('',(-0.32,-9.84,0.));
#11224 = LINE('',#11225,#11226);
#11225 = CARTESIAN_POINT('',(-0.32,-9.685,0.));
#11226 = VECTOR('',#11227,1.);
#11227 = DIRECTION('',(0.,1.,0.));
#11228 = ORIENTED_EDGE('',*,*,#11229,.F.);
#11229 = EDGE_CURVE('',#11206,#11222,#11230,.T.);
#11230 = LINE('',#11231,#11232);
#11231 = CARTESIAN_POINT('',(-0.16,-9.84,0.));
#11232 = VECTOR('',#11233,1.);
#11233 = DIRECTION('',(-1.,0.,0.));
#11234 = FACE_BOUND('',#11235,.F.);
#11235 = EDGE_LOOP('',(#11236,#11246,#11254,#11262));
#11236 = ORIENTED_EDGE('',*,*,#11237,.F.);
#11237 = EDGE_CURVE('',#11238,#11240,#11242,.T.);
#11238 = VERTEX_POINT('',#11239);
#11239 = CARTESIAN_POINT('',(0.32,-2.22,0.));
#11240 = VERTEX_POINT('',#11241);
#11241 = CARTESIAN_POINT('',(-0.32,-2.22,0.));
#11242 = LINE('',#11243,#11244);
#11243 = CARTESIAN_POINT('',(-0.16,-2.22,0.));
#11244 = VECTOR('',#11245,1.);
#11245 = DIRECTION('',(-1.,0.,0.));
#11246 = ORIENTED_EDGE('',*,*,#11247,.F.);
#11247 = EDGE_CURVE('',#11248,#11238,#11250,.T.);
#11248 = VERTEX_POINT('',#11249);
#11249 = CARTESIAN_POINT('',(0.32,-2.86,0.));
#11250 = LINE('',#11251,#11252);
#11251 = CARTESIAN_POINT('',(0.32,-5.875,0.));
#11252 = VECTOR('',#11253,1.);
#11253 = DIRECTION('',(0.,1.,0.));
#11254 = ORIENTED_EDGE('',*,*,#11255,.T.);
#11255 = EDGE_CURVE('',#11248,#11256,#11258,.T.);
#11256 = VERTEX_POINT('',#11257);
#11257 = CARTESIAN_POINT('',(-0.32,-2.86,0.));
#11258 = LINE('',#11259,#11260);
#11259 = CARTESIAN_POINT('',(-0.16,-2.86,0.));
#11260 = VECTOR('',#11261,1.);
#11261 = DIRECTION('',(-1.,0.,0.));
#11262 = ORIENTED_EDGE('',*,*,#11263,.T.);
#11263 = EDGE_CURVE('',#11256,#11240,#11264,.T.);
#11264 = LINE('',#11265,#11266);
#11265 = CARTESIAN_POINT('',(-0.32,-5.875,0.));
#11266 = VECTOR('',#11267,1.);
#11267 = DIRECTION('',(0.,1.,0.));
#11268 = FACE_BOUND('',#11269,.F.);
#11269 = EDGE_LOOP('',(#11270,#11280,#11288,#11296));
#11270 = ORIENTED_EDGE('',*,*,#11271,.T.);
#11271 = EDGE_CURVE('',#11272,#11274,#11276,.T.);
#11272 = VERTEX_POINT('',#11273);
#11273 = CARTESIAN_POINT('',(0.32,-5.4,0.));
#11274 = VERTEX_POINT('',#11275);
#11275 = CARTESIAN_POINT('',(-0.32,-5.4,0.));
#11276 = LINE('',#11277,#11278);
#11277 = CARTESIAN_POINT('',(-0.16,-5.4,0.));
#11278 = VECTOR('',#11279,1.);
#11279 = DIRECTION('',(-1.,0.,0.));
#11280 = ORIENTED_EDGE('',*,*,#11281,.T.);
#11281 = EDGE_CURVE('',#11274,#11282,#11284,.T.);
#11282 = VERTEX_POINT('',#11283);
#11283 = CARTESIAN_POINT('',(-0.32,-4.76,0.));
#11284 = LINE('',#11285,#11286);
#11285 = CARTESIAN_POINT('',(-0.32,-7.145,0.));
#11286 = VECTOR('',#11287,1.);
#11287 = DIRECTION('',(0.,1.,0.));
#11288 = ORIENTED_EDGE('',*,*,#11289,.F.);
#11289 = EDGE_CURVE('',#11290,#11282,#11292,.T.);
#11290 = VERTEX_POINT('',#11291);
#11291 = CARTESIAN_POINT('',(0.32,-4.76,0.));
#11292 = LINE('',#11293,#11294);
#11293 = CARTESIAN_POINT('',(-0.16,-4.76,0.));
#11294 = VECTOR('',#11295,1.);
#11295 = DIRECTION('',(-1.,0.,0.));
#11296 = ORIENTED_EDGE('',*,*,#11297,.F.);
#11297 = EDGE_CURVE('',#11272,#11290,#11298,.T.);
#11298 = LINE('',#11299,#11300);
#11299 = CARTESIAN_POINT('',(0.32,-7.145,0.));
#11300 = VECTOR('',#11301,1.);
#11301 = DIRECTION('',(0.,1.,0.));
#11302 = FACE_BOUND('',#11303,.F.);
#11303 = EDGE_LOOP('',(#11304,#11314,#11322,#11330));
#11304 = ORIENTED_EDGE('',*,*,#11305,.F.);
#11305 = EDGE_CURVE('',#11306,#11308,#11310,.T.);
#11306 = VERTEX_POINT('',#11307);
#11307 = CARTESIAN_POINT('',(0.32,-0.32,0.));
#11308 = VERTEX_POINT('',#11309);
#11309 = CARTESIAN_POINT('',(0.32,0.32,0.));
#11310 = LINE('',#11311,#11312);
#11311 = CARTESIAN_POINT('',(0.32,-4.605,0.));
#11312 = VECTOR('',#11313,1.);
#11313 = DIRECTION('',(0.,1.,0.));
#11314 = ORIENTED_EDGE('',*,*,#11315,.T.);
#11315 = EDGE_CURVE('',#11306,#11316,#11318,.T.);
#11316 = VERTEX_POINT('',#11317);
#11317 = CARTESIAN_POINT('',(-0.32,-0.32,0.));
#11318 = LINE('',#11319,#11320);
#11319 = CARTESIAN_POINT('',(-0.16,-0.32,0.));
#11320 = VECTOR('',#11321,1.);
#11321 = DIRECTION('',(-1.,0.,0.));
#11322 = ORIENTED_EDGE('',*,*,#11323,.T.);
#11323 = EDGE_CURVE('',#11316,#11324,#11326,.T.);
#11324 = VERTEX_POINT('',#11325);
#11325 = CARTESIAN_POINT('',(-0.32,0.32,0.));
#11326 = LINE('',#11327,#11328);
#11327 = CARTESIAN_POINT('',(-0.32,-4.605,0.));
#11328 = VECTOR('',#11329,1.);
#11329 = DIRECTION('',(0.,1.,0.));
#11330 = ORIENTED_EDGE('',*,*,#11331,.F.);
#11331 = EDGE_CURVE('',#11308,#11324,#11332,.T.);
#11332 = LINE('',#11333,#11334);
#11333 = CARTESIAN_POINT('',(-0.16,0.32,0.));
#11334 = VECTOR('',#11335,1.);
#11335 = DIRECTION('',(-1.,0.,0.));
#11336 = PLANE('',#11337);
#11337 = AXIS2_PLACEMENT_3D('',#11338,#11339,#11340);
#11338 = CARTESIAN_POINT('',(-1.38573690222E-17,-8.89,0.));
#11339 = DIRECTION('',(0.,0.,1.));
#11340 = DIRECTION('',(1.,0.,-0.));
#11341 = ADVANCED_FACE('',(#11342,#11721,#11755,#11789,#11823,#11857,
    #11891,#11925,#11959),#11993,.T.);
#11342 = FACE_BOUND('',#11343,.T.);
#11343 = EDGE_LOOP('',(#11344,#11345,#11346,#11354,#11362,#11370,#11378,
    #11386,#11394,#11402,#11410,#11418,#11426,#11434,#11442,#11450,
    #11458,#11466,#11474,#11482,#11490,#11498,#11506,#11514,#11522,
    #11530,#11538,#11546,#11554,#11562,#11570,#11578,#11586,#11594,
    #11602,#11610,#11618,#11626,#11634,#11642,#11650,#11658,#11666,
    #11674,#11682,#11690,#11698,#11706,#11714,#11720));
#11344 = ORIENTED_EDGE('',*,*,#10596,.T.);
#11345 = ORIENTED_EDGE('',*,*,#10658,.T.);
#11346 = ORIENTED_EDGE('',*,*,#11347,.T.);
#11347 = EDGE_CURVE('',#10659,#11348,#11350,.T.);
#11348 = VERTEX_POINT('',#11349);
#11349 = CARTESIAN_POINT('',(-1.016,-1.27,2.54));
#11350 = LINE('',#11351,#11352);
#11351 = CARTESIAN_POINT('',(-1.27,-1.016,2.54));
#11352 = VECTOR('',#11353,1.);
#11353 = DIRECTION('',(0.707106781187,-0.707106781187,0.));
#11354 = ORIENTED_EDGE('',*,*,#11355,.T.);
#11355 = EDGE_CURVE('',#11348,#11356,#11358,.T.);
#11356 = VERTEX_POINT('',#11357);
#11357 = CARTESIAN_POINT('',(-1.27,-1.524,2.54));
#11358 = LINE('',#11359,#11360);
#11359 = CARTESIAN_POINT('',(-1.016,-1.27,2.54));
#11360 = VECTOR('',#11361,1.);
#11361 = DIRECTION('',(-0.707106781187,-0.707106781187,0.));
#11362 = ORIENTED_EDGE('',*,*,#11363,.T.);
#11363 = EDGE_CURVE('',#11356,#11364,#11366,.T.);
#11364 = VERTEX_POINT('',#11365);
#11365 = CARTESIAN_POINT('',(-1.27,-3.556,2.54));
#11366 = LINE('',#11367,#11368);
#11367 = CARTESIAN_POINT('',(-1.27,-1.524,2.54));
#11368 = VECTOR('',#11369,1.);
#11369 = DIRECTION('',(0.,-1.,0.));
#11370 = ORIENTED_EDGE('',*,*,#11371,.T.);
#11371 = EDGE_CURVE('',#11364,#11372,#11374,.T.);
#11372 = VERTEX_POINT('',#11373);
#11373 = CARTESIAN_POINT('',(-1.016,-3.81,2.54));
#11374 = LINE('',#11375,#11376);
#11375 = CARTESIAN_POINT('',(-1.27,-3.556,2.54));
#11376 = VECTOR('',#11377,1.);
#11377 = DIRECTION('',(0.707106781187,-0.707106781187,0.));
#11378 = ORIENTED_EDGE('',*,*,#11379,.T.);
#11379 = EDGE_CURVE('',#11372,#11380,#11382,.T.);
#11380 = VERTEX_POINT('',#11381);
#11381 = CARTESIAN_POINT('',(-1.27,-4.064,2.54));
#11382 = LINE('',#11383,#11384);
#11383 = CARTESIAN_POINT('',(-1.016,-3.81,2.54));
#11384 = VECTOR('',#11385,1.);
#11385 = DIRECTION('',(-0.707106781187,-0.707106781187,0.));
#11386 = ORIENTED_EDGE('',*,*,#11387,.T.);
#11387 = EDGE_CURVE('',#11380,#11388,#11390,.T.);
#11388 = VERTEX_POINT('',#11389);
#11389 = CARTESIAN_POINT('',(-1.27,-6.096,2.54));
#11390 = LINE('',#11391,#11392);
#11391 = CARTESIAN_POINT('',(-1.27,-4.064,2.54));
#11392 = VECTOR('',#11393,1.);
#11393 = DIRECTION('',(0.,-1.,0.));
#11394 = ORIENTED_EDGE('',*,*,#11395,.T.);
#11395 = EDGE_CURVE('',#11388,#11396,#11398,.T.);
#11396 = VERTEX_POINT('',#11397);
#11397 = CARTESIAN_POINT('',(-1.016,-6.35,2.54));
#11398 = LINE('',#11399,#11400);
#11399 = CARTESIAN_POINT('',(-1.27,-6.096,2.54));
#11400 = VECTOR('',#11401,1.);
#11401 = DIRECTION('',(0.707106781187,-0.707106781187,0.));
#11402 = ORIENTED_EDGE('',*,*,#11403,.T.);
#11403 = EDGE_CURVE('',#11396,#11404,#11406,.T.);
#11404 = VERTEX_POINT('',#11405);
#11405 = CARTESIAN_POINT('',(-1.27,-6.604,2.54));
#11406 = LINE('',#11407,#11408);
#11407 = CARTESIAN_POINT('',(-1.016,-6.35,2.54));
#11408 = VECTOR('',#11409,1.);
#11409 = DIRECTION('',(-0.707106781187,-0.707106781187,0.));
#11410 = ORIENTED_EDGE('',*,*,#11411,.T.);
#11411 = EDGE_CURVE('',#11404,#11412,#11414,.T.);
#11412 = VERTEX_POINT('',#11413);
#11413 = CARTESIAN_POINT('',(-1.27,-8.636,2.54));
#11414 = LINE('',#11415,#11416);
#11415 = CARTESIAN_POINT('',(-1.27,-6.604,2.54));
#11416 = VECTOR('',#11417,1.);
#11417 = DIRECTION('',(0.,-1.,0.));
#11418 = ORIENTED_EDGE('',*,*,#11419,.T.);
#11419 = EDGE_CURVE('',#11412,#11420,#11422,.T.);
#11420 = VERTEX_POINT('',#11421);
#11421 = CARTESIAN_POINT('',(-1.016,-8.89,2.54));
#11422 = LINE('',#11423,#11424);
#11423 = CARTESIAN_POINT('',(-1.27,-8.636,2.54));
#11424 = VECTOR('',#11425,1.);
#11425 = DIRECTION('',(0.707106781187,-0.707106781187,0.));
#11426 = ORIENTED_EDGE('',*,*,#11427,.T.);
#11427 = EDGE_CURVE('',#11420,#11428,#11430,.T.);
#11428 = VERTEX_POINT('',#11429);
#11429 = CARTESIAN_POINT('',(-1.27,-9.144,2.54));
#11430 = LINE('',#11431,#11432);
#11431 = CARTESIAN_POINT('',(-1.016,-8.89,2.54));
#11432 = VECTOR('',#11433,1.);
#11433 = DIRECTION('',(-0.707106781187,-0.707106781187,0.));
#11434 = ORIENTED_EDGE('',*,*,#11435,.T.);
#11435 = EDGE_CURVE('',#11428,#11436,#11438,.T.);
#11436 = VERTEX_POINT('',#11437);
#11437 = CARTESIAN_POINT('',(-1.27,-11.176,2.54));
#11438 = LINE('',#11439,#11440);
#11439 = CARTESIAN_POINT('',(-1.27,-9.144,2.54));
#11440 = VECTOR('',#11441,1.);
#11441 = DIRECTION('',(0.,-1.,0.));
#11442 = ORIENTED_EDGE('',*,*,#11443,.T.);
#11443 = EDGE_CURVE('',#11436,#11444,#11446,.T.);
#11444 = VERTEX_POINT('',#11445);
#11445 = CARTESIAN_POINT('',(-1.016,-11.43,2.54));
#11446 = LINE('',#11447,#11448);
#11447 = CARTESIAN_POINT('',(-1.27,-11.176,2.54));
#11448 = VECTOR('',#11449,1.);
#11449 = DIRECTION('',(0.707106781187,-0.707106781187,0.));
#11450 = ORIENTED_EDGE('',*,*,#11451,.T.);
#11451 = EDGE_CURVE('',#11444,#11452,#11454,.T.);
#11452 = VERTEX_POINT('',#11453);
#11453 = CARTESIAN_POINT('',(-1.27,-11.684,2.54));
#11454 = LINE('',#11455,#11456);
#11455 = CARTESIAN_POINT('',(-1.016,-11.43,2.54));
#11456 = VECTOR('',#11457,1.);
#11457 = DIRECTION('',(-0.707106781187,-0.707106781187,0.));
#11458 = ORIENTED_EDGE('',*,*,#11459,.T.);
#11459 = EDGE_CURVE('',#11452,#11460,#11462,.T.);
#11460 = VERTEX_POINT('',#11461);
#11461 = CARTESIAN_POINT('',(-1.27,-13.716,2.54));
#11462 = LINE('',#11463,#11464);
#11463 = CARTESIAN_POINT('',(-1.27,-11.684,2.54));
#11464 = VECTOR('',#11465,1.);
#11465 = DIRECTION('',(0.,-1.,0.));
#11466 = ORIENTED_EDGE('',*,*,#11467,.T.);
#11467 = EDGE_CURVE('',#11460,#11468,#11470,.T.);
#11468 = VERTEX_POINT('',#11469);
#11469 = CARTESIAN_POINT('',(-1.016,-13.97,2.54));
#11470 = LINE('',#11471,#11472);
#11471 = CARTESIAN_POINT('',(-1.27,-13.716,2.54));
#11472 = VECTOR('',#11473,1.);
#11473 = DIRECTION('',(0.707106781187,-0.707106781187,0.));
#11474 = ORIENTED_EDGE('',*,*,#11475,.T.);
#11475 = EDGE_CURVE('',#11468,#11476,#11478,.T.);
#11476 = VERTEX_POINT('',#11477);
#11477 = CARTESIAN_POINT('',(-1.27,-14.224,2.54));
#11478 = LINE('',#11479,#11480);
#11479 = CARTESIAN_POINT('',(-1.016,-13.97,2.54));
#11480 = VECTOR('',#11481,1.);
#11481 = DIRECTION('',(-0.707106781187,-0.707106781187,0.));
#11482 = ORIENTED_EDGE('',*,*,#11483,.T.);
#11483 = EDGE_CURVE('',#11476,#11484,#11486,.T.);
#11484 = VERTEX_POINT('',#11485);
#11485 = CARTESIAN_POINT('',(-1.27,-16.256,2.54));
#11486 = LINE('',#11487,#11488);
#11487 = CARTESIAN_POINT('',(-1.27,-14.224,2.54));
#11488 = VECTOR('',#11489,1.);
#11489 = DIRECTION('',(0.,-1.,0.));
#11490 = ORIENTED_EDGE('',*,*,#11491,.T.);
#11491 = EDGE_CURVE('',#11484,#11492,#11494,.T.);
#11492 = VERTEX_POINT('',#11493);
#11493 = CARTESIAN_POINT('',(-1.016,-16.51,2.54));
#11494 = LINE('',#11495,#11496);
#11495 = CARTESIAN_POINT('',(-1.27,-16.256,2.54));
#11496 = VECTOR('',#11497,1.);
#11497 = DIRECTION('',(0.707106781187,-0.707106781187,0.));
#11498 = ORIENTED_EDGE('',*,*,#11499,.T.);
#11499 = EDGE_CURVE('',#11492,#11500,#11502,.T.);
#11500 = VERTEX_POINT('',#11501);
#11501 = CARTESIAN_POINT('',(-1.27,-16.764,2.54));
#11502 = LINE('',#11503,#11504);
#11503 = CARTESIAN_POINT('',(-1.016,-16.51,2.54));
#11504 = VECTOR('',#11505,1.);
#11505 = DIRECTION('',(-0.707106781187,-0.707106781187,0.));
#11506 = ORIENTED_EDGE('',*,*,#11507,.T.);
#11507 = EDGE_CURVE('',#11500,#11508,#11510,.T.);
#11508 = VERTEX_POINT('',#11509);
#11509 = CARTESIAN_POINT('',(-1.27,-18.796,2.54));
#11510 = LINE('',#11511,#11512);
#11511 = CARTESIAN_POINT('',(-1.27,-16.764,2.54));
#11512 = VECTOR('',#11513,1.);
#11513 = DIRECTION('',(0.,-1.,0.));
#11514 = ORIENTED_EDGE('',*,*,#11515,.T.);
#11515 = EDGE_CURVE('',#11508,#11516,#11518,.T.);
#11516 = VERTEX_POINT('',#11517);
#11517 = CARTESIAN_POINT('',(-1.016,-19.05,2.54));
#11518 = LINE('',#11519,#11520);
#11519 = CARTESIAN_POINT('',(-1.27,-18.796,2.54));
#11520 = VECTOR('',#11521,1.);
#11521 = DIRECTION('',(0.707106781187,-0.707106781187,0.));
#11522 = ORIENTED_EDGE('',*,*,#11523,.T.);
#11523 = EDGE_CURVE('',#11516,#11524,#11526,.T.);
#11524 = VERTEX_POINT('',#11525);
#11525 = CARTESIAN_POINT('',(1.016,-19.05,2.54));
#11526 = LINE('',#11527,#11528);
#11527 = CARTESIAN_POINT('',(-1.016,-19.05,2.54));
#11528 = VECTOR('',#11529,1.);
#11529 = DIRECTION('',(1.,0.,0.));
#11530 = ORIENTED_EDGE('',*,*,#11531,.T.);
#11531 = EDGE_CURVE('',#11524,#11532,#11534,.T.);
#11532 = VERTEX_POINT('',#11533);
#11533 = CARTESIAN_POINT('',(1.27,-18.796,2.54));
#11534 = LINE('',#11535,#11536);
#11535 = CARTESIAN_POINT('',(1.016,-19.05,2.54));
#11536 = VECTOR('',#11537,1.);
#11537 = DIRECTION('',(0.707106781187,0.707106781187,0.));
#11538 = ORIENTED_EDGE('',*,*,#11539,.T.);
#11539 = EDGE_CURVE('',#11532,#11540,#11542,.T.);
#11540 = VERTEX_POINT('',#11541);
#11541 = CARTESIAN_POINT('',(1.27,-16.764,2.54));
#11542 = LINE('',#11543,#11544);
#11543 = CARTESIAN_POINT('',(1.27,-18.796,2.54));
#11544 = VECTOR('',#11545,1.);
#11545 = DIRECTION('',(0.,1.,0.));
#11546 = ORIENTED_EDGE('',*,*,#11547,.T.);
#11547 = EDGE_CURVE('',#11540,#11548,#11550,.T.);
#11548 = VERTEX_POINT('',#11549);
#11549 = CARTESIAN_POINT('',(1.016,-16.51,2.54));
#11550 = LINE('',#11551,#11552);
#11551 = CARTESIAN_POINT('',(1.27,-16.764,2.54));
#11552 = VECTOR('',#11553,1.);
#11553 = DIRECTION('',(-0.707106781187,0.707106781187,0.));
#11554 = ORIENTED_EDGE('',*,*,#11555,.T.);
#11555 = EDGE_CURVE('',#11548,#11556,#11558,.T.);
#11556 = VERTEX_POINT('',#11557);
#11557 = CARTESIAN_POINT('',(1.27,-16.256,2.54));
#11558 = LINE('',#11559,#11560);
#11559 = CARTESIAN_POINT('',(1.016,-16.51,2.54));
#11560 = VECTOR('',#11561,1.);
#11561 = DIRECTION('',(0.707106781187,0.707106781187,0.));
#11562 = ORIENTED_EDGE('',*,*,#11563,.T.);
#11563 = EDGE_CURVE('',#11556,#11564,#11566,.T.);
#11564 = VERTEX_POINT('',#11565);
#11565 = CARTESIAN_POINT('',(1.27,-14.224,2.54));
#11566 = LINE('',#11567,#11568);
#11567 = CARTESIAN_POINT('',(1.27,-16.256,2.54));
#11568 = VECTOR('',#11569,1.);
#11569 = DIRECTION('',(0.,1.,0.));
#11570 = ORIENTED_EDGE('',*,*,#11571,.T.);
#11571 = EDGE_CURVE('',#11564,#11572,#11574,.T.);
#11572 = VERTEX_POINT('',#11573);
#11573 = CARTESIAN_POINT('',(1.016,-13.97,2.54));
#11574 = LINE('',#11575,#11576);
#11575 = CARTESIAN_POINT('',(1.27,-14.224,2.54));
#11576 = VECTOR('',#11577,1.);
#11577 = DIRECTION('',(-0.707106781187,0.707106781187,0.));
#11578 = ORIENTED_EDGE('',*,*,#11579,.T.);
#11579 = EDGE_CURVE('',#11572,#11580,#11582,.T.);
#11580 = VERTEX_POINT('',#11581);
#11581 = CARTESIAN_POINT('',(1.27,-13.716,2.54));
#11582 = LINE('',#11583,#11584);
#11583 = CARTESIAN_POINT('',(1.016,-13.97,2.54));
#11584 = VECTOR('',#11585,1.);
#11585 = DIRECTION('',(0.707106781187,0.707106781187,0.));
#11586 = ORIENTED_EDGE('',*,*,#11587,.T.);
#11587 = EDGE_CURVE('',#11580,#11588,#11590,.T.);
#11588 = VERTEX_POINT('',#11589);
#11589 = CARTESIAN_POINT('',(1.27,-11.684,2.54));
#11590 = LINE('',#11591,#11592);
#11591 = CARTESIAN_POINT('',(1.27,-13.716,2.54));
#11592 = VECTOR('',#11593,1.);
#11593 = DIRECTION('',(0.,1.,0.));
#11594 = ORIENTED_EDGE('',*,*,#11595,.T.);
#11595 = EDGE_CURVE('',#11588,#11596,#11598,.T.);
#11596 = VERTEX_POINT('',#11597);
#11597 = CARTESIAN_POINT('',(1.016,-11.43,2.54));
#11598 = LINE('',#11599,#11600);
#11599 = CARTESIAN_POINT('',(1.27,-11.684,2.54));
#11600 = VECTOR('',#11601,1.);
#11601 = DIRECTION('',(-0.707106781187,0.707106781187,0.));
#11602 = ORIENTED_EDGE('',*,*,#11603,.T.);
#11603 = EDGE_CURVE('',#11596,#11604,#11606,.T.);
#11604 = VERTEX_POINT('',#11605);
#11605 = CARTESIAN_POINT('',(1.27,-11.176,2.54));
#11606 = LINE('',#11607,#11608);
#11607 = CARTESIAN_POINT('',(1.016,-11.43,2.54));
#11608 = VECTOR('',#11609,1.);
#11609 = DIRECTION('',(0.707106781187,0.707106781187,0.));
#11610 = ORIENTED_EDGE('',*,*,#11611,.T.);
#11611 = EDGE_CURVE('',#11604,#11612,#11614,.T.);
#11612 = VERTEX_POINT('',#11613);
#11613 = CARTESIAN_POINT('',(1.27,-9.144,2.54));
#11614 = LINE('',#11615,#11616);
#11615 = CARTESIAN_POINT('',(1.27,-11.176,2.54));
#11616 = VECTOR('',#11617,1.);
#11617 = DIRECTION('',(0.,1.,0.));
#11618 = ORIENTED_EDGE('',*,*,#11619,.T.);
#11619 = EDGE_CURVE('',#11612,#11620,#11622,.T.);
#11620 = VERTEX_POINT('',#11621);
#11621 = CARTESIAN_POINT('',(1.016,-8.89,2.54));
#11622 = LINE('',#11623,#11624);
#11623 = CARTESIAN_POINT('',(1.27,-9.144,2.54));
#11624 = VECTOR('',#11625,1.);
#11625 = DIRECTION('',(-0.707106781187,0.707106781187,0.));
#11626 = ORIENTED_EDGE('',*,*,#11627,.T.);
#11627 = EDGE_CURVE('',#11620,#11628,#11630,.T.);
#11628 = VERTEX_POINT('',#11629);
#11629 = CARTESIAN_POINT('',(1.27,-8.636,2.54));
#11630 = LINE('',#11631,#11632);
#11631 = CARTESIAN_POINT('',(1.016,-8.89,2.54));
#11632 = VECTOR('',#11633,1.);
#11633 = DIRECTION('',(0.707106781187,0.707106781187,0.));
#11634 = ORIENTED_EDGE('',*,*,#11635,.T.);
#11635 = EDGE_CURVE('',#11628,#11636,#11638,.T.);
#11636 = VERTEX_POINT('',#11637);
#11637 = CARTESIAN_POINT('',(1.27,-6.604,2.54));
#11638 = LINE('',#11639,#11640);
#11639 = CARTESIAN_POINT('',(1.27,-8.636,2.54));
#11640 = VECTOR('',#11641,1.);
#11641 = DIRECTION('',(0.,1.,0.));
#11642 = ORIENTED_EDGE('',*,*,#11643,.T.);
#11643 = EDGE_CURVE('',#11636,#11644,#11646,.T.);
#11644 = VERTEX_POINT('',#11645);
#11645 = CARTESIAN_POINT('',(1.016,-6.35,2.54));
#11646 = LINE('',#11647,#11648);
#11647 = CARTESIAN_POINT('',(1.27,-6.604,2.54));
#11648 = VECTOR('',#11649,1.);
#11649 = DIRECTION('',(-0.707106781187,0.707106781187,0.));
#11650 = ORIENTED_EDGE('',*,*,#11651,.T.);
#11651 = EDGE_CURVE('',#11644,#11652,#11654,.T.);
#11652 = VERTEX_POINT('',#11653);
#11653 = CARTESIAN_POINT('',(1.27,-6.096,2.54));
#11654 = LINE('',#11655,#11656);
#11655 = CARTESIAN_POINT('',(1.016,-6.35,2.54));
#11656 = VECTOR('',#11657,1.);
#11657 = DIRECTION('',(0.707106781187,0.707106781187,0.));
#11658 = ORIENTED_EDGE('',*,*,#11659,.T.);
#11659 = EDGE_CURVE('',#11652,#11660,#11662,.T.);
#11660 = VERTEX_POINT('',#11661);
#11661 = CARTESIAN_POINT('',(1.27,-4.064,2.54));
#11662 = LINE('',#11663,#11664);
#11663 = CARTESIAN_POINT('',(1.27,-6.096,2.54));
#11664 = VECTOR('',#11665,1.);
#11665 = DIRECTION('',(0.,1.,0.));
#11666 = ORIENTED_EDGE('',*,*,#11667,.T.);
#11667 = EDGE_CURVE('',#11660,#11668,#11670,.T.);
#11668 = VERTEX_POINT('',#11669);
#11669 = CARTESIAN_POINT('',(1.016,-3.81,2.54));
#11670 = LINE('',#11671,#11672);
#11671 = CARTESIAN_POINT('',(1.27,-4.064,2.54));
#11672 = VECTOR('',#11673,1.);
#11673 = DIRECTION('',(-0.707106781187,0.707106781187,0.));
#11674 = ORIENTED_EDGE('',*,*,#11675,.T.);
#11675 = EDGE_CURVE('',#11668,#11676,#11678,.T.);
#11676 = VERTEX_POINT('',#11677);
#11677 = CARTESIAN_POINT('',(1.27,-3.556,2.54));
#11678 = LINE('',#11679,#11680);
#11679 = CARTESIAN_POINT('',(1.016,-3.81,2.54));
#11680 = VECTOR('',#11681,1.);
#11681 = DIRECTION('',(0.707106781187,0.707106781187,0.));
#11682 = ORIENTED_EDGE('',*,*,#11683,.T.);
#11683 = EDGE_CURVE('',#11676,#11684,#11686,.T.);
#11684 = VERTEX_POINT('',#11685);
#11685 = CARTESIAN_POINT('',(1.27,-1.524,2.54));
#11686 = LINE('',#11687,#11688);
#11687 = CARTESIAN_POINT('',(1.27,-3.556,2.54));
#11688 = VECTOR('',#11689,1.);
#11689 = DIRECTION('',(0.,1.,0.));
#11690 = ORIENTED_EDGE('',*,*,#11691,.T.);
#11691 = EDGE_CURVE('',#11684,#11692,#11694,.T.);
#11692 = VERTEX_POINT('',#11693);
#11693 = CARTESIAN_POINT('',(1.016,-1.27,2.54));
#11694 = LINE('',#11695,#11696);
#11695 = CARTESIAN_POINT('',(1.27,-1.524,2.54));
#11696 = VECTOR('',#11697,1.);
#11697 = DIRECTION('',(-0.707106781187,0.707106781187,0.));
#11698 = ORIENTED_EDGE('',*,*,#11699,.T.);
#11699 = EDGE_CURVE('',#11692,#11700,#11702,.T.);
#11700 = VERTEX_POINT('',#11701);
#11701 = CARTESIAN_POINT('',(1.27,-1.016,2.54));
#11702 = LINE('',#11703,#11704);
#11703 = CARTESIAN_POINT('',(1.016,-1.27,2.54));
#11704 = VECTOR('',#11705,1.);
#11705 = DIRECTION('',(0.707106781187,0.707106781187,0.));
#11706 = ORIENTED_EDGE('',*,*,#11707,.T.);
#11707 = EDGE_CURVE('',#11700,#11708,#11710,.T.);
#11708 = VERTEX_POINT('',#11709);
#11709 = CARTESIAN_POINT('',(1.27,1.016,2.54));
#11710 = LINE('',#11711,#11712);
#11711 = CARTESIAN_POINT('',(1.27,-1.016,2.54));
#11712 = VECTOR('',#11713,1.);
#11713 = DIRECTION('',(0.,1.,0.));
#11714 = ORIENTED_EDGE('',*,*,#11715,.T.);
#11715 = EDGE_CURVE('',#11708,#10629,#11716,.T.);
#11716 = LINE('',#11717,#11718);
#11717 = CARTESIAN_POINT('',(1.27,1.016,2.54));
#11718 = VECTOR('',#11719,1.);
#11719 = DIRECTION('',(-0.707106781187,0.707106781187,0.));
#11720 = ORIENTED_EDGE('',*,*,#10636,.T.);
#11721 = FACE_BOUND('',#11722,.T.);
#11722 = EDGE_LOOP('',(#11723,#11733,#11741,#11749));
#11723 = ORIENTED_EDGE('',*,*,#11724,.T.);
#11724 = EDGE_CURVE('',#11725,#11727,#11729,.T.);
#11725 = VERTEX_POINT('',#11726);
#11726 = CARTESIAN_POINT('',(0.32,-18.1,2.54));
#11727 = VERTEX_POINT('',#11728);
#11728 = CARTESIAN_POINT('',(-0.32,-18.1,2.54));
#11729 = LINE('',#11730,#11731);
#11730 = CARTESIAN_POINT('',(-0.16,-18.1,2.54));
#11731 = VECTOR('',#11732,1.);
#11732 = DIRECTION('',(-1.,0.,0.));
#11733 = ORIENTED_EDGE('',*,*,#11734,.T.);
#11734 = EDGE_CURVE('',#11727,#11735,#11737,.T.);
#11735 = VERTEX_POINT('',#11736);
#11736 = CARTESIAN_POINT('',(-0.32,-17.46,2.54));
#11737 = LINE('',#11738,#11739);
#11738 = CARTESIAN_POINT('',(-0.32,-13.495,2.54));
#11739 = VECTOR('',#11740,1.);
#11740 = DIRECTION('',(0.,1.,0.));
#11741 = ORIENTED_EDGE('',*,*,#11742,.F.);
#11742 = EDGE_CURVE('',#11743,#11735,#11745,.T.);
#11743 = VERTEX_POINT('',#11744);
#11744 = CARTESIAN_POINT('',(0.32,-17.46,2.54));
#11745 = LINE('',#11746,#11747);
#11746 = CARTESIAN_POINT('',(-0.16,-17.46,2.54));
#11747 = VECTOR('',#11748,1.);
#11748 = DIRECTION('',(-1.,0.,0.));
#11749 = ORIENTED_EDGE('',*,*,#11750,.F.);
#11750 = EDGE_CURVE('',#11725,#11743,#11751,.T.);
#11751 = LINE('',#11752,#11753);
#11752 = CARTESIAN_POINT('',(0.32,-13.495,2.54));
#11753 = VECTOR('',#11754,1.);
#11754 = DIRECTION('',(0.,1.,0.));
#11755 = FACE_BOUND('',#11756,.T.);
#11756 = EDGE_LOOP('',(#11757,#11767,#11775,#11783));
#11757 = ORIENTED_EDGE('',*,*,#11758,.F.);
#11758 = EDGE_CURVE('',#11759,#11761,#11763,.T.);
#11759 = VERTEX_POINT('',#11760);
#11760 = CARTESIAN_POINT('',(0.32,-14.92,2.54));
#11761 = VERTEX_POINT('',#11762);
#11762 = CARTESIAN_POINT('',(-0.32,-14.92,2.54));
#11763 = LINE('',#11764,#11765);
#11764 = CARTESIAN_POINT('',(-0.16,-14.92,2.54));
#11765 = VECTOR('',#11766,1.);
#11766 = DIRECTION('',(-1.,0.,0.));
#11767 = ORIENTED_EDGE('',*,*,#11768,.F.);
#11768 = EDGE_CURVE('',#11769,#11759,#11771,.T.);
#11769 = VERTEX_POINT('',#11770);
#11770 = CARTESIAN_POINT('',(0.32,-15.56,2.54));
#11771 = LINE('',#11772,#11773);
#11772 = CARTESIAN_POINT('',(0.32,-12.225,2.54));
#11773 = VECTOR('',#11774,1.);
#11774 = DIRECTION('',(0.,1.,0.));
#11775 = ORIENTED_EDGE('',*,*,#11776,.T.);
#11776 = EDGE_CURVE('',#11769,#11777,#11779,.T.);
#11777 = VERTEX_POINT('',#11778);
#11778 = CARTESIAN_POINT('',(-0.32,-15.56,2.54));
#11779 = LINE('',#11780,#11781);
#11780 = CARTESIAN_POINT('',(-0.16,-15.56,2.54));
#11781 = VECTOR('',#11782,1.);
#11782 = DIRECTION('',(-1.,0.,0.));
#11783 = ORIENTED_EDGE('',*,*,#11784,.T.);
#11784 = EDGE_CURVE('',#11777,#11761,#11785,.T.);
#11785 = LINE('',#11786,#11787);
#11786 = CARTESIAN_POINT('',(-0.32,-12.225,2.54));
#11787 = VECTOR('',#11788,1.);
#11788 = DIRECTION('',(0.,1.,0.));
#11789 = FACE_BOUND('',#11790,.T.);
#11790 = EDGE_LOOP('',(#11791,#11801,#11809,#11817));
#11791 = ORIENTED_EDGE('',*,*,#11792,.F.);
#11792 = EDGE_CURVE('',#11793,#11795,#11797,.T.);
#11793 = VERTEX_POINT('',#11794);
#11794 = CARTESIAN_POINT('',(0.32,-7.94,2.54));
#11795 = VERTEX_POINT('',#11796);
#11796 = CARTESIAN_POINT('',(0.32,-7.3,2.54));
#11797 = LINE('',#11798,#11799);
#11798 = CARTESIAN_POINT('',(0.32,-8.415,2.54));
#11799 = VECTOR('',#11800,1.);
#11800 = DIRECTION('',(0.,1.,0.));
#11801 = ORIENTED_EDGE('',*,*,#11802,.T.);
#11802 = EDGE_CURVE('',#11793,#11803,#11805,.T.);
#11803 = VERTEX_POINT('',#11804);
#11804 = CARTESIAN_POINT('',(-0.32,-7.94,2.54));
#11805 = LINE('',#11806,#11807);
#11806 = CARTESIAN_POINT('',(-0.16,-7.94,2.54));
#11807 = VECTOR('',#11808,1.);
#11808 = DIRECTION('',(-1.,0.,0.));
#11809 = ORIENTED_EDGE('',*,*,#11810,.T.);
#11810 = EDGE_CURVE('',#11803,#11811,#11813,.T.);
#11811 = VERTEX_POINT('',#11812);
#11812 = CARTESIAN_POINT('',(-0.32,-7.3,2.54));
#11813 = LINE('',#11814,#11815);
#11814 = CARTESIAN_POINT('',(-0.32,-8.415,2.54));
#11815 = VECTOR('',#11816,1.);
#11816 = DIRECTION('',(0.,1.,0.));
#11817 = ORIENTED_EDGE('',*,*,#11818,.F.);
#11818 = EDGE_CURVE('',#11795,#11811,#11819,.T.);
#11819 = LINE('',#11820,#11821);
#11820 = CARTESIAN_POINT('',(-0.16,-7.3,2.54));
#11821 = VECTOR('',#11822,1.);
#11822 = DIRECTION('',(-1.,0.,0.));
#11823 = FACE_BOUND('',#11824,.T.);
#11824 = EDGE_LOOP('',(#11825,#11835,#11843,#11851));
#11825 = ORIENTED_EDGE('',*,*,#11826,.F.);
#11826 = EDGE_CURVE('',#11827,#11829,#11831,.T.);
#11827 = VERTEX_POINT('',#11828);
#11828 = CARTESIAN_POINT('',(0.32,-12.38,2.54));
#11829 = VERTEX_POINT('',#11830);
#11830 = CARTESIAN_POINT('',(-0.32,-12.38,2.54));
#11831 = LINE('',#11832,#11833);
#11832 = CARTESIAN_POINT('',(-0.16,-12.38,2.54));
#11833 = VECTOR('',#11834,1.);
#11834 = DIRECTION('',(-1.,0.,0.));
#11835 = ORIENTED_EDGE('',*,*,#11836,.F.);
#11836 = EDGE_CURVE('',#11837,#11827,#11839,.T.);
#11837 = VERTEX_POINT('',#11838);
#11838 = CARTESIAN_POINT('',(0.32,-13.02,2.54));
#11839 = LINE('',#11840,#11841);
#11840 = CARTESIAN_POINT('',(0.32,-10.955,2.54));
#11841 = VECTOR('',#11842,1.);
#11842 = DIRECTION('',(0.,1.,0.));
#11843 = ORIENTED_EDGE('',*,*,#11844,.T.);
#11844 = EDGE_CURVE('',#11837,#11845,#11847,.T.);
#11845 = VERTEX_POINT('',#11846);
#11846 = CARTESIAN_POINT('',(-0.32,-13.02,2.54));
#11847 = LINE('',#11848,#11849);
#11848 = CARTESIAN_POINT('',(-0.16,-13.02,2.54));
#11849 = VECTOR('',#11850,1.);
#11850 = DIRECTION('',(-1.,0.,0.));
#11851 = ORIENTED_EDGE('',*,*,#11852,.T.);
#11852 = EDGE_CURVE('',#11845,#11829,#11853,.T.);
#11853 = LINE('',#11854,#11855);
#11854 = CARTESIAN_POINT('',(-0.32,-10.955,2.54));
#11855 = VECTOR('',#11856,1.);
#11856 = DIRECTION('',(0.,1.,0.));
#11857 = FACE_BOUND('',#11858,.T.);
#11858 = EDGE_LOOP('',(#11859,#11869,#11877,#11885));
#11859 = ORIENTED_EDGE('',*,*,#11860,.F.);
#11860 = EDGE_CURVE('',#11861,#11863,#11865,.T.);
#11861 = VERTEX_POINT('',#11862);
#11862 = CARTESIAN_POINT('',(0.32,-10.48,2.54));
#11863 = VERTEX_POINT('',#11864);
#11864 = CARTESIAN_POINT('',(0.32,-9.84,2.54));
#11865 = LINE('',#11866,#11867);
#11866 = CARTESIAN_POINT('',(0.32,-9.685,2.54));
#11867 = VECTOR('',#11868,1.);
#11868 = DIRECTION('',(0.,1.,0.));
#11869 = ORIENTED_EDGE('',*,*,#11870,.T.);
#11870 = EDGE_CURVE('',#11861,#11871,#11873,.T.);
#11871 = VERTEX_POINT('',#11872);
#11872 = CARTESIAN_POINT('',(-0.32,-10.48,2.54));
#11873 = LINE('',#11874,#11875);
#11874 = CARTESIAN_POINT('',(-0.16,-10.48,2.54));
#11875 = VECTOR('',#11876,1.);
#11876 = DIRECTION('',(-1.,0.,0.));
#11877 = ORIENTED_EDGE('',*,*,#11878,.T.);
#11878 = EDGE_CURVE('',#11871,#11879,#11881,.T.);
#11879 = VERTEX_POINT('',#11880);
#11880 = CARTESIAN_POINT('',(-0.32,-9.84,2.54));
#11881 = LINE('',#11882,#11883);
#11882 = CARTESIAN_POINT('',(-0.32,-9.685,2.54));
#11883 = VECTOR('',#11884,1.);
#11884 = DIRECTION('',(0.,1.,0.));
#11885 = ORIENTED_EDGE('',*,*,#11886,.F.);
#11886 = EDGE_CURVE('',#11863,#11879,#11887,.T.);
#11887 = LINE('',#11888,#11889);
#11888 = CARTESIAN_POINT('',(-0.16,-9.84,2.54));
#11889 = VECTOR('',#11890,1.);
#11890 = DIRECTION('',(-1.,0.,0.));
#11891 = FACE_BOUND('',#11892,.T.);
#11892 = EDGE_LOOP('',(#11893,#11903,#11911,#11919));
#11893 = ORIENTED_EDGE('',*,*,#11894,.F.);
#11894 = EDGE_CURVE('',#11895,#11897,#11899,.T.);
#11895 = VERTEX_POINT('',#11896);
#11896 = CARTESIAN_POINT('',(0.32,-2.22,2.54));
#11897 = VERTEX_POINT('',#11898);
#11898 = CARTESIAN_POINT('',(-0.32,-2.22,2.54));
#11899 = LINE('',#11900,#11901);
#11900 = CARTESIAN_POINT('',(-0.16,-2.22,2.54));
#11901 = VECTOR('',#11902,1.);
#11902 = DIRECTION('',(-1.,0.,0.));
#11903 = ORIENTED_EDGE('',*,*,#11904,.F.);
#11904 = EDGE_CURVE('',#11905,#11895,#11907,.T.);
#11905 = VERTEX_POINT('',#11906);
#11906 = CARTESIAN_POINT('',(0.32,-2.86,2.54));
#11907 = LINE('',#11908,#11909);
#11908 = CARTESIAN_POINT('',(0.32,-5.875,2.54));
#11909 = VECTOR('',#11910,1.);
#11910 = DIRECTION('',(0.,1.,0.));
#11911 = ORIENTED_EDGE('',*,*,#11912,.T.);
#11912 = EDGE_CURVE('',#11905,#11913,#11915,.T.);
#11913 = VERTEX_POINT('',#11914);
#11914 = CARTESIAN_POINT('',(-0.32,-2.86,2.54));
#11915 = LINE('',#11916,#11917);
#11916 = CARTESIAN_POINT('',(-0.16,-2.86,2.54));
#11917 = VECTOR('',#11918,1.);
#11918 = DIRECTION('',(-1.,0.,0.));
#11919 = ORIENTED_EDGE('',*,*,#11920,.T.);
#11920 = EDGE_CURVE('',#11913,#11897,#11921,.T.);
#11921 = LINE('',#11922,#11923);
#11922 = CARTESIAN_POINT('',(-0.32,-5.875,2.54));
#11923 = VECTOR('',#11924,1.);
#11924 = DIRECTION('',(0.,1.,0.));
#11925 = FACE_BOUND('',#11926,.T.);
#11926 = EDGE_LOOP('',(#11927,#11937,#11945,#11953));
#11927 = ORIENTED_EDGE('',*,*,#11928,.T.);
#11928 = EDGE_CURVE('',#11929,#11931,#11933,.T.);
#11929 = VERTEX_POINT('',#11930);
#11930 = CARTESIAN_POINT('',(0.32,-5.4,2.54));
#11931 = VERTEX_POINT('',#11932);
#11932 = CARTESIAN_POINT('',(-0.32,-5.4,2.54));
#11933 = LINE('',#11934,#11935);
#11934 = CARTESIAN_POINT('',(-0.16,-5.4,2.54));
#11935 = VECTOR('',#11936,1.);
#11936 = DIRECTION('',(-1.,0.,0.));
#11937 = ORIENTED_EDGE('',*,*,#11938,.T.);
#11938 = EDGE_CURVE('',#11931,#11939,#11941,.T.);
#11939 = VERTEX_POINT('',#11940);
#11940 = CARTESIAN_POINT('',(-0.32,-4.76,2.54));
#11941 = LINE('',#11942,#11943);
#11942 = CARTESIAN_POINT('',(-0.32,-7.145,2.54));
#11943 = VECTOR('',#11944,1.);
#11944 = DIRECTION('',(0.,1.,0.));
#11945 = ORIENTED_EDGE('',*,*,#11946,.F.);
#11946 = EDGE_CURVE('',#11947,#11939,#11949,.T.);
#11947 = VERTEX_POINT('',#11948);
#11948 = CARTESIAN_POINT('',(0.32,-4.76,2.54));
#11949 = LINE('',#11950,#11951);
#11950 = CARTESIAN_POINT('',(-0.16,-4.76,2.54));
#11951 = VECTOR('',#11952,1.);
#11952 = DIRECTION('',(-1.,0.,0.));
#11953 = ORIENTED_EDGE('',*,*,#11954,.F.);
#11954 = EDGE_CURVE('',#11929,#11947,#11955,.T.);
#11955 = LINE('',#11956,#11957);
#11956 = CARTESIAN_POINT('',(0.32,-7.145,2.54));
#11957 = VECTOR('',#11958,1.);
#11958 = DIRECTION('',(0.,1.,0.));
#11959 = FACE_BOUND('',#11960,.T.);
#11960 = EDGE_LOOP('',(#11961,#11971,#11979,#11987));
#11961 = ORIENTED_EDGE('',*,*,#11962,.F.);
#11962 = EDGE_CURVE('',#11963,#11965,#11967,.T.);
#11963 = VERTEX_POINT('',#11964);
#11964 = CARTESIAN_POINT('',(0.32,-0.32,2.54));
#11965 = VERTEX_POINT('',#11966);
#11966 = CARTESIAN_POINT('',(0.32,0.32,2.54));
#11967 = LINE('',#11968,#11969);
#11968 = CARTESIAN_POINT('',(0.32,-4.605,2.54));
#11969 = VECTOR('',#11970,1.);
#11970 = DIRECTION('',(0.,1.,0.));
#11971 = ORIENTED_EDGE('',*,*,#11972,.T.);
#11972 = EDGE_CURVE('',#11963,#11973,#11975,.T.);
#11973 = VERTEX_POINT('',#11974);
#11974 = CARTESIAN_POINT('',(-0.32,-0.32,2.54));
#11975 = LINE('',#11976,#11977);
#11976 = CARTESIAN_POINT('',(-0.16,-0.32,2.54));
#11977 = VECTOR('',#11978,1.);
#11978 = DIRECTION('',(-1.,0.,0.));
#11979 = ORIENTED_EDGE('',*,*,#11980,.T.);
#11980 = EDGE_CURVE('',#11973,#11981,#11983,.T.);
#11981 = VERTEX_POINT('',#11982);
#11982 = CARTESIAN_POINT('',(-0.32,0.32,2.54));
#11983 = LINE('',#11984,#11985);
#11984 = CARTESIAN_POINT('',(-0.32,-4.605,2.54));
#11985 = VECTOR('',#11986,1.);
#11986 = DIRECTION('',(0.,1.,0.));
#11987 = ORIENTED_EDGE('',*,*,#11988,.F.);
#11988 = EDGE_CURVE('',#11965,#11981,#11989,.T.);
#11989 = LINE('',#11990,#11991);
#11990 = CARTESIAN_POINT('',(-0.16,0.32,2.54));
#11991 = VECTOR('',#11992,1.);
#11992 = DIRECTION('',(-1.,0.,0.));
#11993 = PLANE('',#11994);
#11994 = AXIS2_PLACEMENT_3D('',#11995,#11996,#11997);
#11995 = CARTESIAN_POINT('',(-1.38573690222E-17,-8.89,2.54));
#11996 = DIRECTION('',(0.,0.,1.));
#11997 = DIRECTION('',(1.,0.,-0.));
#11998 = ADVANCED_FACE('',(#11999),#12010,.F.);
#11999 = FACE_BOUND('',#12000,.F.);
#12000 = EDGE_LOOP('',(#12001,#12007,#12008,#12009));
#12001 = ORIENTED_EDGE('',*,*,#12002,.T.);
#12002 = EDGE_CURVE('',#11051,#11708,#12003,.T.);
#12003 = LINE('',#12004,#12005);
#12004 = CARTESIAN_POINT('',(1.27,1.016,0.));
#12005 = VECTOR('',#12006,1.);
#12006 = DIRECTION('',(0.,0.,1.));
#12007 = ORIENTED_EDGE('',*,*,#11715,.T.);
#12008 = ORIENTED_EDGE('',*,*,#10626,.F.);
#12009 = ORIENTED_EDGE('',*,*,#11058,.F.);
#12010 = PLANE('',#12011);
#12011 = AXIS2_PLACEMENT_3D('',#12012,#12013,#12014);
#12012 = CARTESIAN_POINT('',(1.27,1.016,0.));
#12013 = DIRECTION('',(-0.707106781187,-0.707106781187,0.));
#12014 = DIRECTION('',(-0.707106781187,0.707106781187,0.));
#12015 = ADVANCED_FACE('',(#12016),#12027,.F.);
#12016 = FACE_BOUND('',#12017,.F.);
#12017 = EDGE_LOOP('',(#12018,#12019,#12020,#12026));
#12018 = ORIENTED_EDGE('',*,*,#10666,.T.);
#12019 = ORIENTED_EDGE('',*,*,#11347,.T.);
#12020 = ORIENTED_EDGE('',*,*,#12021,.F.);
#12021 = EDGE_CURVE('',#10691,#11348,#12022,.T.);
#12022 = LINE('',#12023,#12024);
#12023 = CARTESIAN_POINT('',(-1.016,-1.27,0.));
#12024 = VECTOR('',#12025,1.);
#12025 = DIRECTION('',(0.,0.,1.));
#12026 = ORIENTED_EDGE('',*,*,#10690,.F.);
#12027 = PLANE('',#12028);
#12028 = AXIS2_PLACEMENT_3D('',#12029,#12030,#12031);
#12029 = CARTESIAN_POINT('',(-1.27,-1.016,0.));
#12030 = DIRECTION('',(0.707106781187,0.707106781187,0.));
#12031 = DIRECTION('',(0.707106781187,-0.707106781187,0.));
#12032 = ADVANCED_FACE('',(#12033),#12044,.F.);
#12033 = FACE_BOUND('',#12034,.F.);
#12034 = EDGE_LOOP('',(#12035,#12041,#12042,#12043));
#12035 = ORIENTED_EDGE('',*,*,#12036,.T.);
#12036 = EDGE_CURVE('',#11043,#11700,#12037,.T.);
#12037 = LINE('',#12038,#12039);
#12038 = CARTESIAN_POINT('',(1.27,-1.016,0.));
#12039 = VECTOR('',#12040,1.);
#12040 = DIRECTION('',(0.,0.,1.));
#12041 = ORIENTED_EDGE('',*,*,#11707,.T.);
#12042 = ORIENTED_EDGE('',*,*,#12002,.F.);
#12043 = ORIENTED_EDGE('',*,*,#11050,.F.);
#12044 = PLANE('',#12045);
#12045 = AXIS2_PLACEMENT_3D('',#12046,#12047,#12048);
#12046 = CARTESIAN_POINT('',(1.27,-1.016,0.));
#12047 = DIRECTION('',(-1.,0.,0.));
#12048 = DIRECTION('',(0.,1.,0.));
#12049 = ADVANCED_FACE('',(#12050),#12061,.F.);
#12050 = FACE_BOUND('',#12051,.F.);
#12051 = EDGE_LOOP('',(#12052,#12053,#12054,#12060));
#12052 = ORIENTED_EDGE('',*,*,#12021,.T.);
#12053 = ORIENTED_EDGE('',*,*,#11355,.T.);
#12054 = ORIENTED_EDGE('',*,*,#12055,.F.);
#12055 = EDGE_CURVE('',#10699,#11356,#12056,.T.);
#12056 = LINE('',#12057,#12058);
#12057 = CARTESIAN_POINT('',(-1.27,-1.524,0.));
#12058 = VECTOR('',#12059,1.);
#12059 = DIRECTION('',(0.,0.,1.));
#12060 = ORIENTED_EDGE('',*,*,#10698,.F.);
#12061 = PLANE('',#12062);
#12062 = AXIS2_PLACEMENT_3D('',#12063,#12064,#12065);
#12063 = CARTESIAN_POINT('',(-1.016,-1.27,0.));
#12064 = DIRECTION('',(0.707106781187,-0.707106781187,0.));
#12065 = DIRECTION('',(-0.707106781187,-0.707106781187,0.));
#12066 = ADVANCED_FACE('',(#12067),#12078,.F.);
#12067 = FACE_BOUND('',#12068,.F.);
#12068 = EDGE_LOOP('',(#12069,#12075,#12076,#12077));
#12069 = ORIENTED_EDGE('',*,*,#12070,.T.);
#12070 = EDGE_CURVE('',#11035,#11692,#12071,.T.);
#12071 = LINE('',#12072,#12073);
#12072 = CARTESIAN_POINT('',(1.016,-1.27,0.));
#12073 = VECTOR('',#12074,1.);
#12074 = DIRECTION('',(0.,0.,1.));
#12075 = ORIENTED_EDGE('',*,*,#11699,.T.);
#12076 = ORIENTED_EDGE('',*,*,#12036,.F.);
#12077 = ORIENTED_EDGE('',*,*,#11042,.F.);
#12078 = PLANE('',#12079);
#12079 = AXIS2_PLACEMENT_3D('',#12080,#12081,#12082);
#12080 = CARTESIAN_POINT('',(1.016,-1.27,0.));
#12081 = DIRECTION('',(-0.707106781187,0.707106781187,0.));
#12082 = DIRECTION('',(0.707106781187,0.707106781187,0.));
#12083 = ADVANCED_FACE('',(#12084),#12095,.F.);
#12084 = FACE_BOUND('',#12085,.F.);
#12085 = EDGE_LOOP('',(#12086,#12087,#12088,#12094));
#12086 = ORIENTED_EDGE('',*,*,#12055,.T.);
#12087 = ORIENTED_EDGE('',*,*,#11363,.T.);
#12088 = ORIENTED_EDGE('',*,*,#12089,.F.);
#12089 = EDGE_CURVE('',#10707,#11364,#12090,.T.);
#12090 = LINE('',#12091,#12092);
#12091 = CARTESIAN_POINT('',(-1.27,-3.556,0.));
#12092 = VECTOR('',#12093,1.);
#12093 = DIRECTION('',(0.,0.,1.));
#12094 = ORIENTED_EDGE('',*,*,#10706,.F.);
#12095 = PLANE('',#12096);
#12096 = AXIS2_PLACEMENT_3D('',#12097,#12098,#12099);
#12097 = CARTESIAN_POINT('',(-1.27,-1.524,0.));
#12098 = DIRECTION('',(1.,0.,0.));
#12099 = DIRECTION('',(0.,-1.,0.));
#12100 = ADVANCED_FACE('',(#12101),#12112,.F.);
#12101 = FACE_BOUND('',#12102,.F.);
#12102 = EDGE_LOOP('',(#12103,#12109,#12110,#12111));
#12103 = ORIENTED_EDGE('',*,*,#12104,.T.);
#12104 = EDGE_CURVE('',#11027,#11684,#12105,.T.);
#12105 = LINE('',#12106,#12107);
#12106 = CARTESIAN_POINT('',(1.27,-1.524,0.));
#12107 = VECTOR('',#12108,1.);
#12108 = DIRECTION('',(0.,0.,1.));
#12109 = ORIENTED_EDGE('',*,*,#11691,.T.);
#12110 = ORIENTED_EDGE('',*,*,#12070,.F.);
#12111 = ORIENTED_EDGE('',*,*,#11034,.F.);
#12112 = PLANE('',#12113);
#12113 = AXIS2_PLACEMENT_3D('',#12114,#12115,#12116);
#12114 = CARTESIAN_POINT('',(1.27,-1.524,0.));
#12115 = DIRECTION('',(-0.707106781187,-0.707106781187,0.));
#12116 = DIRECTION('',(-0.707106781187,0.707106781187,0.));
#12117 = ADVANCED_FACE('',(#12118),#12129,.F.);
#12118 = FACE_BOUND('',#12119,.F.);
#12119 = EDGE_LOOP('',(#12120,#12121,#12122,#12128));
#12120 = ORIENTED_EDGE('',*,*,#12089,.T.);
#12121 = ORIENTED_EDGE('',*,*,#11371,.T.);
#12122 = ORIENTED_EDGE('',*,*,#12123,.F.);
#12123 = EDGE_CURVE('',#10715,#11372,#12124,.T.);
#12124 = LINE('',#12125,#12126);
#12125 = CARTESIAN_POINT('',(-1.016,-3.81,0.));
#12126 = VECTOR('',#12127,1.);
#12127 = DIRECTION('',(0.,0.,1.));
#12128 = ORIENTED_EDGE('',*,*,#10714,.F.);
#12129 = PLANE('',#12130);
#12130 = AXIS2_PLACEMENT_3D('',#12131,#12132,#12133);
#12131 = CARTESIAN_POINT('',(-1.27,-3.556,0.));
#12132 = DIRECTION('',(0.707106781187,0.707106781187,0.));
#12133 = DIRECTION('',(0.707106781187,-0.707106781187,0.));
#12134 = ADVANCED_FACE('',(#12135),#12146,.F.);
#12135 = FACE_BOUND('',#12136,.F.);
#12136 = EDGE_LOOP('',(#12137,#12143,#12144,#12145));
#12137 = ORIENTED_EDGE('',*,*,#12138,.T.);
#12138 = EDGE_CURVE('',#11019,#11676,#12139,.T.);
#12139 = LINE('',#12140,#12141);
#12140 = CARTESIAN_POINT('',(1.27,-3.556,0.));
#12141 = VECTOR('',#12142,1.);
#12142 = DIRECTION('',(0.,0.,1.));
#12143 = ORIENTED_EDGE('',*,*,#11683,.T.);
#12144 = ORIENTED_EDGE('',*,*,#12104,.F.);
#12145 = ORIENTED_EDGE('',*,*,#11026,.F.);
#12146 = PLANE('',#12147);
#12147 = AXIS2_PLACEMENT_3D('',#12148,#12149,#12150);
#12148 = CARTESIAN_POINT('',(1.27,-3.556,0.));
#12149 = DIRECTION('',(-1.,0.,0.));
#12150 = DIRECTION('',(0.,1.,0.));
#12151 = ADVANCED_FACE('',(#12152),#12163,.F.);
#12152 = FACE_BOUND('',#12153,.F.);
#12153 = EDGE_LOOP('',(#12154,#12155,#12156,#12162));
#12154 = ORIENTED_EDGE('',*,*,#12123,.T.);
#12155 = ORIENTED_EDGE('',*,*,#11379,.T.);
#12156 = ORIENTED_EDGE('',*,*,#12157,.F.);
#12157 = EDGE_CURVE('',#10723,#11380,#12158,.T.);
#12158 = LINE('',#12159,#12160);
#12159 = CARTESIAN_POINT('',(-1.27,-4.064,0.));
#12160 = VECTOR('',#12161,1.);
#12161 = DIRECTION('',(0.,0.,1.));
#12162 = ORIENTED_EDGE('',*,*,#10722,.F.);
#12163 = PLANE('',#12164);
#12164 = AXIS2_PLACEMENT_3D('',#12165,#12166,#12167);
#12165 = CARTESIAN_POINT('',(-1.016,-3.81,0.));
#12166 = DIRECTION('',(0.707106781187,-0.707106781187,0.));
#12167 = DIRECTION('',(-0.707106781187,-0.707106781187,0.));
#12168 = ADVANCED_FACE('',(#12169),#12180,.F.);
#12169 = FACE_BOUND('',#12170,.F.);
#12170 = EDGE_LOOP('',(#12171,#12177,#12178,#12179));
#12171 = ORIENTED_EDGE('',*,*,#12172,.T.);
#12172 = EDGE_CURVE('',#11011,#11668,#12173,.T.);
#12173 = LINE('',#12174,#12175);
#12174 = CARTESIAN_POINT('',(1.016,-3.81,0.));
#12175 = VECTOR('',#12176,1.);
#12176 = DIRECTION('',(0.,0.,1.));
#12177 = ORIENTED_EDGE('',*,*,#11675,.T.);
#12178 = ORIENTED_EDGE('',*,*,#12138,.F.);
#12179 = ORIENTED_EDGE('',*,*,#11018,.F.);
#12180 = PLANE('',#12181);
#12181 = AXIS2_PLACEMENT_3D('',#12182,#12183,#12184);
#12182 = CARTESIAN_POINT('',(1.016,-3.81,0.));
#12183 = DIRECTION('',(-0.707106781187,0.707106781187,0.));
#12184 = DIRECTION('',(0.707106781187,0.707106781187,0.));
#12185 = ADVANCED_FACE('',(#12186),#12197,.F.);
#12186 = FACE_BOUND('',#12187,.F.);
#12187 = EDGE_LOOP('',(#12188,#12189,#12190,#12196));
#12188 = ORIENTED_EDGE('',*,*,#12157,.T.);
#12189 = ORIENTED_EDGE('',*,*,#11387,.T.);
#12190 = ORIENTED_EDGE('',*,*,#12191,.F.);
#12191 = EDGE_CURVE('',#10731,#11388,#12192,.T.);
#12192 = LINE('',#12193,#12194);
#12193 = CARTESIAN_POINT('',(-1.27,-6.096,0.));
#12194 = VECTOR('',#12195,1.);
#12195 = DIRECTION('',(0.,0.,1.));
#12196 = ORIENTED_EDGE('',*,*,#10730,.F.);
#12197 = PLANE('',#12198);
#12198 = AXIS2_PLACEMENT_3D('',#12199,#12200,#12201);
#12199 = CARTESIAN_POINT('',(-1.27,-4.064,0.));
#12200 = DIRECTION('',(1.,0.,0.));
#12201 = DIRECTION('',(0.,-1.,0.));
#12202 = ADVANCED_FACE('',(#12203),#12214,.F.);
#12203 = FACE_BOUND('',#12204,.F.);
#12204 = EDGE_LOOP('',(#12205,#12211,#12212,#12213));
#12205 = ORIENTED_EDGE('',*,*,#12206,.T.);
#12206 = EDGE_CURVE('',#11003,#11660,#12207,.T.);
#12207 = LINE('',#12208,#12209);
#12208 = CARTESIAN_POINT('',(1.27,-4.064,0.));
#12209 = VECTOR('',#12210,1.);
#12210 = DIRECTION('',(0.,0.,1.));
#12211 = ORIENTED_EDGE('',*,*,#11667,.T.);
#12212 = ORIENTED_EDGE('',*,*,#12172,.F.);
#12213 = ORIENTED_EDGE('',*,*,#11010,.F.);
#12214 = PLANE('',#12215);
#12215 = AXIS2_PLACEMENT_3D('',#12216,#12217,#12218);
#12216 = CARTESIAN_POINT('',(1.27,-4.064,0.));
#12217 = DIRECTION('',(-0.707106781187,-0.707106781187,0.));
#12218 = DIRECTION('',(-0.707106781187,0.707106781187,0.));
#12219 = ADVANCED_FACE('',(#12220),#12231,.F.);
#12220 = FACE_BOUND('',#12221,.F.);
#12221 = EDGE_LOOP('',(#12222,#12223,#12224,#12230));
#12222 = ORIENTED_EDGE('',*,*,#12191,.T.);
#12223 = ORIENTED_EDGE('',*,*,#11395,.T.);
#12224 = ORIENTED_EDGE('',*,*,#12225,.F.);
#12225 = EDGE_CURVE('',#10739,#11396,#12226,.T.);
#12226 = LINE('',#12227,#12228);
#12227 = CARTESIAN_POINT('',(-1.016,-6.35,0.));
#12228 = VECTOR('',#12229,1.);
#12229 = DIRECTION('',(0.,0.,1.));
#12230 = ORIENTED_EDGE('',*,*,#10738,.F.);
#12231 = PLANE('',#12232);
#12232 = AXIS2_PLACEMENT_3D('',#12233,#12234,#12235);
#12233 = CARTESIAN_POINT('',(-1.27,-6.096,0.));
#12234 = DIRECTION('',(0.707106781187,0.707106781187,0.));
#12235 = DIRECTION('',(0.707106781187,-0.707106781187,0.));
#12236 = ADVANCED_FACE('',(#12237),#12248,.F.);
#12237 = FACE_BOUND('',#12238,.F.);
#12238 = EDGE_LOOP('',(#12239,#12245,#12246,#12247));
#12239 = ORIENTED_EDGE('',*,*,#12240,.T.);
#12240 = EDGE_CURVE('',#10995,#11652,#12241,.T.);
#12241 = LINE('',#12242,#12243);
#12242 = CARTESIAN_POINT('',(1.27,-6.096,0.));
#12243 = VECTOR('',#12244,1.);
#12244 = DIRECTION('',(0.,0.,1.));
#12245 = ORIENTED_EDGE('',*,*,#11659,.T.);
#12246 = ORIENTED_EDGE('',*,*,#12206,.F.);
#12247 = ORIENTED_EDGE('',*,*,#11002,.F.);
#12248 = PLANE('',#12249);
#12249 = AXIS2_PLACEMENT_3D('',#12250,#12251,#12252);
#12250 = CARTESIAN_POINT('',(1.27,-6.096,0.));
#12251 = DIRECTION('',(-1.,0.,0.));
#12252 = DIRECTION('',(0.,1.,0.));
#12253 = ADVANCED_FACE('',(#12254),#12265,.F.);
#12254 = FACE_BOUND('',#12255,.F.);
#12255 = EDGE_LOOP('',(#12256,#12257,#12258,#12264));
#12256 = ORIENTED_EDGE('',*,*,#12225,.T.);
#12257 = ORIENTED_EDGE('',*,*,#11403,.T.);
#12258 = ORIENTED_EDGE('',*,*,#12259,.F.);
#12259 = EDGE_CURVE('',#10747,#11404,#12260,.T.);
#12260 = LINE('',#12261,#12262);
#12261 = CARTESIAN_POINT('',(-1.27,-6.604,0.));
#12262 = VECTOR('',#12263,1.);
#12263 = DIRECTION('',(0.,0.,1.));
#12264 = ORIENTED_EDGE('',*,*,#10746,.F.);
#12265 = PLANE('',#12266);
#12266 = AXIS2_PLACEMENT_3D('',#12267,#12268,#12269);
#12267 = CARTESIAN_POINT('',(-1.016,-6.35,0.));
#12268 = DIRECTION('',(0.707106781187,-0.707106781187,0.));
#12269 = DIRECTION('',(-0.707106781187,-0.707106781187,0.));
#12270 = ADVANCED_FACE('',(#12271),#12282,.F.);
#12271 = FACE_BOUND('',#12272,.F.);
#12272 = EDGE_LOOP('',(#12273,#12279,#12280,#12281));
#12273 = ORIENTED_EDGE('',*,*,#12274,.T.);
#12274 = EDGE_CURVE('',#10987,#11644,#12275,.T.);
#12275 = LINE('',#12276,#12277);
#12276 = CARTESIAN_POINT('',(1.016,-6.35,0.));
#12277 = VECTOR('',#12278,1.);
#12278 = DIRECTION('',(0.,0.,1.));
#12279 = ORIENTED_EDGE('',*,*,#11651,.T.);
#12280 = ORIENTED_EDGE('',*,*,#12240,.F.);
#12281 = ORIENTED_EDGE('',*,*,#10994,.F.);
#12282 = PLANE('',#12283);
#12283 = AXIS2_PLACEMENT_3D('',#12284,#12285,#12286);
#12284 = CARTESIAN_POINT('',(1.016,-6.35,0.));
#12285 = DIRECTION('',(-0.707106781187,0.707106781187,0.));
#12286 = DIRECTION('',(0.707106781187,0.707106781187,0.));
#12287 = ADVANCED_FACE('',(#12288),#12299,.F.);
#12288 = FACE_BOUND('',#12289,.F.);
#12289 = EDGE_LOOP('',(#12290,#12291,#12292,#12298));
#12290 = ORIENTED_EDGE('',*,*,#12259,.T.);
#12291 = ORIENTED_EDGE('',*,*,#11411,.T.);
#12292 = ORIENTED_EDGE('',*,*,#12293,.F.);
#12293 = EDGE_CURVE('',#10755,#11412,#12294,.T.);
#12294 = LINE('',#12295,#12296);
#12295 = CARTESIAN_POINT('',(-1.27,-8.636,0.));
#12296 = VECTOR('',#12297,1.);
#12297 = DIRECTION('',(0.,0.,1.));
#12298 = ORIENTED_EDGE('',*,*,#10754,.F.);
#12299 = PLANE('',#12300);
#12300 = AXIS2_PLACEMENT_3D('',#12301,#12302,#12303);
#12301 = CARTESIAN_POINT('',(-1.27,-6.604,0.));
#12302 = DIRECTION('',(1.,0.,0.));
#12303 = DIRECTION('',(0.,-1.,0.));
#12304 = ADVANCED_FACE('',(#12305),#12316,.F.);
#12305 = FACE_BOUND('',#12306,.F.);
#12306 = EDGE_LOOP('',(#12307,#12313,#12314,#12315));
#12307 = ORIENTED_EDGE('',*,*,#12308,.T.);
#12308 = EDGE_CURVE('',#10979,#11636,#12309,.T.);
#12309 = LINE('',#12310,#12311);
#12310 = CARTESIAN_POINT('',(1.27,-6.604,0.));
#12311 = VECTOR('',#12312,1.);
#12312 = DIRECTION('',(0.,0.,1.));
#12313 = ORIENTED_EDGE('',*,*,#11643,.T.);
#12314 = ORIENTED_EDGE('',*,*,#12274,.F.);
#12315 = ORIENTED_EDGE('',*,*,#10986,.F.);
#12316 = PLANE('',#12317);
#12317 = AXIS2_PLACEMENT_3D('',#12318,#12319,#12320);
#12318 = CARTESIAN_POINT('',(1.27,-6.604,0.));
#12319 = DIRECTION('',(-0.707106781187,-0.707106781187,0.));
#12320 = DIRECTION('',(-0.707106781187,0.707106781187,0.));
#12321 = ADVANCED_FACE('',(#12322),#12333,.F.);
#12322 = FACE_BOUND('',#12323,.F.);
#12323 = EDGE_LOOP('',(#12324,#12325,#12326,#12332));
#12324 = ORIENTED_EDGE('',*,*,#12293,.T.);
#12325 = ORIENTED_EDGE('',*,*,#11419,.T.);
#12326 = ORIENTED_EDGE('',*,*,#12327,.F.);
#12327 = EDGE_CURVE('',#10763,#11420,#12328,.T.);
#12328 = LINE('',#12329,#12330);
#12329 = CARTESIAN_POINT('',(-1.016,-8.89,0.));
#12330 = VECTOR('',#12331,1.);
#12331 = DIRECTION('',(0.,0.,1.));
#12332 = ORIENTED_EDGE('',*,*,#10762,.F.);
#12333 = PLANE('',#12334);
#12334 = AXIS2_PLACEMENT_3D('',#12335,#12336,#12337);
#12335 = CARTESIAN_POINT('',(-1.27,-8.636,0.));
#12336 = DIRECTION('',(0.707106781187,0.707106781187,0.));
#12337 = DIRECTION('',(0.707106781187,-0.707106781187,0.));
#12338 = ADVANCED_FACE('',(#12339),#12350,.F.);
#12339 = FACE_BOUND('',#12340,.F.);
#12340 = EDGE_LOOP('',(#12341,#12347,#12348,#12349));
#12341 = ORIENTED_EDGE('',*,*,#12342,.T.);
#12342 = EDGE_CURVE('',#10971,#11628,#12343,.T.);
#12343 = LINE('',#12344,#12345);
#12344 = CARTESIAN_POINT('',(1.27,-8.636,0.));
#12345 = VECTOR('',#12346,1.);
#12346 = DIRECTION('',(0.,0.,1.));
#12347 = ORIENTED_EDGE('',*,*,#11635,.T.);
#12348 = ORIENTED_EDGE('',*,*,#12308,.F.);
#12349 = ORIENTED_EDGE('',*,*,#10978,.F.);
#12350 = PLANE('',#12351);
#12351 = AXIS2_PLACEMENT_3D('',#12352,#12353,#12354);
#12352 = CARTESIAN_POINT('',(1.27,-8.636,0.));
#12353 = DIRECTION('',(-1.,0.,0.));
#12354 = DIRECTION('',(0.,1.,0.));
#12355 = ADVANCED_FACE('',(#12356),#12367,.F.);
#12356 = FACE_BOUND('',#12357,.F.);
#12357 = EDGE_LOOP('',(#12358,#12359,#12360,#12366));
#12358 = ORIENTED_EDGE('',*,*,#12327,.T.);
#12359 = ORIENTED_EDGE('',*,*,#11427,.T.);
#12360 = ORIENTED_EDGE('',*,*,#12361,.F.);
#12361 = EDGE_CURVE('',#10771,#11428,#12362,.T.);
#12362 = LINE('',#12363,#12364);
#12363 = CARTESIAN_POINT('',(-1.27,-9.144,0.));
#12364 = VECTOR('',#12365,1.);
#12365 = DIRECTION('',(0.,0.,1.));
#12366 = ORIENTED_EDGE('',*,*,#10770,.F.);
#12367 = PLANE('',#12368);
#12368 = AXIS2_PLACEMENT_3D('',#12369,#12370,#12371);
#12369 = CARTESIAN_POINT('',(-1.016,-8.89,0.));
#12370 = DIRECTION('',(0.707106781187,-0.707106781187,0.));
#12371 = DIRECTION('',(-0.707106781187,-0.707106781187,0.));
#12372 = ADVANCED_FACE('',(#12373),#12384,.F.);
#12373 = FACE_BOUND('',#12374,.F.);
#12374 = EDGE_LOOP('',(#12375,#12381,#12382,#12383));
#12375 = ORIENTED_EDGE('',*,*,#12376,.T.);
#12376 = EDGE_CURVE('',#10963,#11620,#12377,.T.);
#12377 = LINE('',#12378,#12379);
#12378 = CARTESIAN_POINT('',(1.016,-8.89,0.));
#12379 = VECTOR('',#12380,1.);
#12380 = DIRECTION('',(0.,0.,1.));
#12381 = ORIENTED_EDGE('',*,*,#11627,.T.);
#12382 = ORIENTED_EDGE('',*,*,#12342,.F.);
#12383 = ORIENTED_EDGE('',*,*,#10970,.F.);
#12384 = PLANE('',#12385);
#12385 = AXIS2_PLACEMENT_3D('',#12386,#12387,#12388);
#12386 = CARTESIAN_POINT('',(1.016,-8.89,0.));
#12387 = DIRECTION('',(-0.707106781187,0.707106781187,0.));
#12388 = DIRECTION('',(0.707106781187,0.707106781187,0.));
#12389 = ADVANCED_FACE('',(#12390),#12401,.F.);
#12390 = FACE_BOUND('',#12391,.F.);
#12391 = EDGE_LOOP('',(#12392,#12393,#12394,#12400));
#12392 = ORIENTED_EDGE('',*,*,#12361,.T.);
#12393 = ORIENTED_EDGE('',*,*,#11435,.T.);
#12394 = ORIENTED_EDGE('',*,*,#12395,.F.);
#12395 = EDGE_CURVE('',#10779,#11436,#12396,.T.);
#12396 = LINE('',#12397,#12398);
#12397 = CARTESIAN_POINT('',(-1.27,-11.176,0.));
#12398 = VECTOR('',#12399,1.);
#12399 = DIRECTION('',(0.,0.,1.));
#12400 = ORIENTED_EDGE('',*,*,#10778,.F.);
#12401 = PLANE('',#12402);
#12402 = AXIS2_PLACEMENT_3D('',#12403,#12404,#12405);
#12403 = CARTESIAN_POINT('',(-1.27,-9.144,0.));
#12404 = DIRECTION('',(1.,0.,0.));
#12405 = DIRECTION('',(0.,-1.,0.));
#12406 = ADVANCED_FACE('',(#12407),#12418,.F.);
#12407 = FACE_BOUND('',#12408,.F.);
#12408 = EDGE_LOOP('',(#12409,#12415,#12416,#12417));
#12409 = ORIENTED_EDGE('',*,*,#12410,.T.);
#12410 = EDGE_CURVE('',#10955,#11612,#12411,.T.);
#12411 = LINE('',#12412,#12413);
#12412 = CARTESIAN_POINT('',(1.27,-9.144,0.));
#12413 = VECTOR('',#12414,1.);
#12414 = DIRECTION('',(0.,0.,1.));
#12415 = ORIENTED_EDGE('',*,*,#11619,.T.);
#12416 = ORIENTED_EDGE('',*,*,#12376,.F.);
#12417 = ORIENTED_EDGE('',*,*,#10962,.F.);
#12418 = PLANE('',#12419);
#12419 = AXIS2_PLACEMENT_3D('',#12420,#12421,#12422);
#12420 = CARTESIAN_POINT('',(1.27,-9.144,0.));
#12421 = DIRECTION('',(-0.707106781187,-0.707106781187,0.));
#12422 = DIRECTION('',(-0.707106781187,0.707106781187,0.));
#12423 = ADVANCED_FACE('',(#12424),#12435,.F.);
#12424 = FACE_BOUND('',#12425,.F.);
#12425 = EDGE_LOOP('',(#12426,#12427,#12428,#12434));
#12426 = ORIENTED_EDGE('',*,*,#12395,.T.);
#12427 = ORIENTED_EDGE('',*,*,#11443,.T.);
#12428 = ORIENTED_EDGE('',*,*,#12429,.F.);
#12429 = EDGE_CURVE('',#10787,#11444,#12430,.T.);
#12430 = LINE('',#12431,#12432);
#12431 = CARTESIAN_POINT('',(-1.016,-11.43,0.));
#12432 = VECTOR('',#12433,1.);
#12433 = DIRECTION('',(0.,0.,1.));
#12434 = ORIENTED_EDGE('',*,*,#10786,.F.);
#12435 = PLANE('',#12436);
#12436 = AXIS2_PLACEMENT_3D('',#12437,#12438,#12439);
#12437 = CARTESIAN_POINT('',(-1.27,-11.176,0.));
#12438 = DIRECTION('',(0.707106781187,0.707106781187,0.));
#12439 = DIRECTION('',(0.707106781187,-0.707106781187,0.));
#12440 = ADVANCED_FACE('',(#12441),#12452,.F.);
#12441 = FACE_BOUND('',#12442,.F.);
#12442 = EDGE_LOOP('',(#12443,#12449,#12450,#12451));
#12443 = ORIENTED_EDGE('',*,*,#12444,.T.);
#12444 = EDGE_CURVE('',#10947,#11604,#12445,.T.);
#12445 = LINE('',#12446,#12447);
#12446 = CARTESIAN_POINT('',(1.27,-11.176,0.));
#12447 = VECTOR('',#12448,1.);
#12448 = DIRECTION('',(0.,0.,1.));
#12449 = ORIENTED_EDGE('',*,*,#11611,.T.);
#12450 = ORIENTED_EDGE('',*,*,#12410,.F.);
#12451 = ORIENTED_EDGE('',*,*,#10954,.F.);
#12452 = PLANE('',#12453);
#12453 = AXIS2_PLACEMENT_3D('',#12454,#12455,#12456);
#12454 = CARTESIAN_POINT('',(1.27,-11.176,0.));
#12455 = DIRECTION('',(-1.,0.,0.));
#12456 = DIRECTION('',(0.,1.,0.));
#12457 = ADVANCED_FACE('',(#12458),#12469,.F.);
#12458 = FACE_BOUND('',#12459,.F.);
#12459 = EDGE_LOOP('',(#12460,#12461,#12462,#12468));
#12460 = ORIENTED_EDGE('',*,*,#12429,.T.);
#12461 = ORIENTED_EDGE('',*,*,#11451,.T.);
#12462 = ORIENTED_EDGE('',*,*,#12463,.F.);
#12463 = EDGE_CURVE('',#10795,#11452,#12464,.T.);
#12464 = LINE('',#12465,#12466);
#12465 = CARTESIAN_POINT('',(-1.27,-11.684,0.));
#12466 = VECTOR('',#12467,1.);
#12467 = DIRECTION('',(0.,0.,1.));
#12468 = ORIENTED_EDGE('',*,*,#10794,.F.);
#12469 = PLANE('',#12470);
#12470 = AXIS2_PLACEMENT_3D('',#12471,#12472,#12473);
#12471 = CARTESIAN_POINT('',(-1.016,-11.43,0.));
#12472 = DIRECTION('',(0.707106781187,-0.707106781187,0.));
#12473 = DIRECTION('',(-0.707106781187,-0.707106781187,0.));
#12474 = ADVANCED_FACE('',(#12475),#12486,.F.);
#12475 = FACE_BOUND('',#12476,.F.);
#12476 = EDGE_LOOP('',(#12477,#12483,#12484,#12485));
#12477 = ORIENTED_EDGE('',*,*,#12478,.T.);
#12478 = EDGE_CURVE('',#10939,#11596,#12479,.T.);
#12479 = LINE('',#12480,#12481);
#12480 = CARTESIAN_POINT('',(1.016,-11.43,0.));
#12481 = VECTOR('',#12482,1.);
#12482 = DIRECTION('',(0.,0.,1.));
#12483 = ORIENTED_EDGE('',*,*,#11603,.T.);
#12484 = ORIENTED_EDGE('',*,*,#12444,.F.);
#12485 = ORIENTED_EDGE('',*,*,#10946,.F.);
#12486 = PLANE('',#12487);
#12487 = AXIS2_PLACEMENT_3D('',#12488,#12489,#12490);
#12488 = CARTESIAN_POINT('',(1.016,-11.43,0.));
#12489 = DIRECTION('',(-0.707106781187,0.707106781187,0.));
#12490 = DIRECTION('',(0.707106781187,0.707106781187,0.));
#12491 = ADVANCED_FACE('',(#12492),#12503,.F.);
#12492 = FACE_BOUND('',#12493,.F.);
#12493 = EDGE_LOOP('',(#12494,#12495,#12496,#12502));
#12494 = ORIENTED_EDGE('',*,*,#12463,.T.);
#12495 = ORIENTED_EDGE('',*,*,#11459,.T.);
#12496 = ORIENTED_EDGE('',*,*,#12497,.F.);
#12497 = EDGE_CURVE('',#10803,#11460,#12498,.T.);
#12498 = LINE('',#12499,#12500);
#12499 = CARTESIAN_POINT('',(-1.27,-13.716,0.));
#12500 = VECTOR('',#12501,1.);
#12501 = DIRECTION('',(0.,0.,1.));
#12502 = ORIENTED_EDGE('',*,*,#10802,.F.);
#12503 = PLANE('',#12504);
#12504 = AXIS2_PLACEMENT_3D('',#12505,#12506,#12507);
#12505 = CARTESIAN_POINT('',(-1.27,-11.684,0.));
#12506 = DIRECTION('',(1.,0.,0.));
#12507 = DIRECTION('',(0.,-1.,0.));
#12508 = ADVANCED_FACE('',(#12509),#12520,.F.);
#12509 = FACE_BOUND('',#12510,.F.);
#12510 = EDGE_LOOP('',(#12511,#12517,#12518,#12519));
#12511 = ORIENTED_EDGE('',*,*,#12512,.T.);
#12512 = EDGE_CURVE('',#10931,#11588,#12513,.T.);
#12513 = LINE('',#12514,#12515);
#12514 = CARTESIAN_POINT('',(1.27,-11.684,0.));
#12515 = VECTOR('',#12516,1.);
#12516 = DIRECTION('',(0.,0.,1.));
#12517 = ORIENTED_EDGE('',*,*,#11595,.T.);
#12518 = ORIENTED_EDGE('',*,*,#12478,.F.);
#12519 = ORIENTED_EDGE('',*,*,#10938,.F.);
#12520 = PLANE('',#12521);
#12521 = AXIS2_PLACEMENT_3D('',#12522,#12523,#12524);
#12522 = CARTESIAN_POINT('',(1.27,-11.684,0.));
#12523 = DIRECTION('',(-0.707106781187,-0.707106781187,0.));
#12524 = DIRECTION('',(-0.707106781187,0.707106781187,0.));
#12525 = ADVANCED_FACE('',(#12526),#12537,.F.);
#12526 = FACE_BOUND('',#12527,.F.);
#12527 = EDGE_LOOP('',(#12528,#12529,#12530,#12536));
#12528 = ORIENTED_EDGE('',*,*,#12497,.T.);
#12529 = ORIENTED_EDGE('',*,*,#11467,.T.);
#12530 = ORIENTED_EDGE('',*,*,#12531,.F.);
#12531 = EDGE_CURVE('',#10811,#11468,#12532,.T.);
#12532 = LINE('',#12533,#12534);
#12533 = CARTESIAN_POINT('',(-1.016,-13.97,0.));
#12534 = VECTOR('',#12535,1.);
#12535 = DIRECTION('',(0.,0.,1.));
#12536 = ORIENTED_EDGE('',*,*,#10810,.F.);
#12537 = PLANE('',#12538);
#12538 = AXIS2_PLACEMENT_3D('',#12539,#12540,#12541);
#12539 = CARTESIAN_POINT('',(-1.27,-13.716,0.));
#12540 = DIRECTION('',(0.707106781187,0.707106781187,0.));
#12541 = DIRECTION('',(0.707106781187,-0.707106781187,0.));
#12542 = ADVANCED_FACE('',(#12543),#12554,.F.);
#12543 = FACE_BOUND('',#12544,.F.);
#12544 = EDGE_LOOP('',(#12545,#12551,#12552,#12553));
#12545 = ORIENTED_EDGE('',*,*,#12546,.T.);
#12546 = EDGE_CURVE('',#10923,#11580,#12547,.T.);
#12547 = LINE('',#12548,#12549);
#12548 = CARTESIAN_POINT('',(1.27,-13.716,0.));
#12549 = VECTOR('',#12550,1.);
#12550 = DIRECTION('',(0.,0.,1.));
#12551 = ORIENTED_EDGE('',*,*,#11587,.T.);
#12552 = ORIENTED_EDGE('',*,*,#12512,.F.);
#12553 = ORIENTED_EDGE('',*,*,#10930,.F.);
#12554 = PLANE('',#12555);
#12555 = AXIS2_PLACEMENT_3D('',#12556,#12557,#12558);
#12556 = CARTESIAN_POINT('',(1.27,-13.716,0.));
#12557 = DIRECTION('',(-1.,0.,0.));
#12558 = DIRECTION('',(0.,1.,0.));
#12559 = ADVANCED_FACE('',(#12560),#12571,.F.);
#12560 = FACE_BOUND('',#12561,.F.);
#12561 = EDGE_LOOP('',(#12562,#12563,#12564,#12570));
#12562 = ORIENTED_EDGE('',*,*,#12531,.T.);
#12563 = ORIENTED_EDGE('',*,*,#11475,.T.);
#12564 = ORIENTED_EDGE('',*,*,#12565,.F.);
#12565 = EDGE_CURVE('',#10819,#11476,#12566,.T.);
#12566 = LINE('',#12567,#12568);
#12567 = CARTESIAN_POINT('',(-1.27,-14.224,0.));
#12568 = VECTOR('',#12569,1.);
#12569 = DIRECTION('',(0.,0.,1.));
#12570 = ORIENTED_EDGE('',*,*,#10818,.F.);
#12571 = PLANE('',#12572);
#12572 = AXIS2_PLACEMENT_3D('',#12573,#12574,#12575);
#12573 = CARTESIAN_POINT('',(-1.016,-13.97,0.));
#12574 = DIRECTION('',(0.707106781187,-0.707106781187,0.));
#12575 = DIRECTION('',(-0.707106781187,-0.707106781187,0.));
#12576 = ADVANCED_FACE('',(#12577),#12588,.F.);
#12577 = FACE_BOUND('',#12578,.F.);
#12578 = EDGE_LOOP('',(#12579,#12585,#12586,#12587));
#12579 = ORIENTED_EDGE('',*,*,#12580,.T.);
#12580 = EDGE_CURVE('',#10915,#11572,#12581,.T.);
#12581 = LINE('',#12582,#12583);
#12582 = CARTESIAN_POINT('',(1.016,-13.97,0.));
#12583 = VECTOR('',#12584,1.);
#12584 = DIRECTION('',(0.,0.,1.));
#12585 = ORIENTED_EDGE('',*,*,#11579,.T.);
#12586 = ORIENTED_EDGE('',*,*,#12546,.F.);
#12587 = ORIENTED_EDGE('',*,*,#10922,.F.);
#12588 = PLANE('',#12589);
#12589 = AXIS2_PLACEMENT_3D('',#12590,#12591,#12592);
#12590 = CARTESIAN_POINT('',(1.016,-13.97,0.));
#12591 = DIRECTION('',(-0.707106781187,0.707106781187,0.));
#12592 = DIRECTION('',(0.707106781187,0.707106781187,0.));
#12593 = ADVANCED_FACE('',(#12594),#12605,.F.);
#12594 = FACE_BOUND('',#12595,.F.);
#12595 = EDGE_LOOP('',(#12596,#12597,#12598,#12604));
#12596 = ORIENTED_EDGE('',*,*,#12565,.T.);
#12597 = ORIENTED_EDGE('',*,*,#11483,.T.);
#12598 = ORIENTED_EDGE('',*,*,#12599,.F.);
#12599 = EDGE_CURVE('',#10827,#11484,#12600,.T.);
#12600 = LINE('',#12601,#12602);
#12601 = CARTESIAN_POINT('',(-1.27,-16.256,0.));
#12602 = VECTOR('',#12603,1.);
#12603 = DIRECTION('',(0.,0.,1.));
#12604 = ORIENTED_EDGE('',*,*,#10826,.F.);
#12605 = PLANE('',#12606);
#12606 = AXIS2_PLACEMENT_3D('',#12607,#12608,#12609);
#12607 = CARTESIAN_POINT('',(-1.27,-14.224,0.));
#12608 = DIRECTION('',(1.,0.,0.));
#12609 = DIRECTION('',(0.,-1.,0.));
#12610 = ADVANCED_FACE('',(#12611),#12622,.F.);
#12611 = FACE_BOUND('',#12612,.F.);
#12612 = EDGE_LOOP('',(#12613,#12619,#12620,#12621));
#12613 = ORIENTED_EDGE('',*,*,#12614,.T.);
#12614 = EDGE_CURVE('',#10907,#11564,#12615,.T.);
#12615 = LINE('',#12616,#12617);
#12616 = CARTESIAN_POINT('',(1.27,-14.224,0.));
#12617 = VECTOR('',#12618,1.);
#12618 = DIRECTION('',(0.,0.,1.));
#12619 = ORIENTED_EDGE('',*,*,#11571,.T.);
#12620 = ORIENTED_EDGE('',*,*,#12580,.F.);
#12621 = ORIENTED_EDGE('',*,*,#10914,.F.);
#12622 = PLANE('',#12623);
#12623 = AXIS2_PLACEMENT_3D('',#12624,#12625,#12626);
#12624 = CARTESIAN_POINT('',(1.27,-14.224,0.));
#12625 = DIRECTION('',(-0.707106781187,-0.707106781187,0.));
#12626 = DIRECTION('',(-0.707106781187,0.707106781187,0.));
#12627 = ADVANCED_FACE('',(#12628),#12639,.F.);
#12628 = FACE_BOUND('',#12629,.F.);
#12629 = EDGE_LOOP('',(#12630,#12631,#12632,#12638));
#12630 = ORIENTED_EDGE('',*,*,#12599,.T.);
#12631 = ORIENTED_EDGE('',*,*,#11491,.T.);
#12632 = ORIENTED_EDGE('',*,*,#12633,.F.);
#12633 = EDGE_CURVE('',#10835,#11492,#12634,.T.);
#12634 = LINE('',#12635,#12636);
#12635 = CARTESIAN_POINT('',(-1.016,-16.51,0.));
#12636 = VECTOR('',#12637,1.);
#12637 = DIRECTION('',(0.,0.,1.));
#12638 = ORIENTED_EDGE('',*,*,#10834,.F.);
#12639 = PLANE('',#12640);
#12640 = AXIS2_PLACEMENT_3D('',#12641,#12642,#12643);
#12641 = CARTESIAN_POINT('',(-1.27,-16.256,0.));
#12642 = DIRECTION('',(0.707106781187,0.707106781187,0.));
#12643 = DIRECTION('',(0.707106781187,-0.707106781187,0.));
#12644 = ADVANCED_FACE('',(#12645),#12656,.F.);
#12645 = FACE_BOUND('',#12646,.F.);
#12646 = EDGE_LOOP('',(#12647,#12653,#12654,#12655));
#12647 = ORIENTED_EDGE('',*,*,#12648,.T.);
#12648 = EDGE_CURVE('',#10899,#11556,#12649,.T.);
#12649 = LINE('',#12650,#12651);
#12650 = CARTESIAN_POINT('',(1.27,-16.256,0.));
#12651 = VECTOR('',#12652,1.);
#12652 = DIRECTION('',(0.,0.,1.));
#12653 = ORIENTED_EDGE('',*,*,#11563,.T.);
#12654 = ORIENTED_EDGE('',*,*,#12614,.F.);
#12655 = ORIENTED_EDGE('',*,*,#10906,.F.);
#12656 = PLANE('',#12657);
#12657 = AXIS2_PLACEMENT_3D('',#12658,#12659,#12660);
#12658 = CARTESIAN_POINT('',(1.27,-16.256,0.));
#12659 = DIRECTION('',(-1.,0.,0.));
#12660 = DIRECTION('',(0.,1.,0.));
#12661 = ADVANCED_FACE('',(#12662),#12673,.F.);
#12662 = FACE_BOUND('',#12663,.F.);
#12663 = EDGE_LOOP('',(#12664,#12665,#12666,#12672));
#12664 = ORIENTED_EDGE('',*,*,#12633,.T.);
#12665 = ORIENTED_EDGE('',*,*,#11499,.T.);
#12666 = ORIENTED_EDGE('',*,*,#12667,.F.);
#12667 = EDGE_CURVE('',#10843,#11500,#12668,.T.);
#12668 = LINE('',#12669,#12670);
#12669 = CARTESIAN_POINT('',(-1.27,-16.764,0.));
#12670 = VECTOR('',#12671,1.);
#12671 = DIRECTION('',(0.,0.,1.));
#12672 = ORIENTED_EDGE('',*,*,#10842,.F.);
#12673 = PLANE('',#12674);
#12674 = AXIS2_PLACEMENT_3D('',#12675,#12676,#12677);
#12675 = CARTESIAN_POINT('',(-1.016,-16.51,0.));
#12676 = DIRECTION('',(0.707106781187,-0.707106781187,0.));
#12677 = DIRECTION('',(-0.707106781187,-0.707106781187,0.));
#12678 = ADVANCED_FACE('',(#12679),#12690,.F.);
#12679 = FACE_BOUND('',#12680,.F.);
#12680 = EDGE_LOOP('',(#12681,#12687,#12688,#12689));
#12681 = ORIENTED_EDGE('',*,*,#12682,.T.);
#12682 = EDGE_CURVE('',#10891,#11548,#12683,.T.);
#12683 = LINE('',#12684,#12685);
#12684 = CARTESIAN_POINT('',(1.016,-16.51,0.));
#12685 = VECTOR('',#12686,1.);
#12686 = DIRECTION('',(0.,0.,1.));
#12687 = ORIENTED_EDGE('',*,*,#11555,.T.);
#12688 = ORIENTED_EDGE('',*,*,#12648,.F.);
#12689 = ORIENTED_EDGE('',*,*,#10898,.F.);
#12690 = PLANE('',#12691);
#12691 = AXIS2_PLACEMENT_3D('',#12692,#12693,#12694);
#12692 = CARTESIAN_POINT('',(1.016,-16.51,0.));
#12693 = DIRECTION('',(-0.707106781187,0.707106781187,0.));
#12694 = DIRECTION('',(0.707106781187,0.707106781187,0.));
#12695 = ADVANCED_FACE('',(#12696),#12707,.F.);
#12696 = FACE_BOUND('',#12697,.F.);
#12697 = EDGE_LOOP('',(#12698,#12699,#12700,#12706));
#12698 = ORIENTED_EDGE('',*,*,#12667,.T.);
#12699 = ORIENTED_EDGE('',*,*,#11507,.T.);
#12700 = ORIENTED_EDGE('',*,*,#12701,.F.);
#12701 = EDGE_CURVE('',#10851,#11508,#12702,.T.);
#12702 = LINE('',#12703,#12704);
#12703 = CARTESIAN_POINT('',(-1.27,-18.796,0.));
#12704 = VECTOR('',#12705,1.);
#12705 = DIRECTION('',(0.,0.,1.));
#12706 = ORIENTED_EDGE('',*,*,#10850,.F.);
#12707 = PLANE('',#12708);
#12708 = AXIS2_PLACEMENT_3D('',#12709,#12710,#12711);
#12709 = CARTESIAN_POINT('',(-1.27,-16.764,0.));
#12710 = DIRECTION('',(1.,0.,0.));
#12711 = DIRECTION('',(0.,-1.,0.));
#12712 = ADVANCED_FACE('',(#12713),#12724,.F.);
#12713 = FACE_BOUND('',#12714,.F.);
#12714 = EDGE_LOOP('',(#12715,#12721,#12722,#12723));
#12715 = ORIENTED_EDGE('',*,*,#12716,.T.);
#12716 = EDGE_CURVE('',#10883,#11540,#12717,.T.);
#12717 = LINE('',#12718,#12719);
#12718 = CARTESIAN_POINT('',(1.27,-16.764,0.));
#12719 = VECTOR('',#12720,1.);
#12720 = DIRECTION('',(0.,0.,1.));
#12721 = ORIENTED_EDGE('',*,*,#11547,.T.);
#12722 = ORIENTED_EDGE('',*,*,#12682,.F.);
#12723 = ORIENTED_EDGE('',*,*,#10890,.F.);
#12724 = PLANE('',#12725);
#12725 = AXIS2_PLACEMENT_3D('',#12726,#12727,#12728);
#12726 = CARTESIAN_POINT('',(1.27,-16.764,0.));
#12727 = DIRECTION('',(-0.707106781187,-0.707106781187,0.));
#12728 = DIRECTION('',(-0.707106781187,0.707106781187,0.));
#12729 = ADVANCED_FACE('',(#12730),#12741,.F.);
#12730 = FACE_BOUND('',#12731,.F.);
#12731 = EDGE_LOOP('',(#12732,#12733,#12734,#12740));
#12732 = ORIENTED_EDGE('',*,*,#12701,.T.);
#12733 = ORIENTED_EDGE('',*,*,#11515,.T.);
#12734 = ORIENTED_EDGE('',*,*,#12735,.F.);
#12735 = EDGE_CURVE('',#10859,#11516,#12736,.T.);
#12736 = LINE('',#12737,#12738);
#12737 = CARTESIAN_POINT('',(-1.016,-19.05,0.));
#12738 = VECTOR('',#12739,1.);
#12739 = DIRECTION('',(0.,0.,1.));
#12740 = ORIENTED_EDGE('',*,*,#10858,.F.);
#12741 = PLANE('',#12742);
#12742 = AXIS2_PLACEMENT_3D('',#12743,#12744,#12745);
#12743 = CARTESIAN_POINT('',(-1.27,-18.796,0.));
#12744 = DIRECTION('',(0.707106781187,0.707106781187,0.));
#12745 = DIRECTION('',(0.707106781187,-0.707106781187,0.));
#12746 = ADVANCED_FACE('',(#12747),#12758,.F.);
#12747 = FACE_BOUND('',#12748,.F.);
#12748 = EDGE_LOOP('',(#12749,#12755,#12756,#12757));
#12749 = ORIENTED_EDGE('',*,*,#12750,.T.);
#12750 = EDGE_CURVE('',#10875,#11532,#12751,.T.);
#12751 = LINE('',#12752,#12753);
#12752 = CARTESIAN_POINT('',(1.27,-18.796,0.));
#12753 = VECTOR('',#12754,1.);
#12754 = DIRECTION('',(0.,0.,1.));
#12755 = ORIENTED_EDGE('',*,*,#11539,.T.);
#12756 = ORIENTED_EDGE('',*,*,#12716,.F.);
#12757 = ORIENTED_EDGE('',*,*,#10882,.F.);
#12758 = PLANE('',#12759);
#12759 = AXIS2_PLACEMENT_3D('',#12760,#12761,#12762);
#12760 = CARTESIAN_POINT('',(1.27,-18.796,0.));
#12761 = DIRECTION('',(-1.,0.,0.));
#12762 = DIRECTION('',(0.,1.,0.));
#12763 = ADVANCED_FACE('',(#12764),#12775,.F.);
#12764 = FACE_BOUND('',#12765,.F.);
#12765 = EDGE_LOOP('',(#12766,#12767,#12768,#12774));
#12766 = ORIENTED_EDGE('',*,*,#12735,.T.);
#12767 = ORIENTED_EDGE('',*,*,#11523,.T.);
#12768 = ORIENTED_EDGE('',*,*,#12769,.F.);
#12769 = EDGE_CURVE('',#10867,#11524,#12770,.T.);
#12770 = LINE('',#12771,#12772);
#12771 = CARTESIAN_POINT('',(1.016,-19.05,0.));
#12772 = VECTOR('',#12773,1.);
#12773 = DIRECTION('',(0.,0.,1.));
#12774 = ORIENTED_EDGE('',*,*,#10866,.F.);
#12775 = PLANE('',#12776);
#12776 = AXIS2_PLACEMENT_3D('',#12777,#12778,#12779);
#12777 = CARTESIAN_POINT('',(-1.016,-19.05,0.));
#12778 = DIRECTION('',(0.,1.,0.));
#12779 = DIRECTION('',(1.,0.,0.));
#12780 = ADVANCED_FACE('',(#12781),#12787,.F.);
#12781 = FACE_BOUND('',#12782,.F.);
#12782 = EDGE_LOOP('',(#12783,#12784,#12785,#12786));
#12783 = ORIENTED_EDGE('',*,*,#12769,.T.);
#12784 = ORIENTED_EDGE('',*,*,#11531,.T.);
#12785 = ORIENTED_EDGE('',*,*,#12750,.F.);
#12786 = ORIENTED_EDGE('',*,*,#10874,.F.);
#12787 = PLANE('',#12788);
#12788 = AXIS2_PLACEMENT_3D('',#12789,#12790,#12791);
#12789 = CARTESIAN_POINT('',(1.016,-19.05,0.));
#12790 = DIRECTION('',(-0.707106781187,0.707106781187,0.));
#12791 = DIRECTION('',(0.707106781187,0.707106781187,0.));
#12792 = ADVANCED_FACE('',(#12793),#12818,.F.);
#12793 = FACE_BOUND('',#12794,.F.);
#12794 = EDGE_LOOP('',(#12795,#12803,#12811,#12817));
#12795 = ORIENTED_EDGE('',*,*,#12796,.F.);
#12796 = EDGE_CURVE('',#12797,#11068,#12799,.T.);
#12797 = VERTEX_POINT('',#12798);
#12798 = CARTESIAN_POINT('',(0.32,-18.1,-2.84));
#12799 = LINE('',#12800,#12801);
#12800 = CARTESIAN_POINT('',(0.32,-18.1,-3.));
#12801 = VECTOR('',#12802,1.);
#12802 = DIRECTION('',(0.,0.,1.));
#12803 = ORIENTED_EDGE('',*,*,#12804,.F.);
#12804 = EDGE_CURVE('',#12805,#12797,#12807,.T.);
#12805 = VERTEX_POINT('',#12806);
#12806 = CARTESIAN_POINT('',(-0.32,-18.1,-2.84));
#12807 = LINE('',#12808,#12809);
#12808 = CARTESIAN_POINT('',(-0.32,-18.1,-2.84));
#12809 = VECTOR('',#12810,1.);
#12810 = DIRECTION('',(1.,0.,0.));
#12811 = ORIENTED_EDGE('',*,*,#12812,.T.);
#12812 = EDGE_CURVE('',#12805,#11070,#12813,.T.);
#12813 = LINE('',#12814,#12815);
#12814 = CARTESIAN_POINT('',(-0.32,-18.1,-3.));
#12815 = VECTOR('',#12816,1.);
#12816 = DIRECTION('',(0.,0.,1.));
#12817 = ORIENTED_EDGE('',*,*,#11067,.F.);
#12818 = PLANE('',#12819);
#12819 = AXIS2_PLACEMENT_3D('',#12820,#12821,#12822);
#12820 = CARTESIAN_POINT('',(-0.32,-18.1,-3.));
#12821 = DIRECTION('',(0.,1.,0.));
#12822 = DIRECTION('',(0.,-0.,1.));
#12823 = ADVANCED_FACE('',(#12824),#12842,.T.);
#12824 = FACE_BOUND('',#12825,.T.);
#12825 = EDGE_LOOP('',(#12826,#12827,#12835,#12841));
#12826 = ORIENTED_EDGE('',*,*,#12796,.F.);
#12827 = ORIENTED_EDGE('',*,*,#12828,.T.);
#12828 = EDGE_CURVE('',#12797,#12829,#12831,.T.);
#12829 = VERTEX_POINT('',#12830);
#12830 = CARTESIAN_POINT('',(0.32,-17.46,-2.84));
#12831 = LINE('',#12832,#12833);
#12832 = CARTESIAN_POINT('',(0.32,-18.1,-2.84));
#12833 = VECTOR('',#12834,1.);
#12834 = DIRECTION('',(0.,1.,0.));
#12835 = ORIENTED_EDGE('',*,*,#12836,.T.);
#12836 = EDGE_CURVE('',#12829,#11086,#12837,.T.);
#12837 = LINE('',#12838,#12839);
#12838 = CARTESIAN_POINT('',(0.32,-17.46,-3.));
#12839 = VECTOR('',#12840,1.);
#12840 = DIRECTION('',(0.,0.,1.));
#12841 = ORIENTED_EDGE('',*,*,#11093,.F.);
#12842 = PLANE('',#12843);
#12843 = AXIS2_PLACEMENT_3D('',#12844,#12845,#12846);
#12844 = CARTESIAN_POINT('',(0.32,-18.1,-3.));
#12845 = DIRECTION('',(1.,0.,0.));
#12846 = DIRECTION('',(0.,0.,1.));
#12847 = ADVANCED_FACE('',(#12848),#12866,.T.);
#12848 = FACE_BOUND('',#12849,.T.);
#12849 = EDGE_LOOP('',(#12850,#12851,#12859,#12865));
#12850 = ORIENTED_EDGE('',*,*,#12836,.F.);
#12851 = ORIENTED_EDGE('',*,*,#12852,.F.);
#12852 = EDGE_CURVE('',#12853,#12829,#12855,.T.);
#12853 = VERTEX_POINT('',#12854);
#12854 = CARTESIAN_POINT('',(-0.32,-17.46,-2.84));
#12855 = LINE('',#12856,#12857);
#12856 = CARTESIAN_POINT('',(-0.32,-17.46,-2.84));
#12857 = VECTOR('',#12858,1.);
#12858 = DIRECTION('',(1.,0.,0.));
#12859 = ORIENTED_EDGE('',*,*,#12860,.T.);
#12860 = EDGE_CURVE('',#12853,#11078,#12861,.T.);
#12861 = LINE('',#12862,#12863);
#12862 = CARTESIAN_POINT('',(-0.32,-17.46,-3.));
#12863 = VECTOR('',#12864,1.);
#12864 = DIRECTION('',(0.,0.,1.));
#12865 = ORIENTED_EDGE('',*,*,#11085,.F.);
#12866 = PLANE('',#12867);
#12867 = AXIS2_PLACEMENT_3D('',#12868,#12869,#12870);
#12868 = CARTESIAN_POINT('',(-0.32,-17.46,-3.));
#12869 = DIRECTION('',(0.,1.,0.));
#12870 = DIRECTION('',(0.,-0.,1.));
#12871 = ADVANCED_FACE('',(#12872),#12883,.F.);
#12872 = FACE_BOUND('',#12873,.F.);
#12873 = EDGE_LOOP('',(#12874,#12875,#12881,#12882));
#12874 = ORIENTED_EDGE('',*,*,#12812,.F.);
#12875 = ORIENTED_EDGE('',*,*,#12876,.T.);
#12876 = EDGE_CURVE('',#12805,#12853,#12877,.T.);
#12877 = LINE('',#12878,#12879);
#12878 = CARTESIAN_POINT('',(-0.32,-18.1,-2.84));
#12879 = VECTOR('',#12880,1.);
#12880 = DIRECTION('',(0.,1.,0.));
#12881 = ORIENTED_EDGE('',*,*,#12860,.T.);
#12882 = ORIENTED_EDGE('',*,*,#11077,.F.);
#12883 = PLANE('',#12884);
#12884 = AXIS2_PLACEMENT_3D('',#12885,#12886,#12887);
#12885 = CARTESIAN_POINT('',(-0.32,-18.1,-3.));
#12886 = DIRECTION('',(1.,0.,0.));
#12887 = DIRECTION('',(0.,0.,1.));
#12888 = ADVANCED_FACE('',(#12889),#12914,.T.);
#12889 = FACE_BOUND('',#12890,.T.);
#12890 = EDGE_LOOP('',(#12891,#12899,#12907,#12913));
#12891 = ORIENTED_EDGE('',*,*,#12892,.F.);
#12892 = EDGE_CURVE('',#12893,#11102,#12895,.T.);
#12893 = VERTEX_POINT('',#12894);
#12894 = CARTESIAN_POINT('',(0.32,-14.92,-2.84));
#12895 = LINE('',#12896,#12897);
#12896 = CARTESIAN_POINT('',(0.32,-14.92,-3.));
#12897 = VECTOR('',#12898,1.);
#12898 = DIRECTION('',(0.,0.,1.));
#12899 = ORIENTED_EDGE('',*,*,#12900,.F.);
#12900 = EDGE_CURVE('',#12901,#12893,#12903,.T.);
#12901 = VERTEX_POINT('',#12902);
#12902 = CARTESIAN_POINT('',(-0.32,-14.92,-2.84));
#12903 = LINE('',#12904,#12905);
#12904 = CARTESIAN_POINT('',(-0.32,-14.92,-2.84));
#12905 = VECTOR('',#12906,1.);
#12906 = DIRECTION('',(1.,0.,0.));
#12907 = ORIENTED_EDGE('',*,*,#12908,.T.);
#12908 = EDGE_CURVE('',#12901,#11104,#12909,.T.);
#12909 = LINE('',#12910,#12911);
#12910 = CARTESIAN_POINT('',(-0.32,-14.92,-3.));
#12911 = VECTOR('',#12912,1.);
#12912 = DIRECTION('',(0.,0.,1.));
#12913 = ORIENTED_EDGE('',*,*,#11101,.F.);
#12914 = PLANE('',#12915);
#12915 = AXIS2_PLACEMENT_3D('',#12916,#12917,#12918);
#12916 = CARTESIAN_POINT('',(-0.32,-14.92,-3.));
#12917 = DIRECTION('',(0.,1.,0.));
#12918 = DIRECTION('',(0.,-0.,1.));
#12919 = ADVANCED_FACE('',(#12920),#12938,.F.);
#12920 = FACE_BOUND('',#12921,.F.);
#12921 = EDGE_LOOP('',(#12922,#12930,#12936,#12937));
#12922 = ORIENTED_EDGE('',*,*,#12923,.F.);
#12923 = EDGE_CURVE('',#12924,#11120,#12926,.T.);
#12924 = VERTEX_POINT('',#12925);
#12925 = CARTESIAN_POINT('',(-0.32,-15.56,-2.84));
#12926 = LINE('',#12927,#12928);
#12927 = CARTESIAN_POINT('',(-0.32,-15.56,-3.));
#12928 = VECTOR('',#12929,1.);
#12929 = DIRECTION('',(0.,0.,1.));
#12930 = ORIENTED_EDGE('',*,*,#12931,.T.);
#12931 = EDGE_CURVE('',#12924,#12901,#12932,.T.);
#12932 = LINE('',#12933,#12934);
#12933 = CARTESIAN_POINT('',(-0.32,-15.56,-2.84));
#12934 = VECTOR('',#12935,1.);
#12935 = DIRECTION('',(0.,1.,0.));
#12936 = ORIENTED_EDGE('',*,*,#12908,.T.);
#12937 = ORIENTED_EDGE('',*,*,#11127,.F.);
#12938 = PLANE('',#12939);
#12939 = AXIS2_PLACEMENT_3D('',#12940,#12941,#12942);
#12940 = CARTESIAN_POINT('',(-0.32,-15.56,-3.));
#12941 = DIRECTION('',(1.,0.,0.));
#12942 = DIRECTION('',(0.,0.,1.));
#12943 = ADVANCED_FACE('',(#12944),#12962,.F.);
#12944 = FACE_BOUND('',#12945,.F.);
#12945 = EDGE_LOOP('',(#12946,#12954,#12960,#12961));
#12946 = ORIENTED_EDGE('',*,*,#12947,.F.);
#12947 = EDGE_CURVE('',#12948,#11112,#12950,.T.);
#12948 = VERTEX_POINT('',#12949);
#12949 = CARTESIAN_POINT('',(0.32,-15.56,-2.84));
#12950 = LINE('',#12951,#12952);
#12951 = CARTESIAN_POINT('',(0.32,-15.56,-3.));
#12952 = VECTOR('',#12953,1.);
#12953 = DIRECTION('',(0.,0.,1.));
#12954 = ORIENTED_EDGE('',*,*,#12955,.F.);
#12955 = EDGE_CURVE('',#12924,#12948,#12956,.T.);
#12956 = LINE('',#12957,#12958);
#12957 = CARTESIAN_POINT('',(-0.32,-15.56,-2.84));
#12958 = VECTOR('',#12959,1.);
#12959 = DIRECTION('',(1.,0.,0.));
#12960 = ORIENTED_EDGE('',*,*,#12923,.T.);
#12961 = ORIENTED_EDGE('',*,*,#11119,.F.);
#12962 = PLANE('',#12963);
#12963 = AXIS2_PLACEMENT_3D('',#12964,#12965,#12966);
#12964 = CARTESIAN_POINT('',(-0.32,-15.56,-3.));
#12965 = DIRECTION('',(0.,1.,0.));
#12966 = DIRECTION('',(0.,-0.,1.));
#12967 = ADVANCED_FACE('',(#12968),#12979,.T.);
#12968 = FACE_BOUND('',#12969,.T.);
#12969 = EDGE_LOOP('',(#12970,#12971,#12977,#12978));
#12970 = ORIENTED_EDGE('',*,*,#12947,.F.);
#12971 = ORIENTED_EDGE('',*,*,#12972,.T.);
#12972 = EDGE_CURVE('',#12948,#12893,#12973,.T.);
#12973 = LINE('',#12974,#12975);
#12974 = CARTESIAN_POINT('',(0.32,-15.56,-2.84));
#12975 = VECTOR('',#12976,1.);
#12976 = DIRECTION('',(0.,1.,0.));
#12977 = ORIENTED_EDGE('',*,*,#12892,.T.);
#12978 = ORIENTED_EDGE('',*,*,#11111,.F.);
#12979 = PLANE('',#12980);
#12980 = AXIS2_PLACEMENT_3D('',#12981,#12982,#12983);
#12981 = CARTESIAN_POINT('',(0.32,-15.56,-3.));
#12982 = DIRECTION('',(1.,0.,0.));
#12983 = DIRECTION('',(0.,0.,1.));
#12984 = ADVANCED_FACE('',(#12985),#13010,.T.);
#12985 = FACE_BOUND('',#12986,.T.);
#12986 = EDGE_LOOP('',(#12987,#12995,#13003,#13009));
#12987 = ORIENTED_EDGE('',*,*,#12988,.F.);
#12988 = EDGE_CURVE('',#12989,#11136,#12991,.T.);
#12989 = VERTEX_POINT('',#12990);
#12990 = CARTESIAN_POINT('',(0.32,-7.94,-2.84));
#12991 = LINE('',#12992,#12993);
#12992 = CARTESIAN_POINT('',(0.32,-7.94,-3.));
#12993 = VECTOR('',#12994,1.);
#12994 = DIRECTION('',(0.,0.,1.));
#12995 = ORIENTED_EDGE('',*,*,#12996,.T.);
#12996 = EDGE_CURVE('',#12989,#12997,#12999,.T.);
#12997 = VERTEX_POINT('',#12998);
#12998 = CARTESIAN_POINT('',(0.32,-7.3,-2.84));
#12999 = LINE('',#13000,#13001);
#13000 = CARTESIAN_POINT('',(0.32,-7.94,-2.84));
#13001 = VECTOR('',#13002,1.);
#13002 = DIRECTION('',(0.,1.,0.));
#13003 = ORIENTED_EDGE('',*,*,#13004,.T.);
#13004 = EDGE_CURVE('',#12997,#11138,#13005,.T.);
#13005 = LINE('',#13006,#13007);
#13006 = CARTESIAN_POINT('',(0.32,-7.3,-3.));
#13007 = VECTOR('',#13008,1.);
#13008 = DIRECTION('',(0.,0.,1.));
#13009 = ORIENTED_EDGE('',*,*,#11135,.F.);
#13010 = PLANE('',#13011);
#13011 = AXIS2_PLACEMENT_3D('',#13012,#13013,#13014);
#13012 = CARTESIAN_POINT('',(0.32,-7.94,-3.));
#13013 = DIRECTION('',(1.,0.,0.));
#13014 = DIRECTION('',(0.,0.,1.));
#13015 = ADVANCED_FACE('',(#13016),#13034,.T.);
#13016 = FACE_BOUND('',#13017,.T.);
#13017 = EDGE_LOOP('',(#13018,#13019,#13027,#13033));
#13018 = ORIENTED_EDGE('',*,*,#13004,.F.);
#13019 = ORIENTED_EDGE('',*,*,#13020,.F.);
#13020 = EDGE_CURVE('',#13021,#12997,#13023,.T.);
#13021 = VERTEX_POINT('',#13022);
#13022 = CARTESIAN_POINT('',(-0.32,-7.3,-2.84));
#13023 = LINE('',#13024,#13025);
#13024 = CARTESIAN_POINT('',(-0.32,-7.3,-2.84));
#13025 = VECTOR('',#13026,1.);
#13026 = DIRECTION('',(1.,0.,0.));
#13027 = ORIENTED_EDGE('',*,*,#13028,.T.);
#13028 = EDGE_CURVE('',#13021,#11154,#13029,.T.);
#13029 = LINE('',#13030,#13031);
#13030 = CARTESIAN_POINT('',(-0.32,-7.3,-3.));
#13031 = VECTOR('',#13032,1.);
#13032 = DIRECTION('',(0.,0.,1.));
#13033 = ORIENTED_EDGE('',*,*,#11161,.F.);
#13034 = PLANE('',#13035);
#13035 = AXIS2_PLACEMENT_3D('',#13036,#13037,#13038);
#13036 = CARTESIAN_POINT('',(-0.32,-7.3,-3.));
#13037 = DIRECTION('',(0.,1.,0.));
#13038 = DIRECTION('',(0.,-0.,1.));
#13039 = ADVANCED_FACE('',(#13040),#13058,.F.);
#13040 = FACE_BOUND('',#13041,.F.);
#13041 = EDGE_LOOP('',(#13042,#13050,#13056,#13057));
#13042 = ORIENTED_EDGE('',*,*,#13043,.F.);
#13043 = EDGE_CURVE('',#13044,#11146,#13046,.T.);
#13044 = VERTEX_POINT('',#13045);
#13045 = CARTESIAN_POINT('',(-0.32,-7.94,-2.84));
#13046 = LINE('',#13047,#13048);
#13047 = CARTESIAN_POINT('',(-0.32,-7.94,-3.));
#13048 = VECTOR('',#13049,1.);
#13049 = DIRECTION('',(0.,0.,1.));
#13050 = ORIENTED_EDGE('',*,*,#13051,.T.);
#13051 = EDGE_CURVE('',#13044,#13021,#13052,.T.);
#13052 = LINE('',#13053,#13054);
#13053 = CARTESIAN_POINT('',(-0.32,-7.94,-2.84));
#13054 = VECTOR('',#13055,1.);
#13055 = DIRECTION('',(0.,1.,0.));
#13056 = ORIENTED_EDGE('',*,*,#13028,.T.);
#13057 = ORIENTED_EDGE('',*,*,#11153,.F.);
#13058 = PLANE('',#13059);
#13059 = AXIS2_PLACEMENT_3D('',#13060,#13061,#13062);
#13060 = CARTESIAN_POINT('',(-0.32,-7.94,-3.));
#13061 = DIRECTION('',(1.,0.,0.));
#13062 = DIRECTION('',(0.,0.,1.));
#13063 = ADVANCED_FACE('',(#13064),#13075,.F.);
#13064 = FACE_BOUND('',#13065,.F.);
#13065 = EDGE_LOOP('',(#13066,#13067,#13073,#13074));
#13066 = ORIENTED_EDGE('',*,*,#12988,.F.);
#13067 = ORIENTED_EDGE('',*,*,#13068,.F.);
#13068 = EDGE_CURVE('',#13044,#12989,#13069,.T.);
#13069 = LINE('',#13070,#13071);
#13070 = CARTESIAN_POINT('',(-0.32,-7.94,-2.84));
#13071 = VECTOR('',#13072,1.);
#13072 = DIRECTION('',(1.,0.,0.));
#13073 = ORIENTED_EDGE('',*,*,#13043,.T.);
#13074 = ORIENTED_EDGE('',*,*,#11145,.F.);
#13075 = PLANE('',#13076);
#13076 = AXIS2_PLACEMENT_3D('',#13077,#13078,#13079);
#13077 = CARTESIAN_POINT('',(-0.32,-7.94,-3.));
#13078 = DIRECTION('',(0.,1.,0.));
#13079 = DIRECTION('',(0.,-0.,1.));
#13080 = ADVANCED_FACE('',(#13081),#13106,.T.);
#13081 = FACE_BOUND('',#13082,.T.);
#13082 = EDGE_LOOP('',(#13083,#13091,#13099,#13105));
#13083 = ORIENTED_EDGE('',*,*,#13084,.F.);
#13084 = EDGE_CURVE('',#13085,#11170,#13087,.T.);
#13085 = VERTEX_POINT('',#13086);
#13086 = CARTESIAN_POINT('',(0.32,-12.38,-2.84));
#13087 = LINE('',#13088,#13089);
#13088 = CARTESIAN_POINT('',(0.32,-12.38,-3.));
#13089 = VECTOR('',#13090,1.);
#13090 = DIRECTION('',(0.,0.,1.));
#13091 = ORIENTED_EDGE('',*,*,#13092,.F.);
#13092 = EDGE_CURVE('',#13093,#13085,#13095,.T.);
#13093 = VERTEX_POINT('',#13094);
#13094 = CARTESIAN_POINT('',(-0.32,-12.38,-2.84));
#13095 = LINE('',#13096,#13097);
#13096 = CARTESIAN_POINT('',(-0.32,-12.38,-2.84));
#13097 = VECTOR('',#13098,1.);
#13098 = DIRECTION('',(1.,0.,0.));
#13099 = ORIENTED_EDGE('',*,*,#13100,.T.);
#13100 = EDGE_CURVE('',#13093,#11172,#13101,.T.);
#13101 = LINE('',#13102,#13103);
#13102 = CARTESIAN_POINT('',(-0.32,-12.38,-3.));
#13103 = VECTOR('',#13104,1.);
#13104 = DIRECTION('',(0.,0.,1.));
#13105 = ORIENTED_EDGE('',*,*,#11169,.F.);
#13106 = PLANE('',#13107);
#13107 = AXIS2_PLACEMENT_3D('',#13108,#13109,#13110);
#13108 = CARTESIAN_POINT('',(-0.32,-12.38,-3.));
#13109 = DIRECTION('',(0.,1.,0.));
#13110 = DIRECTION('',(0.,-0.,1.));
#13111 = ADVANCED_FACE('',(#13112),#13130,.F.);
#13112 = FACE_BOUND('',#13113,.F.);
#13113 = EDGE_LOOP('',(#13114,#13122,#13128,#13129));
#13114 = ORIENTED_EDGE('',*,*,#13115,.F.);
#13115 = EDGE_CURVE('',#13116,#11188,#13118,.T.);
#13116 = VERTEX_POINT('',#13117);
#13117 = CARTESIAN_POINT('',(-0.32,-13.02,-2.84));
#13118 = LINE('',#13119,#13120);
#13119 = CARTESIAN_POINT('',(-0.32,-13.02,-3.));
#13120 = VECTOR('',#13121,1.);
#13121 = DIRECTION('',(0.,0.,1.));
#13122 = ORIENTED_EDGE('',*,*,#13123,.T.);
#13123 = EDGE_CURVE('',#13116,#13093,#13124,.T.);
#13124 = LINE('',#13125,#13126);
#13125 = CARTESIAN_POINT('',(-0.32,-13.02,-2.84));
#13126 = VECTOR('',#13127,1.);
#13127 = DIRECTION('',(0.,1.,0.));
#13128 = ORIENTED_EDGE('',*,*,#13100,.T.);
#13129 = ORIENTED_EDGE('',*,*,#11195,.F.);
#13130 = PLANE('',#13131);
#13131 = AXIS2_PLACEMENT_3D('',#13132,#13133,#13134);
#13132 = CARTESIAN_POINT('',(-0.32,-13.02,-3.));
#13133 = DIRECTION('',(1.,0.,0.));
#13134 = DIRECTION('',(0.,0.,1.));
#13135 = ADVANCED_FACE('',(#13136),#13154,.F.);
#13136 = FACE_BOUND('',#13137,.F.);
#13137 = EDGE_LOOP('',(#13138,#13146,#13152,#13153));
#13138 = ORIENTED_EDGE('',*,*,#13139,.F.);
#13139 = EDGE_CURVE('',#13140,#11180,#13142,.T.);
#13140 = VERTEX_POINT('',#13141);
#13141 = CARTESIAN_POINT('',(0.32,-13.02,-2.84));
#13142 = LINE('',#13143,#13144);
#13143 = CARTESIAN_POINT('',(0.32,-13.02,-3.));
#13144 = VECTOR('',#13145,1.);
#13145 = DIRECTION('',(0.,0.,1.));
#13146 = ORIENTED_EDGE('',*,*,#13147,.F.);
#13147 = EDGE_CURVE('',#13116,#13140,#13148,.T.);
#13148 = LINE('',#13149,#13150);
#13149 = CARTESIAN_POINT('',(-0.32,-13.02,-2.84));
#13150 = VECTOR('',#13151,1.);
#13151 = DIRECTION('',(1.,0.,0.));
#13152 = ORIENTED_EDGE('',*,*,#13115,.T.);
#13153 = ORIENTED_EDGE('',*,*,#11187,.F.);
#13154 = PLANE('',#13155);
#13155 = AXIS2_PLACEMENT_3D('',#13156,#13157,#13158);
#13156 = CARTESIAN_POINT('',(-0.32,-13.02,-3.));
#13157 = DIRECTION('',(0.,1.,0.));
#13158 = DIRECTION('',(0.,-0.,1.));
#13159 = ADVANCED_FACE('',(#13160),#13171,.T.);
#13160 = FACE_BOUND('',#13161,.T.);
#13161 = EDGE_LOOP('',(#13162,#13163,#13169,#13170));
#13162 = ORIENTED_EDGE('',*,*,#13139,.F.);
#13163 = ORIENTED_EDGE('',*,*,#13164,.T.);
#13164 = EDGE_CURVE('',#13140,#13085,#13165,.T.);
#13165 = LINE('',#13166,#13167);
#13166 = CARTESIAN_POINT('',(0.32,-13.02,-2.84));
#13167 = VECTOR('',#13168,1.);
#13168 = DIRECTION('',(0.,1.,0.));
#13169 = ORIENTED_EDGE('',*,*,#13084,.T.);
#13170 = ORIENTED_EDGE('',*,*,#11179,.F.);
#13171 = PLANE('',#13172);
#13172 = AXIS2_PLACEMENT_3D('',#13173,#13174,#13175);
#13173 = CARTESIAN_POINT('',(0.32,-13.02,-3.));
#13174 = DIRECTION('',(1.,0.,0.));
#13175 = DIRECTION('',(0.,0.,1.));
#13176 = ADVANCED_FACE('',(#13177),#13202,.T.);
#13177 = FACE_BOUND('',#13178,.T.);
#13178 = EDGE_LOOP('',(#13179,#13187,#13195,#13201));
#13179 = ORIENTED_EDGE('',*,*,#13180,.F.);
#13180 = EDGE_CURVE('',#13181,#11204,#13183,.T.);
#13181 = VERTEX_POINT('',#13182);
#13182 = CARTESIAN_POINT('',(0.32,-10.48,-2.84));
#13183 = LINE('',#13184,#13185);
#13184 = CARTESIAN_POINT('',(0.32,-10.48,-3.));
#13185 = VECTOR('',#13186,1.);
#13186 = DIRECTION('',(0.,0.,1.));
#13187 = ORIENTED_EDGE('',*,*,#13188,.T.);
#13188 = EDGE_CURVE('',#13181,#13189,#13191,.T.);
#13189 = VERTEX_POINT('',#13190);
#13190 = CARTESIAN_POINT('',(0.32,-9.84,-2.84));
#13191 = LINE('',#13192,#13193);
#13192 = CARTESIAN_POINT('',(0.32,-10.48,-2.84));
#13193 = VECTOR('',#13194,1.);
#13194 = DIRECTION('',(0.,1.,0.));
#13195 = ORIENTED_EDGE('',*,*,#13196,.T.);
#13196 = EDGE_CURVE('',#13189,#11206,#13197,.T.);
#13197 = LINE('',#13198,#13199);
#13198 = CARTESIAN_POINT('',(0.32,-9.84,-3.));
#13199 = VECTOR('',#13200,1.);
#13200 = DIRECTION('',(0.,0.,1.));
#13201 = ORIENTED_EDGE('',*,*,#11203,.F.);
#13202 = PLANE('',#13203);
#13203 = AXIS2_PLACEMENT_3D('',#13204,#13205,#13206);
#13204 = CARTESIAN_POINT('',(0.32,-10.48,-3.));
#13205 = DIRECTION('',(1.,0.,0.));
#13206 = DIRECTION('',(0.,0.,1.));
#13207 = ADVANCED_FACE('',(#13208),#13226,.T.);
#13208 = FACE_BOUND('',#13209,.T.);
#13209 = EDGE_LOOP('',(#13210,#13211,#13219,#13225));
#13210 = ORIENTED_EDGE('',*,*,#13196,.F.);
#13211 = ORIENTED_EDGE('',*,*,#13212,.F.);
#13212 = EDGE_CURVE('',#13213,#13189,#13215,.T.);
#13213 = VERTEX_POINT('',#13214);
#13214 = CARTESIAN_POINT('',(-0.32,-9.84,-2.84));
#13215 = LINE('',#13216,#13217);
#13216 = CARTESIAN_POINT('',(-0.32,-9.84,-2.84));
#13217 = VECTOR('',#13218,1.);
#13218 = DIRECTION('',(1.,0.,0.));
#13219 = ORIENTED_EDGE('',*,*,#13220,.T.);
#13220 = EDGE_CURVE('',#13213,#11222,#13221,.T.);
#13221 = LINE('',#13222,#13223);
#13222 = CARTESIAN_POINT('',(-0.32,-9.84,-3.));
#13223 = VECTOR('',#13224,1.);
#13224 = DIRECTION('',(0.,0.,1.));
#13225 = ORIENTED_EDGE('',*,*,#11229,.F.);
#13226 = PLANE('',#13227);
#13227 = AXIS2_PLACEMENT_3D('',#13228,#13229,#13230);
#13228 = CARTESIAN_POINT('',(-0.32,-9.84,-3.));
#13229 = DIRECTION('',(0.,1.,0.));
#13230 = DIRECTION('',(0.,-0.,1.));
#13231 = ADVANCED_FACE('',(#13232),#13250,.F.);
#13232 = FACE_BOUND('',#13233,.F.);
#13233 = EDGE_LOOP('',(#13234,#13242,#13248,#13249));
#13234 = ORIENTED_EDGE('',*,*,#13235,.F.);
#13235 = EDGE_CURVE('',#13236,#11214,#13238,.T.);
#13236 = VERTEX_POINT('',#13237);
#13237 = CARTESIAN_POINT('',(-0.32,-10.48,-2.84));
#13238 = LINE('',#13239,#13240);
#13239 = CARTESIAN_POINT('',(-0.32,-10.48,-3.));
#13240 = VECTOR('',#13241,1.);
#13241 = DIRECTION('',(0.,0.,1.));
#13242 = ORIENTED_EDGE('',*,*,#13243,.T.);
#13243 = EDGE_CURVE('',#13236,#13213,#13244,.T.);
#13244 = LINE('',#13245,#13246);
#13245 = CARTESIAN_POINT('',(-0.32,-10.48,-2.84));
#13246 = VECTOR('',#13247,1.);
#13247 = DIRECTION('',(0.,1.,0.));
#13248 = ORIENTED_EDGE('',*,*,#13220,.T.);
#13249 = ORIENTED_EDGE('',*,*,#11221,.F.);
#13250 = PLANE('',#13251);
#13251 = AXIS2_PLACEMENT_3D('',#13252,#13253,#13254);
#13252 = CARTESIAN_POINT('',(-0.32,-10.48,-3.));
#13253 = DIRECTION('',(1.,0.,0.));
#13254 = DIRECTION('',(0.,0.,1.));
#13255 = ADVANCED_FACE('',(#13256),#13267,.F.);
#13256 = FACE_BOUND('',#13257,.F.);
#13257 = EDGE_LOOP('',(#13258,#13259,#13265,#13266));
#13258 = ORIENTED_EDGE('',*,*,#13180,.F.);
#13259 = ORIENTED_EDGE('',*,*,#13260,.F.);
#13260 = EDGE_CURVE('',#13236,#13181,#13261,.T.);
#13261 = LINE('',#13262,#13263);
#13262 = CARTESIAN_POINT('',(-0.32,-10.48,-2.84));
#13263 = VECTOR('',#13264,1.);
#13264 = DIRECTION('',(1.,0.,0.));
#13265 = ORIENTED_EDGE('',*,*,#13235,.T.);
#13266 = ORIENTED_EDGE('',*,*,#11213,.F.);
#13267 = PLANE('',#13268);
#13268 = AXIS2_PLACEMENT_3D('',#13269,#13270,#13271);
#13269 = CARTESIAN_POINT('',(-0.32,-10.48,-3.));
#13270 = DIRECTION('',(0.,1.,0.));
#13271 = DIRECTION('',(0.,-0.,1.));
#13272 = ADVANCED_FACE('',(#13273),#13298,.T.);
#13273 = FACE_BOUND('',#13274,.T.);
#13274 = EDGE_LOOP('',(#13275,#13283,#13291,#13297));
#13275 = ORIENTED_EDGE('',*,*,#13276,.F.);
#13276 = EDGE_CURVE('',#13277,#11238,#13279,.T.);
#13277 = VERTEX_POINT('',#13278);
#13278 = CARTESIAN_POINT('',(0.32,-2.22,-2.84));
#13279 = LINE('',#13280,#13281);
#13280 = CARTESIAN_POINT('',(0.32,-2.22,-3.));
#13281 = VECTOR('',#13282,1.);
#13282 = DIRECTION('',(0.,0.,1.));
#13283 = ORIENTED_EDGE('',*,*,#13284,.F.);
#13284 = EDGE_CURVE('',#13285,#13277,#13287,.T.);
#13285 = VERTEX_POINT('',#13286);
#13286 = CARTESIAN_POINT('',(-0.32,-2.22,-2.84));
#13287 = LINE('',#13288,#13289);
#13288 = CARTESIAN_POINT('',(-0.32,-2.22,-2.84));
#13289 = VECTOR('',#13290,1.);
#13290 = DIRECTION('',(1.,0.,0.));
#13291 = ORIENTED_EDGE('',*,*,#13292,.T.);
#13292 = EDGE_CURVE('',#13285,#11240,#13293,.T.);
#13293 = LINE('',#13294,#13295);
#13294 = CARTESIAN_POINT('',(-0.32,-2.22,-3.));
#13295 = VECTOR('',#13296,1.);
#13296 = DIRECTION('',(0.,0.,1.));
#13297 = ORIENTED_EDGE('',*,*,#11237,.F.);
#13298 = PLANE('',#13299);
#13299 = AXIS2_PLACEMENT_3D('',#13300,#13301,#13302);
#13300 = CARTESIAN_POINT('',(-0.32,-2.22,-3.));
#13301 = DIRECTION('',(0.,1.,0.));
#13302 = DIRECTION('',(0.,-0.,1.));
#13303 = ADVANCED_FACE('',(#13304),#13322,.F.);
#13304 = FACE_BOUND('',#13305,.F.);
#13305 = EDGE_LOOP('',(#13306,#13314,#13320,#13321));
#13306 = ORIENTED_EDGE('',*,*,#13307,.F.);
#13307 = EDGE_CURVE('',#13308,#11256,#13310,.T.);
#13308 = VERTEX_POINT('',#13309);
#13309 = CARTESIAN_POINT('',(-0.32,-2.86,-2.84));
#13310 = LINE('',#13311,#13312);
#13311 = CARTESIAN_POINT('',(-0.32,-2.86,-3.));
#13312 = VECTOR('',#13313,1.);
#13313 = DIRECTION('',(0.,0.,1.));
#13314 = ORIENTED_EDGE('',*,*,#13315,.T.);
#13315 = EDGE_CURVE('',#13308,#13285,#13316,.T.);
#13316 = LINE('',#13317,#13318);
#13317 = CARTESIAN_POINT('',(-0.32,-2.86,-2.84));
#13318 = VECTOR('',#13319,1.);
#13319 = DIRECTION('',(0.,1.,0.));
#13320 = ORIENTED_EDGE('',*,*,#13292,.T.);
#13321 = ORIENTED_EDGE('',*,*,#11263,.F.);
#13322 = PLANE('',#13323);
#13323 = AXIS2_PLACEMENT_3D('',#13324,#13325,#13326);
#13324 = CARTESIAN_POINT('',(-0.32,-2.86,-3.));
#13325 = DIRECTION('',(1.,0.,0.));
#13326 = DIRECTION('',(0.,0.,1.));
#13327 = ADVANCED_FACE('',(#13328),#13346,.F.);
#13328 = FACE_BOUND('',#13329,.F.);
#13329 = EDGE_LOOP('',(#13330,#13338,#13344,#13345));
#13330 = ORIENTED_EDGE('',*,*,#13331,.F.);
#13331 = EDGE_CURVE('',#13332,#11248,#13334,.T.);
#13332 = VERTEX_POINT('',#13333);
#13333 = CARTESIAN_POINT('',(0.32,-2.86,-2.84));
#13334 = LINE('',#13335,#13336);
#13335 = CARTESIAN_POINT('',(0.32,-2.86,-3.));
#13336 = VECTOR('',#13337,1.);
#13337 = DIRECTION('',(0.,0.,1.));
#13338 = ORIENTED_EDGE('',*,*,#13339,.F.);
#13339 = EDGE_CURVE('',#13308,#13332,#13340,.T.);
#13340 = LINE('',#13341,#13342);
#13341 = CARTESIAN_POINT('',(-0.32,-2.86,-2.84));
#13342 = VECTOR('',#13343,1.);
#13343 = DIRECTION('',(1.,0.,0.));
#13344 = ORIENTED_EDGE('',*,*,#13307,.T.);
#13345 = ORIENTED_EDGE('',*,*,#11255,.F.);
#13346 = PLANE('',#13347);
#13347 = AXIS2_PLACEMENT_3D('',#13348,#13349,#13350);
#13348 = CARTESIAN_POINT('',(-0.32,-2.86,-3.));
#13349 = DIRECTION('',(0.,1.,0.));
#13350 = DIRECTION('',(0.,-0.,1.));
#13351 = ADVANCED_FACE('',(#13352),#13363,.T.);
#13352 = FACE_BOUND('',#13353,.T.);
#13353 = EDGE_LOOP('',(#13354,#13355,#13361,#13362));
#13354 = ORIENTED_EDGE('',*,*,#13331,.F.);
#13355 = ORIENTED_EDGE('',*,*,#13356,.T.);
#13356 = EDGE_CURVE('',#13332,#13277,#13357,.T.);
#13357 = LINE('',#13358,#13359);
#13358 = CARTESIAN_POINT('',(0.32,-2.86,-2.84));
#13359 = VECTOR('',#13360,1.);
#13360 = DIRECTION('',(0.,1.,0.));
#13361 = ORIENTED_EDGE('',*,*,#13276,.T.);
#13362 = ORIENTED_EDGE('',*,*,#11247,.F.);
#13363 = PLANE('',#13364);
#13364 = AXIS2_PLACEMENT_3D('',#13365,#13366,#13367);
#13365 = CARTESIAN_POINT('',(0.32,-2.86,-3.));
#13366 = DIRECTION('',(1.,0.,0.));
#13367 = DIRECTION('',(0.,0.,1.));
#13368 = ADVANCED_FACE('',(#13369),#13394,.F.);
#13369 = FACE_BOUND('',#13370,.F.);
#13370 = EDGE_LOOP('',(#13371,#13379,#13387,#13393));
#13371 = ORIENTED_EDGE('',*,*,#13372,.F.);
#13372 = EDGE_CURVE('',#13373,#11272,#13375,.T.);
#13373 = VERTEX_POINT('',#13374);
#13374 = CARTESIAN_POINT('',(0.32,-5.4,-2.84));
#13375 = LINE('',#13376,#13377);
#13376 = CARTESIAN_POINT('',(0.32,-5.4,-3.));
#13377 = VECTOR('',#13378,1.);
#13378 = DIRECTION('',(0.,0.,1.));
#13379 = ORIENTED_EDGE('',*,*,#13380,.F.);
#13380 = EDGE_CURVE('',#13381,#13373,#13383,.T.);
#13381 = VERTEX_POINT('',#13382);
#13382 = CARTESIAN_POINT('',(-0.32,-5.4,-2.84));
#13383 = LINE('',#13384,#13385);
#13384 = CARTESIAN_POINT('',(-0.32,-5.4,-2.84));
#13385 = VECTOR('',#13386,1.);
#13386 = DIRECTION('',(1.,0.,0.));
#13387 = ORIENTED_EDGE('',*,*,#13388,.T.);
#13388 = EDGE_CURVE('',#13381,#11274,#13389,.T.);
#13389 = LINE('',#13390,#13391);
#13390 = CARTESIAN_POINT('',(-0.32,-5.4,-3.));
#13391 = VECTOR('',#13392,1.);
#13392 = DIRECTION('',(0.,0.,1.));
#13393 = ORIENTED_EDGE('',*,*,#11271,.F.);
#13394 = PLANE('',#13395);
#13395 = AXIS2_PLACEMENT_3D('',#13396,#13397,#13398);
#13396 = CARTESIAN_POINT('',(-0.32,-5.4,-3.));
#13397 = DIRECTION('',(0.,1.,0.));
#13398 = DIRECTION('',(0.,-0.,1.));
#13399 = ADVANCED_FACE('',(#13400),#13418,.T.);
#13400 = FACE_BOUND('',#13401,.T.);
#13401 = EDGE_LOOP('',(#13402,#13403,#13411,#13417));
#13402 = ORIENTED_EDGE('',*,*,#13372,.F.);
#13403 = ORIENTED_EDGE('',*,*,#13404,.T.);
#13404 = EDGE_CURVE('',#13373,#13405,#13407,.T.);
#13405 = VERTEX_POINT('',#13406);
#13406 = CARTESIAN_POINT('',(0.32,-4.76,-2.84));
#13407 = LINE('',#13408,#13409);
#13408 = CARTESIAN_POINT('',(0.32,-5.4,-2.84));
#13409 = VECTOR('',#13410,1.);
#13410 = DIRECTION('',(0.,1.,0.));
#13411 = ORIENTED_EDGE('',*,*,#13412,.T.);
#13412 = EDGE_CURVE('',#13405,#11290,#13413,.T.);
#13413 = LINE('',#13414,#13415);
#13414 = CARTESIAN_POINT('',(0.32,-4.76,-3.));
#13415 = VECTOR('',#13416,1.);
#13416 = DIRECTION('',(0.,0.,1.));
#13417 = ORIENTED_EDGE('',*,*,#11297,.F.);
#13418 = PLANE('',#13419);
#13419 = AXIS2_PLACEMENT_3D('',#13420,#13421,#13422);
#13420 = CARTESIAN_POINT('',(0.32,-5.4,-3.));
#13421 = DIRECTION('',(1.,0.,0.));
#13422 = DIRECTION('',(0.,0.,1.));
#13423 = ADVANCED_FACE('',(#13424),#13442,.T.);
#13424 = FACE_BOUND('',#13425,.T.);
#13425 = EDGE_LOOP('',(#13426,#13427,#13435,#13441));
#13426 = ORIENTED_EDGE('',*,*,#13412,.F.);
#13427 = ORIENTED_EDGE('',*,*,#13428,.F.);
#13428 = EDGE_CURVE('',#13429,#13405,#13431,.T.);
#13429 = VERTEX_POINT('',#13430);
#13430 = CARTESIAN_POINT('',(-0.32,-4.76,-2.84));
#13431 = LINE('',#13432,#13433);
#13432 = CARTESIAN_POINT('',(-0.32,-4.76,-2.84));
#13433 = VECTOR('',#13434,1.);
#13434 = DIRECTION('',(1.,0.,0.));
#13435 = ORIENTED_EDGE('',*,*,#13436,.T.);
#13436 = EDGE_CURVE('',#13429,#11282,#13437,.T.);
#13437 = LINE('',#13438,#13439);
#13438 = CARTESIAN_POINT('',(-0.32,-4.76,-3.));
#13439 = VECTOR('',#13440,1.);
#13440 = DIRECTION('',(0.,0.,1.));
#13441 = ORIENTED_EDGE('',*,*,#11289,.F.);
#13442 = PLANE('',#13443);
#13443 = AXIS2_PLACEMENT_3D('',#13444,#13445,#13446);
#13444 = CARTESIAN_POINT('',(-0.32,-4.76,-3.));
#13445 = DIRECTION('',(0.,1.,0.));
#13446 = DIRECTION('',(0.,-0.,1.));
#13447 = ADVANCED_FACE('',(#13448),#13459,.F.);
#13448 = FACE_BOUND('',#13449,.F.);
#13449 = EDGE_LOOP('',(#13450,#13451,#13457,#13458));
#13450 = ORIENTED_EDGE('',*,*,#13388,.F.);
#13451 = ORIENTED_EDGE('',*,*,#13452,.T.);
#13452 = EDGE_CURVE('',#13381,#13429,#13453,.T.);
#13453 = LINE('',#13454,#13455);
#13454 = CARTESIAN_POINT('',(-0.32,-5.4,-2.84));
#13455 = VECTOR('',#13456,1.);
#13456 = DIRECTION('',(0.,1.,0.));
#13457 = ORIENTED_EDGE('',*,*,#13436,.T.);
#13458 = ORIENTED_EDGE('',*,*,#11281,.F.);
#13459 = PLANE('',#13460);
#13460 = AXIS2_PLACEMENT_3D('',#13461,#13462,#13463);
#13461 = CARTESIAN_POINT('',(-0.32,-5.4,-3.));
#13462 = DIRECTION('',(1.,0.,0.));
#13463 = DIRECTION('',(0.,0.,1.));
#13464 = ADVANCED_FACE('',(#13465),#13490,.T.);
#13465 = FACE_BOUND('',#13466,.T.);
#13466 = EDGE_LOOP('',(#13467,#13475,#13483,#13489));
#13467 = ORIENTED_EDGE('',*,*,#13468,.F.);
#13468 = EDGE_CURVE('',#13469,#11306,#13471,.T.);
#13469 = VERTEX_POINT('',#13470);
#13470 = CARTESIAN_POINT('',(0.32,-0.32,-2.84));
#13471 = LINE('',#13472,#13473);
#13472 = CARTESIAN_POINT('',(0.32,-0.32,-3.));
#13473 = VECTOR('',#13474,1.);
#13474 = DIRECTION('',(0.,0.,1.));
#13475 = ORIENTED_EDGE('',*,*,#13476,.T.);
#13476 = EDGE_CURVE('',#13469,#13477,#13479,.T.);
#13477 = VERTEX_POINT('',#13478);
#13478 = CARTESIAN_POINT('',(0.32,0.32,-2.84));
#13479 = LINE('',#13480,#13481);
#13480 = CARTESIAN_POINT('',(0.32,-0.32,-2.84));
#13481 = VECTOR('',#13482,1.);
#13482 = DIRECTION('',(0.,1.,0.));
#13483 = ORIENTED_EDGE('',*,*,#13484,.T.);
#13484 = EDGE_CURVE('',#13477,#11308,#13485,.T.);
#13485 = LINE('',#13486,#13487);
#13486 = CARTESIAN_POINT('',(0.32,0.32,-3.));
#13487 = VECTOR('',#13488,1.);
#13488 = DIRECTION('',(0.,0.,1.));
#13489 = ORIENTED_EDGE('',*,*,#11305,.F.);
#13490 = PLANE('',#13491);
#13491 = AXIS2_PLACEMENT_3D('',#13492,#13493,#13494);
#13492 = CARTESIAN_POINT('',(0.32,-0.32,-3.));
#13493 = DIRECTION('',(1.,0.,0.));
#13494 = DIRECTION('',(0.,0.,1.));
#13495 = ADVANCED_FACE('',(#13496),#13514,.T.);
#13496 = FACE_BOUND('',#13497,.T.);
#13497 = EDGE_LOOP('',(#13498,#13499,#13507,#13513));
#13498 = ORIENTED_EDGE('',*,*,#13484,.F.);
#13499 = ORIENTED_EDGE('',*,*,#13500,.F.);
#13500 = EDGE_CURVE('',#13501,#13477,#13503,.T.);
#13501 = VERTEX_POINT('',#13502);
#13502 = CARTESIAN_POINT('',(-0.32,0.32,-2.84));
#13503 = LINE('',#13504,#13505);
#13504 = CARTESIAN_POINT('',(-0.32,0.32,-2.84));
#13505 = VECTOR('',#13506,1.);
#13506 = DIRECTION('',(1.,0.,0.));
#13507 = ORIENTED_EDGE('',*,*,#13508,.T.);
#13508 = EDGE_CURVE('',#13501,#11324,#13509,.T.);
#13509 = LINE('',#13510,#13511);
#13510 = CARTESIAN_POINT('',(-0.32,0.32,-3.));
#13511 = VECTOR('',#13512,1.);
#13512 = DIRECTION('',(0.,0.,1.));
#13513 = ORIENTED_EDGE('',*,*,#11331,.F.);
#13514 = PLANE('',#13515);
#13515 = AXIS2_PLACEMENT_3D('',#13516,#13517,#13518);
#13516 = CARTESIAN_POINT('',(-0.32,0.32,-3.));
#13517 = DIRECTION('',(0.,1.,0.));
#13518 = DIRECTION('',(0.,-0.,1.));
#13519 = ADVANCED_FACE('',(#13520),#13538,.F.);
#13520 = FACE_BOUND('',#13521,.F.);
#13521 = EDGE_LOOP('',(#13522,#13530,#13536,#13537));
#13522 = ORIENTED_EDGE('',*,*,#13523,.F.);
#13523 = EDGE_CURVE('',#13524,#11316,#13526,.T.);
#13524 = VERTEX_POINT('',#13525);
#13525 = CARTESIAN_POINT('',(-0.32,-0.32,-2.84));
#13526 = LINE('',#13527,#13528);
#13527 = CARTESIAN_POINT('',(-0.32,-0.32,-3.));
#13528 = VECTOR('',#13529,1.);
#13529 = DIRECTION('',(0.,0.,1.));
#13530 = ORIENTED_EDGE('',*,*,#13531,.T.);
#13531 = EDGE_CURVE('',#13524,#13501,#13532,.T.);
#13532 = LINE('',#13533,#13534);
#13533 = CARTESIAN_POINT('',(-0.32,-0.32,-2.84));
#13534 = VECTOR('',#13535,1.);
#13535 = DIRECTION('',(0.,1.,0.));
#13536 = ORIENTED_EDGE('',*,*,#13508,.T.);
#13537 = ORIENTED_EDGE('',*,*,#11323,.F.);
#13538 = PLANE('',#13539);
#13539 = AXIS2_PLACEMENT_3D('',#13540,#13541,#13542);
#13540 = CARTESIAN_POINT('',(-0.32,-0.32,-3.));
#13541 = DIRECTION('',(1.,0.,0.));
#13542 = DIRECTION('',(0.,0.,1.));
#13543 = ADVANCED_FACE('',(#13544),#13555,.F.);
#13544 = FACE_BOUND('',#13545,.F.);
#13545 = EDGE_LOOP('',(#13546,#13547,#13553,#13554));
#13546 = ORIENTED_EDGE('',*,*,#13468,.F.);
#13547 = ORIENTED_EDGE('',*,*,#13548,.F.);
#13548 = EDGE_CURVE('',#13524,#13469,#13549,.T.);
#13549 = LINE('',#13550,#13551);
#13550 = CARTESIAN_POINT('',(-0.32,-0.32,-2.84));
#13551 = VECTOR('',#13552,1.);
#13552 = DIRECTION('',(1.,0.,0.));
#13553 = ORIENTED_EDGE('',*,*,#13523,.T.);
#13554 = ORIENTED_EDGE('',*,*,#11315,.F.);
#13555 = PLANE('',#13556);
#13556 = AXIS2_PLACEMENT_3D('',#13557,#13558,#13559);
#13557 = CARTESIAN_POINT('',(-0.32,-0.32,-3.));
#13558 = DIRECTION('',(0.,1.,0.));
#13559 = DIRECTION('',(0.,-0.,1.));
#13560 = ADVANCED_FACE('',(#13561),#13586,.F.);
#13561 = FACE_BOUND('',#13562,.F.);
#13562 = EDGE_LOOP('',(#13563,#13571,#13572,#13580));
#13563 = ORIENTED_EDGE('',*,*,#13564,.F.);
#13564 = EDGE_CURVE('',#11725,#13565,#13567,.T.);
#13565 = VERTEX_POINT('',#13566);
#13566 = CARTESIAN_POINT('',(0.32,-18.1,8.38));
#13567 = LINE('',#13568,#13569);
#13568 = CARTESIAN_POINT('',(0.32,-18.1,-3.));
#13569 = VECTOR('',#13570,1.);
#13570 = DIRECTION('',(0.,0.,1.));
#13571 = ORIENTED_EDGE('',*,*,#11724,.T.);
#13572 = ORIENTED_EDGE('',*,*,#13573,.T.);
#13573 = EDGE_CURVE('',#11727,#13574,#13576,.T.);
#13574 = VERTEX_POINT('',#13575);
#13575 = CARTESIAN_POINT('',(-0.32,-18.1,8.38));
#13576 = LINE('',#13577,#13578);
#13577 = CARTESIAN_POINT('',(-0.32,-18.1,-3.));
#13578 = VECTOR('',#13579,1.);
#13579 = DIRECTION('',(0.,0.,1.));
#13580 = ORIENTED_EDGE('',*,*,#13581,.T.);
#13581 = EDGE_CURVE('',#13574,#13565,#13582,.T.);
#13582 = LINE('',#13583,#13584);
#13583 = CARTESIAN_POINT('',(-0.32,-18.1,8.38));
#13584 = VECTOR('',#13585,1.);
#13585 = DIRECTION('',(1.,0.,0.));
#13586 = PLANE('',#13587);
#13587 = AXIS2_PLACEMENT_3D('',#13588,#13589,#13590);
#13588 = CARTESIAN_POINT('',(-0.32,-18.1,-3.));
#13589 = DIRECTION('',(0.,1.,0.));
#13590 = DIRECTION('',(0.,-0.,1.));
#13591 = ADVANCED_FACE('',(#13592),#13610,.T.);
#13592 = FACE_BOUND('',#13593,.T.);
#13593 = EDGE_LOOP('',(#13594,#13595,#13596,#13604));
#13594 = ORIENTED_EDGE('',*,*,#13564,.F.);
#13595 = ORIENTED_EDGE('',*,*,#11750,.T.);
#13596 = ORIENTED_EDGE('',*,*,#13597,.T.);
#13597 = EDGE_CURVE('',#11743,#13598,#13600,.T.);
#13598 = VERTEX_POINT('',#13599);
#13599 = CARTESIAN_POINT('',(0.32,-17.46,8.38));
#13600 = LINE('',#13601,#13602);
#13601 = CARTESIAN_POINT('',(0.32,-17.46,-3.));
#13602 = VECTOR('',#13603,1.);
#13603 = DIRECTION('',(0.,0.,1.));
#13604 = ORIENTED_EDGE('',*,*,#13605,.F.);
#13605 = EDGE_CURVE('',#13565,#13598,#13606,.T.);
#13606 = LINE('',#13607,#13608);
#13607 = CARTESIAN_POINT('',(0.32,-18.1,8.38));
#13608 = VECTOR('',#13609,1.);
#13609 = DIRECTION('',(0.,1.,0.));
#13610 = PLANE('',#13611);
#13611 = AXIS2_PLACEMENT_3D('',#13612,#13613,#13614);
#13612 = CARTESIAN_POINT('',(0.32,-18.1,-3.));
#13613 = DIRECTION('',(1.,0.,0.));
#13614 = DIRECTION('',(0.,0.,1.));
#13615 = ADVANCED_FACE('',(#13616),#13634,.T.);
#13616 = FACE_BOUND('',#13617,.T.);
#13617 = EDGE_LOOP('',(#13618,#13619,#13620,#13628));
#13618 = ORIENTED_EDGE('',*,*,#13597,.F.);
#13619 = ORIENTED_EDGE('',*,*,#11742,.T.);
#13620 = ORIENTED_EDGE('',*,*,#13621,.T.);
#13621 = EDGE_CURVE('',#11735,#13622,#13624,.T.);
#13622 = VERTEX_POINT('',#13623);
#13623 = CARTESIAN_POINT('',(-0.32,-17.46,8.38));
#13624 = LINE('',#13625,#13626);
#13625 = CARTESIAN_POINT('',(-0.32,-17.46,-3.));
#13626 = VECTOR('',#13627,1.);
#13627 = DIRECTION('',(0.,0.,1.));
#13628 = ORIENTED_EDGE('',*,*,#13629,.T.);
#13629 = EDGE_CURVE('',#13622,#13598,#13630,.T.);
#13630 = LINE('',#13631,#13632);
#13631 = CARTESIAN_POINT('',(-0.32,-17.46,8.38));
#13632 = VECTOR('',#13633,1.);
#13633 = DIRECTION('',(1.,0.,0.));
#13634 = PLANE('',#13635);
#13635 = AXIS2_PLACEMENT_3D('',#13636,#13637,#13638);
#13636 = CARTESIAN_POINT('',(-0.32,-17.46,-3.));
#13637 = DIRECTION('',(0.,1.,0.));
#13638 = DIRECTION('',(0.,-0.,1.));
#13639 = ADVANCED_FACE('',(#13640),#13651,.F.);
#13640 = FACE_BOUND('',#13641,.F.);
#13641 = EDGE_LOOP('',(#13642,#13643,#13644,#13645));
#13642 = ORIENTED_EDGE('',*,*,#13573,.F.);
#13643 = ORIENTED_EDGE('',*,*,#11734,.T.);
#13644 = ORIENTED_EDGE('',*,*,#13621,.T.);
#13645 = ORIENTED_EDGE('',*,*,#13646,.F.);
#13646 = EDGE_CURVE('',#13574,#13622,#13647,.T.);
#13647 = LINE('',#13648,#13649);
#13648 = CARTESIAN_POINT('',(-0.32,-18.1,8.38));
#13649 = VECTOR('',#13650,1.);
#13650 = DIRECTION('',(0.,1.,0.));
#13651 = PLANE('',#13652);
#13652 = AXIS2_PLACEMENT_3D('',#13653,#13654,#13655);
#13653 = CARTESIAN_POINT('',(-0.32,-18.1,-3.));
#13654 = DIRECTION('',(1.,0.,0.));
#13655 = DIRECTION('',(0.,0.,1.));
#13656 = ADVANCED_FACE('',(#13657),#13682,.T.);
#13657 = FACE_BOUND('',#13658,.T.);
#13658 = EDGE_LOOP('',(#13659,#13667,#13668,#13676));
#13659 = ORIENTED_EDGE('',*,*,#13660,.F.);
#13660 = EDGE_CURVE('',#11759,#13661,#13663,.T.);
#13661 = VERTEX_POINT('',#13662);
#13662 = CARTESIAN_POINT('',(0.32,-14.92,8.38));
#13663 = LINE('',#13664,#13665);
#13664 = CARTESIAN_POINT('',(0.32,-14.92,-3.));
#13665 = VECTOR('',#13666,1.);
#13666 = DIRECTION('',(0.,0.,1.));
#13667 = ORIENTED_EDGE('',*,*,#11758,.T.);
#13668 = ORIENTED_EDGE('',*,*,#13669,.T.);
#13669 = EDGE_CURVE('',#11761,#13670,#13672,.T.);
#13670 = VERTEX_POINT('',#13671);
#13671 = CARTESIAN_POINT('',(-0.32,-14.92,8.38));
#13672 = LINE('',#13673,#13674);
#13673 = CARTESIAN_POINT('',(-0.32,-14.92,-3.));
#13674 = VECTOR('',#13675,1.);
#13675 = DIRECTION('',(0.,0.,1.));
#13676 = ORIENTED_EDGE('',*,*,#13677,.T.);
#13677 = EDGE_CURVE('',#13670,#13661,#13678,.T.);
#13678 = LINE('',#13679,#13680);
#13679 = CARTESIAN_POINT('',(-0.32,-14.92,8.38));
#13680 = VECTOR('',#13681,1.);
#13681 = DIRECTION('',(1.,0.,0.));
#13682 = PLANE('',#13683);
#13683 = AXIS2_PLACEMENT_3D('',#13684,#13685,#13686);
#13684 = CARTESIAN_POINT('',(-0.32,-14.92,-3.));
#13685 = DIRECTION('',(0.,1.,0.));
#13686 = DIRECTION('',(0.,-0.,1.));
#13687 = ADVANCED_FACE('',(#13688),#13706,.F.);
#13688 = FACE_BOUND('',#13689,.F.);
#13689 = EDGE_LOOP('',(#13690,#13698,#13699,#13700));
#13690 = ORIENTED_EDGE('',*,*,#13691,.F.);
#13691 = EDGE_CURVE('',#11777,#13692,#13694,.T.);
#13692 = VERTEX_POINT('',#13693);
#13693 = CARTESIAN_POINT('',(-0.32,-15.56,8.38));
#13694 = LINE('',#13695,#13696);
#13695 = CARTESIAN_POINT('',(-0.32,-15.56,-3.));
#13696 = VECTOR('',#13697,1.);
#13697 = DIRECTION('',(0.,0.,1.));
#13698 = ORIENTED_EDGE('',*,*,#11784,.T.);
#13699 = ORIENTED_EDGE('',*,*,#13669,.T.);
#13700 = ORIENTED_EDGE('',*,*,#13701,.F.);
#13701 = EDGE_CURVE('',#13692,#13670,#13702,.T.);
#13702 = LINE('',#13703,#13704);
#13703 = CARTESIAN_POINT('',(-0.32,-15.56,8.38));
#13704 = VECTOR('',#13705,1.);
#13705 = DIRECTION('',(0.,1.,0.));
#13706 = PLANE('',#13707);
#13707 = AXIS2_PLACEMENT_3D('',#13708,#13709,#13710);
#13708 = CARTESIAN_POINT('',(-0.32,-15.56,-3.));
#13709 = DIRECTION('',(1.,0.,0.));
#13710 = DIRECTION('',(0.,0.,1.));
#13711 = ADVANCED_FACE('',(#13712),#13730,.F.);
#13712 = FACE_BOUND('',#13713,.F.);
#13713 = EDGE_LOOP('',(#13714,#13722,#13723,#13724));
#13714 = ORIENTED_EDGE('',*,*,#13715,.F.);
#13715 = EDGE_CURVE('',#11769,#13716,#13718,.T.);
#13716 = VERTEX_POINT('',#13717);
#13717 = CARTESIAN_POINT('',(0.32,-15.56,8.38));
#13718 = LINE('',#13719,#13720);
#13719 = CARTESIAN_POINT('',(0.32,-15.56,-3.));
#13720 = VECTOR('',#13721,1.);
#13721 = DIRECTION('',(0.,0.,1.));
#13722 = ORIENTED_EDGE('',*,*,#11776,.T.);
#13723 = ORIENTED_EDGE('',*,*,#13691,.T.);
#13724 = ORIENTED_EDGE('',*,*,#13725,.T.);
#13725 = EDGE_CURVE('',#13692,#13716,#13726,.T.);
#13726 = LINE('',#13727,#13728);
#13727 = CARTESIAN_POINT('',(-0.32,-15.56,8.38));
#13728 = VECTOR('',#13729,1.);
#13729 = DIRECTION('',(1.,0.,0.));
#13730 = PLANE('',#13731);
#13731 = AXIS2_PLACEMENT_3D('',#13732,#13733,#13734);
#13732 = CARTESIAN_POINT('',(-0.32,-15.56,-3.));
#13733 = DIRECTION('',(0.,1.,0.));
#13734 = DIRECTION('',(0.,-0.,1.));
#13735 = ADVANCED_FACE('',(#13736),#13747,.T.);
#13736 = FACE_BOUND('',#13737,.T.);
#13737 = EDGE_LOOP('',(#13738,#13739,#13740,#13741));
#13738 = ORIENTED_EDGE('',*,*,#13715,.F.);
#13739 = ORIENTED_EDGE('',*,*,#11768,.T.);
#13740 = ORIENTED_EDGE('',*,*,#13660,.T.);
#13741 = ORIENTED_EDGE('',*,*,#13742,.F.);
#13742 = EDGE_CURVE('',#13716,#13661,#13743,.T.);
#13743 = LINE('',#13744,#13745);
#13744 = CARTESIAN_POINT('',(0.32,-15.56,8.38));
#13745 = VECTOR('',#13746,1.);
#13746 = DIRECTION('',(0.,1.,0.));
#13747 = PLANE('',#13748);
#13748 = AXIS2_PLACEMENT_3D('',#13749,#13750,#13751);
#13749 = CARTESIAN_POINT('',(0.32,-15.56,-3.));
#13750 = DIRECTION('',(1.,0.,0.));
#13751 = DIRECTION('',(0.,0.,1.));
#13752 = ADVANCED_FACE('',(#13753),#13778,.T.);
#13753 = FACE_BOUND('',#13754,.T.);
#13754 = EDGE_LOOP('',(#13755,#13763,#13764,#13772));
#13755 = ORIENTED_EDGE('',*,*,#13756,.F.);
#13756 = EDGE_CURVE('',#11793,#13757,#13759,.T.);
#13757 = VERTEX_POINT('',#13758);
#13758 = CARTESIAN_POINT('',(0.32,-7.94,8.38));
#13759 = LINE('',#13760,#13761);
#13760 = CARTESIAN_POINT('',(0.32,-7.94,-3.));
#13761 = VECTOR('',#13762,1.);
#13762 = DIRECTION('',(0.,0.,1.));
#13763 = ORIENTED_EDGE('',*,*,#11792,.T.);
#13764 = ORIENTED_EDGE('',*,*,#13765,.T.);
#13765 = EDGE_CURVE('',#11795,#13766,#13768,.T.);
#13766 = VERTEX_POINT('',#13767);
#13767 = CARTESIAN_POINT('',(0.32,-7.3,8.38));
#13768 = LINE('',#13769,#13770);
#13769 = CARTESIAN_POINT('',(0.32,-7.3,-3.));
#13770 = VECTOR('',#13771,1.);
#13771 = DIRECTION('',(0.,0.,1.));
#13772 = ORIENTED_EDGE('',*,*,#13773,.F.);
#13773 = EDGE_CURVE('',#13757,#13766,#13774,.T.);
#13774 = LINE('',#13775,#13776);
#13775 = CARTESIAN_POINT('',(0.32,-7.94,8.38));
#13776 = VECTOR('',#13777,1.);
#13777 = DIRECTION('',(0.,1.,0.));
#13778 = PLANE('',#13779);
#13779 = AXIS2_PLACEMENT_3D('',#13780,#13781,#13782);
#13780 = CARTESIAN_POINT('',(0.32,-7.94,-3.));
#13781 = DIRECTION('',(1.,0.,0.));
#13782 = DIRECTION('',(0.,0.,1.));
#13783 = ADVANCED_FACE('',(#13784),#13802,.T.);
#13784 = FACE_BOUND('',#13785,.T.);
#13785 = EDGE_LOOP('',(#13786,#13787,#13788,#13796));
#13786 = ORIENTED_EDGE('',*,*,#13765,.F.);
#13787 = ORIENTED_EDGE('',*,*,#11818,.T.);
#13788 = ORIENTED_EDGE('',*,*,#13789,.T.);
#13789 = EDGE_CURVE('',#11811,#13790,#13792,.T.);
#13790 = VERTEX_POINT('',#13791);
#13791 = CARTESIAN_POINT('',(-0.32,-7.3,8.38));
#13792 = LINE('',#13793,#13794);
#13793 = CARTESIAN_POINT('',(-0.32,-7.3,-3.));
#13794 = VECTOR('',#13795,1.);
#13795 = DIRECTION('',(0.,0.,1.));
#13796 = ORIENTED_EDGE('',*,*,#13797,.T.);
#13797 = EDGE_CURVE('',#13790,#13766,#13798,.T.);
#13798 = LINE('',#13799,#13800);
#13799 = CARTESIAN_POINT('',(-0.32,-7.3,8.38));
#13800 = VECTOR('',#13801,1.);
#13801 = DIRECTION('',(1.,0.,0.));
#13802 = PLANE('',#13803);
#13803 = AXIS2_PLACEMENT_3D('',#13804,#13805,#13806);
#13804 = CARTESIAN_POINT('',(-0.32,-7.3,-3.));
#13805 = DIRECTION('',(0.,1.,0.));
#13806 = DIRECTION('',(0.,-0.,1.));
#13807 = ADVANCED_FACE('',(#13808),#13826,.F.);
#13808 = FACE_BOUND('',#13809,.F.);
#13809 = EDGE_LOOP('',(#13810,#13818,#13819,#13820));
#13810 = ORIENTED_EDGE('',*,*,#13811,.F.);
#13811 = EDGE_CURVE('',#11803,#13812,#13814,.T.);
#13812 = VERTEX_POINT('',#13813);
#13813 = CARTESIAN_POINT('',(-0.32,-7.94,8.38));
#13814 = LINE('',#13815,#13816);
#13815 = CARTESIAN_POINT('',(-0.32,-7.94,-3.));
#13816 = VECTOR('',#13817,1.);
#13817 = DIRECTION('',(0.,0.,1.));
#13818 = ORIENTED_EDGE('',*,*,#11810,.T.);
#13819 = ORIENTED_EDGE('',*,*,#13789,.T.);
#13820 = ORIENTED_EDGE('',*,*,#13821,.F.);
#13821 = EDGE_CURVE('',#13812,#13790,#13822,.T.);
#13822 = LINE('',#13823,#13824);
#13823 = CARTESIAN_POINT('',(-0.32,-7.94,8.38));
#13824 = VECTOR('',#13825,1.);
#13825 = DIRECTION('',(0.,1.,0.));
#13826 = PLANE('',#13827);
#13827 = AXIS2_PLACEMENT_3D('',#13828,#13829,#13830);
#13828 = CARTESIAN_POINT('',(-0.32,-7.94,-3.));
#13829 = DIRECTION('',(1.,0.,0.));
#13830 = DIRECTION('',(0.,0.,1.));
#13831 = ADVANCED_FACE('',(#13832),#13843,.F.);
#13832 = FACE_BOUND('',#13833,.F.);
#13833 = EDGE_LOOP('',(#13834,#13835,#13836,#13837));
#13834 = ORIENTED_EDGE('',*,*,#13756,.F.);
#13835 = ORIENTED_EDGE('',*,*,#11802,.T.);
#13836 = ORIENTED_EDGE('',*,*,#13811,.T.);
#13837 = ORIENTED_EDGE('',*,*,#13838,.T.);
#13838 = EDGE_CURVE('',#13812,#13757,#13839,.T.);
#13839 = LINE('',#13840,#13841);
#13840 = CARTESIAN_POINT('',(-0.32,-7.94,8.38));
#13841 = VECTOR('',#13842,1.);
#13842 = DIRECTION('',(1.,0.,0.));
#13843 = PLANE('',#13844);
#13844 = AXIS2_PLACEMENT_3D('',#13845,#13846,#13847);
#13845 = CARTESIAN_POINT('',(-0.32,-7.94,-3.));
#13846 = DIRECTION('',(0.,1.,0.));
#13847 = DIRECTION('',(0.,-0.,1.));
#13848 = ADVANCED_FACE('',(#13849),#13874,.T.);
#13849 = FACE_BOUND('',#13850,.T.);
#13850 = EDGE_LOOP('',(#13851,#13859,#13860,#13868));
#13851 = ORIENTED_EDGE('',*,*,#13852,.F.);
#13852 = EDGE_CURVE('',#11827,#13853,#13855,.T.);
#13853 = VERTEX_POINT('',#13854);
#13854 = CARTESIAN_POINT('',(0.32,-12.38,8.38));
#13855 = LINE('',#13856,#13857);
#13856 = CARTESIAN_POINT('',(0.32,-12.38,-3.));
#13857 = VECTOR('',#13858,1.);
#13858 = DIRECTION('',(0.,0.,1.));
#13859 = ORIENTED_EDGE('',*,*,#11826,.T.);
#13860 = ORIENTED_EDGE('',*,*,#13861,.T.);
#13861 = EDGE_CURVE('',#11829,#13862,#13864,.T.);
#13862 = VERTEX_POINT('',#13863);
#13863 = CARTESIAN_POINT('',(-0.32,-12.38,8.38));
#13864 = LINE('',#13865,#13866);
#13865 = CARTESIAN_POINT('',(-0.32,-12.38,-3.));
#13866 = VECTOR('',#13867,1.);
#13867 = DIRECTION('',(0.,0.,1.));
#13868 = ORIENTED_EDGE('',*,*,#13869,.T.);
#13869 = EDGE_CURVE('',#13862,#13853,#13870,.T.);
#13870 = LINE('',#13871,#13872);
#13871 = CARTESIAN_POINT('',(-0.32,-12.38,8.38));
#13872 = VECTOR('',#13873,1.);
#13873 = DIRECTION('',(1.,0.,0.));
#13874 = PLANE('',#13875);
#13875 = AXIS2_PLACEMENT_3D('',#13876,#13877,#13878);
#13876 = CARTESIAN_POINT('',(-0.32,-12.38,-3.));
#13877 = DIRECTION('',(0.,1.,0.));
#13878 = DIRECTION('',(0.,-0.,1.));
#13879 = ADVANCED_FACE('',(#13880),#13898,.F.);
#13880 = FACE_BOUND('',#13881,.F.);
#13881 = EDGE_LOOP('',(#13882,#13890,#13891,#13892));
#13882 = ORIENTED_EDGE('',*,*,#13883,.F.);
#13883 = EDGE_CURVE('',#11845,#13884,#13886,.T.);
#13884 = VERTEX_POINT('',#13885);
#13885 = CARTESIAN_POINT('',(-0.32,-13.02,8.38));
#13886 = LINE('',#13887,#13888);
#13887 = CARTESIAN_POINT('',(-0.32,-13.02,-3.));
#13888 = VECTOR('',#13889,1.);
#13889 = DIRECTION('',(0.,0.,1.));
#13890 = ORIENTED_EDGE('',*,*,#11852,.T.);
#13891 = ORIENTED_EDGE('',*,*,#13861,.T.);
#13892 = ORIENTED_EDGE('',*,*,#13893,.F.);
#13893 = EDGE_CURVE('',#13884,#13862,#13894,.T.);
#13894 = LINE('',#13895,#13896);
#13895 = CARTESIAN_POINT('',(-0.32,-13.02,8.38));
#13896 = VECTOR('',#13897,1.);
#13897 = DIRECTION('',(0.,1.,0.));
#13898 = PLANE('',#13899);
#13899 = AXIS2_PLACEMENT_3D('',#13900,#13901,#13902);
#13900 = CARTESIAN_POINT('',(-0.32,-13.02,-3.));
#13901 = DIRECTION('',(1.,0.,0.));
#13902 = DIRECTION('',(0.,0.,1.));
#13903 = ADVANCED_FACE('',(#13904),#13922,.F.);
#13904 = FACE_BOUND('',#13905,.F.);
#13905 = EDGE_LOOP('',(#13906,#13914,#13915,#13916));
#13906 = ORIENTED_EDGE('',*,*,#13907,.F.);
#13907 = EDGE_CURVE('',#11837,#13908,#13910,.T.);
#13908 = VERTEX_POINT('',#13909);
#13909 = CARTESIAN_POINT('',(0.32,-13.02,8.38));
#13910 = LINE('',#13911,#13912);
#13911 = CARTESIAN_POINT('',(0.32,-13.02,-3.));
#13912 = VECTOR('',#13913,1.);
#13913 = DIRECTION('',(0.,0.,1.));
#13914 = ORIENTED_EDGE('',*,*,#11844,.T.);
#13915 = ORIENTED_EDGE('',*,*,#13883,.T.);
#13916 = ORIENTED_EDGE('',*,*,#13917,.T.);
#13917 = EDGE_CURVE('',#13884,#13908,#13918,.T.);
#13918 = LINE('',#13919,#13920);
#13919 = CARTESIAN_POINT('',(-0.32,-13.02,8.38));
#13920 = VECTOR('',#13921,1.);
#13921 = DIRECTION('',(1.,0.,0.));
#13922 = PLANE('',#13923);
#13923 = AXIS2_PLACEMENT_3D('',#13924,#13925,#13926);
#13924 = CARTESIAN_POINT('',(-0.32,-13.02,-3.));
#13925 = DIRECTION('',(0.,1.,0.));
#13926 = DIRECTION('',(0.,-0.,1.));
#13927 = ADVANCED_FACE('',(#13928),#13939,.T.);
#13928 = FACE_BOUND('',#13929,.T.);
#13929 = EDGE_LOOP('',(#13930,#13931,#13932,#13933));
#13930 = ORIENTED_EDGE('',*,*,#13907,.F.);
#13931 = ORIENTED_EDGE('',*,*,#11836,.T.);
#13932 = ORIENTED_EDGE('',*,*,#13852,.T.);
#13933 = ORIENTED_EDGE('',*,*,#13934,.F.);
#13934 = EDGE_CURVE('',#13908,#13853,#13935,.T.);
#13935 = LINE('',#13936,#13937);
#13936 = CARTESIAN_POINT('',(0.32,-13.02,8.38));
#13937 = VECTOR('',#13938,1.);
#13938 = DIRECTION('',(0.,1.,0.));
#13939 = PLANE('',#13940);
#13940 = AXIS2_PLACEMENT_3D('',#13941,#13942,#13943);
#13941 = CARTESIAN_POINT('',(0.32,-13.02,-3.));
#13942 = DIRECTION('',(1.,0.,0.));
#13943 = DIRECTION('',(0.,0.,1.));
#13944 = ADVANCED_FACE('',(#13945),#13970,.T.);
#13945 = FACE_BOUND('',#13946,.T.);
#13946 = EDGE_LOOP('',(#13947,#13955,#13956,#13964));
#13947 = ORIENTED_EDGE('',*,*,#13948,.F.);
#13948 = EDGE_CURVE('',#11861,#13949,#13951,.T.);
#13949 = VERTEX_POINT('',#13950);
#13950 = CARTESIAN_POINT('',(0.32,-10.48,8.38));
#13951 = LINE('',#13952,#13953);
#13952 = CARTESIAN_POINT('',(0.32,-10.48,-3.));
#13953 = VECTOR('',#13954,1.);
#13954 = DIRECTION('',(0.,0.,1.));
#13955 = ORIENTED_EDGE('',*,*,#11860,.T.);
#13956 = ORIENTED_EDGE('',*,*,#13957,.T.);
#13957 = EDGE_CURVE('',#11863,#13958,#13960,.T.);
#13958 = VERTEX_POINT('',#13959);
#13959 = CARTESIAN_POINT('',(0.32,-9.84,8.38));
#13960 = LINE('',#13961,#13962);
#13961 = CARTESIAN_POINT('',(0.32,-9.84,-3.));
#13962 = VECTOR('',#13963,1.);
#13963 = DIRECTION('',(0.,0.,1.));
#13964 = ORIENTED_EDGE('',*,*,#13965,.F.);
#13965 = EDGE_CURVE('',#13949,#13958,#13966,.T.);
#13966 = LINE('',#13967,#13968);
#13967 = CARTESIAN_POINT('',(0.32,-10.48,8.38));
#13968 = VECTOR('',#13969,1.);
#13969 = DIRECTION('',(0.,1.,0.));
#13970 = PLANE('',#13971);
#13971 = AXIS2_PLACEMENT_3D('',#13972,#13973,#13974);
#13972 = CARTESIAN_POINT('',(0.32,-10.48,-3.));
#13973 = DIRECTION('',(1.,0.,0.));
#13974 = DIRECTION('',(0.,0.,1.));
#13975 = ADVANCED_FACE('',(#13976),#13994,.T.);
#13976 = FACE_BOUND('',#13977,.T.);
#13977 = EDGE_LOOP('',(#13978,#13979,#13980,#13988));
#13978 = ORIENTED_EDGE('',*,*,#13957,.F.);
#13979 = ORIENTED_EDGE('',*,*,#11886,.T.);
#13980 = ORIENTED_EDGE('',*,*,#13981,.T.);
#13981 = EDGE_CURVE('',#11879,#13982,#13984,.T.);
#13982 = VERTEX_POINT('',#13983);
#13983 = CARTESIAN_POINT('',(-0.32,-9.84,8.38));
#13984 = LINE('',#13985,#13986);
#13985 = CARTESIAN_POINT('',(-0.32,-9.84,-3.));
#13986 = VECTOR('',#13987,1.);
#13987 = DIRECTION('',(0.,0.,1.));
#13988 = ORIENTED_EDGE('',*,*,#13989,.T.);
#13989 = EDGE_CURVE('',#13982,#13958,#13990,.T.);
#13990 = LINE('',#13991,#13992);
#13991 = CARTESIAN_POINT('',(-0.32,-9.84,8.38));
#13992 = VECTOR('',#13993,1.);
#13993 = DIRECTION('',(1.,0.,0.));
#13994 = PLANE('',#13995);
#13995 = AXIS2_PLACEMENT_3D('',#13996,#13997,#13998);
#13996 = CARTESIAN_POINT('',(-0.32,-9.84,-3.));
#13997 = DIRECTION('',(0.,1.,0.));
#13998 = DIRECTION('',(0.,-0.,1.));
#13999 = ADVANCED_FACE('',(#14000),#14018,.F.);
#14000 = FACE_BOUND('',#14001,.F.);
#14001 = EDGE_LOOP('',(#14002,#14010,#14011,#14012));
#14002 = ORIENTED_EDGE('',*,*,#14003,.F.);
#14003 = EDGE_CURVE('',#11871,#14004,#14006,.T.);
#14004 = VERTEX_POINT('',#14005);
#14005 = CARTESIAN_POINT('',(-0.32,-10.48,8.38));
#14006 = LINE('',#14007,#14008);
#14007 = CARTESIAN_POINT('',(-0.32,-10.48,-3.));
#14008 = VECTOR('',#14009,1.);
#14009 = DIRECTION('',(0.,0.,1.));
#14010 = ORIENTED_EDGE('',*,*,#11878,.T.);
#14011 = ORIENTED_EDGE('',*,*,#13981,.T.);
#14012 = ORIENTED_EDGE('',*,*,#14013,.F.);
#14013 = EDGE_CURVE('',#14004,#13982,#14014,.T.);
#14014 = LINE('',#14015,#14016);
#14015 = CARTESIAN_POINT('',(-0.32,-10.48,8.38));
#14016 = VECTOR('',#14017,1.);
#14017 = DIRECTION('',(0.,1.,0.));
#14018 = PLANE('',#14019);
#14019 = AXIS2_PLACEMENT_3D('',#14020,#14021,#14022);
#14020 = CARTESIAN_POINT('',(-0.32,-10.48,-3.));
#14021 = DIRECTION('',(1.,0.,0.));
#14022 = DIRECTION('',(0.,0.,1.));
#14023 = ADVANCED_FACE('',(#14024),#14035,.F.);
#14024 = FACE_BOUND('',#14025,.F.);
#14025 = EDGE_LOOP('',(#14026,#14027,#14028,#14029));
#14026 = ORIENTED_EDGE('',*,*,#13948,.F.);
#14027 = ORIENTED_EDGE('',*,*,#11870,.T.);
#14028 = ORIENTED_EDGE('',*,*,#14003,.T.);
#14029 = ORIENTED_EDGE('',*,*,#14030,.T.);
#14030 = EDGE_CURVE('',#14004,#13949,#14031,.T.);
#14031 = LINE('',#14032,#14033);
#14032 = CARTESIAN_POINT('',(-0.32,-10.48,8.38));
#14033 = VECTOR('',#14034,1.);
#14034 = DIRECTION('',(1.,0.,0.));
#14035 = PLANE('',#14036);
#14036 = AXIS2_PLACEMENT_3D('',#14037,#14038,#14039);
#14037 = CARTESIAN_POINT('',(-0.32,-10.48,-3.));
#14038 = DIRECTION('',(0.,1.,0.));
#14039 = DIRECTION('',(0.,-0.,1.));
#14040 = ADVANCED_FACE('',(#14041),#14066,.T.);
#14041 = FACE_BOUND('',#14042,.T.);
#14042 = EDGE_LOOP('',(#14043,#14051,#14052,#14060));
#14043 = ORIENTED_EDGE('',*,*,#14044,.F.);
#14044 = EDGE_CURVE('',#11895,#14045,#14047,.T.);
#14045 = VERTEX_POINT('',#14046);
#14046 = CARTESIAN_POINT('',(0.32,-2.22,8.38));
#14047 = LINE('',#14048,#14049);
#14048 = CARTESIAN_POINT('',(0.32,-2.22,-3.));
#14049 = VECTOR('',#14050,1.);
#14050 = DIRECTION('',(0.,0.,1.));
#14051 = ORIENTED_EDGE('',*,*,#11894,.T.);
#14052 = ORIENTED_EDGE('',*,*,#14053,.T.);
#14053 = EDGE_CURVE('',#11897,#14054,#14056,.T.);
#14054 = VERTEX_POINT('',#14055);
#14055 = CARTESIAN_POINT('',(-0.32,-2.22,8.38));
#14056 = LINE('',#14057,#14058);
#14057 = CARTESIAN_POINT('',(-0.32,-2.22,-3.));
#14058 = VECTOR('',#14059,1.);
#14059 = DIRECTION('',(0.,0.,1.));
#14060 = ORIENTED_EDGE('',*,*,#14061,.T.);
#14061 = EDGE_CURVE('',#14054,#14045,#14062,.T.);
#14062 = LINE('',#14063,#14064);
#14063 = CARTESIAN_POINT('',(-0.32,-2.22,8.38));
#14064 = VECTOR('',#14065,1.);
#14065 = DIRECTION('',(1.,0.,0.));
#14066 = PLANE('',#14067);
#14067 = AXIS2_PLACEMENT_3D('',#14068,#14069,#14070);
#14068 = CARTESIAN_POINT('',(-0.32,-2.22,-3.));
#14069 = DIRECTION('',(0.,1.,0.));
#14070 = DIRECTION('',(0.,-0.,1.));
#14071 = ADVANCED_FACE('',(#14072),#14090,.F.);
#14072 = FACE_BOUND('',#14073,.F.);
#14073 = EDGE_LOOP('',(#14074,#14082,#14083,#14084));
#14074 = ORIENTED_EDGE('',*,*,#14075,.F.);
#14075 = EDGE_CURVE('',#11913,#14076,#14078,.T.);
#14076 = VERTEX_POINT('',#14077);
#14077 = CARTESIAN_POINT('',(-0.32,-2.86,8.38));
#14078 = LINE('',#14079,#14080);
#14079 = CARTESIAN_POINT('',(-0.32,-2.86,-3.));
#14080 = VECTOR('',#14081,1.);
#14081 = DIRECTION('',(0.,0.,1.));
#14082 = ORIENTED_EDGE('',*,*,#11920,.T.);
#14083 = ORIENTED_EDGE('',*,*,#14053,.T.);
#14084 = ORIENTED_EDGE('',*,*,#14085,.F.);
#14085 = EDGE_CURVE('',#14076,#14054,#14086,.T.);
#14086 = LINE('',#14087,#14088);
#14087 = CARTESIAN_POINT('',(-0.32,-2.86,8.38));
#14088 = VECTOR('',#14089,1.);
#14089 = DIRECTION('',(0.,1.,0.));
#14090 = PLANE('',#14091);
#14091 = AXIS2_PLACEMENT_3D('',#14092,#14093,#14094);
#14092 = CARTESIAN_POINT('',(-0.32,-2.86,-3.));
#14093 = DIRECTION('',(1.,0.,0.));
#14094 = DIRECTION('',(0.,0.,1.));
#14095 = ADVANCED_FACE('',(#14096),#14114,.F.);
#14096 = FACE_BOUND('',#14097,.F.);
#14097 = EDGE_LOOP('',(#14098,#14106,#14107,#14108));
#14098 = ORIENTED_EDGE('',*,*,#14099,.F.);
#14099 = EDGE_CURVE('',#11905,#14100,#14102,.T.);
#14100 = VERTEX_POINT('',#14101);
#14101 = CARTESIAN_POINT('',(0.32,-2.86,8.38));
#14102 = LINE('',#14103,#14104);
#14103 = CARTESIAN_POINT('',(0.32,-2.86,-3.));
#14104 = VECTOR('',#14105,1.);
#14105 = DIRECTION('',(0.,0.,1.));
#14106 = ORIENTED_EDGE('',*,*,#11912,.T.);
#14107 = ORIENTED_EDGE('',*,*,#14075,.T.);
#14108 = ORIENTED_EDGE('',*,*,#14109,.T.);
#14109 = EDGE_CURVE('',#14076,#14100,#14110,.T.);
#14110 = LINE('',#14111,#14112);
#14111 = CARTESIAN_POINT('',(-0.32,-2.86,8.38));
#14112 = VECTOR('',#14113,1.);
#14113 = DIRECTION('',(1.,0.,0.));
#14114 = PLANE('',#14115);
#14115 = AXIS2_PLACEMENT_3D('',#14116,#14117,#14118);
#14116 = CARTESIAN_POINT('',(-0.32,-2.86,-3.));
#14117 = DIRECTION('',(0.,1.,0.));
#14118 = DIRECTION('',(0.,-0.,1.));
#14119 = ADVANCED_FACE('',(#14120),#14131,.T.);
#14120 = FACE_BOUND('',#14121,.T.);
#14121 = EDGE_LOOP('',(#14122,#14123,#14124,#14125));
#14122 = ORIENTED_EDGE('',*,*,#14099,.F.);
#14123 = ORIENTED_EDGE('',*,*,#11904,.T.);
#14124 = ORIENTED_EDGE('',*,*,#14044,.T.);
#14125 = ORIENTED_EDGE('',*,*,#14126,.F.);
#14126 = EDGE_CURVE('',#14100,#14045,#14127,.T.);
#14127 = LINE('',#14128,#14129);
#14128 = CARTESIAN_POINT('',(0.32,-2.86,8.38));
#14129 = VECTOR('',#14130,1.);
#14130 = DIRECTION('',(0.,1.,0.));
#14131 = PLANE('',#14132);
#14132 = AXIS2_PLACEMENT_3D('',#14133,#14134,#14135);
#14133 = CARTESIAN_POINT('',(0.32,-2.86,-3.));
#14134 = DIRECTION('',(1.,0.,0.));
#14135 = DIRECTION('',(0.,0.,1.));
#14136 = ADVANCED_FACE('',(#14137),#14162,.F.);
#14137 = FACE_BOUND('',#14138,.F.);
#14138 = EDGE_LOOP('',(#14139,#14147,#14148,#14156));
#14139 = ORIENTED_EDGE('',*,*,#14140,.F.);
#14140 = EDGE_CURVE('',#11929,#14141,#14143,.T.);
#14141 = VERTEX_POINT('',#14142);
#14142 = CARTESIAN_POINT('',(0.32,-5.4,8.38));
#14143 = LINE('',#14144,#14145);
#14144 = CARTESIAN_POINT('',(0.32,-5.4,-3.));
#14145 = VECTOR('',#14146,1.);
#14146 = DIRECTION('',(0.,0.,1.));
#14147 = ORIENTED_EDGE('',*,*,#11928,.T.);
#14148 = ORIENTED_EDGE('',*,*,#14149,.T.);
#14149 = EDGE_CURVE('',#11931,#14150,#14152,.T.);
#14150 = VERTEX_POINT('',#14151);
#14151 = CARTESIAN_POINT('',(-0.32,-5.4,8.38));
#14152 = LINE('',#14153,#14154);
#14153 = CARTESIAN_POINT('',(-0.32,-5.4,-3.));
#14154 = VECTOR('',#14155,1.);
#14155 = DIRECTION('',(0.,0.,1.));
#14156 = ORIENTED_EDGE('',*,*,#14157,.T.);
#14157 = EDGE_CURVE('',#14150,#14141,#14158,.T.);
#14158 = LINE('',#14159,#14160);
#14159 = CARTESIAN_POINT('',(-0.32,-5.4,8.38));
#14160 = VECTOR('',#14161,1.);
#14161 = DIRECTION('',(1.,0.,0.));
#14162 = PLANE('',#14163);
#14163 = AXIS2_PLACEMENT_3D('',#14164,#14165,#14166);
#14164 = CARTESIAN_POINT('',(-0.32,-5.4,-3.));
#14165 = DIRECTION('',(0.,1.,0.));
#14166 = DIRECTION('',(0.,-0.,1.));
#14167 = ADVANCED_FACE('',(#14168),#14186,.T.);
#14168 = FACE_BOUND('',#14169,.T.);
#14169 = EDGE_LOOP('',(#14170,#14171,#14172,#14180));
#14170 = ORIENTED_EDGE('',*,*,#14140,.F.);
#14171 = ORIENTED_EDGE('',*,*,#11954,.T.);
#14172 = ORIENTED_EDGE('',*,*,#14173,.T.);
#14173 = EDGE_CURVE('',#11947,#14174,#14176,.T.);
#14174 = VERTEX_POINT('',#14175);
#14175 = CARTESIAN_POINT('',(0.32,-4.76,8.38));
#14176 = LINE('',#14177,#14178);
#14177 = CARTESIAN_POINT('',(0.32,-4.76,-3.));
#14178 = VECTOR('',#14179,1.);
#14179 = DIRECTION('',(0.,0.,1.));
#14180 = ORIENTED_EDGE('',*,*,#14181,.F.);
#14181 = EDGE_CURVE('',#14141,#14174,#14182,.T.);
#14182 = LINE('',#14183,#14184);
#14183 = CARTESIAN_POINT('',(0.32,-5.4,8.38));
#14184 = VECTOR('',#14185,1.);
#14185 = DIRECTION('',(0.,1.,0.));
#14186 = PLANE('',#14187);
#14187 = AXIS2_PLACEMENT_3D('',#14188,#14189,#14190);
#14188 = CARTESIAN_POINT('',(0.32,-5.4,-3.));
#14189 = DIRECTION('',(1.,0.,0.));
#14190 = DIRECTION('',(0.,0.,1.));
#14191 = ADVANCED_FACE('',(#14192),#14210,.T.);
#14192 = FACE_BOUND('',#14193,.T.);
#14193 = EDGE_LOOP('',(#14194,#14195,#14196,#14204));
#14194 = ORIENTED_EDGE('',*,*,#14173,.F.);
#14195 = ORIENTED_EDGE('',*,*,#11946,.T.);
#14196 = ORIENTED_EDGE('',*,*,#14197,.T.);
#14197 = EDGE_CURVE('',#11939,#14198,#14200,.T.);
#14198 = VERTEX_POINT('',#14199);
#14199 = CARTESIAN_POINT('',(-0.32,-4.76,8.38));
#14200 = LINE('',#14201,#14202);
#14201 = CARTESIAN_POINT('',(-0.32,-4.76,-3.));
#14202 = VECTOR('',#14203,1.);
#14203 = DIRECTION('',(0.,0.,1.));
#14204 = ORIENTED_EDGE('',*,*,#14205,.T.);
#14205 = EDGE_CURVE('',#14198,#14174,#14206,.T.);
#14206 = LINE('',#14207,#14208);
#14207 = CARTESIAN_POINT('',(-0.32,-4.76,8.38));
#14208 = VECTOR('',#14209,1.);
#14209 = DIRECTION('',(1.,0.,0.));
#14210 = PLANE('',#14211);
#14211 = AXIS2_PLACEMENT_3D('',#14212,#14213,#14214);
#14212 = CARTESIAN_POINT('',(-0.32,-4.76,-3.));
#14213 = DIRECTION('',(0.,1.,0.));
#14214 = DIRECTION('',(0.,-0.,1.));
#14215 = ADVANCED_FACE('',(#14216),#14227,.F.);
#14216 = FACE_BOUND('',#14217,.F.);
#14217 = EDGE_LOOP('',(#14218,#14219,#14220,#14221));
#14218 = ORIENTED_EDGE('',*,*,#14149,.F.);
#14219 = ORIENTED_EDGE('',*,*,#11938,.T.);
#14220 = ORIENTED_EDGE('',*,*,#14197,.T.);
#14221 = ORIENTED_EDGE('',*,*,#14222,.F.);
#14222 = EDGE_CURVE('',#14150,#14198,#14223,.T.);
#14223 = LINE('',#14224,#14225);
#14224 = CARTESIAN_POINT('',(-0.32,-5.4,8.38));
#14225 = VECTOR('',#14226,1.);
#14226 = DIRECTION('',(0.,1.,0.));
#14227 = PLANE('',#14228);
#14228 = AXIS2_PLACEMENT_3D('',#14229,#14230,#14231);
#14229 = CARTESIAN_POINT('',(-0.32,-5.4,-3.));
#14230 = DIRECTION('',(1.,0.,0.));
#14231 = DIRECTION('',(0.,0.,1.));
#14232 = ADVANCED_FACE('',(#14233),#14258,.T.);
#14233 = FACE_BOUND('',#14234,.T.);
#14234 = EDGE_LOOP('',(#14235,#14243,#14244,#14252));
#14235 = ORIENTED_EDGE('',*,*,#14236,.F.);
#14236 = EDGE_CURVE('',#11963,#14237,#14239,.T.);
#14237 = VERTEX_POINT('',#14238);
#14238 = CARTESIAN_POINT('',(0.32,-0.32,8.38));
#14239 = LINE('',#14240,#14241);
#14240 = CARTESIAN_POINT('',(0.32,-0.32,-3.));
#14241 = VECTOR('',#14242,1.);
#14242 = DIRECTION('',(0.,0.,1.));
#14243 = ORIENTED_EDGE('',*,*,#11962,.T.);
#14244 = ORIENTED_EDGE('',*,*,#14245,.T.);
#14245 = EDGE_CURVE('',#11965,#14246,#14248,.T.);
#14246 = VERTEX_POINT('',#14247);
#14247 = CARTESIAN_POINT('',(0.32,0.32,8.38));
#14248 = LINE('',#14249,#14250);
#14249 = CARTESIAN_POINT('',(0.32,0.32,-3.));
#14250 = VECTOR('',#14251,1.);
#14251 = DIRECTION('',(0.,0.,1.));
#14252 = ORIENTED_EDGE('',*,*,#14253,.F.);
#14253 = EDGE_CURVE('',#14237,#14246,#14254,.T.);
#14254 = LINE('',#14255,#14256);
#14255 = CARTESIAN_POINT('',(0.32,-0.32,8.38));
#14256 = VECTOR('',#14257,1.);
#14257 = DIRECTION('',(0.,1.,0.));
#14258 = PLANE('',#14259);
#14259 = AXIS2_PLACEMENT_3D('',#14260,#14261,#14262);
#14260 = CARTESIAN_POINT('',(0.32,-0.32,-3.));
#14261 = DIRECTION('',(1.,0.,0.));
#14262 = DIRECTION('',(0.,0.,1.));
#14263 = ADVANCED_FACE('',(#14264),#14282,.T.);
#14264 = FACE_BOUND('',#14265,.T.);
#14265 = EDGE_LOOP('',(#14266,#14267,#14268,#14276));
#14266 = ORIENTED_EDGE('',*,*,#14245,.F.);
#14267 = ORIENTED_EDGE('',*,*,#11988,.T.);
#14268 = ORIENTED_EDGE('',*,*,#14269,.T.);
#14269 = EDGE_CURVE('',#11981,#14270,#14272,.T.);
#14270 = VERTEX_POINT('',#14271);
#14271 = CARTESIAN_POINT('',(-0.32,0.32,8.38));
#14272 = LINE('',#14273,#14274);
#14273 = CARTESIAN_POINT('',(-0.32,0.32,-3.));
#14274 = VECTOR('',#14275,1.);
#14275 = DIRECTION('',(0.,0.,1.));
#14276 = ORIENTED_EDGE('',*,*,#14277,.T.);
#14277 = EDGE_CURVE('',#14270,#14246,#14278,.T.);
#14278 = LINE('',#14279,#14280);
#14279 = CARTESIAN_POINT('',(-0.32,0.32,8.38));
#14280 = VECTOR('',#14281,1.);
#14281 = DIRECTION('',(1.,0.,0.));
#14282 = PLANE('',#14283);
#14283 = AXIS2_PLACEMENT_3D('',#14284,#14285,#14286);
#14284 = CARTESIAN_POINT('',(-0.32,0.32,-3.));
#14285 = DIRECTION('',(0.,1.,0.));
#14286 = DIRECTION('',(0.,-0.,1.));
#14287 = ADVANCED_FACE('',(#14288),#14306,.F.);
#14288 = FACE_BOUND('',#14289,.F.);
#14289 = EDGE_LOOP('',(#14290,#14298,#14299,#14300));
#14290 = ORIENTED_EDGE('',*,*,#14291,.F.);
#14291 = EDGE_CURVE('',#11973,#14292,#14294,.T.);
#14292 = VERTEX_POINT('',#14293);
#14293 = CARTESIAN_POINT('',(-0.32,-0.32,8.38));
#14294 = LINE('',#14295,#14296);
#14295 = CARTESIAN_POINT('',(-0.32,-0.32,-3.));
#14296 = VECTOR('',#14297,1.);
#14297 = DIRECTION('',(0.,0.,1.));
#14298 = ORIENTED_EDGE('',*,*,#11980,.T.);
#14299 = ORIENTED_EDGE('',*,*,#14269,.T.);
#14300 = ORIENTED_EDGE('',*,*,#14301,.F.);
#14301 = EDGE_CURVE('',#14292,#14270,#14302,.T.);
#14302 = LINE('',#14303,#14304);
#14303 = CARTESIAN_POINT('',(-0.32,-0.32,8.38));
#14304 = VECTOR('',#14305,1.);
#14305 = DIRECTION('',(0.,1.,0.));
#14306 = PLANE('',#14307);
#14307 = AXIS2_PLACEMENT_3D('',#14308,#14309,#14310);
#14308 = CARTESIAN_POINT('',(-0.32,-0.32,-3.));
#14309 = DIRECTION('',(1.,0.,0.));
#14310 = DIRECTION('',(0.,0.,1.));
#14311 = ADVANCED_FACE('',(#14312),#14323,.F.);
#14312 = FACE_BOUND('',#14313,.F.);
#14313 = EDGE_LOOP('',(#14314,#14315,#14316,#14317));
#14314 = ORIENTED_EDGE('',*,*,#14236,.F.);
#14315 = ORIENTED_EDGE('',*,*,#11972,.T.);
#14316 = ORIENTED_EDGE('',*,*,#14291,.T.);
#14317 = ORIENTED_EDGE('',*,*,#14318,.T.);
#14318 = EDGE_CURVE('',#14292,#14237,#14319,.T.);
#14319 = LINE('',#14320,#14321);
#14320 = CARTESIAN_POINT('',(-0.32,-0.32,8.38));
#14321 = VECTOR('',#14322,1.);
#14322 = DIRECTION('',(1.,0.,0.));
#14323 = PLANE('',#14324);
#14324 = AXIS2_PLACEMENT_3D('',#14325,#14326,#14327);
#14325 = CARTESIAN_POINT('',(-0.32,-0.32,-3.));
#14326 = DIRECTION('',(0.,1.,0.));
#14327 = DIRECTION('',(0.,-0.,1.));
#14328 = ADVANCED_FACE('',(#14329),#14354,.T.);
#14329 = FACE_BOUND('',#14330,.F.);
#14330 = EDGE_LOOP('',(#14331,#14339,#14340,#14348));
#14331 = ORIENTED_EDGE('',*,*,#14332,.F.);
#14332 = EDGE_CURVE('',#12805,#14333,#14335,.T.);
#14333 = VERTEX_POINT('',#14334);
#14334 = CARTESIAN_POINT('',(-0.16,-17.94,-3.));
#14335 = LINE('',#14336,#14337);
#14336 = CARTESIAN_POINT('',(-0.266666666667,-18.04666666666,
    -2.893333333333));
#14337 = VECTOR('',#14338,1.);
#14338 = DIRECTION('',(0.57735026919,0.57735026919,-0.57735026919));
#14339 = ORIENTED_EDGE('',*,*,#12804,.T.);
#14340 = ORIENTED_EDGE('',*,*,#14341,.T.);
#14341 = EDGE_CURVE('',#12797,#14342,#14344,.T.);
#14342 = VERTEX_POINT('',#14343);
#14343 = CARTESIAN_POINT('',(0.16,-17.94,-3.));
#14344 = LINE('',#14345,#14346);
#14345 = CARTESIAN_POINT('',(0.16,-17.94,-3.));
#14346 = VECTOR('',#14347,1.);
#14347 = DIRECTION('',(-0.57735026919,0.57735026919,-0.57735026919));
#14348 = ORIENTED_EDGE('',*,*,#14349,.F.);
#14349 = EDGE_CURVE('',#14333,#14342,#14350,.T.);
#14350 = LINE('',#14351,#14352);
#14351 = CARTESIAN_POINT('',(-0.32,-17.94,-3.));
#14352 = VECTOR('',#14353,1.);
#14353 = DIRECTION('',(1.,0.,0.));
#14354 = PLANE('',#14355);
#14355 = AXIS2_PLACEMENT_3D('',#14356,#14357,#14358);
#14356 = CARTESIAN_POINT('',(-0.32,-18.02,-2.92));
#14357 = DIRECTION('',(1.735167508357E-18,-0.707106781187,
    -0.707106781187));
#14358 = DIRECTION('',(-1.,-1.226948711654E-18,-1.226948711654E-18));
#14359 = ADVANCED_FACE('',(#14360),#14378,.F.);
#14360 = FACE_BOUND('',#14361,.F.);
#14361 = EDGE_LOOP('',(#14362,#14363,#14364,#14372));
#14362 = ORIENTED_EDGE('',*,*,#14341,.F.);
#14363 = ORIENTED_EDGE('',*,*,#12828,.T.);
#14364 = ORIENTED_EDGE('',*,*,#14365,.T.);
#14365 = EDGE_CURVE('',#12829,#14366,#14368,.T.);
#14366 = VERTEX_POINT('',#14367);
#14367 = CARTESIAN_POINT('',(0.16,-17.62,-3.));
#14368 = LINE('',#14369,#14370);
#14369 = CARTESIAN_POINT('',(5.333333333333E-02,-17.72666666666,
    -3.106666666667));
#14370 = VECTOR('',#14371,1.);
#14371 = DIRECTION('',(-0.57735026919,-0.57735026919,-0.57735026919));
#14372 = ORIENTED_EDGE('',*,*,#14373,.F.);
#14373 = EDGE_CURVE('',#14342,#14366,#14374,.T.);
#14374 = LINE('',#14375,#14376);
#14375 = CARTESIAN_POINT('',(0.16,-18.1,-3.));
#14376 = VECTOR('',#14377,1.);
#14377 = DIRECTION('',(0.,1.,0.));
#14378 = PLANE('',#14379);
#14379 = AXIS2_PLACEMENT_3D('',#14380,#14381,#14382);
#14380 = CARTESIAN_POINT('',(0.24,-18.1,-2.92));
#14381 = DIRECTION('',(-0.707106781187,1.735167508357E-18,0.707106781187
    ));
#14382 = DIRECTION('',(1.226948711654E-18,1.,-1.226948711654E-18));
#14383 = ADVANCED_FACE('',(#14384),#14402,.F.);
#14384 = FACE_BOUND('',#14385,.T.);
#14385 = EDGE_LOOP('',(#14386,#14394,#14395,#14396));
#14386 = ORIENTED_EDGE('',*,*,#14387,.F.);
#14387 = EDGE_CURVE('',#12853,#14388,#14390,.T.);
#14388 = VERTEX_POINT('',#14389);
#14389 = CARTESIAN_POINT('',(-0.16,-17.62,-3.));
#14390 = LINE('',#14391,#14392);
#14391 = CARTESIAN_POINT('',(-0.16,-17.62,-3.));
#14392 = VECTOR('',#14393,1.);
#14393 = DIRECTION('',(0.57735026919,-0.57735026919,-0.57735026919));
#14394 = ORIENTED_EDGE('',*,*,#12852,.T.);
#14395 = ORIENTED_EDGE('',*,*,#14365,.T.);
#14396 = ORIENTED_EDGE('',*,*,#14397,.F.);
#14397 = EDGE_CURVE('',#14388,#14366,#14398,.T.);
#14398 = LINE('',#14399,#14400);
#14399 = CARTESIAN_POINT('',(-0.32,-17.62,-3.));
#14400 = VECTOR('',#14401,1.);
#14401 = DIRECTION('',(1.,0.,0.));
#14402 = PLANE('',#14403);
#14403 = AXIS2_PLACEMENT_3D('',#14404,#14405,#14406);
#14404 = CARTESIAN_POINT('',(-0.32,-17.54,-2.92));
#14405 = DIRECTION('',(-1.735167508357E-18,-0.707106781187,
    0.707106781187));
#14406 = DIRECTION('',(-1.,1.226948711654E-18,-1.226948711654E-18));
#14407 = ADVANCED_FACE('',(#14408),#14419,.T.);
#14408 = FACE_BOUND('',#14409,.T.);
#14409 = EDGE_LOOP('',(#14410,#14411,#14412,#14413));
#14410 = ORIENTED_EDGE('',*,*,#14332,.F.);
#14411 = ORIENTED_EDGE('',*,*,#12876,.T.);
#14412 = ORIENTED_EDGE('',*,*,#14387,.T.);
#14413 = ORIENTED_EDGE('',*,*,#14414,.F.);
#14414 = EDGE_CURVE('',#14333,#14388,#14415,.T.);
#14415 = LINE('',#14416,#14417);
#14416 = CARTESIAN_POINT('',(-0.16,-18.1,-3.));
#14417 = VECTOR('',#14418,1.);
#14418 = DIRECTION('',(0.,1.,0.));
#14419 = PLANE('',#14420);
#14420 = AXIS2_PLACEMENT_3D('',#14421,#14422,#14423);
#14421 = CARTESIAN_POINT('',(-0.24,-18.1,-2.92));
#14422 = DIRECTION('',(-0.707106781187,-1.735167508357E-18,
    -0.707106781187));
#14423 = DIRECTION('',(-1.226948711654E-18,1.,-1.226948711654E-18));
#14424 = ADVANCED_FACE('',(#14425),#14450,.F.);
#14425 = FACE_BOUND('',#14426,.T.);
#14426 = EDGE_LOOP('',(#14427,#14435,#14436,#14444));
#14427 = ORIENTED_EDGE('',*,*,#14428,.F.);
#14428 = EDGE_CURVE('',#12901,#14429,#14431,.T.);
#14429 = VERTEX_POINT('',#14430);
#14430 = CARTESIAN_POINT('',(-0.16,-15.08,-3.));
#14431 = LINE('',#14432,#14433);
#14432 = CARTESIAN_POINT('',(-0.16,-15.08,-3.));
#14433 = VECTOR('',#14434,1.);
#14434 = DIRECTION('',(0.57735026919,-0.57735026919,-0.57735026919));
#14435 = ORIENTED_EDGE('',*,*,#12900,.T.);
#14436 = ORIENTED_EDGE('',*,*,#14437,.T.);
#14437 = EDGE_CURVE('',#12893,#14438,#14440,.T.);
#14438 = VERTEX_POINT('',#14439);
#14439 = CARTESIAN_POINT('',(0.16,-15.08,-3.));
#14440 = LINE('',#14441,#14442);
#14441 = CARTESIAN_POINT('',(5.333333333333E-02,-15.18666666666,
    -3.106666666667));
#14442 = VECTOR('',#14443,1.);
#14443 = DIRECTION('',(-0.57735026919,-0.57735026919,-0.57735026919));
#14444 = ORIENTED_EDGE('',*,*,#14445,.F.);
#14445 = EDGE_CURVE('',#14429,#14438,#14446,.T.);
#14446 = LINE('',#14447,#14448);
#14447 = CARTESIAN_POINT('',(-0.32,-15.08,-3.));
#14448 = VECTOR('',#14449,1.);
#14449 = DIRECTION('',(1.,0.,0.));
#14450 = PLANE('',#14451);
#14451 = AXIS2_PLACEMENT_3D('',#14452,#14453,#14454);
#14452 = CARTESIAN_POINT('',(-0.32,-15.,-2.92));
#14453 = DIRECTION('',(-1.735167508357E-18,-0.707106781187,
    0.707106781187));
#14454 = DIRECTION('',(-1.,1.226948711654E-18,-1.226948711654E-18));
#14455 = ADVANCED_FACE('',(#14456),#14474,.T.);
#14456 = FACE_BOUND('',#14457,.T.);
#14457 = EDGE_LOOP('',(#14458,#14466,#14467,#14468));
#14458 = ORIENTED_EDGE('',*,*,#14459,.F.);
#14459 = EDGE_CURVE('',#12924,#14460,#14462,.T.);
#14460 = VERTEX_POINT('',#14461);
#14461 = CARTESIAN_POINT('',(-0.16,-15.4,-3.));
#14462 = LINE('',#14463,#14464);
#14463 = CARTESIAN_POINT('',(-0.266666666667,-15.50666666666,
    -2.893333333333));
#14464 = VECTOR('',#14465,1.);
#14465 = DIRECTION('',(0.57735026919,0.57735026919,-0.57735026919));
#14466 = ORIENTED_EDGE('',*,*,#12931,.T.);
#14467 = ORIENTED_EDGE('',*,*,#14428,.T.);
#14468 = ORIENTED_EDGE('',*,*,#14469,.F.);
#14469 = EDGE_CURVE('',#14460,#14429,#14470,.T.);
#14470 = LINE('',#14471,#14472);
#14471 = CARTESIAN_POINT('',(-0.16,-15.56,-3.));
#14472 = VECTOR('',#14473,1.);
#14473 = DIRECTION('',(0.,1.,0.));
#14474 = PLANE('',#14475);
#14475 = AXIS2_PLACEMENT_3D('',#14476,#14477,#14478);
#14476 = CARTESIAN_POINT('',(-0.24,-15.56,-2.92));
#14477 = DIRECTION('',(-0.707106781187,-1.735167508357E-18,
    -0.707106781187));
#14478 = DIRECTION('',(-1.226948711654E-18,1.,-1.226948711654E-18));
#14479 = ADVANCED_FACE('',(#14480),#14498,.T.);
#14480 = FACE_BOUND('',#14481,.F.);
#14481 = EDGE_LOOP('',(#14482,#14483,#14484,#14492));
#14482 = ORIENTED_EDGE('',*,*,#14459,.F.);
#14483 = ORIENTED_EDGE('',*,*,#12955,.T.);
#14484 = ORIENTED_EDGE('',*,*,#14485,.T.);
#14485 = EDGE_CURVE('',#12948,#14486,#14488,.T.);
#14486 = VERTEX_POINT('',#14487);
#14487 = CARTESIAN_POINT('',(0.16,-15.4,-3.));
#14488 = LINE('',#14489,#14490);
#14489 = CARTESIAN_POINT('',(0.16,-15.4,-3.));
#14490 = VECTOR('',#14491,1.);
#14491 = DIRECTION('',(-0.57735026919,0.57735026919,-0.57735026919));
#14492 = ORIENTED_EDGE('',*,*,#14493,.F.);
#14493 = EDGE_CURVE('',#14460,#14486,#14494,.T.);
#14494 = LINE('',#14495,#14496);
#14495 = CARTESIAN_POINT('',(-0.32,-15.4,-3.));
#14496 = VECTOR('',#14497,1.);
#14497 = DIRECTION('',(1.,0.,0.));
#14498 = PLANE('',#14499);
#14499 = AXIS2_PLACEMENT_3D('',#14500,#14501,#14502);
#14500 = CARTESIAN_POINT('',(-0.32,-15.48,-2.92));
#14501 = DIRECTION('',(1.735167508357E-18,-0.707106781187,
    -0.707106781187));
#14502 = DIRECTION('',(-1.,-1.226948711654E-18,-1.226948711654E-18));
#14503 = ADVANCED_FACE('',(#14504),#14515,.F.);
#14504 = FACE_BOUND('',#14505,.F.);
#14505 = EDGE_LOOP('',(#14506,#14507,#14508,#14509));
#14506 = ORIENTED_EDGE('',*,*,#14485,.F.);
#14507 = ORIENTED_EDGE('',*,*,#12972,.T.);
#14508 = ORIENTED_EDGE('',*,*,#14437,.T.);
#14509 = ORIENTED_EDGE('',*,*,#14510,.F.);
#14510 = EDGE_CURVE('',#14486,#14438,#14511,.T.);
#14511 = LINE('',#14512,#14513);
#14512 = CARTESIAN_POINT('',(0.16,-15.56,-3.));
#14513 = VECTOR('',#14514,1.);
#14514 = DIRECTION('',(0.,1.,0.));
#14515 = PLANE('',#14516);
#14516 = AXIS2_PLACEMENT_3D('',#14517,#14518,#14519);
#14517 = CARTESIAN_POINT('',(0.24,-15.56,-2.92));
#14518 = DIRECTION('',(-0.707106781187,1.735167508357E-18,0.707106781187
    ));
#14519 = DIRECTION('',(1.226948711654E-18,1.,-1.226948711654E-18));
#14520 = ADVANCED_FACE('',(#14521),#14546,.F.);
#14521 = FACE_BOUND('',#14522,.F.);
#14522 = EDGE_LOOP('',(#14523,#14531,#14532,#14540));
#14523 = ORIENTED_EDGE('',*,*,#14524,.F.);
#14524 = EDGE_CURVE('',#12989,#14525,#14527,.T.);
#14525 = VERTEX_POINT('',#14526);
#14526 = CARTESIAN_POINT('',(0.16,-7.78,-3.));
#14527 = LINE('',#14528,#14529);
#14528 = CARTESIAN_POINT('',(0.16,-7.78,-3.));
#14529 = VECTOR('',#14530,1.);
#14530 = DIRECTION('',(-0.57735026919,0.57735026919,-0.57735026919));
#14531 = ORIENTED_EDGE('',*,*,#12996,.T.);
#14532 = ORIENTED_EDGE('',*,*,#14533,.T.);
#14533 = EDGE_CURVE('',#12997,#14534,#14536,.T.);
#14534 = VERTEX_POINT('',#14535);
#14535 = CARTESIAN_POINT('',(0.16,-7.46,-3.));
#14536 = LINE('',#14537,#14538);
#14537 = CARTESIAN_POINT('',(5.333333333333E-02,-7.566666666667,
    -3.106666666667));
#14538 = VECTOR('',#14539,1.);
#14539 = DIRECTION('',(-0.57735026919,-0.57735026919,-0.57735026919));
#14540 = ORIENTED_EDGE('',*,*,#14541,.F.);
#14541 = EDGE_CURVE('',#14525,#14534,#14542,.T.);
#14542 = LINE('',#14543,#14544);
#14543 = CARTESIAN_POINT('',(0.16,-7.94,-3.));
#14544 = VECTOR('',#14545,1.);
#14545 = DIRECTION('',(0.,1.,0.));
#14546 = PLANE('',#14547);
#14547 = AXIS2_PLACEMENT_3D('',#14548,#14549,#14550);
#14548 = CARTESIAN_POINT('',(0.24,-7.94,-2.92));
#14549 = DIRECTION('',(-0.707106781187,1.735167508357E-18,0.707106781187
    ));
#14550 = DIRECTION('',(1.226948711654E-18,1.,-1.226948711654E-18));
#14551 = ADVANCED_FACE('',(#14552),#14570,.F.);
#14552 = FACE_BOUND('',#14553,.T.);
#14553 = EDGE_LOOP('',(#14554,#14562,#14563,#14564));
#14554 = ORIENTED_EDGE('',*,*,#14555,.F.);
#14555 = EDGE_CURVE('',#13021,#14556,#14558,.T.);
#14556 = VERTEX_POINT('',#14557);
#14557 = CARTESIAN_POINT('',(-0.16,-7.46,-3.));
#14558 = LINE('',#14559,#14560);
#14559 = CARTESIAN_POINT('',(-0.16,-7.46,-3.));
#14560 = VECTOR('',#14561,1.);
#14561 = DIRECTION('',(0.57735026919,-0.57735026919,-0.57735026919));
#14562 = ORIENTED_EDGE('',*,*,#13020,.T.);
#14563 = ORIENTED_EDGE('',*,*,#14533,.T.);
#14564 = ORIENTED_EDGE('',*,*,#14565,.F.);
#14565 = EDGE_CURVE('',#14556,#14534,#14566,.T.);
#14566 = LINE('',#14567,#14568);
#14567 = CARTESIAN_POINT('',(-0.32,-7.46,-3.));
#14568 = VECTOR('',#14569,1.);
#14569 = DIRECTION('',(1.,0.,0.));
#14570 = PLANE('',#14571);
#14571 = AXIS2_PLACEMENT_3D('',#14572,#14573,#14574);
#14572 = CARTESIAN_POINT('',(-0.32,-7.38,-2.92));
#14573 = DIRECTION('',(-1.735167508357E-18,-0.707106781187,
    0.707106781187));
#14574 = DIRECTION('',(-1.,1.226948711654E-18,-1.226948711654E-18));
#14575 = ADVANCED_FACE('',(#14576),#14594,.T.);
#14576 = FACE_BOUND('',#14577,.T.);
#14577 = EDGE_LOOP('',(#14578,#14586,#14587,#14588));
#14578 = ORIENTED_EDGE('',*,*,#14579,.F.);
#14579 = EDGE_CURVE('',#13044,#14580,#14582,.T.);
#14580 = VERTEX_POINT('',#14581);
#14581 = CARTESIAN_POINT('',(-0.16,-7.78,-3.));
#14582 = LINE('',#14583,#14584);
#14583 = CARTESIAN_POINT('',(-0.266666666667,-7.886666666667,
    -2.893333333333));
#14584 = VECTOR('',#14585,1.);
#14585 = DIRECTION('',(0.57735026919,0.57735026919,-0.57735026919));
#14586 = ORIENTED_EDGE('',*,*,#13051,.T.);
#14587 = ORIENTED_EDGE('',*,*,#14555,.T.);
#14588 = ORIENTED_EDGE('',*,*,#14589,.F.);
#14589 = EDGE_CURVE('',#14580,#14556,#14590,.T.);
#14590 = LINE('',#14591,#14592);
#14591 = CARTESIAN_POINT('',(-0.16,-7.94,-3.));
#14592 = VECTOR('',#14593,1.);
#14593 = DIRECTION('',(0.,1.,0.));
#14594 = PLANE('',#14595);
#14595 = AXIS2_PLACEMENT_3D('',#14596,#14597,#14598);
#14596 = CARTESIAN_POINT('',(-0.24,-7.94,-2.92));
#14597 = DIRECTION('',(-0.707106781187,-1.735167508357E-18,
    -0.707106781187));
#14598 = DIRECTION('',(-1.226948711654E-18,1.,-1.226948711654E-18));
#14599 = ADVANCED_FACE('',(#14600),#14611,.T.);
#14600 = FACE_BOUND('',#14601,.F.);
#14601 = EDGE_LOOP('',(#14602,#14603,#14604,#14605));
#14602 = ORIENTED_EDGE('',*,*,#14579,.F.);
#14603 = ORIENTED_EDGE('',*,*,#13068,.T.);
#14604 = ORIENTED_EDGE('',*,*,#14524,.T.);
#14605 = ORIENTED_EDGE('',*,*,#14606,.F.);
#14606 = EDGE_CURVE('',#14580,#14525,#14607,.T.);
#14607 = LINE('',#14608,#14609);
#14608 = CARTESIAN_POINT('',(-0.32,-7.78,-3.));
#14609 = VECTOR('',#14610,1.);
#14610 = DIRECTION('',(1.,0.,0.));
#14611 = PLANE('',#14612);
#14612 = AXIS2_PLACEMENT_3D('',#14613,#14614,#14615);
#14613 = CARTESIAN_POINT('',(-0.32,-7.86,-2.92));
#14614 = DIRECTION('',(1.735167508357E-18,-0.707106781187,
    -0.707106781187));
#14615 = DIRECTION('',(-1.,-1.226948711654E-18,-1.226948711654E-18));
#14616 = ADVANCED_FACE('',(#14617),#14642,.F.);
#14617 = FACE_BOUND('',#14618,.T.);
#14618 = EDGE_LOOP('',(#14619,#14627,#14628,#14636));
#14619 = ORIENTED_EDGE('',*,*,#14620,.F.);
#14620 = EDGE_CURVE('',#13093,#14621,#14623,.T.);
#14621 = VERTEX_POINT('',#14622);
#14622 = CARTESIAN_POINT('',(-0.16,-12.54,-3.));
#14623 = LINE('',#14624,#14625);
#14624 = CARTESIAN_POINT('',(-0.16,-12.54,-3.));
#14625 = VECTOR('',#14626,1.);
#14626 = DIRECTION('',(0.57735026919,-0.57735026919,-0.57735026919));
#14627 = ORIENTED_EDGE('',*,*,#13092,.T.);
#14628 = ORIENTED_EDGE('',*,*,#14629,.T.);
#14629 = EDGE_CURVE('',#13085,#14630,#14632,.T.);
#14630 = VERTEX_POINT('',#14631);
#14631 = CARTESIAN_POINT('',(0.16,-12.54,-3.));
#14632 = LINE('',#14633,#14634);
#14633 = CARTESIAN_POINT('',(5.333333333333E-02,-12.64666666666,
    -3.106666666667));
#14634 = VECTOR('',#14635,1.);
#14635 = DIRECTION('',(-0.57735026919,-0.57735026919,-0.57735026919));
#14636 = ORIENTED_EDGE('',*,*,#14637,.F.);
#14637 = EDGE_CURVE('',#14621,#14630,#14638,.T.);
#14638 = LINE('',#14639,#14640);
#14639 = CARTESIAN_POINT('',(-0.32,-12.54,-3.));
#14640 = VECTOR('',#14641,1.);
#14641 = DIRECTION('',(1.,0.,0.));
#14642 = PLANE('',#14643);
#14643 = AXIS2_PLACEMENT_3D('',#14644,#14645,#14646);
#14644 = CARTESIAN_POINT('',(-0.32,-12.46,-2.92));
#14645 = DIRECTION('',(-1.735167508357E-18,-0.707106781187,
    0.707106781187));
#14646 = DIRECTION('',(-1.,1.226948711654E-18,-1.226948711654E-18));
#14647 = ADVANCED_FACE('',(#14648),#14666,.T.);
#14648 = FACE_BOUND('',#14649,.T.);
#14649 = EDGE_LOOP('',(#14650,#14658,#14659,#14660));
#14650 = ORIENTED_EDGE('',*,*,#14651,.F.);
#14651 = EDGE_CURVE('',#13116,#14652,#14654,.T.);
#14652 = VERTEX_POINT('',#14653);
#14653 = CARTESIAN_POINT('',(-0.16,-12.86,-3.));
#14654 = LINE('',#14655,#14656);
#14655 = CARTESIAN_POINT('',(-0.266666666667,-12.96666666666,
    -2.893333333333));
#14656 = VECTOR('',#14657,1.);
#14657 = DIRECTION('',(0.57735026919,0.57735026919,-0.57735026919));
#14658 = ORIENTED_EDGE('',*,*,#13123,.T.);
#14659 = ORIENTED_EDGE('',*,*,#14620,.T.);
#14660 = ORIENTED_EDGE('',*,*,#14661,.F.);
#14661 = EDGE_CURVE('',#14652,#14621,#14662,.T.);
#14662 = LINE('',#14663,#14664);
#14663 = CARTESIAN_POINT('',(-0.16,-13.02,-3.));
#14664 = VECTOR('',#14665,1.);
#14665 = DIRECTION('',(0.,1.,0.));
#14666 = PLANE('',#14667);
#14667 = AXIS2_PLACEMENT_3D('',#14668,#14669,#14670);
#14668 = CARTESIAN_POINT('',(-0.24,-13.02,-2.92));
#14669 = DIRECTION('',(-0.707106781187,-1.735167508357E-18,
    -0.707106781187));
#14670 = DIRECTION('',(-1.226948711654E-18,1.,-1.226948711654E-18));
#14671 = ADVANCED_FACE('',(#14672),#14690,.T.);
#14672 = FACE_BOUND('',#14673,.F.);
#14673 = EDGE_LOOP('',(#14674,#14675,#14676,#14684));
#14674 = ORIENTED_EDGE('',*,*,#14651,.F.);
#14675 = ORIENTED_EDGE('',*,*,#13147,.T.);
#14676 = ORIENTED_EDGE('',*,*,#14677,.T.);
#14677 = EDGE_CURVE('',#13140,#14678,#14680,.T.);
#14678 = VERTEX_POINT('',#14679);
#14679 = CARTESIAN_POINT('',(0.16,-12.86,-3.));
#14680 = LINE('',#14681,#14682);
#14681 = CARTESIAN_POINT('',(0.16,-12.86,-3.));
#14682 = VECTOR('',#14683,1.);
#14683 = DIRECTION('',(-0.57735026919,0.57735026919,-0.57735026919));
#14684 = ORIENTED_EDGE('',*,*,#14685,.F.);
#14685 = EDGE_CURVE('',#14652,#14678,#14686,.T.);
#14686 = LINE('',#14687,#14688);
#14687 = CARTESIAN_POINT('',(-0.32,-12.86,-3.));
#14688 = VECTOR('',#14689,1.);
#14689 = DIRECTION('',(1.,0.,0.));
#14690 = PLANE('',#14691);
#14691 = AXIS2_PLACEMENT_3D('',#14692,#14693,#14694);
#14692 = CARTESIAN_POINT('',(-0.32,-12.94,-2.92));
#14693 = DIRECTION('',(1.735167508357E-18,-0.707106781187,
    -0.707106781187));
#14694 = DIRECTION('',(-1.,-1.226948711654E-18,-1.226948711654E-18));
#14695 = ADVANCED_FACE('',(#14696),#14707,.F.);
#14696 = FACE_BOUND('',#14697,.F.);
#14697 = EDGE_LOOP('',(#14698,#14699,#14700,#14701));
#14698 = ORIENTED_EDGE('',*,*,#14677,.F.);
#14699 = ORIENTED_EDGE('',*,*,#13164,.T.);
#14700 = ORIENTED_EDGE('',*,*,#14629,.T.);
#14701 = ORIENTED_EDGE('',*,*,#14702,.F.);
#14702 = EDGE_CURVE('',#14678,#14630,#14703,.T.);
#14703 = LINE('',#14704,#14705);
#14704 = CARTESIAN_POINT('',(0.16,-13.02,-3.));
#14705 = VECTOR('',#14706,1.);
#14706 = DIRECTION('',(0.,1.,0.));
#14707 = PLANE('',#14708);
#14708 = AXIS2_PLACEMENT_3D('',#14709,#14710,#14711);
#14709 = CARTESIAN_POINT('',(0.24,-13.02,-2.92));
#14710 = DIRECTION('',(-0.707106781187,1.735167508357E-18,0.707106781187
    ));
#14711 = DIRECTION('',(1.226948711654E-18,1.,-1.226948711654E-18));
#14712 = ADVANCED_FACE('',(#14713),#14738,.F.);
#14713 = FACE_BOUND('',#14714,.F.);
#14714 = EDGE_LOOP('',(#14715,#14723,#14724,#14732));
#14715 = ORIENTED_EDGE('',*,*,#14716,.F.);
#14716 = EDGE_CURVE('',#13181,#14717,#14719,.T.);
#14717 = VERTEX_POINT('',#14718);
#14718 = CARTESIAN_POINT('',(0.16,-10.32,-3.));
#14719 = LINE('',#14720,#14721);
#14720 = CARTESIAN_POINT('',(0.16,-10.32,-3.));
#14721 = VECTOR('',#14722,1.);
#14722 = DIRECTION('',(-0.57735026919,0.57735026919,-0.57735026919));
#14723 = ORIENTED_EDGE('',*,*,#13188,.T.);
#14724 = ORIENTED_EDGE('',*,*,#14725,.T.);
#14725 = EDGE_CURVE('',#13189,#14726,#14728,.T.);
#14726 = VERTEX_POINT('',#14727);
#14727 = CARTESIAN_POINT('',(0.16,-10.,-3.));
#14728 = LINE('',#14729,#14730);
#14729 = CARTESIAN_POINT('',(5.333333333333E-02,-10.10666666666,
    -3.106666666667));
#14730 = VECTOR('',#14731,1.);
#14731 = DIRECTION('',(-0.57735026919,-0.57735026919,-0.57735026919));
#14732 = ORIENTED_EDGE('',*,*,#14733,.F.);
#14733 = EDGE_CURVE('',#14717,#14726,#14734,.T.);
#14734 = LINE('',#14735,#14736);
#14735 = CARTESIAN_POINT('',(0.16,-10.48,-3.));
#14736 = VECTOR('',#14737,1.);
#14737 = DIRECTION('',(0.,1.,0.));
#14738 = PLANE('',#14739);
#14739 = AXIS2_PLACEMENT_3D('',#14740,#14741,#14742);
#14740 = CARTESIAN_POINT('',(0.24,-10.48,-2.92));
#14741 = DIRECTION('',(-0.707106781187,1.735167508357E-18,0.707106781187
    ));
#14742 = DIRECTION('',(1.226948711654E-18,1.,-1.226948711654E-18));
#14743 = ADVANCED_FACE('',(#14744),#14762,.F.);
#14744 = FACE_BOUND('',#14745,.T.);
#14745 = EDGE_LOOP('',(#14746,#14754,#14755,#14756));
#14746 = ORIENTED_EDGE('',*,*,#14747,.F.);
#14747 = EDGE_CURVE('',#13213,#14748,#14750,.T.);
#14748 = VERTEX_POINT('',#14749);
#14749 = CARTESIAN_POINT('',(-0.16,-10.,-3.));
#14750 = LINE('',#14751,#14752);
#14751 = CARTESIAN_POINT('',(-0.16,-10.,-3.));
#14752 = VECTOR('',#14753,1.);
#14753 = DIRECTION('',(0.57735026919,-0.57735026919,-0.57735026919));
#14754 = ORIENTED_EDGE('',*,*,#13212,.T.);
#14755 = ORIENTED_EDGE('',*,*,#14725,.T.);
#14756 = ORIENTED_EDGE('',*,*,#14757,.F.);
#14757 = EDGE_CURVE('',#14748,#14726,#14758,.T.);
#14758 = LINE('',#14759,#14760);
#14759 = CARTESIAN_POINT('',(-0.32,-10.,-3.));
#14760 = VECTOR('',#14761,1.);
#14761 = DIRECTION('',(1.,0.,0.));
#14762 = PLANE('',#14763);
#14763 = AXIS2_PLACEMENT_3D('',#14764,#14765,#14766);
#14764 = CARTESIAN_POINT('',(-0.32,-9.92,-2.92));
#14765 = DIRECTION('',(-1.735167508357E-18,-0.707106781187,
    0.707106781187));
#14766 = DIRECTION('',(-1.,1.226948711654E-18,-1.226948711654E-18));
#14767 = ADVANCED_FACE('',(#14768),#14786,.T.);
#14768 = FACE_BOUND('',#14769,.T.);
#14769 = EDGE_LOOP('',(#14770,#14778,#14779,#14780));
#14770 = ORIENTED_EDGE('',*,*,#14771,.F.);
#14771 = EDGE_CURVE('',#13236,#14772,#14774,.T.);
#14772 = VERTEX_POINT('',#14773);
#14773 = CARTESIAN_POINT('',(-0.16,-10.32,-3.));
#14774 = LINE('',#14775,#14776);
#14775 = CARTESIAN_POINT('',(-0.266666666667,-10.42666666666,
    -2.893333333333));
#14776 = VECTOR('',#14777,1.);
#14777 = DIRECTION('',(0.57735026919,0.57735026919,-0.57735026919));
#14778 = ORIENTED_EDGE('',*,*,#13243,.T.);
#14779 = ORIENTED_EDGE('',*,*,#14747,.T.);
#14780 = ORIENTED_EDGE('',*,*,#14781,.F.);
#14781 = EDGE_CURVE('',#14772,#14748,#14782,.T.);
#14782 = LINE('',#14783,#14784);
#14783 = CARTESIAN_POINT('',(-0.16,-10.48,-3.));
#14784 = VECTOR('',#14785,1.);
#14785 = DIRECTION('',(0.,1.,0.));
#14786 = PLANE('',#14787);
#14787 = AXIS2_PLACEMENT_3D('',#14788,#14789,#14790);
#14788 = CARTESIAN_POINT('',(-0.24,-10.48,-2.92));
#14789 = DIRECTION('',(-0.707106781187,-1.735167508357E-18,
    -0.707106781187));
#14790 = DIRECTION('',(-1.226948711654E-18,1.,-1.226948711654E-18));
#14791 = ADVANCED_FACE('',(#14792),#14803,.T.);
#14792 = FACE_BOUND('',#14793,.F.);
#14793 = EDGE_LOOP('',(#14794,#14795,#14796,#14797));
#14794 = ORIENTED_EDGE('',*,*,#14771,.F.);
#14795 = ORIENTED_EDGE('',*,*,#13260,.T.);
#14796 = ORIENTED_EDGE('',*,*,#14716,.T.);
#14797 = ORIENTED_EDGE('',*,*,#14798,.F.);
#14798 = EDGE_CURVE('',#14772,#14717,#14799,.T.);
#14799 = LINE('',#14800,#14801);
#14800 = CARTESIAN_POINT('',(-0.32,-10.32,-3.));
#14801 = VECTOR('',#14802,1.);
#14802 = DIRECTION('',(1.,0.,0.));
#14803 = PLANE('',#14804);
#14804 = AXIS2_PLACEMENT_3D('',#14805,#14806,#14807);
#14805 = CARTESIAN_POINT('',(-0.32,-10.4,-2.92));
#14806 = DIRECTION('',(1.735167508357E-18,-0.707106781187,
    -0.707106781187));
#14807 = DIRECTION('',(-1.,-1.226948711654E-18,-1.226948711654E-18));
#14808 = ADVANCED_FACE('',(#14809),#14834,.F.);
#14809 = FACE_BOUND('',#14810,.T.);
#14810 = EDGE_LOOP('',(#14811,#14819,#14820,#14828));
#14811 = ORIENTED_EDGE('',*,*,#14812,.F.);
#14812 = EDGE_CURVE('',#13285,#14813,#14815,.T.);
#14813 = VERTEX_POINT('',#14814);
#14814 = CARTESIAN_POINT('',(-0.16,-2.38,-3.));
#14815 = LINE('',#14816,#14817);
#14816 = CARTESIAN_POINT('',(-0.16,-2.38,-3.));
#14817 = VECTOR('',#14818,1.);
#14818 = DIRECTION('',(0.57735026919,-0.57735026919,-0.57735026919));
#14819 = ORIENTED_EDGE('',*,*,#13284,.T.);
#14820 = ORIENTED_EDGE('',*,*,#14821,.T.);
#14821 = EDGE_CURVE('',#13277,#14822,#14824,.T.);
#14822 = VERTEX_POINT('',#14823);
#14823 = CARTESIAN_POINT('',(0.16,-2.38,-3.));
#14824 = LINE('',#14825,#14826);
#14825 = CARTESIAN_POINT('',(5.333333333333E-02,-2.486666666667,
    -3.106666666667));
#14826 = VECTOR('',#14827,1.);
#14827 = DIRECTION('',(-0.57735026919,-0.57735026919,-0.57735026919));
#14828 = ORIENTED_EDGE('',*,*,#14829,.F.);
#14829 = EDGE_CURVE('',#14813,#14822,#14830,.T.);
#14830 = LINE('',#14831,#14832);
#14831 = CARTESIAN_POINT('',(-0.32,-2.38,-3.));
#14832 = VECTOR('',#14833,1.);
#14833 = DIRECTION('',(1.,0.,0.));
#14834 = PLANE('',#14835);
#14835 = AXIS2_PLACEMENT_3D('',#14836,#14837,#14838);
#14836 = CARTESIAN_POINT('',(-0.32,-2.3,-2.92));
#14837 = DIRECTION('',(-1.735167508357E-18,-0.707106781187,
    0.707106781187));
#14838 = DIRECTION('',(-1.,1.226948711654E-18,-1.226948711654E-18));
#14839 = ADVANCED_FACE('',(#14840),#14858,.T.);
#14840 = FACE_BOUND('',#14841,.T.);
#14841 = EDGE_LOOP('',(#14842,#14850,#14851,#14852));
#14842 = ORIENTED_EDGE('',*,*,#14843,.F.);
#14843 = EDGE_CURVE('',#13308,#14844,#14846,.T.);
#14844 = VERTEX_POINT('',#14845);
#14845 = CARTESIAN_POINT('',(-0.16,-2.7,-3.));
#14846 = LINE('',#14847,#14848);
#14847 = CARTESIAN_POINT('',(-0.266666666667,-2.806666666667,
    -2.893333333333));
#14848 = VECTOR('',#14849,1.);
#14849 = DIRECTION('',(0.57735026919,0.57735026919,-0.57735026919));
#14850 = ORIENTED_EDGE('',*,*,#13315,.T.);
#14851 = ORIENTED_EDGE('',*,*,#14812,.T.);
#14852 = ORIENTED_EDGE('',*,*,#14853,.F.);
#14853 = EDGE_CURVE('',#14844,#14813,#14854,.T.);
#14854 = LINE('',#14855,#14856);
#14855 = CARTESIAN_POINT('',(-0.16,-2.86,-3.));
#14856 = VECTOR('',#14857,1.);
#14857 = DIRECTION('',(0.,1.,0.));
#14858 = PLANE('',#14859);
#14859 = AXIS2_PLACEMENT_3D('',#14860,#14861,#14862);
#14860 = CARTESIAN_POINT('',(-0.24,-2.86,-2.92));
#14861 = DIRECTION('',(-0.707106781187,-1.735167508357E-18,
    -0.707106781187));
#14862 = DIRECTION('',(-1.226948711654E-18,1.,-1.226948711654E-18));
#14863 = ADVANCED_FACE('',(#14864),#14882,.T.);
#14864 = FACE_BOUND('',#14865,.F.);
#14865 = EDGE_LOOP('',(#14866,#14867,#14868,#14876));
#14866 = ORIENTED_EDGE('',*,*,#14843,.F.);
#14867 = ORIENTED_EDGE('',*,*,#13339,.T.);
#14868 = ORIENTED_EDGE('',*,*,#14869,.T.);
#14869 = EDGE_CURVE('',#13332,#14870,#14872,.T.);
#14870 = VERTEX_POINT('',#14871);
#14871 = CARTESIAN_POINT('',(0.16,-2.7,-3.));
#14872 = LINE('',#14873,#14874);
#14873 = CARTESIAN_POINT('',(0.16,-2.7,-3.));
#14874 = VECTOR('',#14875,1.);
#14875 = DIRECTION('',(-0.57735026919,0.57735026919,-0.57735026919));
#14876 = ORIENTED_EDGE('',*,*,#14877,.F.);
#14877 = EDGE_CURVE('',#14844,#14870,#14878,.T.);
#14878 = LINE('',#14879,#14880);
#14879 = CARTESIAN_POINT('',(-0.32,-2.7,-3.));
#14880 = VECTOR('',#14881,1.);
#14881 = DIRECTION('',(1.,0.,0.));
#14882 = PLANE('',#14883);
#14883 = AXIS2_PLACEMENT_3D('',#14884,#14885,#14886);
#14884 = CARTESIAN_POINT('',(-0.32,-2.78,-2.92));
#14885 = DIRECTION('',(1.735167508357E-18,-0.707106781187,
    -0.707106781187));
#14886 = DIRECTION('',(-1.,-1.226948711654E-18,-1.226948711654E-18));
#14887 = ADVANCED_FACE('',(#14888),#14899,.F.);
#14888 = FACE_BOUND('',#14889,.F.);
#14889 = EDGE_LOOP('',(#14890,#14891,#14892,#14893));
#14890 = ORIENTED_EDGE('',*,*,#14869,.F.);
#14891 = ORIENTED_EDGE('',*,*,#13356,.T.);
#14892 = ORIENTED_EDGE('',*,*,#14821,.T.);
#14893 = ORIENTED_EDGE('',*,*,#14894,.F.);
#14894 = EDGE_CURVE('',#14870,#14822,#14895,.T.);
#14895 = LINE('',#14896,#14897);
#14896 = CARTESIAN_POINT('',(0.16,-2.86,-3.));
#14897 = VECTOR('',#14898,1.);
#14898 = DIRECTION('',(0.,1.,0.));
#14899 = PLANE('',#14900);
#14900 = AXIS2_PLACEMENT_3D('',#14901,#14902,#14903);
#14901 = CARTESIAN_POINT('',(0.24,-2.86,-2.92));
#14902 = DIRECTION('',(-0.707106781187,1.735167508357E-18,0.707106781187
    ));
#14903 = DIRECTION('',(1.226948711654E-18,1.,-1.226948711654E-18));
#14904 = ADVANCED_FACE('',(#14905),#14930,.T.);
#14905 = FACE_BOUND('',#14906,.F.);
#14906 = EDGE_LOOP('',(#14907,#14915,#14916,#14924));
#14907 = ORIENTED_EDGE('',*,*,#14908,.F.);
#14908 = EDGE_CURVE('',#13381,#14909,#14911,.T.);
#14909 = VERTEX_POINT('',#14910);
#14910 = CARTESIAN_POINT('',(-0.16,-5.24,-3.));
#14911 = LINE('',#14912,#14913);
#14912 = CARTESIAN_POINT('',(-0.266666666667,-5.346666666667,
    -2.893333333333));
#14913 = VECTOR('',#14914,1.);
#14914 = DIRECTION('',(0.57735026919,0.57735026919,-0.57735026919));
#14915 = ORIENTED_EDGE('',*,*,#13380,.T.);
#14916 = ORIENTED_EDGE('',*,*,#14917,.T.);
#14917 = EDGE_CURVE('',#13373,#14918,#14920,.T.);
#14918 = VERTEX_POINT('',#14919);
#14919 = CARTESIAN_POINT('',(0.16,-5.24,-3.));
#14920 = LINE('',#14921,#14922);
#14921 = CARTESIAN_POINT('',(0.16,-5.24,-3.));
#14922 = VECTOR('',#14923,1.);
#14923 = DIRECTION('',(-0.57735026919,0.57735026919,-0.57735026919));
#14924 = ORIENTED_EDGE('',*,*,#14925,.F.);
#14925 = EDGE_CURVE('',#14909,#14918,#14926,.T.);
#14926 = LINE('',#14927,#14928);
#14927 = CARTESIAN_POINT('',(-0.32,-5.24,-3.));
#14928 = VECTOR('',#14929,1.);
#14929 = DIRECTION('',(1.,0.,0.));
#14930 = PLANE('',#14931);
#14931 = AXIS2_PLACEMENT_3D('',#14932,#14933,#14934);
#14932 = CARTESIAN_POINT('',(-0.32,-5.32,-2.92));
#14933 = DIRECTION('',(1.735167508357E-18,-0.707106781187,
    -0.707106781187));
#14934 = DIRECTION('',(-1.,-1.226948711654E-18,-1.226948711654E-18));
#14935 = ADVANCED_FACE('',(#14936),#14954,.F.);
#14936 = FACE_BOUND('',#14937,.F.);
#14937 = EDGE_LOOP('',(#14938,#14939,#14940,#14948));
#14938 = ORIENTED_EDGE('',*,*,#14917,.F.);
#14939 = ORIENTED_EDGE('',*,*,#13404,.T.);
#14940 = ORIENTED_EDGE('',*,*,#14941,.T.);
#14941 = EDGE_CURVE('',#13405,#14942,#14944,.T.);
#14942 = VERTEX_POINT('',#14943);
#14943 = CARTESIAN_POINT('',(0.16,-4.92,-3.));
#14944 = LINE('',#14945,#14946);
#14945 = CARTESIAN_POINT('',(5.333333333333E-02,-5.026666666667,
    -3.106666666667));
#14946 = VECTOR('',#14947,1.);
#14947 = DIRECTION('',(-0.57735026919,-0.57735026919,-0.57735026919));
#14948 = ORIENTED_EDGE('',*,*,#14949,.F.);
#14949 = EDGE_CURVE('',#14918,#14942,#14950,.T.);
#14950 = LINE('',#14951,#14952);
#14951 = CARTESIAN_POINT('',(0.16,-5.4,-3.));
#14952 = VECTOR('',#14953,1.);
#14953 = DIRECTION('',(0.,1.,0.));
#14954 = PLANE('',#14955);
#14955 = AXIS2_PLACEMENT_3D('',#14956,#14957,#14958);
#14956 = CARTESIAN_POINT('',(0.24,-5.4,-2.92));
#14957 = DIRECTION('',(-0.707106781187,1.735167508357E-18,0.707106781187
    ));
#14958 = DIRECTION('',(1.226948711654E-18,1.,-1.226948711654E-18));
#14959 = ADVANCED_FACE('',(#14960),#14978,.F.);
#14960 = FACE_BOUND('',#14961,.T.);
#14961 = EDGE_LOOP('',(#14962,#14970,#14971,#14972));
#14962 = ORIENTED_EDGE('',*,*,#14963,.F.);
#14963 = EDGE_CURVE('',#13429,#14964,#14966,.T.);
#14964 = VERTEX_POINT('',#14965);
#14965 = CARTESIAN_POINT('',(-0.16,-4.92,-3.));
#14966 = LINE('',#14967,#14968);
#14967 = CARTESIAN_POINT('',(-0.16,-4.92,-3.));
#14968 = VECTOR('',#14969,1.);
#14969 = DIRECTION('',(0.57735026919,-0.57735026919,-0.57735026919));
#14970 = ORIENTED_EDGE('',*,*,#13428,.T.);
#14971 = ORIENTED_EDGE('',*,*,#14941,.T.);
#14972 = ORIENTED_EDGE('',*,*,#14973,.F.);
#14973 = EDGE_CURVE('',#14964,#14942,#14974,.T.);
#14974 = LINE('',#14975,#14976);
#14975 = CARTESIAN_POINT('',(-0.32,-4.92,-3.));
#14976 = VECTOR('',#14977,1.);
#14977 = DIRECTION('',(1.,0.,0.));
#14978 = PLANE('',#14979);
#14979 = AXIS2_PLACEMENT_3D('',#14980,#14981,#14982);
#14980 = CARTESIAN_POINT('',(-0.32,-4.84,-2.92));
#14981 = DIRECTION('',(-1.735167508357E-18,-0.707106781187,
    0.707106781187));
#14982 = DIRECTION('',(-1.,1.226948711654E-18,-1.226948711654E-18));
#14983 = ADVANCED_FACE('',(#14984),#14995,.T.);
#14984 = FACE_BOUND('',#14985,.T.);
#14985 = EDGE_LOOP('',(#14986,#14987,#14988,#14989));
#14986 = ORIENTED_EDGE('',*,*,#14908,.F.);
#14987 = ORIENTED_EDGE('',*,*,#13452,.T.);
#14988 = ORIENTED_EDGE('',*,*,#14963,.T.);
#14989 = ORIENTED_EDGE('',*,*,#14990,.F.);
#14990 = EDGE_CURVE('',#14909,#14964,#14991,.T.);
#14991 = LINE('',#14992,#14993);
#14992 = CARTESIAN_POINT('',(-0.16,-5.4,-3.));
#14993 = VECTOR('',#14994,1.);
#14994 = DIRECTION('',(0.,1.,0.));
#14995 = PLANE('',#14996);
#14996 = AXIS2_PLACEMENT_3D('',#14997,#14998,#14999);
#14997 = CARTESIAN_POINT('',(-0.24,-5.4,-2.92));
#14998 = DIRECTION('',(-0.707106781187,-1.735167508357E-18,
    -0.707106781187));
#14999 = DIRECTION('',(-1.226948711654E-18,1.,-1.226948711654E-18));
#15000 = ADVANCED_FACE('',(#15001),#15026,.F.);
#15001 = FACE_BOUND('',#15002,.F.);
#15002 = EDGE_LOOP('',(#15003,#15011,#15012,#15020));
#15003 = ORIENTED_EDGE('',*,*,#15004,.F.);
#15004 = EDGE_CURVE('',#13469,#15005,#15007,.T.);
#15005 = VERTEX_POINT('',#15006);
#15006 = CARTESIAN_POINT('',(0.16,-0.16,-3.));
#15007 = LINE('',#15008,#15009);
#15008 = CARTESIAN_POINT('',(0.16,-0.16,-3.));
#15009 = VECTOR('',#15010,1.);
#15010 = DIRECTION('',(-0.57735026919,0.57735026919,-0.57735026919));
#15011 = ORIENTED_EDGE('',*,*,#13476,.T.);
#15012 = ORIENTED_EDGE('',*,*,#15013,.T.);
#15013 = EDGE_CURVE('',#13477,#15014,#15016,.T.);
#15014 = VERTEX_POINT('',#15015);
#15015 = CARTESIAN_POINT('',(0.16,0.16,-3.));
#15016 = LINE('',#15017,#15018);
#15017 = CARTESIAN_POINT('',(5.333333333333E-02,5.333333333333E-02,
    -3.106666666667));
#15018 = VECTOR('',#15019,1.);
#15019 = DIRECTION('',(-0.57735026919,-0.57735026919,-0.57735026919));
#15020 = ORIENTED_EDGE('',*,*,#15021,.F.);
#15021 = EDGE_CURVE('',#15005,#15014,#15022,.T.);
#15022 = LINE('',#15023,#15024);
#15023 = CARTESIAN_POINT('',(0.16,-0.32,-3.));
#15024 = VECTOR('',#15025,1.);
#15025 = DIRECTION('',(0.,1.,0.));
#15026 = PLANE('',#15027);
#15027 = AXIS2_PLACEMENT_3D('',#15028,#15029,#15030);
#15028 = CARTESIAN_POINT('',(0.24,-0.32,-2.92));
#15029 = DIRECTION('',(-0.707106781187,1.735167508357E-18,0.707106781187
    ));
#15030 = DIRECTION('',(1.226948711654E-18,1.,-1.226948711654E-18));
#15031 = ADVANCED_FACE('',(#15032),#15050,.F.);
#15032 = FACE_BOUND('',#15033,.T.);
#15033 = EDGE_LOOP('',(#15034,#15042,#15043,#15044));
#15034 = ORIENTED_EDGE('',*,*,#15035,.F.);
#15035 = EDGE_CURVE('',#13501,#15036,#15038,.T.);
#15036 = VERTEX_POINT('',#15037);
#15037 = CARTESIAN_POINT('',(-0.16,0.16,-3.));
#15038 = LINE('',#15039,#15040);
#15039 = CARTESIAN_POINT('',(-0.16,0.16,-3.));
#15040 = VECTOR('',#15041,1.);
#15041 = DIRECTION('',(0.57735026919,-0.57735026919,-0.57735026919));
#15042 = ORIENTED_EDGE('',*,*,#13500,.T.);
#15043 = ORIENTED_EDGE('',*,*,#15013,.T.);
#15044 = ORIENTED_EDGE('',*,*,#15045,.F.);
#15045 = EDGE_CURVE('',#15036,#15014,#15046,.T.);
#15046 = LINE('',#15047,#15048);
#15047 = CARTESIAN_POINT('',(-0.32,0.16,-3.));
#15048 = VECTOR('',#15049,1.);
#15049 = DIRECTION('',(1.,0.,0.));
#15050 = PLANE('',#15051);
#15051 = AXIS2_PLACEMENT_3D('',#15052,#15053,#15054);
#15052 = CARTESIAN_POINT('',(-0.32,0.24,-2.92));
#15053 = DIRECTION('',(-1.735167508357E-18,-0.707106781187,
    0.707106781187));
#15054 = DIRECTION('',(-1.,1.226948711654E-18,-1.226948711654E-18));
#15055 = ADVANCED_FACE('',(#15056),#15074,.T.);
#15056 = FACE_BOUND('',#15057,.T.);
#15057 = EDGE_LOOP('',(#15058,#15066,#15067,#15068));
#15058 = ORIENTED_EDGE('',*,*,#15059,.F.);
#15059 = EDGE_CURVE('',#13524,#15060,#15062,.T.);
#15060 = VERTEX_POINT('',#15061);
#15061 = CARTESIAN_POINT('',(-0.16,-0.16,-3.));
#15062 = LINE('',#15063,#15064);
#15063 = CARTESIAN_POINT('',(-0.266666666667,-0.266666666667,
    -2.893333333333));
#15064 = VECTOR('',#15065,1.);
#15065 = DIRECTION('',(0.57735026919,0.57735026919,-0.57735026919));
#15066 = ORIENTED_EDGE('',*,*,#13531,.T.);
#15067 = ORIENTED_EDGE('',*,*,#15035,.T.);
#15068 = ORIENTED_EDGE('',*,*,#15069,.F.);
#15069 = EDGE_CURVE('',#15060,#15036,#15070,.T.);
#15070 = LINE('',#15071,#15072);
#15071 = CARTESIAN_POINT('',(-0.16,-0.32,-3.));
#15072 = VECTOR('',#15073,1.);
#15073 = DIRECTION('',(0.,1.,0.));
#15074 = PLANE('',#15075);
#15075 = AXIS2_PLACEMENT_3D('',#15076,#15077,#15078);
#15076 = CARTESIAN_POINT('',(-0.24,-0.32,-2.92));
#15077 = DIRECTION('',(-0.707106781187,-1.735167508357E-18,
    -0.707106781187));
#15078 = DIRECTION('',(-1.226948711654E-18,1.,-1.226948711654E-18));
#15079 = ADVANCED_FACE('',(#15080),#15091,.T.);
#15080 = FACE_BOUND('',#15081,.F.);
#15081 = EDGE_LOOP('',(#15082,#15083,#15084,#15085));
#15082 = ORIENTED_EDGE('',*,*,#15059,.F.);
#15083 = ORIENTED_EDGE('',*,*,#13548,.T.);
#15084 = ORIENTED_EDGE('',*,*,#15004,.T.);
#15085 = ORIENTED_EDGE('',*,*,#15086,.F.);
#15086 = EDGE_CURVE('',#15060,#15005,#15087,.T.);
#15087 = LINE('',#15088,#15089);
#15088 = CARTESIAN_POINT('',(-0.32,-0.16,-3.));
#15089 = VECTOR('',#15090,1.);
#15090 = DIRECTION('',(1.,0.,0.));
#15091 = PLANE('',#15092);
#15092 = AXIS2_PLACEMENT_3D('',#15093,#15094,#15095);
#15093 = CARTESIAN_POINT('',(-0.32,-0.24,-2.92));
#15094 = DIRECTION('',(1.735167508357E-18,-0.707106781187,
    -0.707106781187));
#15095 = DIRECTION('',(-1.,-1.226948711654E-18,-1.226948711654E-18));
#15096 = ADVANCED_FACE('',(#15097),#15122,.F.);
#15097 = FACE_BOUND('',#15098,.T.);
#15098 = EDGE_LOOP('',(#15099,#15107,#15108,#15116));
#15099 = ORIENTED_EDGE('',*,*,#15100,.F.);
#15100 = EDGE_CURVE('',#13574,#15101,#15103,.T.);
#15101 = VERTEX_POINT('',#15102);
#15102 = CARTESIAN_POINT('',(-0.16,-17.94,8.54));
#15103 = LINE('',#15104,#15105);
#15104 = CARTESIAN_POINT('',(-0.266666666667,-18.04666666666,
    8.433333333333));
#15105 = VECTOR('',#15106,1.);
#15106 = DIRECTION('',(0.57735026919,0.57735026919,0.57735026919));
#15107 = ORIENTED_EDGE('',*,*,#13581,.T.);
#15108 = ORIENTED_EDGE('',*,*,#15109,.T.);
#15109 = EDGE_CURVE('',#13565,#15110,#15112,.T.);
#15110 = VERTEX_POINT('',#15111);
#15111 = CARTESIAN_POINT('',(0.16,-17.94,8.54));
#15112 = LINE('',#15113,#15114);
#15113 = CARTESIAN_POINT('',(0.16,-17.94,8.54));
#15114 = VECTOR('',#15115,1.);
#15115 = DIRECTION('',(-0.57735026919,0.57735026919,0.57735026919));
#15116 = ORIENTED_EDGE('',*,*,#15117,.F.);
#15117 = EDGE_CURVE('',#15101,#15110,#15118,.T.);
#15118 = LINE('',#15119,#15120);
#15119 = CARTESIAN_POINT('',(-0.32,-17.94,8.54));
#15120 = VECTOR('',#15121,1.);
#15121 = DIRECTION('',(1.,0.,0.));
#15122 = PLANE('',#15123);
#15123 = AXIS2_PLACEMENT_3D('',#15124,#15125,#15126);
#15124 = CARTESIAN_POINT('',(-0.32,-18.02,8.46));
#15125 = DIRECTION('',(-1.735167508357E-18,0.707106781187,
    -0.707106781187));
#15126 = DIRECTION('',(-1.,-1.226948711654E-18,1.226948711654E-18));
#15127 = ADVANCED_FACE('',(#15128),#15146,.T.);
#15128 = FACE_BOUND('',#15129,.T.);
#15129 = EDGE_LOOP('',(#15130,#15131,#15132,#15140));
#15130 = ORIENTED_EDGE('',*,*,#15109,.F.);
#15131 = ORIENTED_EDGE('',*,*,#13605,.T.);
#15132 = ORIENTED_EDGE('',*,*,#15133,.T.);
#15133 = EDGE_CURVE('',#13598,#15134,#15136,.T.);
#15134 = VERTEX_POINT('',#15135);
#15135 = CARTESIAN_POINT('',(0.16,-17.62,8.54));
#15136 = LINE('',#15137,#15138);
#15137 = CARTESIAN_POINT('',(5.333333333333E-02,-17.72666666666,
    8.646666666667));
#15138 = VECTOR('',#15139,1.);
#15139 = DIRECTION('',(-0.57735026919,-0.57735026919,0.57735026919));
#15140 = ORIENTED_EDGE('',*,*,#15141,.F.);
#15141 = EDGE_CURVE('',#15110,#15134,#15142,.T.);
#15142 = LINE('',#15143,#15144);
#15143 = CARTESIAN_POINT('',(0.16,-18.1,8.54));
#15144 = VECTOR('',#15145,1.);
#15145 = DIRECTION('',(0.,1.,0.));
#15146 = PLANE('',#15147);
#15147 = AXIS2_PLACEMENT_3D('',#15148,#15149,#15150);
#15148 = CARTESIAN_POINT('',(0.24,-18.1,8.46));
#15149 = DIRECTION('',(0.707106781187,-1.735167508357E-18,0.707106781187
    ));
#15150 = DIRECTION('',(1.226948711654E-18,1.,1.226948711654E-18));
#15151 = ADVANCED_FACE('',(#15152),#15170,.T.);
#15152 = FACE_BOUND('',#15153,.F.);
#15153 = EDGE_LOOP('',(#15154,#15162,#15163,#15164));
#15154 = ORIENTED_EDGE('',*,*,#15155,.F.);
#15155 = EDGE_CURVE('',#13622,#15156,#15158,.T.);
#15156 = VERTEX_POINT('',#15157);
#15157 = CARTESIAN_POINT('',(-0.16,-17.62,8.54));
#15158 = LINE('',#15159,#15160);
#15159 = CARTESIAN_POINT('',(-0.16,-17.62,8.54));
#15160 = VECTOR('',#15161,1.);
#15161 = DIRECTION('',(0.57735026919,-0.57735026919,0.57735026919));
#15162 = ORIENTED_EDGE('',*,*,#13629,.T.);
#15163 = ORIENTED_EDGE('',*,*,#15133,.T.);
#15164 = ORIENTED_EDGE('',*,*,#15165,.F.);
#15165 = EDGE_CURVE('',#15156,#15134,#15166,.T.);
#15166 = LINE('',#15167,#15168);
#15167 = CARTESIAN_POINT('',(-0.32,-17.62,8.54));
#15168 = VECTOR('',#15169,1.);
#15169 = DIRECTION('',(1.,0.,0.));
#15170 = PLANE('',#15171);
#15171 = AXIS2_PLACEMENT_3D('',#15172,#15173,#15174);
#15172 = CARTESIAN_POINT('',(-0.32,-17.54,8.46));
#15173 = DIRECTION('',(1.735167508357E-18,0.707106781187,0.707106781187)
  );
#15174 = DIRECTION('',(-1.,1.226948711654E-18,1.226948711654E-18));
#15175 = ADVANCED_FACE('',(#15176),#15187,.F.);
#15176 = FACE_BOUND('',#15177,.F.);
#15177 = EDGE_LOOP('',(#15178,#15179,#15180,#15181));
#15178 = ORIENTED_EDGE('',*,*,#15100,.F.);
#15179 = ORIENTED_EDGE('',*,*,#13646,.T.);
#15180 = ORIENTED_EDGE('',*,*,#15155,.T.);
#15181 = ORIENTED_EDGE('',*,*,#15182,.F.);
#15182 = EDGE_CURVE('',#15101,#15156,#15183,.T.);
#15183 = LINE('',#15184,#15185);
#15184 = CARTESIAN_POINT('',(-0.16,-18.1,8.54));
#15185 = VECTOR('',#15186,1.);
#15186 = DIRECTION('',(0.,1.,0.));
#15187 = PLANE('',#15188);
#15188 = AXIS2_PLACEMENT_3D('',#15189,#15190,#15191);
#15189 = CARTESIAN_POINT('',(-0.24,-18.1,8.46));
#15190 = DIRECTION('',(0.707106781187,1.735167508357E-18,-0.707106781187
    ));
#15191 = DIRECTION('',(-1.226948711654E-18,1.,1.226948711654E-18));
#15192 = ADVANCED_FACE('',(#15193),#15218,.T.);
#15193 = FACE_BOUND('',#15194,.F.);
#15194 = EDGE_LOOP('',(#15195,#15203,#15204,#15212));
#15195 = ORIENTED_EDGE('',*,*,#15196,.F.);
#15196 = EDGE_CURVE('',#13670,#15197,#15199,.T.);
#15197 = VERTEX_POINT('',#15198);
#15198 = CARTESIAN_POINT('',(-0.16,-15.08,8.54));
#15199 = LINE('',#15200,#15201);
#15200 = CARTESIAN_POINT('',(-0.16,-15.08,8.54));
#15201 = VECTOR('',#15202,1.);
#15202 = DIRECTION('',(0.57735026919,-0.57735026919,0.57735026919));
#15203 = ORIENTED_EDGE('',*,*,#13677,.T.);
#15204 = ORIENTED_EDGE('',*,*,#15205,.T.);
#15205 = EDGE_CURVE('',#13661,#15206,#15208,.T.);
#15206 = VERTEX_POINT('',#15207);
#15207 = CARTESIAN_POINT('',(0.16,-15.08,8.54));
#15208 = LINE('',#15209,#15210);
#15209 = CARTESIAN_POINT('',(5.333333333333E-02,-15.18666666666,
    8.646666666667));
#15210 = VECTOR('',#15211,1.);
#15211 = DIRECTION('',(-0.57735026919,-0.57735026919,0.57735026919));
#15212 = ORIENTED_EDGE('',*,*,#15213,.F.);
#15213 = EDGE_CURVE('',#15197,#15206,#15214,.T.);
#15214 = LINE('',#15215,#15216);
#15215 = CARTESIAN_POINT('',(-0.32,-15.08,8.54));
#15216 = VECTOR('',#15217,1.);
#15217 = DIRECTION('',(1.,0.,0.));
#15218 = PLANE('',#15219);
#15219 = AXIS2_PLACEMENT_3D('',#15220,#15221,#15222);
#15220 = CARTESIAN_POINT('',(-0.32,-15.,8.46));
#15221 = DIRECTION('',(1.735167508357E-18,0.707106781187,0.707106781187)
  );
#15222 = DIRECTION('',(-1.,1.226948711654E-18,1.226948711654E-18));
#15223 = ADVANCED_FACE('',(#15224),#15242,.F.);
#15224 = FACE_BOUND('',#15225,.F.);
#15225 = EDGE_LOOP('',(#15226,#15234,#15235,#15236));
#15226 = ORIENTED_EDGE('',*,*,#15227,.F.);
#15227 = EDGE_CURVE('',#13692,#15228,#15230,.T.);
#15228 = VERTEX_POINT('',#15229);
#15229 = CARTESIAN_POINT('',(-0.16,-15.4,8.54));
#15230 = LINE('',#15231,#15232);
#15231 = CARTESIAN_POINT('',(-0.266666666667,-15.50666666666,
    8.433333333333));
#15232 = VECTOR('',#15233,1.);
#15233 = DIRECTION('',(0.57735026919,0.57735026919,0.57735026919));
#15234 = ORIENTED_EDGE('',*,*,#13701,.T.);
#15235 = ORIENTED_EDGE('',*,*,#15196,.T.);
#15236 = ORIENTED_EDGE('',*,*,#15237,.F.);
#15237 = EDGE_CURVE('',#15228,#15197,#15238,.T.);
#15238 = LINE('',#15239,#15240);
#15239 = CARTESIAN_POINT('',(-0.16,-15.56,8.54));
#15240 = VECTOR('',#15241,1.);
#15241 = DIRECTION('',(0.,1.,0.));
#15242 = PLANE('',#15243);
#15243 = AXIS2_PLACEMENT_3D('',#15244,#15245,#15246);
#15244 = CARTESIAN_POINT('',(-0.24,-15.56,8.46));
#15245 = DIRECTION('',(0.707106781187,1.735167508357E-18,-0.707106781187
    ));
#15246 = DIRECTION('',(-1.226948711654E-18,1.,1.226948711654E-18));
#15247 = ADVANCED_FACE('',(#15248),#15266,.F.);
#15248 = FACE_BOUND('',#15249,.T.);
#15249 = EDGE_LOOP('',(#15250,#15251,#15252,#15260));
#15250 = ORIENTED_EDGE('',*,*,#15227,.F.);
#15251 = ORIENTED_EDGE('',*,*,#13725,.T.);
#15252 = ORIENTED_EDGE('',*,*,#15253,.T.);
#15253 = EDGE_CURVE('',#13716,#15254,#15256,.T.);
#15254 = VERTEX_POINT('',#15255);
#15255 = CARTESIAN_POINT('',(0.16,-15.4,8.54));
#15256 = LINE('',#15257,#15258);
#15257 = CARTESIAN_POINT('',(0.16,-15.4,8.54));
#15258 = VECTOR('',#15259,1.);
#15259 = DIRECTION('',(-0.57735026919,0.57735026919,0.57735026919));
#15260 = ORIENTED_EDGE('',*,*,#15261,.F.);
#15261 = EDGE_CURVE('',#15228,#15254,#15262,.T.);
#15262 = LINE('',#15263,#15264);
#15263 = CARTESIAN_POINT('',(-0.32,-15.4,8.54));
#15264 = VECTOR('',#15265,1.);
#15265 = DIRECTION('',(1.,0.,0.));
#15266 = PLANE('',#15267);
#15267 = AXIS2_PLACEMENT_3D('',#15268,#15269,#15270);
#15268 = CARTESIAN_POINT('',(-0.32,-15.48,8.46));
#15269 = DIRECTION('',(-1.735167508357E-18,0.707106781187,
    -0.707106781187));
#15270 = DIRECTION('',(-1.,-1.226948711654E-18,1.226948711654E-18));
#15271 = ADVANCED_FACE('',(#15272),#15283,.T.);
#15272 = FACE_BOUND('',#15273,.T.);
#15273 = EDGE_LOOP('',(#15274,#15275,#15276,#15277));
#15274 = ORIENTED_EDGE('',*,*,#15253,.F.);
#15275 = ORIENTED_EDGE('',*,*,#13742,.T.);
#15276 = ORIENTED_EDGE('',*,*,#15205,.T.);
#15277 = ORIENTED_EDGE('',*,*,#15278,.F.);
#15278 = EDGE_CURVE('',#15254,#15206,#15279,.T.);
#15279 = LINE('',#15280,#15281);
#15280 = CARTESIAN_POINT('',(0.16,-15.56,8.54));
#15281 = VECTOR('',#15282,1.);
#15282 = DIRECTION('',(0.,1.,0.));
#15283 = PLANE('',#15284);
#15284 = AXIS2_PLACEMENT_3D('',#15285,#15286,#15287);
#15285 = CARTESIAN_POINT('',(0.24,-15.56,8.46));
#15286 = DIRECTION('',(0.707106781187,-1.735167508357E-18,0.707106781187
    ));
#15287 = DIRECTION('',(1.226948711654E-18,1.,1.226948711654E-18));
#15288 = ADVANCED_FACE('',(#15289),#15314,.T.);
#15289 = FACE_BOUND('',#15290,.T.);
#15290 = EDGE_LOOP('',(#15291,#15299,#15300,#15308));
#15291 = ORIENTED_EDGE('',*,*,#15292,.F.);
#15292 = EDGE_CURVE('',#13757,#15293,#15295,.T.);
#15293 = VERTEX_POINT('',#15294);
#15294 = CARTESIAN_POINT('',(0.16,-7.78,8.54));
#15295 = LINE('',#15296,#15297);
#15296 = CARTESIAN_POINT('',(0.16,-7.78,8.54));
#15297 = VECTOR('',#15298,1.);
#15298 = DIRECTION('',(-0.57735026919,0.57735026919,0.57735026919));
#15299 = ORIENTED_EDGE('',*,*,#13773,.T.);
#15300 = ORIENTED_EDGE('',*,*,#15301,.T.);
#15301 = EDGE_CURVE('',#13766,#15302,#15304,.T.);
#15302 = VERTEX_POINT('',#15303);
#15303 = CARTESIAN_POINT('',(0.16,-7.46,8.54));
#15304 = LINE('',#15305,#15306);
#15305 = CARTESIAN_POINT('',(5.333333333333E-02,-7.566666666667,
    8.646666666667));
#15306 = VECTOR('',#15307,1.);
#15307 = DIRECTION('',(-0.57735026919,-0.57735026919,0.57735026919));
#15308 = ORIENTED_EDGE('',*,*,#15309,.F.);
#15309 = EDGE_CURVE('',#15293,#15302,#15310,.T.);
#15310 = LINE('',#15311,#15312);
#15311 = CARTESIAN_POINT('',(0.16,-7.94,8.54));
#15312 = VECTOR('',#15313,1.);
#15313 = DIRECTION('',(0.,1.,0.));
#15314 = PLANE('',#15315);
#15315 = AXIS2_PLACEMENT_3D('',#15316,#15317,#15318);
#15316 = CARTESIAN_POINT('',(0.24,-7.94,8.46));
#15317 = DIRECTION('',(0.707106781187,-1.735167508357E-18,0.707106781187
    ));
#15318 = DIRECTION('',(1.226948711654E-18,1.,1.226948711654E-18));
#15319 = ADVANCED_FACE('',(#15320),#15338,.T.);
#15320 = FACE_BOUND('',#15321,.F.);
#15321 = EDGE_LOOP('',(#15322,#15330,#15331,#15332));
#15322 = ORIENTED_EDGE('',*,*,#15323,.F.);
#15323 = EDGE_CURVE('',#13790,#15324,#15326,.T.);
#15324 = VERTEX_POINT('',#15325);
#15325 = CARTESIAN_POINT('',(-0.16,-7.46,8.54));
#15326 = LINE('',#15327,#15328);
#15327 = CARTESIAN_POINT('',(-0.16,-7.46,8.54));
#15328 = VECTOR('',#15329,1.);
#15329 = DIRECTION('',(0.57735026919,-0.57735026919,0.57735026919));
#15330 = ORIENTED_EDGE('',*,*,#13797,.T.);
#15331 = ORIENTED_EDGE('',*,*,#15301,.T.);
#15332 = ORIENTED_EDGE('',*,*,#15333,.F.);
#15333 = EDGE_CURVE('',#15324,#15302,#15334,.T.);
#15334 = LINE('',#15335,#15336);
#15335 = CARTESIAN_POINT('',(-0.32,-7.46,8.54));
#15336 = VECTOR('',#15337,1.);
#15337 = DIRECTION('',(1.,0.,0.));
#15338 = PLANE('',#15339);
#15339 = AXIS2_PLACEMENT_3D('',#15340,#15341,#15342);
#15340 = CARTESIAN_POINT('',(-0.32,-7.38,8.46));
#15341 = DIRECTION('',(1.735167508357E-18,0.707106781187,0.707106781187)
  );
#15342 = DIRECTION('',(-1.,1.226948711654E-18,1.226948711654E-18));
#15343 = ADVANCED_FACE('',(#15344),#15362,.F.);
#15344 = FACE_BOUND('',#15345,.F.);
#15345 = EDGE_LOOP('',(#15346,#15354,#15355,#15356));
#15346 = ORIENTED_EDGE('',*,*,#15347,.F.);
#15347 = EDGE_CURVE('',#13812,#15348,#15350,.T.);
#15348 = VERTEX_POINT('',#15349);
#15349 = CARTESIAN_POINT('',(-0.16,-7.78,8.54));
#15350 = LINE('',#15351,#15352);
#15351 = CARTESIAN_POINT('',(-0.266666666667,-7.886666666667,
    8.433333333333));
#15352 = VECTOR('',#15353,1.);
#15353 = DIRECTION('',(0.57735026919,0.57735026919,0.57735026919));
#15354 = ORIENTED_EDGE('',*,*,#13821,.T.);
#15355 = ORIENTED_EDGE('',*,*,#15323,.T.);
#15356 = ORIENTED_EDGE('',*,*,#15357,.F.);
#15357 = EDGE_CURVE('',#15348,#15324,#15358,.T.);
#15358 = LINE('',#15359,#15360);
#15359 = CARTESIAN_POINT('',(-0.16,-7.94,8.54));
#15360 = VECTOR('',#15361,1.);
#15361 = DIRECTION('',(0.,1.,0.));
#15362 = PLANE('',#15363);
#15363 = AXIS2_PLACEMENT_3D('',#15364,#15365,#15366);
#15364 = CARTESIAN_POINT('',(-0.24,-7.94,8.46));
#15365 = DIRECTION('',(0.707106781187,1.735167508357E-18,-0.707106781187
    ));
#15366 = DIRECTION('',(-1.226948711654E-18,1.,1.226948711654E-18));
#15367 = ADVANCED_FACE('',(#15368),#15379,.F.);
#15368 = FACE_BOUND('',#15369,.T.);
#15369 = EDGE_LOOP('',(#15370,#15371,#15372,#15373));
#15370 = ORIENTED_EDGE('',*,*,#15347,.F.);
#15371 = ORIENTED_EDGE('',*,*,#13838,.T.);
#15372 = ORIENTED_EDGE('',*,*,#15292,.T.);
#15373 = ORIENTED_EDGE('',*,*,#15374,.F.);
#15374 = EDGE_CURVE('',#15348,#15293,#15375,.T.);
#15375 = LINE('',#15376,#15377);
#15376 = CARTESIAN_POINT('',(-0.32,-7.78,8.54));
#15377 = VECTOR('',#15378,1.);
#15378 = DIRECTION('',(1.,0.,0.));
#15379 = PLANE('',#15380);
#15380 = AXIS2_PLACEMENT_3D('',#15381,#15382,#15383);
#15381 = CARTESIAN_POINT('',(-0.32,-7.86,8.46));
#15382 = DIRECTION('',(-1.735167508357E-18,0.707106781187,
    -0.707106781187));
#15383 = DIRECTION('',(-1.,-1.226948711654E-18,1.226948711654E-18));
#15384 = ADVANCED_FACE('',(#15385),#15410,.T.);
#15385 = FACE_BOUND('',#15386,.F.);
#15386 = EDGE_LOOP('',(#15387,#15395,#15396,#15404));
#15387 = ORIENTED_EDGE('',*,*,#15388,.F.);
#15388 = EDGE_CURVE('',#13862,#15389,#15391,.T.);
#15389 = VERTEX_POINT('',#15390);
#15390 = CARTESIAN_POINT('',(-0.16,-12.54,8.54));
#15391 = LINE('',#15392,#15393);
#15392 = CARTESIAN_POINT('',(-0.16,-12.54,8.54));
#15393 = VECTOR('',#15394,1.);
#15394 = DIRECTION('',(0.57735026919,-0.57735026919,0.57735026919));
#15395 = ORIENTED_EDGE('',*,*,#13869,.T.);
#15396 = ORIENTED_EDGE('',*,*,#15397,.T.);
#15397 = EDGE_CURVE('',#13853,#15398,#15400,.T.);
#15398 = VERTEX_POINT('',#15399);
#15399 = CARTESIAN_POINT('',(0.16,-12.54,8.54));
#15400 = LINE('',#15401,#15402);
#15401 = CARTESIAN_POINT('',(5.333333333333E-02,-12.64666666666,
    8.646666666667));
#15402 = VECTOR('',#15403,1.);
#15403 = DIRECTION('',(-0.57735026919,-0.57735026919,0.57735026919));
#15404 = ORIENTED_EDGE('',*,*,#15405,.F.);
#15405 = EDGE_CURVE('',#15389,#15398,#15406,.T.);
#15406 = LINE('',#15407,#15408);
#15407 = CARTESIAN_POINT('',(-0.32,-12.54,8.54));
#15408 = VECTOR('',#15409,1.);
#15409 = DIRECTION('',(1.,0.,0.));
#15410 = PLANE('',#15411);
#15411 = AXIS2_PLACEMENT_3D('',#15412,#15413,#15414);
#15412 = CARTESIAN_POINT('',(-0.32,-12.46,8.46));
#15413 = DIRECTION('',(1.735167508357E-18,0.707106781187,0.707106781187)
  );
#15414 = DIRECTION('',(-1.,1.226948711654E-18,1.226948711654E-18));
#15415 = ADVANCED_FACE('',(#15416),#15434,.F.);
#15416 = FACE_BOUND('',#15417,.F.);
#15417 = EDGE_LOOP('',(#15418,#15426,#15427,#15428));
#15418 = ORIENTED_EDGE('',*,*,#15419,.F.);
#15419 = EDGE_CURVE('',#13884,#15420,#15422,.T.);
#15420 = VERTEX_POINT('',#15421);
#15421 = CARTESIAN_POINT('',(-0.16,-12.86,8.54));
#15422 = LINE('',#15423,#15424);
#15423 = CARTESIAN_POINT('',(-0.266666666667,-12.96666666666,
    8.433333333333));
#15424 = VECTOR('',#15425,1.);
#15425 = DIRECTION('',(0.57735026919,0.57735026919,0.57735026919));
#15426 = ORIENTED_EDGE('',*,*,#13893,.T.);
#15427 = ORIENTED_EDGE('',*,*,#15388,.T.);
#15428 = ORIENTED_EDGE('',*,*,#15429,.F.);
#15429 = EDGE_CURVE('',#15420,#15389,#15430,.T.);
#15430 = LINE('',#15431,#15432);
#15431 = CARTESIAN_POINT('',(-0.16,-13.02,8.54));
#15432 = VECTOR('',#15433,1.);
#15433 = DIRECTION('',(0.,1.,0.));
#15434 = PLANE('',#15435);
#15435 = AXIS2_PLACEMENT_3D('',#15436,#15437,#15438);
#15436 = CARTESIAN_POINT('',(-0.24,-13.02,8.46));
#15437 = DIRECTION('',(0.707106781187,1.735167508357E-18,-0.707106781187
    ));
#15438 = DIRECTION('',(-1.226948711654E-18,1.,1.226948711654E-18));
#15439 = ADVANCED_FACE('',(#15440),#15458,.F.);
#15440 = FACE_BOUND('',#15441,.T.);
#15441 = EDGE_LOOP('',(#15442,#15443,#15444,#15452));
#15442 = ORIENTED_EDGE('',*,*,#15419,.F.);
#15443 = ORIENTED_EDGE('',*,*,#13917,.T.);
#15444 = ORIENTED_EDGE('',*,*,#15445,.T.);
#15445 = EDGE_CURVE('',#13908,#15446,#15448,.T.);
#15446 = VERTEX_POINT('',#15447);
#15447 = CARTESIAN_POINT('',(0.16,-12.86,8.54));
#15448 = LINE('',#15449,#15450);
#15449 = CARTESIAN_POINT('',(0.16,-12.86,8.54));
#15450 = VECTOR('',#15451,1.);
#15451 = DIRECTION('',(-0.57735026919,0.57735026919,0.57735026919));
#15452 = ORIENTED_EDGE('',*,*,#15453,.F.);
#15453 = EDGE_CURVE('',#15420,#15446,#15454,.T.);
#15454 = LINE('',#15455,#15456);
#15455 = CARTESIAN_POINT('',(-0.32,-12.86,8.54));
#15456 = VECTOR('',#15457,1.);
#15457 = DIRECTION('',(1.,0.,0.));
#15458 = PLANE('',#15459);
#15459 = AXIS2_PLACEMENT_3D('',#15460,#15461,#15462);
#15460 = CARTESIAN_POINT('',(-0.32,-12.94,8.46));
#15461 = DIRECTION('',(-1.735167508357E-18,0.707106781187,
    -0.707106781187));
#15462 = DIRECTION('',(-1.,-1.226948711654E-18,1.226948711654E-18));
#15463 = ADVANCED_FACE('',(#15464),#15475,.T.);
#15464 = FACE_BOUND('',#15465,.T.);
#15465 = EDGE_LOOP('',(#15466,#15467,#15468,#15469));
#15466 = ORIENTED_EDGE('',*,*,#15445,.F.);
#15467 = ORIENTED_EDGE('',*,*,#13934,.T.);
#15468 = ORIENTED_EDGE('',*,*,#15397,.T.);
#15469 = ORIENTED_EDGE('',*,*,#15470,.F.);
#15470 = EDGE_CURVE('',#15446,#15398,#15471,.T.);
#15471 = LINE('',#15472,#15473);
#15472 = CARTESIAN_POINT('',(0.16,-13.02,8.54));
#15473 = VECTOR('',#15474,1.);
#15474 = DIRECTION('',(0.,1.,0.));
#15475 = PLANE('',#15476);
#15476 = AXIS2_PLACEMENT_3D('',#15477,#15478,#15479);
#15477 = CARTESIAN_POINT('',(0.24,-13.02,8.46));
#15478 = DIRECTION('',(0.707106781187,-1.735167508357E-18,0.707106781187
    ));
#15479 = DIRECTION('',(1.226948711654E-18,1.,1.226948711654E-18));
#15480 = ADVANCED_FACE('',(#15481),#15506,.T.);
#15481 = FACE_BOUND('',#15482,.T.);
#15482 = EDGE_LOOP('',(#15483,#15491,#15492,#15500));
#15483 = ORIENTED_EDGE('',*,*,#15484,.F.);
#15484 = EDGE_CURVE('',#13949,#15485,#15487,.T.);
#15485 = VERTEX_POINT('',#15486);
#15486 = CARTESIAN_POINT('',(0.16,-10.32,8.54));
#15487 = LINE('',#15488,#15489);
#15488 = CARTESIAN_POINT('',(0.16,-10.32,8.54));
#15489 = VECTOR('',#15490,1.);
#15490 = DIRECTION('',(-0.57735026919,0.57735026919,0.57735026919));
#15491 = ORIENTED_EDGE('',*,*,#13965,.T.);
#15492 = ORIENTED_EDGE('',*,*,#15493,.T.);
#15493 = EDGE_CURVE('',#13958,#15494,#15496,.T.);
#15494 = VERTEX_POINT('',#15495);
#15495 = CARTESIAN_POINT('',(0.16,-10.,8.54));
#15496 = LINE('',#15497,#15498);
#15497 = CARTESIAN_POINT('',(5.333333333333E-02,-10.10666666666,
    8.646666666667));
#15498 = VECTOR('',#15499,1.);
#15499 = DIRECTION('',(-0.57735026919,-0.57735026919,0.57735026919));
#15500 = ORIENTED_EDGE('',*,*,#15501,.F.);
#15501 = EDGE_CURVE('',#15485,#15494,#15502,.T.);
#15502 = LINE('',#15503,#15504);
#15503 = CARTESIAN_POINT('',(0.16,-10.48,8.54));
#15504 = VECTOR('',#15505,1.);
#15505 = DIRECTION('',(0.,1.,0.));
#15506 = PLANE('',#15507);
#15507 = AXIS2_PLACEMENT_3D('',#15508,#15509,#15510);
#15508 = CARTESIAN_POINT('',(0.24,-10.48,8.46));
#15509 = DIRECTION('',(0.707106781187,-1.735167508357E-18,0.707106781187
    ));
#15510 = DIRECTION('',(1.226948711654E-18,1.,1.226948711654E-18));
#15511 = ADVANCED_FACE('',(#15512),#15530,.T.);
#15512 = FACE_BOUND('',#15513,.F.);
#15513 = EDGE_LOOP('',(#15514,#15522,#15523,#15524));
#15514 = ORIENTED_EDGE('',*,*,#15515,.F.);
#15515 = EDGE_CURVE('',#13982,#15516,#15518,.T.);
#15516 = VERTEX_POINT('',#15517);
#15517 = CARTESIAN_POINT('',(-0.16,-10.,8.54));
#15518 = LINE('',#15519,#15520);
#15519 = CARTESIAN_POINT('',(-0.16,-10.,8.54));
#15520 = VECTOR('',#15521,1.);
#15521 = DIRECTION('',(0.57735026919,-0.57735026919,0.57735026919));
#15522 = ORIENTED_EDGE('',*,*,#13989,.T.);
#15523 = ORIENTED_EDGE('',*,*,#15493,.T.);
#15524 = ORIENTED_EDGE('',*,*,#15525,.F.);
#15525 = EDGE_CURVE('',#15516,#15494,#15526,.T.);
#15526 = LINE('',#15527,#15528);
#15527 = CARTESIAN_POINT('',(-0.32,-10.,8.54));
#15528 = VECTOR('',#15529,1.);
#15529 = DIRECTION('',(1.,0.,0.));
#15530 = PLANE('',#15531);
#15531 = AXIS2_PLACEMENT_3D('',#15532,#15533,#15534);
#15532 = CARTESIAN_POINT('',(-0.32,-9.92,8.46));
#15533 = DIRECTION('',(1.735167508357E-18,0.707106781187,0.707106781187)
  );
#15534 = DIRECTION('',(-1.,1.226948711654E-18,1.226948711654E-18));
#15535 = ADVANCED_FACE('',(#15536),#15554,.F.);
#15536 = FACE_BOUND('',#15537,.F.);
#15537 = EDGE_LOOP('',(#15538,#15546,#15547,#15548));
#15538 = ORIENTED_EDGE('',*,*,#15539,.F.);
#15539 = EDGE_CURVE('',#14004,#15540,#15542,.T.);
#15540 = VERTEX_POINT('',#15541);
#15541 = CARTESIAN_POINT('',(-0.16,-10.32,8.54));
#15542 = LINE('',#15543,#15544);
#15543 = CARTESIAN_POINT('',(-0.266666666667,-10.42666666666,
    8.433333333333));
#15544 = VECTOR('',#15545,1.);
#15545 = DIRECTION('',(0.57735026919,0.57735026919,0.57735026919));
#15546 = ORIENTED_EDGE('',*,*,#14013,.T.);
#15547 = ORIENTED_EDGE('',*,*,#15515,.T.);
#15548 = ORIENTED_EDGE('',*,*,#15549,.F.);
#15549 = EDGE_CURVE('',#15540,#15516,#15550,.T.);
#15550 = LINE('',#15551,#15552);
#15551 = CARTESIAN_POINT('',(-0.16,-10.48,8.54));
#15552 = VECTOR('',#15553,1.);
#15553 = DIRECTION('',(0.,1.,0.));
#15554 = PLANE('',#15555);
#15555 = AXIS2_PLACEMENT_3D('',#15556,#15557,#15558);
#15556 = CARTESIAN_POINT('',(-0.24,-10.48,8.46));
#15557 = DIRECTION('',(0.707106781187,1.735167508357E-18,-0.707106781187
    ));
#15558 = DIRECTION('',(-1.226948711654E-18,1.,1.226948711654E-18));
#15559 = ADVANCED_FACE('',(#15560),#15571,.F.);
#15560 = FACE_BOUND('',#15561,.T.);
#15561 = EDGE_LOOP('',(#15562,#15563,#15564,#15565));
#15562 = ORIENTED_EDGE('',*,*,#15539,.F.);
#15563 = ORIENTED_EDGE('',*,*,#14030,.T.);
#15564 = ORIENTED_EDGE('',*,*,#15484,.T.);
#15565 = ORIENTED_EDGE('',*,*,#15566,.F.);
#15566 = EDGE_CURVE('',#15540,#15485,#15567,.T.);
#15567 = LINE('',#15568,#15569);
#15568 = CARTESIAN_POINT('',(-0.32,-10.32,8.54));
#15569 = VECTOR('',#15570,1.);
#15570 = DIRECTION('',(1.,0.,0.));
#15571 = PLANE('',#15572);
#15572 = AXIS2_PLACEMENT_3D('',#15573,#15574,#15575);
#15573 = CARTESIAN_POINT('',(-0.32,-10.4,8.46));
#15574 = DIRECTION('',(-1.735167508357E-18,0.707106781187,
    -0.707106781187));
#15575 = DIRECTION('',(-1.,-1.226948711654E-18,1.226948711654E-18));
#15576 = ADVANCED_FACE('',(#15577),#15602,.T.);
#15577 = FACE_BOUND('',#15578,.F.);
#15578 = EDGE_LOOP('',(#15579,#15587,#15588,#15596));
#15579 = ORIENTED_EDGE('',*,*,#15580,.F.);
#15580 = EDGE_CURVE('',#14054,#15581,#15583,.T.);
#15581 = VERTEX_POINT('',#15582);
#15582 = CARTESIAN_POINT('',(-0.16,-2.38,8.54));
#15583 = LINE('',#15584,#15585);
#15584 = CARTESIAN_POINT('',(-0.16,-2.38,8.54));
#15585 = VECTOR('',#15586,1.);
#15586 = DIRECTION('',(0.57735026919,-0.57735026919,0.57735026919));
#15587 = ORIENTED_EDGE('',*,*,#14061,.T.);
#15588 = ORIENTED_EDGE('',*,*,#15589,.T.);
#15589 = EDGE_CURVE('',#14045,#15590,#15592,.T.);
#15590 = VERTEX_POINT('',#15591);
#15591 = CARTESIAN_POINT('',(0.16,-2.38,8.54));
#15592 = LINE('',#15593,#15594);
#15593 = CARTESIAN_POINT('',(5.333333333333E-02,-2.486666666667,
    8.646666666667));
#15594 = VECTOR('',#15595,1.);
#15595 = DIRECTION('',(-0.57735026919,-0.57735026919,0.57735026919));
#15596 = ORIENTED_EDGE('',*,*,#15597,.F.);
#15597 = EDGE_CURVE('',#15581,#15590,#15598,.T.);
#15598 = LINE('',#15599,#15600);
#15599 = CARTESIAN_POINT('',(-0.32,-2.38,8.54));
#15600 = VECTOR('',#15601,1.);
#15601 = DIRECTION('',(1.,0.,0.));
#15602 = PLANE('',#15603);
#15603 = AXIS2_PLACEMENT_3D('',#15604,#15605,#15606);
#15604 = CARTESIAN_POINT('',(-0.32,-2.3,8.46));
#15605 = DIRECTION('',(1.735167508357E-18,0.707106781187,0.707106781187)
  );
#15606 = DIRECTION('',(-1.,1.226948711654E-18,1.226948711654E-18));
#15607 = ADVANCED_FACE('',(#15608),#15626,.F.);
#15608 = FACE_BOUND('',#15609,.F.);
#15609 = EDGE_LOOP('',(#15610,#15618,#15619,#15620));
#15610 = ORIENTED_EDGE('',*,*,#15611,.F.);
#15611 = EDGE_CURVE('',#14076,#15612,#15614,.T.);
#15612 = VERTEX_POINT('',#15613);
#15613 = CARTESIAN_POINT('',(-0.16,-2.7,8.54));
#15614 = LINE('',#15615,#15616);
#15615 = CARTESIAN_POINT('',(-0.266666666667,-2.806666666667,
    8.433333333333));
#15616 = VECTOR('',#15617,1.);
#15617 = DIRECTION('',(0.57735026919,0.57735026919,0.57735026919));
#15618 = ORIENTED_EDGE('',*,*,#14085,.T.);
#15619 = ORIENTED_EDGE('',*,*,#15580,.T.);
#15620 = ORIENTED_EDGE('',*,*,#15621,.F.);
#15621 = EDGE_CURVE('',#15612,#15581,#15622,.T.);
#15622 = LINE('',#15623,#15624);
#15623 = CARTESIAN_POINT('',(-0.16,-2.86,8.54));
#15624 = VECTOR('',#15625,1.);
#15625 = DIRECTION('',(0.,1.,0.));
#15626 = PLANE('',#15627);
#15627 = AXIS2_PLACEMENT_3D('',#15628,#15629,#15630);
#15628 = CARTESIAN_POINT('',(-0.24,-2.86,8.46));
#15629 = DIRECTION('',(0.707106781187,1.735167508357E-18,-0.707106781187
    ));
#15630 = DIRECTION('',(-1.226948711654E-18,1.,1.226948711654E-18));
#15631 = ADVANCED_FACE('',(#15632),#15650,.F.);
#15632 = FACE_BOUND('',#15633,.T.);
#15633 = EDGE_LOOP('',(#15634,#15635,#15636,#15644));
#15634 = ORIENTED_EDGE('',*,*,#15611,.F.);
#15635 = ORIENTED_EDGE('',*,*,#14109,.T.);
#15636 = ORIENTED_EDGE('',*,*,#15637,.T.);
#15637 = EDGE_CURVE('',#14100,#15638,#15640,.T.);
#15638 = VERTEX_POINT('',#15639);
#15639 = CARTESIAN_POINT('',(0.16,-2.7,8.54));
#15640 = LINE('',#15641,#15642);
#15641 = CARTESIAN_POINT('',(0.16,-2.7,8.54));
#15642 = VECTOR('',#15643,1.);
#15643 = DIRECTION('',(-0.57735026919,0.57735026919,0.57735026919));
#15644 = ORIENTED_EDGE('',*,*,#15645,.F.);
#15645 = EDGE_CURVE('',#15612,#15638,#15646,.T.);
#15646 = LINE('',#15647,#15648);
#15647 = CARTESIAN_POINT('',(-0.32,-2.7,8.54));
#15648 = VECTOR('',#15649,1.);
#15649 = DIRECTION('',(1.,0.,0.));
#15650 = PLANE('',#15651);
#15651 = AXIS2_PLACEMENT_3D('',#15652,#15653,#15654);
#15652 = CARTESIAN_POINT('',(-0.32,-2.78,8.46));
#15653 = DIRECTION('',(-1.735167508357E-18,0.707106781187,
    -0.707106781187));
#15654 = DIRECTION('',(-1.,-1.226948711654E-18,1.226948711654E-18));
#15655 = ADVANCED_FACE('',(#15656),#15667,.T.);
#15656 = FACE_BOUND('',#15657,.T.);
#15657 = EDGE_LOOP('',(#15658,#15659,#15660,#15661));
#15658 = ORIENTED_EDGE('',*,*,#15637,.F.);
#15659 = ORIENTED_EDGE('',*,*,#14126,.T.);
#15660 = ORIENTED_EDGE('',*,*,#15589,.T.);
#15661 = ORIENTED_EDGE('',*,*,#15662,.F.);
#15662 = EDGE_CURVE('',#15638,#15590,#15663,.T.);
#15663 = LINE('',#15664,#15665);
#15664 = CARTESIAN_POINT('',(0.16,-2.86,8.54));
#15665 = VECTOR('',#15666,1.);
#15666 = DIRECTION('',(0.,1.,0.));
#15667 = PLANE('',#15668);
#15668 = AXIS2_PLACEMENT_3D('',#15669,#15670,#15671);
#15669 = CARTESIAN_POINT('',(0.24,-2.86,8.46));
#15670 = DIRECTION('',(0.707106781187,-1.735167508357E-18,0.707106781187
    ));
#15671 = DIRECTION('',(1.226948711654E-18,1.,1.226948711654E-18));
#15672 = ADVANCED_FACE('',(#15673),#15698,.F.);
#15673 = FACE_BOUND('',#15674,.T.);
#15674 = EDGE_LOOP('',(#15675,#15683,#15684,#15692));
#15675 = ORIENTED_EDGE('',*,*,#15676,.F.);
#15676 = EDGE_CURVE('',#14150,#15677,#15679,.T.);
#15677 = VERTEX_POINT('',#15678);
#15678 = CARTESIAN_POINT('',(-0.16,-5.24,8.54));
#15679 = LINE('',#15680,#15681);
#15680 = CARTESIAN_POINT('',(-0.266666666667,-5.346666666667,
    8.433333333333));
#15681 = VECTOR('',#15682,1.);
#15682 = DIRECTION('',(0.57735026919,0.57735026919,0.57735026919));
#15683 = ORIENTED_EDGE('',*,*,#14157,.T.);
#15684 = ORIENTED_EDGE('',*,*,#15685,.T.);
#15685 = EDGE_CURVE('',#14141,#15686,#15688,.T.);
#15686 = VERTEX_POINT('',#15687);
#15687 = CARTESIAN_POINT('',(0.16,-5.24,8.54));
#15688 = LINE('',#15689,#15690);
#15689 = CARTESIAN_POINT('',(0.16,-5.24,8.54));
#15690 = VECTOR('',#15691,1.);
#15691 = DIRECTION('',(-0.57735026919,0.57735026919,0.57735026919));
#15692 = ORIENTED_EDGE('',*,*,#15693,.F.);
#15693 = EDGE_CURVE('',#15677,#15686,#15694,.T.);
#15694 = LINE('',#15695,#15696);
#15695 = CARTESIAN_POINT('',(-0.32,-5.24,8.54));
#15696 = VECTOR('',#15697,1.);
#15697 = DIRECTION('',(1.,0.,0.));
#15698 = PLANE('',#15699);
#15699 = AXIS2_PLACEMENT_3D('',#15700,#15701,#15702);
#15700 = CARTESIAN_POINT('',(-0.32,-5.32,8.46));
#15701 = DIRECTION('',(-1.735167508357E-18,0.707106781187,
    -0.707106781187));
#15702 = DIRECTION('',(-1.,-1.226948711654E-18,1.226948711654E-18));
#15703 = ADVANCED_FACE('',(#15704),#15722,.T.);
#15704 = FACE_BOUND('',#15705,.T.);
#15705 = EDGE_LOOP('',(#15706,#15707,#15708,#15716));
#15706 = ORIENTED_EDGE('',*,*,#15685,.F.);
#15707 = ORIENTED_EDGE('',*,*,#14181,.T.);
#15708 = ORIENTED_EDGE('',*,*,#15709,.T.);
#15709 = EDGE_CURVE('',#14174,#15710,#15712,.T.);
#15710 = VERTEX_POINT('',#15711);
#15711 = CARTESIAN_POINT('',(0.16,-4.92,8.54));
#15712 = LINE('',#15713,#15714);
#15713 = CARTESIAN_POINT('',(5.333333333333E-02,-5.026666666667,
    8.646666666667));
#15714 = VECTOR('',#15715,1.);
#15715 = DIRECTION('',(-0.57735026919,-0.57735026919,0.57735026919));
#15716 = ORIENTED_EDGE('',*,*,#15717,.F.);
#15717 = EDGE_CURVE('',#15686,#15710,#15718,.T.);
#15718 = LINE('',#15719,#15720);
#15719 = CARTESIAN_POINT('',(0.16,-5.4,8.54));
#15720 = VECTOR('',#15721,1.);
#15721 = DIRECTION('',(0.,1.,0.));
#15722 = PLANE('',#15723);
#15723 = AXIS2_PLACEMENT_3D('',#15724,#15725,#15726);
#15724 = CARTESIAN_POINT('',(0.24,-5.4,8.46));
#15725 = DIRECTION('',(0.707106781187,-1.735167508357E-18,0.707106781187
    ));
#15726 = DIRECTION('',(1.226948711654E-18,1.,1.226948711654E-18));
#15727 = ADVANCED_FACE('',(#15728),#15746,.T.);
#15728 = FACE_BOUND('',#15729,.F.);
#15729 = EDGE_LOOP('',(#15730,#15738,#15739,#15740));
#15730 = ORIENTED_EDGE('',*,*,#15731,.F.);
#15731 = EDGE_CURVE('',#14198,#15732,#15734,.T.);
#15732 = VERTEX_POINT('',#15733);
#15733 = CARTESIAN_POINT('',(-0.16,-4.92,8.54));
#15734 = LINE('',#15735,#15736);
#15735 = CARTESIAN_POINT('',(-0.16,-4.92,8.54));
#15736 = VECTOR('',#15737,1.);
#15737 = DIRECTION('',(0.57735026919,-0.57735026919,0.57735026919));
#15738 = ORIENTED_EDGE('',*,*,#14205,.T.);
#15739 = ORIENTED_EDGE('',*,*,#15709,.T.);
#15740 = ORIENTED_EDGE('',*,*,#15741,.F.);
#15741 = EDGE_CURVE('',#15732,#15710,#15742,.T.);
#15742 = LINE('',#15743,#15744);
#15743 = CARTESIAN_POINT('',(-0.32,-4.92,8.54));
#15744 = VECTOR('',#15745,1.);
#15745 = DIRECTION('',(1.,0.,0.));
#15746 = PLANE('',#15747);
#15747 = AXIS2_PLACEMENT_3D('',#15748,#15749,#15750);
#15748 = CARTESIAN_POINT('',(-0.32,-4.84,8.46));
#15749 = DIRECTION('',(1.735167508357E-18,0.707106781187,0.707106781187)
  );
#15750 = DIRECTION('',(-1.,1.226948711654E-18,1.226948711654E-18));
#15751 = ADVANCED_FACE('',(#15752),#15763,.F.);
#15752 = FACE_BOUND('',#15753,.F.);
#15753 = EDGE_LOOP('',(#15754,#15755,#15756,#15757));
#15754 = ORIENTED_EDGE('',*,*,#15676,.F.);
#15755 = ORIENTED_EDGE('',*,*,#14222,.T.);
#15756 = ORIENTED_EDGE('',*,*,#15731,.T.);
#15757 = ORIENTED_EDGE('',*,*,#15758,.F.);
#15758 = EDGE_CURVE('',#15677,#15732,#15759,.T.);
#15759 = LINE('',#15760,#15761);
#15760 = CARTESIAN_POINT('',(-0.16,-5.4,8.54));
#15761 = VECTOR('',#15762,1.);
#15762 = DIRECTION('',(0.,1.,0.));
#15763 = PLANE('',#15764);
#15764 = AXIS2_PLACEMENT_3D('',#15765,#15766,#15767);
#15765 = CARTESIAN_POINT('',(-0.24,-5.4,8.46));
#15766 = DIRECTION('',(0.707106781187,1.735167508357E-18,-0.707106781187
    ));
#15767 = DIRECTION('',(-1.226948711654E-18,1.,1.226948711654E-18));
#15768 = ADVANCED_FACE('',(#15769),#15794,.T.);
#15769 = FACE_BOUND('',#15770,.T.);
#15770 = EDGE_LOOP('',(#15771,#15779,#15780,#15788));
#15771 = ORIENTED_EDGE('',*,*,#15772,.F.);
#15772 = EDGE_CURVE('',#14237,#15773,#15775,.T.);
#15773 = VERTEX_POINT('',#15774);
#15774 = CARTESIAN_POINT('',(0.16,-0.16,8.54));
#15775 = LINE('',#15776,#15777);
#15776 = CARTESIAN_POINT('',(0.16,-0.16,8.54));
#15777 = VECTOR('',#15778,1.);
#15778 = DIRECTION('',(-0.57735026919,0.57735026919,0.57735026919));
#15779 = ORIENTED_EDGE('',*,*,#14253,.T.);
#15780 = ORIENTED_EDGE('',*,*,#15781,.T.);
#15781 = EDGE_CURVE('',#14246,#15782,#15784,.T.);
#15782 = VERTEX_POINT('',#15783);
#15783 = CARTESIAN_POINT('',(0.16,0.16,8.54));
#15784 = LINE('',#15785,#15786);
#15785 = CARTESIAN_POINT('',(5.333333333333E-02,5.333333333333E-02,
    8.646666666667));
#15786 = VECTOR('',#15787,1.);
#15787 = DIRECTION('',(-0.57735026919,-0.57735026919,0.57735026919));
#15788 = ORIENTED_EDGE('',*,*,#15789,.F.);
#15789 = EDGE_CURVE('',#15773,#15782,#15790,.T.);
#15790 = LINE('',#15791,#15792);
#15791 = CARTESIAN_POINT('',(0.16,-0.32,8.54));
#15792 = VECTOR('',#15793,1.);
#15793 = DIRECTION('',(0.,1.,0.));
#15794 = PLANE('',#15795);
#15795 = AXIS2_PLACEMENT_3D('',#15796,#15797,#15798);
#15796 = CARTESIAN_POINT('',(0.24,-0.32,8.46));
#15797 = DIRECTION('',(0.707106781187,-1.735167508357E-18,0.707106781187
    ));
#15798 = DIRECTION('',(1.226948711654E-18,1.,1.226948711654E-18));
#15799 = ADVANCED_FACE('',(#15800),#15818,.T.);
#15800 = FACE_BOUND('',#15801,.F.);
#15801 = EDGE_LOOP('',(#15802,#15810,#15811,#15812));
#15802 = ORIENTED_EDGE('',*,*,#15803,.F.);
#15803 = EDGE_CURVE('',#14270,#15804,#15806,.T.);
#15804 = VERTEX_POINT('',#15805);
#15805 = CARTESIAN_POINT('',(-0.16,0.16,8.54));
#15806 = LINE('',#15807,#15808);
#15807 = CARTESIAN_POINT('',(-0.16,0.16,8.54));
#15808 = VECTOR('',#15809,1.);
#15809 = DIRECTION('',(0.57735026919,-0.57735026919,0.57735026919));
#15810 = ORIENTED_EDGE('',*,*,#14277,.T.);
#15811 = ORIENTED_EDGE('',*,*,#15781,.T.);
#15812 = ORIENTED_EDGE('',*,*,#15813,.F.);
#15813 = EDGE_CURVE('',#15804,#15782,#15814,.T.);
#15814 = LINE('',#15815,#15816);
#15815 = CARTESIAN_POINT('',(-0.32,0.16,8.54));
#15816 = VECTOR('',#15817,1.);
#15817 = DIRECTION('',(1.,0.,0.));
#15818 = PLANE('',#15819);
#15819 = AXIS2_PLACEMENT_3D('',#15820,#15821,#15822);
#15820 = CARTESIAN_POINT('',(-0.32,0.24,8.46));
#15821 = DIRECTION('',(1.735167508357E-18,0.707106781187,0.707106781187)
  );
#15822 = DIRECTION('',(-1.,1.226948711654E-18,1.226948711654E-18));
#15823 = ADVANCED_FACE('',(#15824),#15842,.F.);
#15824 = FACE_BOUND('',#15825,.F.);
#15825 = EDGE_LOOP('',(#15826,#15834,#15835,#15836));
#15826 = ORIENTED_EDGE('',*,*,#15827,.F.);
#15827 = EDGE_CURVE('',#14292,#15828,#15830,.T.);
#15828 = VERTEX_POINT('',#15829);
#15829 = CARTESIAN_POINT('',(-0.16,-0.16,8.54));
#15830 = LINE('',#15831,#15832);
#15831 = CARTESIAN_POINT('',(-0.266666666667,-0.266666666667,
    8.433333333333));
#15832 = VECTOR('',#15833,1.);
#15833 = DIRECTION('',(0.57735026919,0.57735026919,0.57735026919));
#15834 = ORIENTED_EDGE('',*,*,#14301,.T.);
#15835 = ORIENTED_EDGE('',*,*,#15803,.T.);
#15836 = ORIENTED_EDGE('',*,*,#15837,.F.);
#15837 = EDGE_CURVE('',#15828,#15804,#15838,.T.);
#15838 = LINE('',#15839,#15840);
#15839 = CARTESIAN_POINT('',(-0.16,-0.32,8.54));
#15840 = VECTOR('',#15841,1.);
#15841 = DIRECTION('',(0.,1.,0.));
#15842 = PLANE('',#15843);
#15843 = AXIS2_PLACEMENT_3D('',#15844,#15845,#15846);
#15844 = CARTESIAN_POINT('',(-0.24,-0.32,8.46));
#15845 = DIRECTION('',(0.707106781187,1.735167508357E-18,-0.707106781187
    ));
#15846 = DIRECTION('',(-1.226948711654E-18,1.,1.226948711654E-18));
#15847 = ADVANCED_FACE('',(#15848),#15859,.F.);
#15848 = FACE_BOUND('',#15849,.T.);
#15849 = EDGE_LOOP('',(#15850,#15851,#15852,#15853));
#15850 = ORIENTED_EDGE('',*,*,#15827,.F.);
#15851 = ORIENTED_EDGE('',*,*,#14318,.T.);
#15852 = ORIENTED_EDGE('',*,*,#15772,.T.);
#15853 = ORIENTED_EDGE('',*,*,#15854,.F.);
#15854 = EDGE_CURVE('',#15828,#15773,#15855,.T.);
#15855 = LINE('',#15856,#15857);
#15856 = CARTESIAN_POINT('',(-0.32,-0.16,8.54));
#15857 = VECTOR('',#15858,1.);
#15858 = DIRECTION('',(1.,0.,0.));
#15859 = PLANE('',#15860);
#15860 = AXIS2_PLACEMENT_3D('',#15861,#15862,#15863);
#15861 = CARTESIAN_POINT('',(-0.32,-0.24,8.46));
#15862 = DIRECTION('',(-1.735167508357E-18,0.707106781187,
    -0.707106781187));
#15863 = DIRECTION('',(-1.,-1.226948711654E-18,1.226948711654E-18));
#15864 = ADVANCED_FACE('',(#15865),#15871,.F.);
#15865 = FACE_BOUND('',#15866,.F.);
#15866 = EDGE_LOOP('',(#15867,#15868,#15869,#15870));
#15867 = ORIENTED_EDGE('',*,*,#14349,.T.);
#15868 = ORIENTED_EDGE('',*,*,#14373,.T.);
#15869 = ORIENTED_EDGE('',*,*,#14397,.F.);
#15870 = ORIENTED_EDGE('',*,*,#14414,.F.);
#15871 = PLANE('',#15872);
#15872 = AXIS2_PLACEMENT_3D('',#15873,#15874,#15875);
#15873 = CARTESIAN_POINT('',(-0.32,-18.1,-3.));
#15874 = DIRECTION('',(0.,0.,1.));
#15875 = DIRECTION('',(1.,0.,-0.));
#15876 = ADVANCED_FACE('',(#15877),#15883,.F.);
#15877 = FACE_BOUND('',#15878,.F.);
#15878 = EDGE_LOOP('',(#15879,#15880,#15881,#15882));
#15879 = ORIENTED_EDGE('',*,*,#14493,.T.);
#15880 = ORIENTED_EDGE('',*,*,#14510,.T.);
#15881 = ORIENTED_EDGE('',*,*,#14445,.F.);
#15882 = ORIENTED_EDGE('',*,*,#14469,.F.);
#15883 = PLANE('',#15884);
#15884 = AXIS2_PLACEMENT_3D('',#15885,#15886,#15887);
#15885 = CARTESIAN_POINT('',(-0.32,-15.56,-3.));
#15886 = DIRECTION('',(0.,0.,1.));
#15887 = DIRECTION('',(1.,0.,-0.));
#15888 = ADVANCED_FACE('',(#15889),#15895,.F.);
#15889 = FACE_BOUND('',#15890,.F.);
#15890 = EDGE_LOOP('',(#15891,#15892,#15893,#15894));
#15891 = ORIENTED_EDGE('',*,*,#14606,.T.);
#15892 = ORIENTED_EDGE('',*,*,#14541,.T.);
#15893 = ORIENTED_EDGE('',*,*,#14565,.F.);
#15894 = ORIENTED_EDGE('',*,*,#14589,.F.);
#15895 = PLANE('',#15896);
#15896 = AXIS2_PLACEMENT_3D('',#15897,#15898,#15899);
#15897 = CARTESIAN_POINT('',(-0.32,-7.94,-3.));
#15898 = DIRECTION('',(0.,0.,1.));
#15899 = DIRECTION('',(1.,0.,-0.));
#15900 = ADVANCED_FACE('',(#15901),#15907,.F.);
#15901 = FACE_BOUND('',#15902,.F.);
#15902 = EDGE_LOOP('',(#15903,#15904,#15905,#15906));
#15903 = ORIENTED_EDGE('',*,*,#14685,.T.);
#15904 = ORIENTED_EDGE('',*,*,#14702,.T.);
#15905 = ORIENTED_EDGE('',*,*,#14637,.F.);
#15906 = ORIENTED_EDGE('',*,*,#14661,.F.);
#15907 = PLANE('',#15908);
#15908 = AXIS2_PLACEMENT_3D('',#15909,#15910,#15911);
#15909 = CARTESIAN_POINT('',(-0.32,-13.02,-3.));
#15910 = DIRECTION('',(0.,0.,1.));
#15911 = DIRECTION('',(1.,0.,-0.));
#15912 = ADVANCED_FACE('',(#15913),#15919,.F.);
#15913 = FACE_BOUND('',#15914,.F.);
#15914 = EDGE_LOOP('',(#15915,#15916,#15917,#15918));
#15915 = ORIENTED_EDGE('',*,*,#14798,.T.);
#15916 = ORIENTED_EDGE('',*,*,#14733,.T.);
#15917 = ORIENTED_EDGE('',*,*,#14757,.F.);
#15918 = ORIENTED_EDGE('',*,*,#14781,.F.);
#15919 = PLANE('',#15920);
#15920 = AXIS2_PLACEMENT_3D('',#15921,#15922,#15923);
#15921 = CARTESIAN_POINT('',(-0.32,-10.48,-3.));
#15922 = DIRECTION('',(0.,0.,1.));
#15923 = DIRECTION('',(1.,0.,-0.));
#15924 = ADVANCED_FACE('',(#15925),#15931,.F.);
#15925 = FACE_BOUND('',#15926,.F.);
#15926 = EDGE_LOOP('',(#15927,#15928,#15929,#15930));
#15927 = ORIENTED_EDGE('',*,*,#14877,.T.);
#15928 = ORIENTED_EDGE('',*,*,#14894,.T.);
#15929 = ORIENTED_EDGE('',*,*,#14829,.F.);
#15930 = ORIENTED_EDGE('',*,*,#14853,.F.);
#15931 = PLANE('',#15932);
#15932 = AXIS2_PLACEMENT_3D('',#15933,#15934,#15935);
#15933 = CARTESIAN_POINT('',(-0.32,-2.86,-3.));
#15934 = DIRECTION('',(0.,0.,1.));
#15935 = DIRECTION('',(1.,0.,-0.));
#15936 = ADVANCED_FACE('',(#15937),#15943,.F.);
#15937 = FACE_BOUND('',#15938,.F.);
#15938 = EDGE_LOOP('',(#15939,#15940,#15941,#15942));
#15939 = ORIENTED_EDGE('',*,*,#14925,.T.);
#15940 = ORIENTED_EDGE('',*,*,#14949,.T.);
#15941 = ORIENTED_EDGE('',*,*,#14973,.F.);
#15942 = ORIENTED_EDGE('',*,*,#14990,.F.);
#15943 = PLANE('',#15944);
#15944 = AXIS2_PLACEMENT_3D('',#15945,#15946,#15947);
#15945 = CARTESIAN_POINT('',(-0.32,-5.4,-3.));
#15946 = DIRECTION('',(0.,0.,1.));
#15947 = DIRECTION('',(1.,0.,-0.));
#15948 = ADVANCED_FACE('',(#15949),#15955,.F.);
#15949 = FACE_BOUND('',#15950,.F.);
#15950 = EDGE_LOOP('',(#15951,#15952,#15953,#15954));
#15951 = ORIENTED_EDGE('',*,*,#15086,.T.);
#15952 = ORIENTED_EDGE('',*,*,#15021,.T.);
#15953 = ORIENTED_EDGE('',*,*,#15045,.F.);
#15954 = ORIENTED_EDGE('',*,*,#15069,.F.);
#15955 = PLANE('',#15956);
#15956 = AXIS2_PLACEMENT_3D('',#15957,#15958,#15959);
#15957 = CARTESIAN_POINT('',(-0.32,-0.32,-3.));
#15958 = DIRECTION('',(0.,0.,1.));
#15959 = DIRECTION('',(1.,0.,-0.));
#15960 = ADVANCED_FACE('',(#15961),#15967,.T.);
#15961 = FACE_BOUND('',#15962,.T.);
#15962 = EDGE_LOOP('',(#15963,#15964,#15965,#15966));
#15963 = ORIENTED_EDGE('',*,*,#15117,.T.);
#15964 = ORIENTED_EDGE('',*,*,#15141,.T.);
#15965 = ORIENTED_EDGE('',*,*,#15165,.F.);
#15966 = ORIENTED_EDGE('',*,*,#15182,.F.);
#15967 = PLANE('',#15968);
#15968 = AXIS2_PLACEMENT_3D('',#15969,#15970,#15971);
#15969 = CARTESIAN_POINT('',(-0.32,-18.1,8.54));
#15970 = DIRECTION('',(0.,0.,1.));
#15971 = DIRECTION('',(1.,0.,-0.));
#15972 = ADVANCED_FACE('',(#15973),#15979,.T.);
#15973 = FACE_BOUND('',#15974,.T.);
#15974 = EDGE_LOOP('',(#15975,#15976,#15977,#15978));
#15975 = ORIENTED_EDGE('',*,*,#15261,.T.);
#15976 = ORIENTED_EDGE('',*,*,#15278,.T.);
#15977 = ORIENTED_EDGE('',*,*,#15213,.F.);
#15978 = ORIENTED_EDGE('',*,*,#15237,.F.);
#15979 = PLANE('',#15980);
#15980 = AXIS2_PLACEMENT_3D('',#15981,#15982,#15983);
#15981 = CARTESIAN_POINT('',(-0.32,-15.56,8.54));
#15982 = DIRECTION('',(0.,0.,1.));
#15983 = DIRECTION('',(1.,0.,-0.));
#15984 = ADVANCED_FACE('',(#15985),#15991,.T.);
#15985 = FACE_BOUND('',#15986,.T.);
#15986 = EDGE_LOOP('',(#15987,#15988,#15989,#15990));
#15987 = ORIENTED_EDGE('',*,*,#15374,.T.);
#15988 = ORIENTED_EDGE('',*,*,#15309,.T.);
#15989 = ORIENTED_EDGE('',*,*,#15333,.F.);
#15990 = ORIENTED_EDGE('',*,*,#15357,.F.);
#15991 = PLANE('',#15992);
#15992 = AXIS2_PLACEMENT_3D('',#15993,#15994,#15995);
#15993 = CARTESIAN_POINT('',(-0.32,-7.94,8.54));
#15994 = DIRECTION('',(0.,0.,1.));
#15995 = DIRECTION('',(1.,0.,-0.));
#15996 = ADVANCED_FACE('',(#15997),#16003,.T.);
#15997 = FACE_BOUND('',#15998,.T.);
#15998 = EDGE_LOOP('',(#15999,#16000,#16001,#16002));
#15999 = ORIENTED_EDGE('',*,*,#15453,.T.);
#16000 = ORIENTED_EDGE('',*,*,#15470,.T.);
#16001 = ORIENTED_EDGE('',*,*,#15405,.F.);
#16002 = ORIENTED_EDGE('',*,*,#15429,.F.);
#16003 = PLANE('',#16004);
#16004 = AXIS2_PLACEMENT_3D('',#16005,#16006,#16007);
#16005 = CARTESIAN_POINT('',(-0.32,-13.02,8.54));
#16006 = DIRECTION('',(0.,0.,1.));
#16007 = DIRECTION('',(1.,0.,-0.));
#16008 = ADVANCED_FACE('',(#16009),#16015,.T.);
#16009 = FACE_BOUND('',#16010,.T.);
#16010 = EDGE_LOOP('',(#16011,#16012,#16013,#16014));
#16011 = ORIENTED_EDGE('',*,*,#15566,.T.);
#16012 = ORIENTED_EDGE('',*,*,#15501,.T.);
#16013 = ORIENTED_EDGE('',*,*,#15525,.F.);
#16014 = ORIENTED_EDGE('',*,*,#15549,.F.);
#16015 = PLANE('',#16016);
#16016 = AXIS2_PLACEMENT_3D('',#16017,#16018,#16019);
#16017 = CARTESIAN_POINT('',(-0.32,-10.48,8.54));
#16018 = DIRECTION('',(0.,0.,1.));
#16019 = DIRECTION('',(1.,0.,-0.));
#16020 = ADVANCED_FACE('',(#16021),#16027,.T.);
#16021 = FACE_BOUND('',#16022,.T.);
#16022 = EDGE_LOOP('',(#16023,#16024,#16025,#16026));
#16023 = ORIENTED_EDGE('',*,*,#15645,.T.);
#16024 = ORIENTED_EDGE('',*,*,#15662,.T.);
#16025 = ORIENTED_EDGE('',*,*,#15597,.F.);
#16026 = ORIENTED_EDGE('',*,*,#15621,.F.);
#16027 = PLANE('',#16028);
#16028 = AXIS2_PLACEMENT_3D('',#16029,#16030,#16031);
#16029 = CARTESIAN_POINT('',(-0.32,-2.86,8.54));
#16030 = DIRECTION('',(0.,0.,1.));
#16031 = DIRECTION('',(1.,0.,-0.));
#16032 = ADVANCED_FACE('',(#16033),#16039,.T.);
#16033 = FACE_BOUND('',#16034,.T.);
#16034 = EDGE_LOOP('',(#16035,#16036,#16037,#16038));
#16035 = ORIENTED_EDGE('',*,*,#15693,.T.);
#16036 = ORIENTED_EDGE('',*,*,#15717,.T.);
#16037 = ORIENTED_EDGE('',*,*,#15741,.F.);
#16038 = ORIENTED_EDGE('',*,*,#15758,.F.);
#16039 = PLANE('',#16040);
#16040 = AXIS2_PLACEMENT_3D('',#16041,#16042,#16043);
#16041 = CARTESIAN_POINT('',(-0.32,-5.4,8.54));
#16042 = DIRECTION('',(0.,0.,1.));
#16043 = DIRECTION('',(1.,0.,-0.));
#16044 = ADVANCED_FACE('',(#16045),#16051,.T.);
#16045 = FACE_BOUND('',#16046,.T.);
#16046 = EDGE_LOOP('',(#16047,#16048,#16049,#16050));
#16047 = ORIENTED_EDGE('',*,*,#15854,.T.);
#16048 = ORIENTED_EDGE('',*,*,#15789,.T.);
#16049 = ORIENTED_EDGE('',*,*,#15813,.F.);
#16050 = ORIENTED_EDGE('',*,*,#15837,.F.);
#16051 = PLANE('',#16052);
#16052 = AXIS2_PLACEMENT_3D('',#16053,#16054,#16055);
#16053 = CARTESIAN_POINT('',(-0.32,-0.32,8.54));
#16054 = DIRECTION('',(0.,0.,1.));
#16055 = DIRECTION('',(1.,0.,-0.));
#16056 = ( GEOMETRIC_REPRESENTATION_CONTEXT(3) 
GLOBAL_UNCERTAINTY_ASSIGNED_CONTEXT((#16060)) 
GLOBAL_UNIT_ASSIGNED_CONTEXT((#16057,#16058,#16059)) 
REPRESENTATION_CONTEXT('Context #1',
  '3D Context with UNIT and UNCERTAINTY') );
#16057 = ( LENGTH_UNIT() NAMED_UNIT(*) SI_UNIT(.MILLI.,.METRE.) );
#16058 = ( NAMED_UNIT(*) PLANE_ANGLE_UNIT() SI_UNIT($,.RADIAN.) );
#16059 = ( NAMED_UNIT(*) SI_UNIT($,.STERADIAN.) SOLID_ANGLE_UNIT() );
#16060 = UNCERTAINTY_MEASURE_WITH_UNIT(LENGTH_MEASURE(1.E-07),#16057,
  'distance_accuracy_value','confusion accuracy');
#16061 = CONTEXT_DEPENDENT_SHAPE_REPRESENTATION(#16062,#16064);
#16062 = ( REPRESENTATION_RELATIONSHIP('','',#10579,#10) 
REPRESENTATION_RELATIONSHIP_WITH_TRANSFORMATION(#16063) 
SHAPE_REPRESENTATION_RELATIONSHIP() );
#16063 = ITEM_DEFINED_TRANSFORMATION('','',#11,#43);
#16064 = PRODUCT_DEFINITION_SHAPE('Placement','Placement of an item',
  #16065);
#16065 = NEXT_ASSEMBLY_USAGE_OCCURRENCE('8','JP1','',#5,#10574,$);
#16066 = PRODUCT_RELATED_PRODUCT_CATEGORY('part',$,(#10576));
#16067 = CONTEXT_DEPENDENT_SHAPE_REPRESENTATION(#16068,#16070);
#16068 = ( REPRESENTATION_RELATIONSHIP('','',#88,#10) 
REPRESENTATION_RELATIONSHIP_WITH_TRANSFORMATION(#16069) 
SHAPE_REPRESENTATION_RELATIONSHIP() );
#16069 = ITEM_DEFINED_TRANSFORMATION('','',#11,#47);
#16070 = PRODUCT_DEFINITION_SHAPE('Placement','Placement of an item',
  #16071);
#16071 = NEXT_ASSEMBLY_USAGE_OCCURRENCE('9','R2','',#5,#83,$);
#16072 = CONTEXT_DEPENDENT_SHAPE_REPRESENTATION(#16073,#16075);
#16073 = ( REPRESENTATION_RELATIONSHIP('','',#88,#10) 
REPRESENTATION_RELATIONSHIP_WITH_TRANSFORMATION(#16074) 
SHAPE_REPRESENTATION_RELATIONSHIP() );
#16074 = ITEM_DEFINED_TRANSFORMATION('','',#11,#51);
#16075 = PRODUCT_DEFINITION_SHAPE('Placement','Placement of an item',
  #16076);
#16076 = NEXT_ASSEMBLY_USAGE_OCCURRENCE('10','R5','',#5,#83,$);
#16077 = CONTEXT_DEPENDENT_SHAPE_REPRESENTATION(#16078,#16080);
#16078 = ( REPRESENTATION_RELATIONSHIP('','',#88,#10) 
REPRESENTATION_RELATIONSHIP_WITH_TRANSFORMATION(#16079) 
SHAPE_REPRESENTATION_RELATIONSHIP() );
#16079 = ITEM_DEFINED_TRANSFORMATION('','',#11,#55);
#16080 = PRODUCT_DEFINITION_SHAPE('Placement','Placement of an item',
  #16081);
#16081 = NEXT_ASSEMBLY_USAGE_OCCURRENCE('11','R3','',#5,#83,$);
#16082 = CONTEXT_DEPENDENT_SHAPE_REPRESENTATION(#16083,#16085);
#16083 = ( REPRESENTATION_RELATIONSHIP('','',#88,#10) 
REPRESENTATION_RELATIONSHIP_WITH_TRANSFORMATION(#16084) 
SHAPE_REPRESENTATION_RELATIONSHIP() );
#16084 = ITEM_DEFINED_TRANSFORMATION('','',#11,#59);
#16085 = PRODUCT_DEFINITION_SHAPE('Placement','Placement of an item',
  #16086);
#16086 = NEXT_ASSEMBLY_USAGE_OCCURRENCE('12','R1','',#5,#83,$);
#16087 = CONTEXT_DEPENDENT_SHAPE_REPRESENTATION(#16088,#16090);
#16088 = ( REPRESENTATION_RELATIONSHIP('','',#88,#10) 
REPRESENTATION_RELATIONSHIP_WITH_TRANSFORMATION(#16089) 
SHAPE_REPRESENTATION_RELATIONSHIP() );
#16089 = ITEM_DEFINED_TRANSFORMATION('','',#11,#63);
#16090 = PRODUCT_DEFINITION_SHAPE('Placement','Placement of an item',
  #16091);
#16091 = NEXT_ASSEMBLY_USAGE_OCCURRENCE('13','C1','',#5,#83,$);
#16092 = CONTEXT_DEPENDENT_SHAPE_REPRESENTATION(#16093,#16095);
#16093 = ( REPRESENTATION_RELATIONSHIP('','',#7606,#10) 
REPRESENTATION_RELATIONSHIP_WITH_TRANSFORMATION(#16094) 
SHAPE_REPRESENTATION_RELATIONSHIP() );
#16094 = ITEM_DEFINED_TRANSFORMATION('','',#11,#67);
#16095 = PRODUCT_DEFINITION_SHAPE('Placement','Placement of an item',
  #16096);
#16096 = NEXT_ASSEMBLY_USAGE_OCCURRENCE('14','Q2','',#5,#7601,$);
#16097 = SHAPE_DEFINITION_REPRESENTATION(#16098,#16104);
#16098 = PRODUCT_DEFINITION_SHAPE('','',#16099);
#16099 = PRODUCT_DEFINITION('design','',#16100,#16103);
#16100 = PRODUCT_DEFINITION_FORMATION('','',#16101);
#16101 = PRODUCT('Adafruit MMA8451_PCB','Adafruit MMA8451_PCB','',(
    #16102));
#16102 = PRODUCT_CONTEXT('',#2,'mechanical');
#16103 = PRODUCT_DEFINITION_CONTEXT('part definition',#2,'design');
#16104 = ADVANCED_BREP_SHAPE_REPRESENTATION('',(#11,#16105),#16785);
#16105 = MANIFOLD_SOLID_BREP('',#16106);
#16106 = CLOSED_SHELL('',(#16107,#16149,#16180,#16211,#16373,#16535,
    #16552,#16569,#16586,#16603,#16615,#16632,#16649,#16666,#16683,
    #16700,#16717,#16734,#16751,#16768));
#16107 = ADVANCED_FACE('',(#16108),#16144,.T.);
#16108 = FACE_BOUND('',#16109,.T.);
#16109 = EDGE_LOOP('',(#16110,#16120,#16129,#16137));
#16110 = ORIENTED_EDGE('',*,*,#16111,.T.);
#16111 = EDGE_CURVE('',#16112,#16114,#16116,.T.);
#16112 = VERTEX_POINT('',#16113);
#16113 = CARTESIAN_POINT('',(156.1211,-96.1136,0.));
#16114 = VERTEX_POINT('',#16115);
#16115 = CARTESIAN_POINT('',(156.1211,-96.1136,1.51));
#16116 = LINE('',#16117,#16118);
#16117 = CARTESIAN_POINT('',(156.1211,-96.1136,0.));
#16118 = VECTOR('',#16119,1.);
#16119 = DIRECTION('',(0.,0.,1.));
#16120 = ORIENTED_EDGE('',*,*,#16121,.T.);
#16121 = EDGE_CURVE('',#16114,#16122,#16124,.T.);
#16122 = VERTEX_POINT('',#16123);
#16123 = CARTESIAN_POINT('',(158.6611,-98.6536,1.51));
#16124 = CIRCLE('',#16125,2.540000765514);
#16125 = AXIS2_PLACEMENT_3D('',#16126,#16127,#16128);
#16126 = CARTESIAN_POINT('',(156.12109923448,-98.65360076551,1.51));
#16127 = DIRECTION('',(0.,0.,-1.));
#16128 = DIRECTION('',(3.01383458606E-07,1.,0.));
#16129 = ORIENTED_EDGE('',*,*,#16130,.F.);
#16130 = EDGE_CURVE('',#16131,#16122,#16133,.T.);
#16131 = VERTEX_POINT('',#16132);
#16132 = CARTESIAN_POINT('',(158.6611,-98.6536,0.));
#16133 = LINE('',#16134,#16135);
#16134 = CARTESIAN_POINT('',(158.6611,-98.6536,0.));
#16135 = VECTOR('',#16136,1.);
#16136 = DIRECTION('',(0.,0.,1.));
#16137 = ORIENTED_EDGE('',*,*,#16138,.F.);
#16138 = EDGE_CURVE('',#16112,#16131,#16139,.T.);
#16139 = CIRCLE('',#16140,2.540000765514);
#16140 = AXIS2_PLACEMENT_3D('',#16141,#16142,#16143);
#16141 = CARTESIAN_POINT('',(156.12109923448,-98.65360076551,0.));
#16142 = DIRECTION('',(0.,0.,-1.));
#16143 = DIRECTION('',(3.01383458606E-07,1.,0.));
#16144 = CYLINDRICAL_SURFACE('',#16145,2.540000765514);
#16145 = AXIS2_PLACEMENT_3D('',#16146,#16147,#16148);
#16146 = CARTESIAN_POINT('',(156.12109923448,-98.65360076551,0.));
#16147 = DIRECTION('',(0.,0.,-1.));
#16148 = DIRECTION('',(3.01383458606E-07,1.,0.));
#16149 = ADVANCED_FACE('',(#16150),#16175,.T.);
#16150 = FACE_BOUND('',#16151,.T.);
#16151 = EDGE_LOOP('',(#16152,#16162,#16168,#16169));
#16152 = ORIENTED_EDGE('',*,*,#16153,.T.);
#16153 = EDGE_CURVE('',#16154,#16156,#16158,.T.);
#16154 = VERTEX_POINT('',#16155);
#16155 = CARTESIAN_POINT('',(140.8811,-96.1136,0.));
#16156 = VERTEX_POINT('',#16157);
#16157 = CARTESIAN_POINT('',(140.8811,-96.1136,1.51));
#16158 = LINE('',#16159,#16160);
#16159 = CARTESIAN_POINT('',(140.8811,-96.1136,0.));
#16160 = VECTOR('',#16161,1.);
#16161 = DIRECTION('',(0.,0.,1.));
#16162 = ORIENTED_EDGE('',*,*,#16163,.T.);
#16163 = EDGE_CURVE('',#16156,#16114,#16164,.T.);
#16164 = LINE('',#16165,#16166);
#16165 = CARTESIAN_POINT('',(140.8811,-96.1136,1.51));
#16166 = VECTOR('',#16167,1.);
#16167 = DIRECTION('',(1.,0.,0.));
#16168 = ORIENTED_EDGE('',*,*,#16111,.F.);
#16169 = ORIENTED_EDGE('',*,*,#16170,.F.);
#16170 = EDGE_CURVE('',#16154,#16112,#16171,.T.);
#16171 = LINE('',#16172,#16173);
#16172 = CARTESIAN_POINT('',(140.8811,-96.1136,0.));
#16173 = VECTOR('',#16174,1.);
#16174 = DIRECTION('',(1.,0.,0.));
#16175 = PLANE('',#16176);
#16176 = AXIS2_PLACEMENT_3D('',#16177,#16178,#16179);
#16177 = CARTESIAN_POINT('',(140.8811,-96.1136,0.));
#16178 = DIRECTION('',(0.,1.,0.));
#16179 = DIRECTION('',(1.,0.,0.));
#16180 = ADVANCED_FACE('',(#16181),#16206,.T.);
#16181 = FACE_BOUND('',#16182,.T.);
#16182 = EDGE_LOOP('',(#16183,#16184,#16192,#16200));
#16183 = ORIENTED_EDGE('',*,*,#16130,.T.);
#16184 = ORIENTED_EDGE('',*,*,#16185,.T.);
#16185 = EDGE_CURVE('',#16122,#16186,#16188,.T.);
#16186 = VERTEX_POINT('',#16187);
#16187 = CARTESIAN_POINT('',(158.6611,-111.3536,1.51));
#16188 = LINE('',#16189,#16190);
#16189 = CARTESIAN_POINT('',(158.6611,-98.6536,1.51));
#16190 = VECTOR('',#16191,1.);
#16191 = DIRECTION('',(0.,-1.,0.));
#16192 = ORIENTED_EDGE('',*,*,#16193,.F.);
#16193 = EDGE_CURVE('',#16194,#16186,#16196,.T.);
#16194 = VERTEX_POINT('',#16195);
#16195 = CARTESIAN_POINT('',(158.6611,-111.3536,0.));
#16196 = LINE('',#16197,#16198);
#16197 = CARTESIAN_POINT('',(158.6611,-111.3536,0.));
#16198 = VECTOR('',#16199,1.);
#16199 = DIRECTION('',(0.,0.,1.));
#16200 = ORIENTED_EDGE('',*,*,#16201,.F.);
#16201 = EDGE_CURVE('',#16131,#16194,#16202,.T.);
#16202 = LINE('',#16203,#16204);
#16203 = CARTESIAN_POINT('',(158.6611,-98.6536,0.));
#16204 = VECTOR('',#16205,1.);
#16205 = DIRECTION('',(0.,-1.,0.));
#16206 = PLANE('',#16207);
#16207 = AXIS2_PLACEMENT_3D('',#16208,#16209,#16210);
#16208 = CARTESIAN_POINT('',(158.6611,-98.6536,0.));
#16209 = DIRECTION('',(1.,0.,-0.));
#16210 = DIRECTION('',(0.,-1.,0.));
#16211 = ADVANCED_FACE('',(#16212,#16258,#16269,#16280,#16291,#16302,
    #16313,#16324,#16335,#16346,#16357),#16368,.F.);
#16212 = FACE_BOUND('',#16213,.F.);
#16213 = EDGE_LOOP('',(#16214,#16215,#16216,#16225,#16233,#16242,#16250,
    #16257));
#16214 = ORIENTED_EDGE('',*,*,#16138,.F.);
#16215 = ORIENTED_EDGE('',*,*,#16170,.F.);
#16216 = ORIENTED_EDGE('',*,*,#16217,.F.);
#16217 = EDGE_CURVE('',#16218,#16154,#16220,.T.);
#16218 = VERTEX_POINT('',#16219);
#16219 = CARTESIAN_POINT('',(138.3411,-98.6536,0.));
#16220 = CIRCLE('',#16221,2.540000765514);
#16221 = AXIS2_PLACEMENT_3D('',#16222,#16223,#16224);
#16222 = CARTESIAN_POINT('',(140.88110076551,-98.65360076551,0.));
#16223 = DIRECTION('',(0.,0.,-1.));
#16224 = DIRECTION('',(-1.,3.013834306319E-07,0.));
#16225 = ORIENTED_EDGE('',*,*,#16226,.F.);
#16226 = EDGE_CURVE('',#16227,#16218,#16229,.T.);
#16227 = VERTEX_POINT('',#16228);
#16228 = CARTESIAN_POINT('',(138.3411,-111.3536,0.));
#16229 = LINE('',#16230,#16231);
#16230 = CARTESIAN_POINT('',(138.3411,-111.3536,0.));
#16231 = VECTOR('',#16232,1.);
#16232 = DIRECTION('',(0.,1.,0.));
#16233 = ORIENTED_EDGE('',*,*,#16234,.F.);
#16234 = EDGE_CURVE('',#16235,#16227,#16237,.T.);
#16235 = VERTEX_POINT('',#16236);
#16236 = CARTESIAN_POINT('',(140.8811,-113.8936,0.));
#16237 = CIRCLE('',#16238,2.540000765514);
#16238 = AXIS2_PLACEMENT_3D('',#16239,#16240,#16241);
#16239 = CARTESIAN_POINT('',(140.88110076551,-111.3535992344,0.));
#16240 = DIRECTION('',(0.,0.,-1.));
#16241 = DIRECTION('',(-3.013834362268E-07,-1.,-0.));
#16242 = ORIENTED_EDGE('',*,*,#16243,.F.);
#16243 = EDGE_CURVE('',#16244,#16235,#16246,.T.);
#16244 = VERTEX_POINT('',#16245);
#16245 = CARTESIAN_POINT('',(156.1211,-113.8936,0.));
#16246 = LINE('',#16247,#16248);
#16247 = CARTESIAN_POINT('',(156.1211,-113.8936,0.));
#16248 = VECTOR('',#16249,1.);
#16249 = DIRECTION('',(-1.,0.,0.));
#16250 = ORIENTED_EDGE('',*,*,#16251,.F.);
#16251 = EDGE_CURVE('',#16194,#16244,#16252,.T.);
#16252 = CIRCLE('',#16253,2.540000765514);
#16253 = AXIS2_PLACEMENT_3D('',#16254,#16255,#16256);
#16254 = CARTESIAN_POINT('',(156.12109923448,-111.3535992344,0.));
#16255 = DIRECTION('',(0.,0.,-1.));
#16256 = DIRECTION('',(1.,-3.013834530112E-07,0.));
#16257 = ORIENTED_EDGE('',*,*,#16201,.F.);
#16258 = FACE_BOUND('',#16259,.F.);
#16259 = EDGE_LOOP('',(#16260));
#16260 = ORIENTED_EDGE('',*,*,#16261,.T.);
#16261 = EDGE_CURVE('',#16262,#16262,#16264,.T.);
#16262 = VERTEX_POINT('',#16263);
#16263 = CARTESIAN_POINT('',(139.6111,-111.8536,0.));
#16264 = CIRCLE('',#16265,0.5);
#16265 = AXIS2_PLACEMENT_3D('',#16266,#16267,#16268);
#16266 = CARTESIAN_POINT('',(139.6111,-111.3536,0.));
#16267 = DIRECTION('',(-0.,0.,-1.));
#16268 = DIRECTION('',(-0.,-1.,0.));
#16269 = FACE_BOUND('',#16270,.F.);
#16270 = EDGE_LOOP('',(#16271));
#16271 = ORIENTED_EDGE('',*,*,#16272,.T.);
#16272 = EDGE_CURVE('',#16273,#16273,#16275,.T.);
#16273 = VERTEX_POINT('',#16274);
#16274 = CARTESIAN_POINT('',(142.1511,-111.8536,0.));
#16275 = CIRCLE('',#16276,0.5);
#16276 = AXIS2_PLACEMENT_3D('',#16277,#16278,#16279);
#16277 = CARTESIAN_POINT('',(142.1511,-111.3536,0.));
#16278 = DIRECTION('',(-0.,0.,-1.));
#16279 = DIRECTION('',(-0.,-1.,0.));
#16280 = FACE_BOUND('',#16281,.F.);
#16281 = EDGE_LOOP('',(#16282));
#16282 = ORIENTED_EDGE('',*,*,#16283,.T.);
#16283 = EDGE_CURVE('',#16284,#16284,#16286,.T.);
#16284 = VERTEX_POINT('',#16285);
#16285 = CARTESIAN_POINT('',(144.6911,-111.8536,0.));
#16286 = CIRCLE('',#16287,0.5);
#16287 = AXIS2_PLACEMENT_3D('',#16288,#16289,#16290);
#16288 = CARTESIAN_POINT('',(144.6911,-111.3536,0.));
#16289 = DIRECTION('',(-0.,0.,-1.));
#16290 = DIRECTION('',(-0.,-1.,0.));
#16291 = FACE_BOUND('',#16292,.F.);
#16292 = EDGE_LOOP('',(#16293));
#16293 = ORIENTED_EDGE('',*,*,#16294,.T.);
#16294 = EDGE_CURVE('',#16295,#16295,#16297,.T.);
#16295 = VERTEX_POINT('',#16296);
#16296 = CARTESIAN_POINT('',(147.2311,-111.8536,0.));
#16297 = CIRCLE('',#16298,0.5);
#16298 = AXIS2_PLACEMENT_3D('',#16299,#16300,#16301);
#16299 = CARTESIAN_POINT('',(147.2311,-111.3536,0.));
#16300 = DIRECTION('',(-0.,0.,-1.));
#16301 = DIRECTION('',(-0.,-1.,0.));
#16302 = FACE_BOUND('',#16303,.F.);
#16303 = EDGE_LOOP('',(#16304));
#16304 = ORIENTED_EDGE('',*,*,#16305,.T.);
#16305 = EDGE_CURVE('',#16306,#16306,#16308,.T.);
#16306 = VERTEX_POINT('',#16307);
#16307 = CARTESIAN_POINT('',(149.7711,-111.8536,0.));
#16308 = CIRCLE('',#16309,0.5);
#16309 = AXIS2_PLACEMENT_3D('',#16310,#16311,#16312);
#16310 = CARTESIAN_POINT('',(149.7711,-111.3536,0.));
#16311 = DIRECTION('',(-0.,0.,-1.));
#16312 = DIRECTION('',(-0.,-1.,0.));
#16313 = FACE_BOUND('',#16314,.F.);
#16314 = EDGE_LOOP('',(#16315));
#16315 = ORIENTED_EDGE('',*,*,#16316,.T.);
#16316 = EDGE_CURVE('',#16317,#16317,#16319,.T.);
#16317 = VERTEX_POINT('',#16318);
#16318 = CARTESIAN_POINT('',(152.3111,-111.8536,0.));
#16319 = CIRCLE('',#16320,0.5);
#16320 = AXIS2_PLACEMENT_3D('',#16321,#16322,#16323);
#16321 = CARTESIAN_POINT('',(152.3111,-111.3536,0.));
#16322 = DIRECTION('',(-0.,0.,-1.));
#16323 = DIRECTION('',(-0.,-1.,0.));
#16324 = FACE_BOUND('',#16325,.F.);
#16325 = EDGE_LOOP('',(#16326));
#16326 = ORIENTED_EDGE('',*,*,#16327,.T.);
#16327 = EDGE_CURVE('',#16328,#16328,#16330,.T.);
#16328 = VERTEX_POINT('',#16329);
#16329 = CARTESIAN_POINT('',(154.8511,-111.8536,0.));
#16330 = CIRCLE('',#16331,0.5);
#16331 = AXIS2_PLACEMENT_3D('',#16332,#16333,#16334);
#16332 = CARTESIAN_POINT('',(154.8511,-111.3536,0.));
#16333 = DIRECTION('',(-0.,0.,-1.));
#16334 = DIRECTION('',(-0.,-1.,0.));
#16335 = FACE_BOUND('',#16336,.F.);
#16336 = EDGE_LOOP('',(#16337));
#16337 = ORIENTED_EDGE('',*,*,#16338,.T.);
#16338 = EDGE_CURVE('',#16339,#16339,#16341,.T.);
#16339 = VERTEX_POINT('',#16340);
#16340 = CARTESIAN_POINT('',(157.3911,-111.8536,0.));
#16341 = CIRCLE('',#16342,0.5);
#16342 = AXIS2_PLACEMENT_3D('',#16343,#16344,#16345);
#16343 = CARTESIAN_POINT('',(157.3911,-111.3536,0.));
#16344 = DIRECTION('',(-0.,0.,-1.));
#16345 = DIRECTION('',(-0.,-1.,0.));
#16346 = FACE_BOUND('',#16347,.F.);
#16347 = EDGE_LOOP('',(#16348));
#16348 = ORIENTED_EDGE('',*,*,#16349,.T.);
#16349 = EDGE_CURVE('',#16350,#16350,#16352,.T.);
#16350 = VERTEX_POINT('',#16351);
#16351 = CARTESIAN_POINT('',(140.8811,-99.9036,0.));
#16352 = CIRCLE('',#16353,1.25);
#16353 = AXIS2_PLACEMENT_3D('',#16354,#16355,#16356);
#16354 = CARTESIAN_POINT('',(140.8811,-98.6536,0.));
#16355 = DIRECTION('',(-0.,0.,-1.));
#16356 = DIRECTION('',(-0.,-1.,0.));
#16357 = FACE_BOUND('',#16358,.F.);
#16358 = EDGE_LOOP('',(#16359));
#16359 = ORIENTED_EDGE('',*,*,#16360,.T.);
#16360 = EDGE_CURVE('',#16361,#16361,#16363,.T.);
#16361 = VERTEX_POINT('',#16362);
#16362 = CARTESIAN_POINT('',(156.1211,-99.9036,0.));
#16363 = CIRCLE('',#16364,1.25);
#16364 = AXIS2_PLACEMENT_3D('',#16365,#16366,#16367);
#16365 = CARTESIAN_POINT('',(156.1211,-98.6536,0.));
#16366 = DIRECTION('',(-0.,0.,-1.));
#16367 = DIRECTION('',(-0.,-1.,0.));
#16368 = PLANE('',#16369);
#16369 = AXIS2_PLACEMENT_3D('',#16370,#16371,#16372);
#16370 = CARTESIAN_POINT('',(0.,0.,0.));
#16371 = DIRECTION('',(0.,0.,1.));
#16372 = DIRECTION('',(1.,0.,-0.));
#16373 = ADVANCED_FACE('',(#16374,#16420,#16431,#16442,#16453,#16464,
    #16475,#16486,#16497,#16508,#16519),#16530,.T.);
#16374 = FACE_BOUND('',#16375,.T.);
#16375 = EDGE_LOOP('',(#16376,#16377,#16378,#16387,#16395,#16404,#16412,
    #16419));
#16376 = ORIENTED_EDGE('',*,*,#16121,.F.);
#16377 = ORIENTED_EDGE('',*,*,#16163,.F.);
#16378 = ORIENTED_EDGE('',*,*,#16379,.F.);
#16379 = EDGE_CURVE('',#16380,#16156,#16382,.T.);
#16380 = VERTEX_POINT('',#16381);
#16381 = CARTESIAN_POINT('',(138.3411,-98.6536,1.51));
#16382 = CIRCLE('',#16383,2.540000765514);
#16383 = AXIS2_PLACEMENT_3D('',#16384,#16385,#16386);
#16384 = CARTESIAN_POINT('',(140.88110076551,-98.65360076551,1.51));
#16385 = DIRECTION('',(0.,0.,-1.));
#16386 = DIRECTION('',(-1.,3.013834306319E-07,0.));
#16387 = ORIENTED_EDGE('',*,*,#16388,.F.);
#16388 = EDGE_CURVE('',#16389,#16380,#16391,.T.);
#16389 = VERTEX_POINT('',#16390);
#16390 = CARTESIAN_POINT('',(138.3411,-111.3536,1.51));
#16391 = LINE('',#16392,#16393);
#16392 = CARTESIAN_POINT('',(138.3411,-111.3536,1.51));
#16393 = VECTOR('',#16394,1.);
#16394 = DIRECTION('',(0.,1.,0.));
#16395 = ORIENTED_EDGE('',*,*,#16396,.F.);
#16396 = EDGE_CURVE('',#16397,#16389,#16399,.T.);
#16397 = VERTEX_POINT('',#16398);
#16398 = CARTESIAN_POINT('',(140.8811,-113.8936,1.51));
#16399 = CIRCLE('',#16400,2.540000765514);
#16400 = AXIS2_PLACEMENT_3D('',#16401,#16402,#16403);
#16401 = CARTESIAN_POINT('',(140.88110076551,-111.3535992344,1.51));
#16402 = DIRECTION('',(0.,0.,-1.));
#16403 = DIRECTION('',(-3.013834362268E-07,-1.,-0.));
#16404 = ORIENTED_EDGE('',*,*,#16405,.F.);
#16405 = EDGE_CURVE('',#16406,#16397,#16408,.T.);
#16406 = VERTEX_POINT('',#16407);
#16407 = CARTESIAN_POINT('',(156.1211,-113.8936,1.51));
#16408 = LINE('',#16409,#16410);
#16409 = CARTESIAN_POINT('',(156.1211,-113.8936,1.51));
#16410 = VECTOR('',#16411,1.);
#16411 = DIRECTION('',(-1.,0.,0.));
#16412 = ORIENTED_EDGE('',*,*,#16413,.F.);
#16413 = EDGE_CURVE('',#16186,#16406,#16414,.T.);
#16414 = CIRCLE('',#16415,2.540000765514);
#16415 = AXIS2_PLACEMENT_3D('',#16416,#16417,#16418);
#16416 = CARTESIAN_POINT('',(156.12109923448,-111.3535992344,1.51));
#16417 = DIRECTION('',(0.,0.,-1.));
#16418 = DIRECTION('',(1.,-3.013834530112E-07,0.));
#16419 = ORIENTED_EDGE('',*,*,#16185,.F.);
#16420 = FACE_BOUND('',#16421,.T.);
#16421 = EDGE_LOOP('',(#16422));
#16422 = ORIENTED_EDGE('',*,*,#16423,.T.);
#16423 = EDGE_CURVE('',#16424,#16424,#16426,.T.);
#16424 = VERTEX_POINT('',#16425);
#16425 = CARTESIAN_POINT('',(139.6111,-111.8536,1.51));
#16426 = CIRCLE('',#16427,0.5);
#16427 = AXIS2_PLACEMENT_3D('',#16428,#16429,#16430);
#16428 = CARTESIAN_POINT('',(139.6111,-111.3536,1.51));
#16429 = DIRECTION('',(-0.,0.,-1.));
#16430 = DIRECTION('',(-0.,-1.,0.));
#16431 = FACE_BOUND('',#16432,.T.);
#16432 = EDGE_LOOP('',(#16433));
#16433 = ORIENTED_EDGE('',*,*,#16434,.T.);
#16434 = EDGE_CURVE('',#16435,#16435,#16437,.T.);
#16435 = VERTEX_POINT('',#16436);
#16436 = CARTESIAN_POINT('',(142.1511,-111.8536,1.51));
#16437 = CIRCLE('',#16438,0.5);
#16438 = AXIS2_PLACEMENT_3D('',#16439,#16440,#16441);
#16439 = CARTESIAN_POINT('',(142.1511,-111.3536,1.51));
#16440 = DIRECTION('',(-0.,0.,-1.));
#16441 = DIRECTION('',(-0.,-1.,0.));
#16442 = FACE_BOUND('',#16443,.T.);
#16443 = EDGE_LOOP('',(#16444));
#16444 = ORIENTED_EDGE('',*,*,#16445,.T.);
#16445 = EDGE_CURVE('',#16446,#16446,#16448,.T.);
#16446 = VERTEX_POINT('',#16447);
#16447 = CARTESIAN_POINT('',(144.6911,-111.8536,1.51));
#16448 = CIRCLE('',#16449,0.5);
#16449 = AXIS2_PLACEMENT_3D('',#16450,#16451,#16452);
#16450 = CARTESIAN_POINT('',(144.6911,-111.3536,1.51));
#16451 = DIRECTION('',(-0.,0.,-1.));
#16452 = DIRECTION('',(-0.,-1.,0.));
#16453 = FACE_BOUND('',#16454,.T.);
#16454 = EDGE_LOOP('',(#16455));
#16455 = ORIENTED_EDGE('',*,*,#16456,.T.);
#16456 = EDGE_CURVE('',#16457,#16457,#16459,.T.);
#16457 = VERTEX_POINT('',#16458);
#16458 = CARTESIAN_POINT('',(147.2311,-111.8536,1.51));
#16459 = CIRCLE('',#16460,0.5);
#16460 = AXIS2_PLACEMENT_3D('',#16461,#16462,#16463);
#16461 = CARTESIAN_POINT('',(147.2311,-111.3536,1.51));
#16462 = DIRECTION('',(-0.,0.,-1.));
#16463 = DIRECTION('',(-0.,-1.,0.));
#16464 = FACE_BOUND('',#16465,.T.);
#16465 = EDGE_LOOP('',(#16466));
#16466 = ORIENTED_EDGE('',*,*,#16467,.T.);
#16467 = EDGE_CURVE('',#16468,#16468,#16470,.T.);
#16468 = VERTEX_POINT('',#16469);
#16469 = CARTESIAN_POINT('',(149.7711,-111.8536,1.51));
#16470 = CIRCLE('',#16471,0.5);
#16471 = AXIS2_PLACEMENT_3D('',#16472,#16473,#16474);
#16472 = CARTESIAN_POINT('',(149.7711,-111.3536,1.51));
#16473 = DIRECTION('',(-0.,0.,-1.));
#16474 = DIRECTION('',(-0.,-1.,0.));
#16475 = FACE_BOUND('',#16476,.T.);
#16476 = EDGE_LOOP('',(#16477));
#16477 = ORIENTED_EDGE('',*,*,#16478,.T.);
#16478 = EDGE_CURVE('',#16479,#16479,#16481,.T.);
#16479 = VERTEX_POINT('',#16480);
#16480 = CARTESIAN_POINT('',(152.3111,-111.8536,1.51));
#16481 = CIRCLE('',#16482,0.5);
#16482 = AXIS2_PLACEMENT_3D('',#16483,#16484,#16485);
#16483 = CARTESIAN_POINT('',(152.3111,-111.3536,1.51));
#16484 = DIRECTION('',(-0.,0.,-1.));
#16485 = DIRECTION('',(-0.,-1.,0.));
#16486 = FACE_BOUND('',#16487,.T.);
#16487 = EDGE_LOOP('',(#16488));
#16488 = ORIENTED_EDGE('',*,*,#16489,.T.);
#16489 = EDGE_CURVE('',#16490,#16490,#16492,.T.);
#16490 = VERTEX_POINT('',#16491);
#16491 = CARTESIAN_POINT('',(154.8511,-111.8536,1.51));
#16492 = CIRCLE('',#16493,0.5);
#16493 = AXIS2_PLACEMENT_3D('',#16494,#16495,#16496);
#16494 = CARTESIAN_POINT('',(154.8511,-111.3536,1.51));
#16495 = DIRECTION('',(-0.,0.,-1.));
#16496 = DIRECTION('',(-0.,-1.,0.));
#16497 = FACE_BOUND('',#16498,.T.);
#16498 = EDGE_LOOP('',(#16499));
#16499 = ORIENTED_EDGE('',*,*,#16500,.T.);
#16500 = EDGE_CURVE('',#16501,#16501,#16503,.T.);
#16501 = VERTEX_POINT('',#16502);
#16502 = CARTESIAN_POINT('',(157.3911,-111.8536,1.51));
#16503 = CIRCLE('',#16504,0.5);
#16504 = AXIS2_PLACEMENT_3D('',#16505,#16506,#16507);
#16505 = CARTESIAN_POINT('',(157.3911,-111.3536,1.51));
#16506 = DIRECTION('',(-0.,0.,-1.));
#16507 = DIRECTION('',(-0.,-1.,0.));
#16508 = FACE_BOUND('',#16509,.T.);
#16509 = EDGE_LOOP('',(#16510));
#16510 = ORIENTED_EDGE('',*,*,#16511,.T.);
#16511 = EDGE_CURVE('',#16512,#16512,#16514,.T.);
#16512 = VERTEX_POINT('',#16513);
#16513 = CARTESIAN_POINT('',(140.8811,-99.9036,1.51));
#16514 = CIRCLE('',#16515,1.25);
#16515 = AXIS2_PLACEMENT_3D('',#16516,#16517,#16518);
#16516 = CARTESIAN_POINT('',(140.8811,-98.6536,1.51));
#16517 = DIRECTION('',(-0.,0.,-1.));
#16518 = DIRECTION('',(-0.,-1.,0.));
#16519 = FACE_BOUND('',#16520,.T.);
#16520 = EDGE_LOOP('',(#16521));
#16521 = ORIENTED_EDGE('',*,*,#16522,.T.);
#16522 = EDGE_CURVE('',#16523,#16523,#16525,.T.);
#16523 = VERTEX_POINT('',#16524);
#16524 = CARTESIAN_POINT('',(156.1211,-99.9036,1.51));
#16525 = CIRCLE('',#16526,1.25);
#16526 = AXIS2_PLACEMENT_3D('',#16527,#16528,#16529);
#16527 = CARTESIAN_POINT('',(156.1211,-98.6536,1.51));
#16528 = DIRECTION('',(-0.,0.,-1.));
#16529 = DIRECTION('',(-0.,-1.,0.));
#16530 = PLANE('',#16531);
#16531 = AXIS2_PLACEMENT_3D('',#16532,#16533,#16534);
#16532 = CARTESIAN_POINT('',(0.,0.,1.51));
#16533 = DIRECTION('',(0.,0.,1.));
#16534 = DIRECTION('',(1.,0.,-0.));
#16535 = ADVANCED_FACE('',(#16536),#16547,.T.);
#16536 = FACE_BOUND('',#16537,.T.);
#16537 = EDGE_LOOP('',(#16538,#16544,#16545,#16546));
#16538 = ORIENTED_EDGE('',*,*,#16539,.T.);
#16539 = EDGE_CURVE('',#16218,#16380,#16540,.T.);
#16540 = LINE('',#16541,#16542);
#16541 = CARTESIAN_POINT('',(138.3411,-98.6536,0.));
#16542 = VECTOR('',#16543,1.);
#16543 = DIRECTION('',(0.,0.,1.));
#16544 = ORIENTED_EDGE('',*,*,#16379,.T.);
#16545 = ORIENTED_EDGE('',*,*,#16153,.F.);
#16546 = ORIENTED_EDGE('',*,*,#16217,.F.);
#16547 = CYLINDRICAL_SURFACE('',#16548,2.540000765514);
#16548 = AXIS2_PLACEMENT_3D('',#16549,#16550,#16551);
#16549 = CARTESIAN_POINT('',(140.88110076551,-98.65360076551,0.));
#16550 = DIRECTION('',(0.,0.,-1.));
#16551 = DIRECTION('',(-1.,3.013834306319E-07,0.));
#16552 = ADVANCED_FACE('',(#16553),#16564,.T.);
#16553 = FACE_BOUND('',#16554,.T.);
#16554 = EDGE_LOOP('',(#16555,#16556,#16557,#16563));
#16555 = ORIENTED_EDGE('',*,*,#16193,.T.);
#16556 = ORIENTED_EDGE('',*,*,#16413,.T.);
#16557 = ORIENTED_EDGE('',*,*,#16558,.F.);
#16558 = EDGE_CURVE('',#16244,#16406,#16559,.T.);
#16559 = LINE('',#16560,#16561);
#16560 = CARTESIAN_POINT('',(156.1211,-113.8936,0.));
#16561 = VECTOR('',#16562,1.);
#16562 = DIRECTION('',(0.,0.,1.));
#16563 = ORIENTED_EDGE('',*,*,#16251,.F.);
#16564 = CYLINDRICAL_SURFACE('',#16565,2.540000765514);
#16565 = AXIS2_PLACEMENT_3D('',#16566,#16567,#16568);
#16566 = CARTESIAN_POINT('',(156.12109923448,-111.3535992344,0.));
#16567 = DIRECTION('',(0.,0.,-1.));
#16568 = DIRECTION('',(1.,-3.013834530112E-07,0.));
#16569 = ADVANCED_FACE('',(#16570),#16581,.T.);
#16570 = FACE_BOUND('',#16571,.T.);
#16571 = EDGE_LOOP('',(#16572,#16578,#16579,#16580));
#16572 = ORIENTED_EDGE('',*,*,#16573,.T.);
#16573 = EDGE_CURVE('',#16227,#16389,#16574,.T.);
#16574 = LINE('',#16575,#16576);
#16575 = CARTESIAN_POINT('',(138.3411,-111.3536,0.));
#16576 = VECTOR('',#16577,1.);
#16577 = DIRECTION('',(0.,0.,1.));
#16578 = ORIENTED_EDGE('',*,*,#16388,.T.);
#16579 = ORIENTED_EDGE('',*,*,#16539,.F.);
#16580 = ORIENTED_EDGE('',*,*,#16226,.F.);
#16581 = PLANE('',#16582);
#16582 = AXIS2_PLACEMENT_3D('',#16583,#16584,#16585);
#16583 = CARTESIAN_POINT('',(138.3411,-111.3536,0.));
#16584 = DIRECTION('',(-1.,0.,0.));
#16585 = DIRECTION('',(0.,1.,0.));
#16586 = ADVANCED_FACE('',(#16587),#16598,.T.);
#16587 = FACE_BOUND('',#16588,.T.);
#16588 = EDGE_LOOP('',(#16589,#16590,#16591,#16597));
#16589 = ORIENTED_EDGE('',*,*,#16558,.T.);
#16590 = ORIENTED_EDGE('',*,*,#16405,.T.);
#16591 = ORIENTED_EDGE('',*,*,#16592,.F.);
#16592 = EDGE_CURVE('',#16235,#16397,#16593,.T.);
#16593 = LINE('',#16594,#16595);
#16594 = CARTESIAN_POINT('',(140.8811,-113.8936,0.));
#16595 = VECTOR('',#16596,1.);
#16596 = DIRECTION('',(0.,0.,1.));
#16597 = ORIENTED_EDGE('',*,*,#16243,.F.);
#16598 = PLANE('',#16599);
#16599 = AXIS2_PLACEMENT_3D('',#16600,#16601,#16602);
#16600 = CARTESIAN_POINT('',(156.1211,-113.8936,0.));
#16601 = DIRECTION('',(0.,-1.,0.));
#16602 = DIRECTION('',(-1.,0.,0.));
#16603 = ADVANCED_FACE('',(#16604),#16610,.T.);
#16604 = FACE_BOUND('',#16605,.T.);
#16605 = EDGE_LOOP('',(#16606,#16607,#16608,#16609));
#16606 = ORIENTED_EDGE('',*,*,#16592,.T.);
#16607 = ORIENTED_EDGE('',*,*,#16396,.T.);
#16608 = ORIENTED_EDGE('',*,*,#16573,.F.);
#16609 = ORIENTED_EDGE('',*,*,#16234,.F.);
#16610 = CYLINDRICAL_SURFACE('',#16611,2.540000765514);
#16611 = AXIS2_PLACEMENT_3D('',#16612,#16613,#16614);
#16612 = CARTESIAN_POINT('',(140.88110076551,-111.3535992344,0.));
#16613 = DIRECTION('',(0.,0.,-1.));
#16614 = DIRECTION('',(-3.013834362268E-07,-1.,-0.));
#16615 = ADVANCED_FACE('',(#16616),#16627,.F.);
#16616 = FACE_BOUND('',#16617,.T.);
#16617 = EDGE_LOOP('',(#16618,#16619,#16625,#16626));
#16618 = ORIENTED_EDGE('',*,*,#16261,.T.);
#16619 = ORIENTED_EDGE('',*,*,#16620,.T.);
#16620 = EDGE_CURVE('',#16262,#16424,#16621,.T.);
#16621 = LINE('',#16622,#16623);
#16622 = CARTESIAN_POINT('',(139.6111,-111.8536,-4.6E-02));
#16623 = VECTOR('',#16624,1.);
#16624 = DIRECTION('',(0.,0.,1.));
#16625 = ORIENTED_EDGE('',*,*,#16423,.F.);
#16626 = ORIENTED_EDGE('',*,*,#16620,.F.);
#16627 = CYLINDRICAL_SURFACE('',#16628,0.5);
#16628 = AXIS2_PLACEMENT_3D('',#16629,#16630,#16631);
#16629 = CARTESIAN_POINT('',(139.6111,-111.3536,-4.6E-02));
#16630 = DIRECTION('',(-0.,-0.,-1.));
#16631 = DIRECTION('',(-0.,-1.,0.));
#16632 = ADVANCED_FACE('',(#16633),#16644,.F.);
#16633 = FACE_BOUND('',#16634,.T.);
#16634 = EDGE_LOOP('',(#16635,#16636,#16642,#16643));
#16635 = ORIENTED_EDGE('',*,*,#16272,.T.);
#16636 = ORIENTED_EDGE('',*,*,#16637,.T.);
#16637 = EDGE_CURVE('',#16273,#16435,#16638,.T.);
#16638 = LINE('',#16639,#16640);
#16639 = CARTESIAN_POINT('',(142.1511,-111.8536,-4.6E-02));
#16640 = VECTOR('',#16641,1.);
#16641 = DIRECTION('',(0.,0.,1.));
#16642 = ORIENTED_EDGE('',*,*,#16434,.F.);
#16643 = ORIENTED_EDGE('',*,*,#16637,.F.);
#16644 = CYLINDRICAL_SURFACE('',#16645,0.5);
#16645 = AXIS2_PLACEMENT_3D('',#16646,#16647,#16648);
#16646 = CARTESIAN_POINT('',(142.1511,-111.3536,-4.6E-02));
#16647 = DIRECTION('',(-0.,-0.,-1.));
#16648 = DIRECTION('',(-0.,-1.,0.));
#16649 = ADVANCED_FACE('',(#16650),#16661,.F.);
#16650 = FACE_BOUND('',#16651,.T.);
#16651 = EDGE_LOOP('',(#16652,#16653,#16659,#16660));
#16652 = ORIENTED_EDGE('',*,*,#16283,.T.);
#16653 = ORIENTED_EDGE('',*,*,#16654,.T.);
#16654 = EDGE_CURVE('',#16284,#16446,#16655,.T.);
#16655 = LINE('',#16656,#16657);
#16656 = CARTESIAN_POINT('',(144.6911,-111.8536,-4.6E-02));
#16657 = VECTOR('',#16658,1.);
#16658 = DIRECTION('',(0.,0.,1.));
#16659 = ORIENTED_EDGE('',*,*,#16445,.F.);
#16660 = ORIENTED_EDGE('',*,*,#16654,.F.);
#16661 = CYLINDRICAL_SURFACE('',#16662,0.5);
#16662 = AXIS2_PLACEMENT_3D('',#16663,#16664,#16665);
#16663 = CARTESIAN_POINT('',(144.6911,-111.3536,-4.6E-02));
#16664 = DIRECTION('',(-0.,-0.,-1.));
#16665 = DIRECTION('',(-0.,-1.,0.));
#16666 = ADVANCED_FACE('',(#16667),#16678,.F.);
#16667 = FACE_BOUND('',#16668,.T.);
#16668 = EDGE_LOOP('',(#16669,#16670,#16676,#16677));
#16669 = ORIENTED_EDGE('',*,*,#16294,.T.);
#16670 = ORIENTED_EDGE('',*,*,#16671,.T.);
#16671 = EDGE_CURVE('',#16295,#16457,#16672,.T.);
#16672 = LINE('',#16673,#16674);
#16673 = CARTESIAN_POINT('',(147.2311,-111.8536,-4.6E-02));
#16674 = VECTOR('',#16675,1.);
#16675 = DIRECTION('',(0.,0.,1.));
#16676 = ORIENTED_EDGE('',*,*,#16456,.F.);
#16677 = ORIENTED_EDGE('',*,*,#16671,.F.);
#16678 = CYLINDRICAL_SURFACE('',#16679,0.5);
#16679 = AXIS2_PLACEMENT_3D('',#16680,#16681,#16682);
#16680 = CARTESIAN_POINT('',(147.2311,-111.3536,-4.6E-02));
#16681 = DIRECTION('',(-0.,-0.,-1.));
#16682 = DIRECTION('',(-0.,-1.,0.));
#16683 = ADVANCED_FACE('',(#16684),#16695,.F.);
#16684 = FACE_BOUND('',#16685,.T.);
#16685 = EDGE_LOOP('',(#16686,#16687,#16693,#16694));
#16686 = ORIENTED_EDGE('',*,*,#16305,.T.);
#16687 = ORIENTED_EDGE('',*,*,#16688,.T.);
#16688 = EDGE_CURVE('',#16306,#16468,#16689,.T.);
#16689 = LINE('',#16690,#16691);
#16690 = CARTESIAN_POINT('',(149.7711,-111.8536,-4.6E-02));
#16691 = VECTOR('',#16692,1.);
#16692 = DIRECTION('',(0.,0.,1.));
#16693 = ORIENTED_EDGE('',*,*,#16467,.F.);
#16694 = ORIENTED_EDGE('',*,*,#16688,.F.);
#16695 = CYLINDRICAL_SURFACE('',#16696,0.5);
#16696 = AXIS2_PLACEMENT_3D('',#16697,#16698,#16699);
#16697 = CARTESIAN_POINT('',(149.7711,-111.3536,-4.6E-02));
#16698 = DIRECTION('',(-0.,-0.,-1.));
#16699 = DIRECTION('',(-0.,-1.,0.));
#16700 = ADVANCED_FACE('',(#16701),#16712,.F.);
#16701 = FACE_BOUND('',#16702,.T.);
#16702 = EDGE_LOOP('',(#16703,#16704,#16710,#16711));
#16703 = ORIENTED_EDGE('',*,*,#16316,.T.);
#16704 = ORIENTED_EDGE('',*,*,#16705,.T.);
#16705 = EDGE_CURVE('',#16317,#16479,#16706,.T.);
#16706 = LINE('',#16707,#16708);
#16707 = CARTESIAN_POINT('',(152.3111,-111.8536,-4.6E-02));
#16708 = VECTOR('',#16709,1.);
#16709 = DIRECTION('',(0.,0.,1.));
#16710 = ORIENTED_EDGE('',*,*,#16478,.F.);
#16711 = ORIENTED_EDGE('',*,*,#16705,.F.);
#16712 = CYLINDRICAL_SURFACE('',#16713,0.5);
#16713 = AXIS2_PLACEMENT_3D('',#16714,#16715,#16716);
#16714 = CARTESIAN_POINT('',(152.3111,-111.3536,-4.6E-02));
#16715 = DIRECTION('',(-0.,-0.,-1.));
#16716 = DIRECTION('',(-0.,-1.,0.));
#16717 = ADVANCED_FACE('',(#16718),#16729,.F.);
#16718 = FACE_BOUND('',#16719,.T.);
#16719 = EDGE_LOOP('',(#16720,#16721,#16727,#16728));
#16720 = ORIENTED_EDGE('',*,*,#16327,.T.);
#16721 = ORIENTED_EDGE('',*,*,#16722,.T.);
#16722 = EDGE_CURVE('',#16328,#16490,#16723,.T.);
#16723 = LINE('',#16724,#16725);
#16724 = CARTESIAN_POINT('',(154.8511,-111.8536,-4.6E-02));
#16725 = VECTOR('',#16726,1.);
#16726 = DIRECTION('',(0.,0.,1.));
#16727 = ORIENTED_EDGE('',*,*,#16489,.F.);
#16728 = ORIENTED_EDGE('',*,*,#16722,.F.);
#16729 = CYLINDRICAL_SURFACE('',#16730,0.5);
#16730 = AXIS2_PLACEMENT_3D('',#16731,#16732,#16733);
#16731 = CARTESIAN_POINT('',(154.8511,-111.3536,-4.6E-02));
#16732 = DIRECTION('',(-0.,-0.,-1.));
#16733 = DIRECTION('',(-0.,-1.,0.));
#16734 = ADVANCED_FACE('',(#16735),#16746,.F.);
#16735 = FACE_BOUND('',#16736,.T.);
#16736 = EDGE_LOOP('',(#16737,#16738,#16744,#16745));
#16737 = ORIENTED_EDGE('',*,*,#16338,.T.);
#16738 = ORIENTED_EDGE('',*,*,#16739,.T.);
#16739 = EDGE_CURVE('',#16339,#16501,#16740,.T.);
#16740 = LINE('',#16741,#16742);
#16741 = CARTESIAN_POINT('',(157.3911,-111.8536,-4.6E-02));
#16742 = VECTOR('',#16743,1.);
#16743 = DIRECTION('',(0.,0.,1.));
#16744 = ORIENTED_EDGE('',*,*,#16500,.F.);
#16745 = ORIENTED_EDGE('',*,*,#16739,.F.);
#16746 = CYLINDRICAL_SURFACE('',#16747,0.5);
#16747 = AXIS2_PLACEMENT_3D('',#16748,#16749,#16750);
#16748 = CARTESIAN_POINT('',(157.3911,-111.3536,-4.6E-02));
#16749 = DIRECTION('',(-0.,-0.,-1.));
#16750 = DIRECTION('',(-0.,-1.,0.));
#16751 = ADVANCED_FACE('',(#16752),#16763,.F.);
#16752 = FACE_BOUND('',#16753,.T.);
#16753 = EDGE_LOOP('',(#16754,#16755,#16761,#16762));
#16754 = ORIENTED_EDGE('',*,*,#16349,.T.);
#16755 = ORIENTED_EDGE('',*,*,#16756,.T.);
#16756 = EDGE_CURVE('',#16350,#16512,#16757,.T.);
#16757 = LINE('',#16758,#16759);
#16758 = CARTESIAN_POINT('',(140.8811,-99.9036,-4.6E-02));
#16759 = VECTOR('',#16760,1.);
#16760 = DIRECTION('',(0.,0.,1.));
#16761 = ORIENTED_EDGE('',*,*,#16511,.F.);
#16762 = ORIENTED_EDGE('',*,*,#16756,.F.);
#16763 = CYLINDRICAL_SURFACE('',#16764,1.25);
#16764 = AXIS2_PLACEMENT_3D('',#16765,#16766,#16767);
#16765 = CARTESIAN_POINT('',(140.8811,-98.6536,-4.6E-02));
#16766 = DIRECTION('',(-0.,-0.,-1.));
#16767 = DIRECTION('',(-0.,-1.,0.));
#16768 = ADVANCED_FACE('',(#16769),#16780,.F.);
#16769 = FACE_BOUND('',#16770,.T.);
#16770 = EDGE_LOOP('',(#16771,#16772,#16778,#16779));
#16771 = ORIENTED_EDGE('',*,*,#16360,.T.);
#16772 = ORIENTED_EDGE('',*,*,#16773,.T.);
#16773 = EDGE_CURVE('',#16361,#16523,#16774,.T.);
#16774 = LINE('',#16775,#16776);
#16775 = CARTESIAN_POINT('',(156.1211,-99.9036,-4.6E-02));
#16776 = VECTOR('',#16777,1.);
#16777 = DIRECTION('',(0.,0.,1.));
#16778 = ORIENTED_EDGE('',*,*,#16522,.F.);
#16779 = ORIENTED_EDGE('',*,*,#16773,.F.);
#16780 = CYLINDRICAL_SURFACE('',#16781,1.25);
#16781 = AXIS2_PLACEMENT_3D('',#16782,#16783,#16784);
#16782 = CARTESIAN_POINT('',(156.1211,-98.6536,-4.6E-02));
#16783 = DIRECTION('',(-0.,-0.,-1.));
#16784 = DIRECTION('',(-0.,-1.,0.));
#16785 = ( GEOMETRIC_REPRESENTATION_CONTEXT(3) 
GLOBAL_UNCERTAINTY_ASSIGNED_CONTEXT((#16789)) 
GLOBAL_UNIT_ASSIGNED_CONTEXT((#16786,#16787,#16788)) 
REPRESENTATION_CONTEXT('Context #1',
  '3D Context with UNIT and UNCERTAINTY') );
#16786 = ( LENGTH_UNIT() NAMED_UNIT(*) SI_UNIT(.MILLI.,.METRE.) );
#16787 = ( NAMED_UNIT(*) PLANE_ANGLE_UNIT() SI_UNIT($,.RADIAN.) );
#16788 = ( NAMED_UNIT(*) SI_UNIT($,.STERADIAN.) SOLID_ANGLE_UNIT() );
#16789 = UNCERTAINTY_MEASURE_WITH_UNIT(LENGTH_MEASURE(1.E-07),#16786,
  'distance_accuracy_value','confusion accuracy');
#16790 = CONTEXT_DEPENDENT_SHAPE_REPRESENTATION(#16791,#16793);
#16791 = ( REPRESENTATION_RELATIONSHIP('','',#16104,#10) 
REPRESENTATION_RELATIONSHIP_WITH_TRANSFORMATION(#16792) 
SHAPE_REPRESENTATION_RELATIONSHIP() );
#16792 = ITEM_DEFINED_TRANSFORMATION('','',#11,#71);
#16793 = PRODUCT_DEFINITION_SHAPE('Placement','Placement of an item',
  #16794);
#16794 = NEXT_ASSEMBLY_USAGE_OCCURRENCE('15','=>[0:1:1:8]','',#5,#16099,
  $);
#16795 = PRODUCT_RELATED_PRODUCT_CATEGORY('part',$,(#16101));
#16796 = MECHANICAL_DESIGN_GEOMETRIC_PRESENTATION_REPRESENTATION('',(
    #16797,#16805,#16812,#16819,#16826,#16833,#16840,#16847,#16854,
    #16861,#16868,#16875,#16882,#16889,#16896,#16903,#16910,#16917,
    #16924,#16931,#16938,#16945,#16952,#16959,#16966,#16973,#16980,
    #16987,#16994,#17001,#17008,#17015,#17022,#17029,#17036,#17043,
    #17050,#17057,#17064,#17071,#17078,#17085,#17092,#17099,#17106,
    #17113,#17120,#17127,#17134,#17141,#17148,#17155,#17162,#17170,
    #17177,#17184,#17191,#17198,#17205,#17212,#17219,#17226,#17233,
    #17240,#17247,#17254,#17261,#17268,#17275,#17282,#17289,#17296,
    #17303,#17310,#17317,#17324,#17331,#17338,#17345,#17352,#17359,
    #17366,#17373,#17380,#17387,#17394,#17401,#17408,#17415,#17422,
    #17429,#17436,#17443,#17450,#17457,#17464,#17471,#17478,#17485,
    #17492,#17499,#17506,#17513,#17520,#17527,#17534,#17541,#17548,
    #17555,#17562,#17569,#17576,#17583,#17590,#17597,#17604,#17611,
    #17618,#17625,#17632,#17639,#17646,#17653,#17660,#17667,#17674,
    #17681,#17688,#17695,#17702,#17709,#17716,#17723,#17730,#17737,
    #17744,#17751,#17758,#17765,#17772,#17779,#17786,#17793,#17800,
    #17807,#17814,#17821,#17828,#17835,#17842,#17849,#17856,#17863,
    #17870,#17877,#17884,#17891,#17898,#17905,#17912,#17919,#17926,
    #17933,#17940,#17947,#17954,#17961,#17968,#17975,#17982,#17989,
    #17996,#18003,#18010,#18017,#18024,#18031,#18038,#18045,#18052,
    #18059,#18066,#18073,#18080,#18087,#18094,#18101,#18108,#18115,
    #18122,#18129,#18136,#18143,#18150,#18157,#18164),#16056);
#16797 = STYLED_ITEM('color',(#16798),#10582);
#16798 = PRESENTATION_STYLE_ASSIGNMENT((#16799));
#16799 = SURFACE_STYLE_USAGE(.BOTH.,#16800);
#16800 = SURFACE_SIDE_STYLE('',(#16801));
#16801 = SURFACE_STYLE_FILL_AREA(#16802);
#16802 = FILL_AREA_STYLE('',(#16803));
#16803 = FILL_AREA_STYLE_COLOUR('',#16804);
#16804 = COLOUR_RGB('',0.147999998088,0.144999993226,0.144999993226);
#16805 = STYLED_ITEM('color',(#16806),#10622);
#16806 = PRESENTATION_STYLE_ASSIGNMENT((#16807));
#16807 = SURFACE_STYLE_USAGE(.BOTH.,#16808);
#16808 = SURFACE_SIDE_STYLE('',(#16809));
#16809 = SURFACE_STYLE_FILL_AREA(#16810);
#16810 = FILL_AREA_STYLE('',(#16811));
#16811 = FILL_AREA_STYLE_COLOUR('',#16804);
#16812 = STYLED_ITEM('color',(#16813),#10653);
#16813 = PRESENTATION_STYLE_ASSIGNMENT((#16814));
#16814 = SURFACE_STYLE_USAGE(.BOTH.,#16815);
#16815 = SURFACE_SIDE_STYLE('',(#16816));
#16816 = SURFACE_STYLE_FILL_AREA(#16817);
#16817 = FILL_AREA_STYLE('',(#16818));
#16818 = FILL_AREA_STYLE_COLOUR('',#16804);
#16819 = STYLED_ITEM('color',(#16820),#10684);
#16820 = PRESENTATION_STYLE_ASSIGNMENT((#16821));
#16821 = SURFACE_STYLE_USAGE(.BOTH.,#16822);
#16822 = SURFACE_SIDE_STYLE('',(#16823));
#16823 = SURFACE_STYLE_FILL_AREA(#16824);
#16824 = FILL_AREA_STYLE('',(#16825));
#16825 = FILL_AREA_STYLE_COLOUR('',#16804);
#16826 = STYLED_ITEM('color',(#16827),#11341);
#16827 = PRESENTATION_STYLE_ASSIGNMENT((#16828));
#16828 = SURFACE_STYLE_USAGE(.BOTH.,#16829);
#16829 = SURFACE_SIDE_STYLE('',(#16830));
#16830 = SURFACE_STYLE_FILL_AREA(#16831);
#16831 = FILL_AREA_STYLE('',(#16832));
#16832 = FILL_AREA_STYLE_COLOUR('',#16804);
#16833 = STYLED_ITEM('color',(#16834),#11998);
#16834 = PRESENTATION_STYLE_ASSIGNMENT((#16835));
#16835 = SURFACE_STYLE_USAGE(.BOTH.,#16836);
#16836 = SURFACE_SIDE_STYLE('',(#16837));
#16837 = SURFACE_STYLE_FILL_AREA(#16838);
#16838 = FILL_AREA_STYLE('',(#16839));
#16839 = FILL_AREA_STYLE_COLOUR('',#16804);
#16840 = STYLED_ITEM('color',(#16841),#12015);
#16841 = PRESENTATION_STYLE_ASSIGNMENT((#16842));
#16842 = SURFACE_STYLE_USAGE(.BOTH.,#16843);
#16843 = SURFACE_SIDE_STYLE('',(#16844));
#16844 = SURFACE_STYLE_FILL_AREA(#16845);
#16845 = FILL_AREA_STYLE('',(#16846));
#16846 = FILL_AREA_STYLE_COLOUR('',#16804);
#16847 = STYLED_ITEM('color',(#16848),#12032);
#16848 = PRESENTATION_STYLE_ASSIGNMENT((#16849));
#16849 = SURFACE_STYLE_USAGE(.BOTH.,#16850);
#16850 = SURFACE_SIDE_STYLE('',(#16851));
#16851 = SURFACE_STYLE_FILL_AREA(#16852);
#16852 = FILL_AREA_STYLE('',(#16853));
#16853 = FILL_AREA_STYLE_COLOUR('',#16804);
#16854 = STYLED_ITEM('color',(#16855),#12049);
#16855 = PRESENTATION_STYLE_ASSIGNMENT((#16856));
#16856 = SURFACE_STYLE_USAGE(.BOTH.,#16857);
#16857 = SURFACE_SIDE_STYLE('',(#16858));
#16858 = SURFACE_STYLE_FILL_AREA(#16859);
#16859 = FILL_AREA_STYLE('',(#16860));
#16860 = FILL_AREA_STYLE_COLOUR('',#16804);
#16861 = STYLED_ITEM('color',(#16862),#12066);
#16862 = PRESENTATION_STYLE_ASSIGNMENT((#16863));
#16863 = SURFACE_STYLE_USAGE(.BOTH.,#16864);
#16864 = SURFACE_SIDE_STYLE('',(#16865));
#16865 = SURFACE_STYLE_FILL_AREA(#16866);
#16866 = FILL_AREA_STYLE('',(#16867));
#16867 = FILL_AREA_STYLE_COLOUR('',#16804);
#16868 = STYLED_ITEM('color',(#16869),#12083);
#16869 = PRESENTATION_STYLE_ASSIGNMENT((#16870));
#16870 = SURFACE_STYLE_USAGE(.BOTH.,#16871);
#16871 = SURFACE_SIDE_STYLE('',(#16872));
#16872 = SURFACE_STYLE_FILL_AREA(#16873);
#16873 = FILL_AREA_STYLE('',(#16874));
#16874 = FILL_AREA_STYLE_COLOUR('',#16804);
#16875 = STYLED_ITEM('color',(#16876),#12100);
#16876 = PRESENTATION_STYLE_ASSIGNMENT((#16877));
#16877 = SURFACE_STYLE_USAGE(.BOTH.,#16878);
#16878 = SURFACE_SIDE_STYLE('',(#16879));
#16879 = SURFACE_STYLE_FILL_AREA(#16880);
#16880 = FILL_AREA_STYLE('',(#16881));
#16881 = FILL_AREA_STYLE_COLOUR('',#16804);
#16882 = STYLED_ITEM('color',(#16883),#12117);
#16883 = PRESENTATION_STYLE_ASSIGNMENT((#16884));
#16884 = SURFACE_STYLE_USAGE(.BOTH.,#16885);
#16885 = SURFACE_SIDE_STYLE('',(#16886));
#16886 = SURFACE_STYLE_FILL_AREA(#16887);
#16887 = FILL_AREA_STYLE('',(#16888));
#16888 = FILL_AREA_STYLE_COLOUR('',#16804);
#16889 = STYLED_ITEM('color',(#16890),#12134);
#16890 = PRESENTATION_STYLE_ASSIGNMENT((#16891));
#16891 = SURFACE_STYLE_USAGE(.BOTH.,#16892);
#16892 = SURFACE_SIDE_STYLE('',(#16893));
#16893 = SURFACE_STYLE_FILL_AREA(#16894);
#16894 = FILL_AREA_STYLE('',(#16895));
#16895 = FILL_AREA_STYLE_COLOUR('',#16804);
#16896 = STYLED_ITEM('color',(#16897),#12151);
#16897 = PRESENTATION_STYLE_ASSIGNMENT((#16898));
#16898 = SURFACE_STYLE_USAGE(.BOTH.,#16899);
#16899 = SURFACE_SIDE_STYLE('',(#16900));
#16900 = SURFACE_STYLE_FILL_AREA(#16901);
#16901 = FILL_AREA_STYLE('',(#16902));
#16902 = FILL_AREA_STYLE_COLOUR('',#16804);
#16903 = STYLED_ITEM('color',(#16904),#12168);
#16904 = PRESENTATION_STYLE_ASSIGNMENT((#16905));
#16905 = SURFACE_STYLE_USAGE(.BOTH.,#16906);
#16906 = SURFACE_SIDE_STYLE('',(#16907));
#16907 = SURFACE_STYLE_FILL_AREA(#16908);
#16908 = FILL_AREA_STYLE('',(#16909));
#16909 = FILL_AREA_STYLE_COLOUR('',#16804);
#16910 = STYLED_ITEM('color',(#16911),#12185);
#16911 = PRESENTATION_STYLE_ASSIGNMENT((#16912));
#16912 = SURFACE_STYLE_USAGE(.BOTH.,#16913);
#16913 = SURFACE_SIDE_STYLE('',(#16914));
#16914 = SURFACE_STYLE_FILL_AREA(#16915);
#16915 = FILL_AREA_STYLE('',(#16916));
#16916 = FILL_AREA_STYLE_COLOUR('',#16804);
#16917 = STYLED_ITEM('color',(#16918),#12202);
#16918 = PRESENTATION_STYLE_ASSIGNMENT((#16919));
#16919 = SURFACE_STYLE_USAGE(.BOTH.,#16920);
#16920 = SURFACE_SIDE_STYLE('',(#16921));
#16921 = SURFACE_STYLE_FILL_AREA(#16922);
#16922 = FILL_AREA_STYLE('',(#16923));
#16923 = FILL_AREA_STYLE_COLOUR('',#16804);
#16924 = STYLED_ITEM('color',(#16925),#12219);
#16925 = PRESENTATION_STYLE_ASSIGNMENT((#16926));
#16926 = SURFACE_STYLE_USAGE(.BOTH.,#16927);
#16927 = SURFACE_SIDE_STYLE('',(#16928));
#16928 = SURFACE_STYLE_FILL_AREA(#16929);
#16929 = FILL_AREA_STYLE('',(#16930));
#16930 = FILL_AREA_STYLE_COLOUR('',#16804);
#16931 = STYLED_ITEM('color',(#16932),#12236);
#16932 = PRESENTATION_STYLE_ASSIGNMENT((#16933));
#16933 = SURFACE_STYLE_USAGE(.BOTH.,#16934);
#16934 = SURFACE_SIDE_STYLE('',(#16935));
#16935 = SURFACE_STYLE_FILL_AREA(#16936);
#16936 = FILL_AREA_STYLE('',(#16937));
#16937 = FILL_AREA_STYLE_COLOUR('',#16804);
#16938 = STYLED_ITEM('color',(#16939),#12253);
#16939 = PRESENTATION_STYLE_ASSIGNMENT((#16940));
#16940 = SURFACE_STYLE_USAGE(.BOTH.,#16941);
#16941 = SURFACE_SIDE_STYLE('',(#16942));
#16942 = SURFACE_STYLE_FILL_AREA(#16943);
#16943 = FILL_AREA_STYLE('',(#16944));
#16944 = FILL_AREA_STYLE_COLOUR('',#16804);
#16945 = STYLED_ITEM('color',(#16946),#12270);
#16946 = PRESENTATION_STYLE_ASSIGNMENT((#16947));
#16947 = SURFACE_STYLE_USAGE(.BOTH.,#16948);
#16948 = SURFACE_SIDE_STYLE('',(#16949));
#16949 = SURFACE_STYLE_FILL_AREA(#16950);
#16950 = FILL_AREA_STYLE('',(#16951));
#16951 = FILL_AREA_STYLE_COLOUR('',#16804);
#16952 = STYLED_ITEM('color',(#16953),#12287);
#16953 = PRESENTATION_STYLE_ASSIGNMENT((#16954));
#16954 = SURFACE_STYLE_USAGE(.BOTH.,#16955);
#16955 = SURFACE_SIDE_STYLE('',(#16956));
#16956 = SURFACE_STYLE_FILL_AREA(#16957);
#16957 = FILL_AREA_STYLE('',(#16958));
#16958 = FILL_AREA_STYLE_COLOUR('',#16804);
#16959 = STYLED_ITEM('color',(#16960),#12304);
#16960 = PRESENTATION_STYLE_ASSIGNMENT((#16961));
#16961 = SURFACE_STYLE_USAGE(.BOTH.,#16962);
#16962 = SURFACE_SIDE_STYLE('',(#16963));
#16963 = SURFACE_STYLE_FILL_AREA(#16964);
#16964 = FILL_AREA_STYLE('',(#16965));
#16965 = FILL_AREA_STYLE_COLOUR('',#16804);
#16966 = STYLED_ITEM('color',(#16967),#12321);
#16967 = PRESENTATION_STYLE_ASSIGNMENT((#16968));
#16968 = SURFACE_STYLE_USAGE(.BOTH.,#16969);
#16969 = SURFACE_SIDE_STYLE('',(#16970));
#16970 = SURFACE_STYLE_FILL_AREA(#16971);
#16971 = FILL_AREA_STYLE('',(#16972));
#16972 = FILL_AREA_STYLE_COLOUR('',#16804);
#16973 = STYLED_ITEM('color',(#16974),#12338);
#16974 = PRESENTATION_STYLE_ASSIGNMENT((#16975));
#16975 = SURFACE_STYLE_USAGE(.BOTH.,#16976);
#16976 = SURFACE_SIDE_STYLE('',(#16977));
#16977 = SURFACE_STYLE_FILL_AREA(#16978);
#16978 = FILL_AREA_STYLE('',(#16979));
#16979 = FILL_AREA_STYLE_COLOUR('',#16804);
#16980 = STYLED_ITEM('color',(#16981),#12355);
#16981 = PRESENTATION_STYLE_ASSIGNMENT((#16982));
#16982 = SURFACE_STYLE_USAGE(.BOTH.,#16983);
#16983 = SURFACE_SIDE_STYLE('',(#16984));
#16984 = SURFACE_STYLE_FILL_AREA(#16985);
#16985 = FILL_AREA_STYLE('',(#16986));
#16986 = FILL_AREA_STYLE_COLOUR('',#16804);
#16987 = STYLED_ITEM('color',(#16988),#12372);
#16988 = PRESENTATION_STYLE_ASSIGNMENT((#16989));
#16989 = SURFACE_STYLE_USAGE(.BOTH.,#16990);
#16990 = SURFACE_SIDE_STYLE('',(#16991));
#16991 = SURFACE_STYLE_FILL_AREA(#16992);
#16992 = FILL_AREA_STYLE('',(#16993));
#16993 = FILL_AREA_STYLE_COLOUR('',#16804);
#16994 = STYLED_ITEM('color',(#16995),#12389);
#16995 = PRESENTATION_STYLE_ASSIGNMENT((#16996));
#16996 = SURFACE_STYLE_USAGE(.BOTH.,#16997);
#16997 = SURFACE_SIDE_STYLE('',(#16998));
#16998 = SURFACE_STYLE_FILL_AREA(#16999);
#16999 = FILL_AREA_STYLE('',(#17000));
#17000 = FILL_AREA_STYLE_COLOUR('',#16804);
#17001 = STYLED_ITEM('color',(#17002),#12406);
#17002 = PRESENTATION_STYLE_ASSIGNMENT((#17003));
#17003 = SURFACE_STYLE_USAGE(.BOTH.,#17004);
#17004 = SURFACE_SIDE_STYLE('',(#17005));
#17005 = SURFACE_STYLE_FILL_AREA(#17006);
#17006 = FILL_AREA_STYLE('',(#17007));
#17007 = FILL_AREA_STYLE_COLOUR('',#16804);
#17008 = STYLED_ITEM('color',(#17009),#12423);
#17009 = PRESENTATION_STYLE_ASSIGNMENT((#17010));
#17010 = SURFACE_STYLE_USAGE(.BOTH.,#17011);
#17011 = SURFACE_SIDE_STYLE('',(#17012));
#17012 = SURFACE_STYLE_FILL_AREA(#17013);
#17013 = FILL_AREA_STYLE('',(#17014));
#17014 = FILL_AREA_STYLE_COLOUR('',#16804);
#17015 = STYLED_ITEM('color',(#17016),#12440);
#17016 = PRESENTATION_STYLE_ASSIGNMENT((#17017));
#17017 = SURFACE_STYLE_USAGE(.BOTH.,#17018);
#17018 = SURFACE_SIDE_STYLE('',(#17019));
#17019 = SURFACE_STYLE_FILL_AREA(#17020);
#17020 = FILL_AREA_STYLE('',(#17021));
#17021 = FILL_AREA_STYLE_COLOUR('',#16804);
#17022 = STYLED_ITEM('color',(#17023),#12457);
#17023 = PRESENTATION_STYLE_ASSIGNMENT((#17024));
#17024 = SURFACE_STYLE_USAGE(.BOTH.,#17025);
#17025 = SURFACE_SIDE_STYLE('',(#17026));
#17026 = SURFACE_STYLE_FILL_AREA(#17027);
#17027 = FILL_AREA_STYLE('',(#17028));
#17028 = FILL_AREA_STYLE_COLOUR('',#16804);
#17029 = STYLED_ITEM('color',(#17030),#12474);
#17030 = PRESENTATION_STYLE_ASSIGNMENT((#17031));
#17031 = SURFACE_STYLE_USAGE(.BOTH.,#17032);
#17032 = SURFACE_SIDE_STYLE('',(#17033));
#17033 = SURFACE_STYLE_FILL_AREA(#17034);
#17034 = FILL_AREA_STYLE('',(#17035));
#17035 = FILL_AREA_STYLE_COLOUR('',#16804);
#17036 = STYLED_ITEM('color',(#17037),#12491);
#17037 = PRESENTATION_STYLE_ASSIGNMENT((#17038));
#17038 = SURFACE_STYLE_USAGE(.BOTH.,#17039);
#17039 = SURFACE_SIDE_STYLE('',(#17040));
#17040 = SURFACE_STYLE_FILL_AREA(#17041);
#17041 = FILL_AREA_STYLE('',(#17042));
#17042 = FILL_AREA_STYLE_COLOUR('',#16804);
#17043 = STYLED_ITEM('color',(#17044),#12508);
#17044 = PRESENTATION_STYLE_ASSIGNMENT((#17045));
#17045 = SURFACE_STYLE_USAGE(.BOTH.,#17046);
#17046 = SURFACE_SIDE_STYLE('',(#17047));
#17047 = SURFACE_STYLE_FILL_AREA(#17048);
#17048 = FILL_AREA_STYLE('',(#17049));
#17049 = FILL_AREA_STYLE_COLOUR('',#16804);
#17050 = STYLED_ITEM('color',(#17051),#12525);
#17051 = PRESENTATION_STYLE_ASSIGNMENT((#17052));
#17052 = SURFACE_STYLE_USAGE(.BOTH.,#17053);
#17053 = SURFACE_SIDE_STYLE('',(#17054));
#17054 = SURFACE_STYLE_FILL_AREA(#17055);
#17055 = FILL_AREA_STYLE('',(#17056));
#17056 = FILL_AREA_STYLE_COLOUR('',#16804);
#17057 = STYLED_ITEM('color',(#17058),#12542);
#17058 = PRESENTATION_STYLE_ASSIGNMENT((#17059));
#17059 = SURFACE_STYLE_USAGE(.BOTH.,#17060);
#17060 = SURFACE_SIDE_STYLE('',(#17061));
#17061 = SURFACE_STYLE_FILL_AREA(#17062);
#17062 = FILL_AREA_STYLE('',(#17063));
#17063 = FILL_AREA_STYLE_COLOUR('',#16804);
#17064 = STYLED_ITEM('color',(#17065),#12559);
#17065 = PRESENTATION_STYLE_ASSIGNMENT((#17066));
#17066 = SURFACE_STYLE_USAGE(.BOTH.,#17067);
#17067 = SURFACE_SIDE_STYLE('',(#17068));
#17068 = SURFACE_STYLE_FILL_AREA(#17069);
#17069 = FILL_AREA_STYLE('',(#17070));
#17070 = FILL_AREA_STYLE_COLOUR('',#16804);
#17071 = STYLED_ITEM('color',(#17072),#12576);
#17072 = PRESENTATION_STYLE_ASSIGNMENT((#17073));
#17073 = SURFACE_STYLE_USAGE(.BOTH.,#17074);
#17074 = SURFACE_SIDE_STYLE('',(#17075));
#17075 = SURFACE_STYLE_FILL_AREA(#17076);
#17076 = FILL_AREA_STYLE('',(#17077));
#17077 = FILL_AREA_STYLE_COLOUR('',#16804);
#17078 = STYLED_ITEM('color',(#17079),#12593);
#17079 = PRESENTATION_STYLE_ASSIGNMENT((#17080));
#17080 = SURFACE_STYLE_USAGE(.BOTH.,#17081);
#17081 = SURFACE_SIDE_STYLE('',(#17082));
#17082 = SURFACE_STYLE_FILL_AREA(#17083);
#17083 = FILL_AREA_STYLE('',(#17084));
#17084 = FILL_AREA_STYLE_COLOUR('',#16804);
#17085 = STYLED_ITEM('color',(#17086),#12610);
#17086 = PRESENTATION_STYLE_ASSIGNMENT((#17087));
#17087 = SURFACE_STYLE_USAGE(.BOTH.,#17088);
#17088 = SURFACE_SIDE_STYLE('',(#17089));
#17089 = SURFACE_STYLE_FILL_AREA(#17090);
#17090 = FILL_AREA_STYLE('',(#17091));
#17091 = FILL_AREA_STYLE_COLOUR('',#16804);
#17092 = STYLED_ITEM('color',(#17093),#12627);
#17093 = PRESENTATION_STYLE_ASSIGNMENT((#17094));
#17094 = SURFACE_STYLE_USAGE(.BOTH.,#17095);
#17095 = SURFACE_SIDE_STYLE('',(#17096));
#17096 = SURFACE_STYLE_FILL_AREA(#17097);
#17097 = FILL_AREA_STYLE('',(#17098));
#17098 = FILL_AREA_STYLE_COLOUR('',#16804);
#17099 = STYLED_ITEM('color',(#17100),#12644);
#17100 = PRESENTATION_STYLE_ASSIGNMENT((#17101));
#17101 = SURFACE_STYLE_USAGE(.BOTH.,#17102);
#17102 = SURFACE_SIDE_STYLE('',(#17103));
#17103 = SURFACE_STYLE_FILL_AREA(#17104);
#17104 = FILL_AREA_STYLE('',(#17105));
#17105 = FILL_AREA_STYLE_COLOUR('',#16804);
#17106 = STYLED_ITEM('color',(#17107),#12661);
#17107 = PRESENTATION_STYLE_ASSIGNMENT((#17108));
#17108 = SURFACE_STYLE_USAGE(.BOTH.,#17109);
#17109 = SURFACE_SIDE_STYLE('',(#17110));
#17110 = SURFACE_STYLE_FILL_AREA(#17111);
#17111 = FILL_AREA_STYLE('',(#17112));
#17112 = FILL_AREA_STYLE_COLOUR('',#16804);
#17113 = STYLED_ITEM('color',(#17114),#12678);
#17114 = PRESENTATION_STYLE_ASSIGNMENT((#17115));
#17115 = SURFACE_STYLE_USAGE(.BOTH.,#17116);
#17116 = SURFACE_SIDE_STYLE('',(#17117));
#17117 = SURFACE_STYLE_FILL_AREA(#17118);
#17118 = FILL_AREA_STYLE('',(#17119));
#17119 = FILL_AREA_STYLE_COLOUR('',#16804);
#17120 = STYLED_ITEM('color',(#17121),#12695);
#17121 = PRESENTATION_STYLE_ASSIGNMENT((#17122));
#17122 = SURFACE_STYLE_USAGE(.BOTH.,#17123);
#17123 = SURFACE_SIDE_STYLE('',(#17124));
#17124 = SURFACE_STYLE_FILL_AREA(#17125);
#17125 = FILL_AREA_STYLE('',(#17126));
#17126 = FILL_AREA_STYLE_COLOUR('',#16804);
#17127 = STYLED_ITEM('color',(#17128),#12712);
#17128 = PRESENTATION_STYLE_ASSIGNMENT((#17129));
#17129 = SURFACE_STYLE_USAGE(.BOTH.,#17130);
#17130 = SURFACE_SIDE_STYLE('',(#17131));
#17131 = SURFACE_STYLE_FILL_AREA(#17132);
#17132 = FILL_AREA_STYLE('',(#17133));
#17133 = FILL_AREA_STYLE_COLOUR('',#16804);
#17134 = STYLED_ITEM('color',(#17135),#12729);
#17135 = PRESENTATION_STYLE_ASSIGNMENT((#17136));
#17136 = SURFACE_STYLE_USAGE(.BOTH.,#17137);
#17137 = SURFACE_SIDE_STYLE('',(#17138));
#17138 = SURFACE_STYLE_FILL_AREA(#17139);
#17139 = FILL_AREA_STYLE('',(#17140));
#17140 = FILL_AREA_STYLE_COLOUR('',#16804);
#17141 = STYLED_ITEM('color',(#17142),#12746);
#17142 = PRESENTATION_STYLE_ASSIGNMENT((#17143));
#17143 = SURFACE_STYLE_USAGE(.BOTH.,#17144);
#17144 = SURFACE_SIDE_STYLE('',(#17145));
#17145 = SURFACE_STYLE_FILL_AREA(#17146);
#17146 = FILL_AREA_STYLE('',(#17147));
#17147 = FILL_AREA_STYLE_COLOUR('',#16804);
#17148 = STYLED_ITEM('color',(#17149),#12763);
#17149 = PRESENTATION_STYLE_ASSIGNMENT((#17150));
#17150 = SURFACE_STYLE_USAGE(.BOTH.,#17151);
#17151 = SURFACE_SIDE_STYLE('',(#17152));
#17152 = SURFACE_STYLE_FILL_AREA(#17153);
#17153 = FILL_AREA_STYLE('',(#17154));
#17154 = FILL_AREA_STYLE_COLOUR('',#16804);
#17155 = STYLED_ITEM('color',(#17156),#12780);
#17156 = PRESENTATION_STYLE_ASSIGNMENT((#17157));
#17157 = SURFACE_STYLE_USAGE(.BOTH.,#17158);
#17158 = SURFACE_SIDE_STYLE('',(#17159));
#17159 = SURFACE_STYLE_FILL_AREA(#17160);
#17160 = FILL_AREA_STYLE('',(#17161));
#17161 = FILL_AREA_STYLE_COLOUR('',#16804);
#17162 = STYLED_ITEM('color',(#17163),#12792);
#17163 = PRESENTATION_STYLE_ASSIGNMENT((#17164));
#17164 = SURFACE_STYLE_USAGE(.BOTH.,#17165);
#17165 = SURFACE_SIDE_STYLE('',(#17166));
#17166 = SURFACE_STYLE_FILL_AREA(#17167);
#17167 = FILL_AREA_STYLE('',(#17168));
#17168 = FILL_AREA_STYLE_COLOUR('',#17169);
#17169 = COLOUR_RGB('',0.859000020776,0.737999965183,0.495999988746);
#17170 = STYLED_ITEM('color',(#17171),#12823);
#17171 = PRESENTATION_STYLE_ASSIGNMENT((#17172));
#17172 = SURFACE_STYLE_USAGE(.BOTH.,#17173);
#17173 = SURFACE_SIDE_STYLE('',(#17174));
#17174 = SURFACE_STYLE_FILL_AREA(#17175);
#17175 = FILL_AREA_STYLE('',(#17176));
#17176 = FILL_AREA_STYLE_COLOUR('',#17169);
#17177 = STYLED_ITEM('color',(#17178),#12847);
#17178 = PRESENTATION_STYLE_ASSIGNMENT((#17179));
#17179 = SURFACE_STYLE_USAGE(.BOTH.,#17180);
#17180 = SURFACE_SIDE_STYLE('',(#17181));
#17181 = SURFACE_STYLE_FILL_AREA(#17182);
#17182 = FILL_AREA_STYLE('',(#17183));
#17183 = FILL_AREA_STYLE_COLOUR('',#17169);
#17184 = STYLED_ITEM('color',(#17185),#12871);
#17185 = PRESENTATION_STYLE_ASSIGNMENT((#17186));
#17186 = SURFACE_STYLE_USAGE(.BOTH.,#17187);
#17187 = SURFACE_SIDE_STYLE('',(#17188));
#17188 = SURFACE_STYLE_FILL_AREA(#17189);
#17189 = FILL_AREA_STYLE('',(#17190));
#17190 = FILL_AREA_STYLE_COLOUR('',#17169);
#17191 = STYLED_ITEM('color',(#17192),#12888);
#17192 = PRESENTATION_STYLE_ASSIGNMENT((#17193));
#17193 = SURFACE_STYLE_USAGE(.BOTH.,#17194);
#17194 = SURFACE_SIDE_STYLE('',(#17195));
#17195 = SURFACE_STYLE_FILL_AREA(#17196);
#17196 = FILL_AREA_STYLE('',(#17197));
#17197 = FILL_AREA_STYLE_COLOUR('',#17169);
#17198 = STYLED_ITEM('color',(#17199),#12919);
#17199 = PRESENTATION_STYLE_ASSIGNMENT((#17200));
#17200 = SURFACE_STYLE_USAGE(.BOTH.,#17201);
#17201 = SURFACE_SIDE_STYLE('',(#17202));
#17202 = SURFACE_STYLE_FILL_AREA(#17203);
#17203 = FILL_AREA_STYLE('',(#17204));
#17204 = FILL_AREA_STYLE_COLOUR('',#17169);
#17205 = STYLED_ITEM('color',(#17206),#12943);
#17206 = PRESENTATION_STYLE_ASSIGNMENT((#17207));
#17207 = SURFACE_STYLE_USAGE(.BOTH.,#17208);
#17208 = SURFACE_SIDE_STYLE('',(#17209));
#17209 = SURFACE_STYLE_FILL_AREA(#17210);
#17210 = FILL_AREA_STYLE('',(#17211));
#17211 = FILL_AREA_STYLE_COLOUR('',#17169);
#17212 = STYLED_ITEM('color',(#17213),#12967);
#17213 = PRESENTATION_STYLE_ASSIGNMENT((#17214));
#17214 = SURFACE_STYLE_USAGE(.BOTH.,#17215);
#17215 = SURFACE_SIDE_STYLE('',(#17216));
#17216 = SURFACE_STYLE_FILL_AREA(#17217);
#17217 = FILL_AREA_STYLE('',(#17218));
#17218 = FILL_AREA_STYLE_COLOUR('',#17169);
#17219 = STYLED_ITEM('color',(#17220),#12984);
#17220 = PRESENTATION_STYLE_ASSIGNMENT((#17221));
#17221 = SURFACE_STYLE_USAGE(.BOTH.,#17222);
#17222 = SURFACE_SIDE_STYLE('',(#17223));
#17223 = SURFACE_STYLE_FILL_AREA(#17224);
#17224 = FILL_AREA_STYLE('',(#17225));
#17225 = FILL_AREA_STYLE_COLOUR('',#17169);
#17226 = STYLED_ITEM('color',(#17227),#13015);
#17227 = PRESENTATION_STYLE_ASSIGNMENT((#17228));
#17228 = SURFACE_STYLE_USAGE(.BOTH.,#17229);
#17229 = SURFACE_SIDE_STYLE('',(#17230));
#17230 = SURFACE_STYLE_FILL_AREA(#17231);
#17231 = FILL_AREA_STYLE('',(#17232));
#17232 = FILL_AREA_STYLE_COLOUR('',#17169);
#17233 = STYLED_ITEM('color',(#17234),#13039);
#17234 = PRESENTATION_STYLE_ASSIGNMENT((#17235));
#17235 = SURFACE_STYLE_USAGE(.BOTH.,#17236);
#17236 = SURFACE_SIDE_STYLE('',(#17237));
#17237 = SURFACE_STYLE_FILL_AREA(#17238);
#17238 = FILL_AREA_STYLE('',(#17239));
#17239 = FILL_AREA_STYLE_COLOUR('',#17169);
#17240 = STYLED_ITEM('color',(#17241),#13063);
#17241 = PRESENTATION_STYLE_ASSIGNMENT((#17242));
#17242 = SURFACE_STYLE_USAGE(.BOTH.,#17243);
#17243 = SURFACE_SIDE_STYLE('',(#17244));
#17244 = SURFACE_STYLE_FILL_AREA(#17245);
#17245 = FILL_AREA_STYLE('',(#17246));
#17246 = FILL_AREA_STYLE_COLOUR('',#17169);
#17247 = STYLED_ITEM('color',(#17248),#13080);
#17248 = PRESENTATION_STYLE_ASSIGNMENT((#17249));
#17249 = SURFACE_STYLE_USAGE(.BOTH.,#17250);
#17250 = SURFACE_SIDE_STYLE('',(#17251));
#17251 = SURFACE_STYLE_FILL_AREA(#17252);
#17252 = FILL_AREA_STYLE('',(#17253));
#17253 = FILL_AREA_STYLE_COLOUR('',#17169);
#17254 = STYLED_ITEM('color',(#17255),#13111);
#17255 = PRESENTATION_STYLE_ASSIGNMENT((#17256));
#17256 = SURFACE_STYLE_USAGE(.BOTH.,#17257);
#17257 = SURFACE_SIDE_STYLE('',(#17258));
#17258 = SURFACE_STYLE_FILL_AREA(#17259);
#17259 = FILL_AREA_STYLE('',(#17260));
#17260 = FILL_AREA_STYLE_COLOUR('',#17169);
#17261 = STYLED_ITEM('color',(#17262),#13135);
#17262 = PRESENTATION_STYLE_ASSIGNMENT((#17263));
#17263 = SURFACE_STYLE_USAGE(.BOTH.,#17264);
#17264 = SURFACE_SIDE_STYLE('',(#17265));
#17265 = SURFACE_STYLE_FILL_AREA(#17266);
#17266 = FILL_AREA_STYLE('',(#17267));
#17267 = FILL_AREA_STYLE_COLOUR('',#17169);
#17268 = STYLED_ITEM('color',(#17269),#13159);
#17269 = PRESENTATION_STYLE_ASSIGNMENT((#17270));
#17270 = SURFACE_STYLE_USAGE(.BOTH.,#17271);
#17271 = SURFACE_SIDE_STYLE('',(#17272));
#17272 = SURFACE_STYLE_FILL_AREA(#17273);
#17273 = FILL_AREA_STYLE('',(#17274));
#17274 = FILL_AREA_STYLE_COLOUR('',#17169);
#17275 = STYLED_ITEM('color',(#17276),#13176);
#17276 = PRESENTATION_STYLE_ASSIGNMENT((#17277));
#17277 = SURFACE_STYLE_USAGE(.BOTH.,#17278);
#17278 = SURFACE_SIDE_STYLE('',(#17279));
#17279 = SURFACE_STYLE_FILL_AREA(#17280);
#17280 = FILL_AREA_STYLE('',(#17281));
#17281 = FILL_AREA_STYLE_COLOUR('',#17169);
#17282 = STYLED_ITEM('color',(#17283),#13207);
#17283 = PRESENTATION_STYLE_ASSIGNMENT((#17284));
#17284 = SURFACE_STYLE_USAGE(.BOTH.,#17285);
#17285 = SURFACE_SIDE_STYLE('',(#17286));
#17286 = SURFACE_STYLE_FILL_AREA(#17287);
#17287 = FILL_AREA_STYLE('',(#17288));
#17288 = FILL_AREA_STYLE_COLOUR('',#17169);
#17289 = STYLED_ITEM('color',(#17290),#13231);
#17290 = PRESENTATION_STYLE_ASSIGNMENT((#17291));
#17291 = SURFACE_STYLE_USAGE(.BOTH.,#17292);
#17292 = SURFACE_SIDE_STYLE('',(#17293));
#17293 = SURFACE_STYLE_FILL_AREA(#17294);
#17294 = FILL_AREA_STYLE('',(#17295));
#17295 = FILL_AREA_STYLE_COLOUR('',#17169);
#17296 = STYLED_ITEM('color',(#17297),#13255);
#17297 = PRESENTATION_STYLE_ASSIGNMENT((#17298));
#17298 = SURFACE_STYLE_USAGE(.BOTH.,#17299);
#17299 = SURFACE_SIDE_STYLE('',(#17300));
#17300 = SURFACE_STYLE_FILL_AREA(#17301);
#17301 = FILL_AREA_STYLE('',(#17302));
#17302 = FILL_AREA_STYLE_COLOUR('',#17169);
#17303 = STYLED_ITEM('color',(#17304),#13272);
#17304 = PRESENTATION_STYLE_ASSIGNMENT((#17305));
#17305 = SURFACE_STYLE_USAGE(.BOTH.,#17306);
#17306 = SURFACE_SIDE_STYLE('',(#17307));
#17307 = SURFACE_STYLE_FILL_AREA(#17308);
#17308 = FILL_AREA_STYLE('',(#17309));
#17309 = FILL_AREA_STYLE_COLOUR('',#17169);
#17310 = STYLED_ITEM('color',(#17311),#13303);
#17311 = PRESENTATION_STYLE_ASSIGNMENT((#17312));
#17312 = SURFACE_STYLE_USAGE(.BOTH.,#17313);
#17313 = SURFACE_SIDE_STYLE('',(#17314));
#17314 = SURFACE_STYLE_FILL_AREA(#17315);
#17315 = FILL_AREA_STYLE('',(#17316));
#17316 = FILL_AREA_STYLE_COLOUR('',#17169);
#17317 = STYLED_ITEM('color',(#17318),#13327);
#17318 = PRESENTATION_STYLE_ASSIGNMENT((#17319));
#17319 = SURFACE_STYLE_USAGE(.BOTH.,#17320);
#17320 = SURFACE_SIDE_STYLE('',(#17321));
#17321 = SURFACE_STYLE_FILL_AREA(#17322);
#17322 = FILL_AREA_STYLE('',(#17323));
#17323 = FILL_AREA_STYLE_COLOUR('',#17169);
#17324 = STYLED_ITEM('color',(#17325),#13351);
#17325 = PRESENTATION_STYLE_ASSIGNMENT((#17326));
#17326 = SURFACE_STYLE_USAGE(.BOTH.,#17327);
#17327 = SURFACE_SIDE_STYLE('',(#17328));
#17328 = SURFACE_STYLE_FILL_AREA(#17329);
#17329 = FILL_AREA_STYLE('',(#17330));
#17330 = FILL_AREA_STYLE_COLOUR('',#17169);
#17331 = STYLED_ITEM('color',(#17332),#13368);
#17332 = PRESENTATION_STYLE_ASSIGNMENT((#17333));
#17333 = SURFACE_STYLE_USAGE(.BOTH.,#17334);
#17334 = SURFACE_SIDE_STYLE('',(#17335));
#17335 = SURFACE_STYLE_FILL_AREA(#17336);
#17336 = FILL_AREA_STYLE('',(#17337));
#17337 = FILL_AREA_STYLE_COLOUR('',#17169);
#17338 = STYLED_ITEM('color',(#17339),#13399);
#17339 = PRESENTATION_STYLE_ASSIGNMENT((#17340));
#17340 = SURFACE_STYLE_USAGE(.BOTH.,#17341);
#17341 = SURFACE_SIDE_STYLE('',(#17342));
#17342 = SURFACE_STYLE_FILL_AREA(#17343);
#17343 = FILL_AREA_STYLE('',(#17344));
#17344 = FILL_AREA_STYLE_COLOUR('',#17169);
#17345 = STYLED_ITEM('color',(#17346),#13423);
#17346 = PRESENTATION_STYLE_ASSIGNMENT((#17347));
#17347 = SURFACE_STYLE_USAGE(.BOTH.,#17348);
#17348 = SURFACE_SIDE_STYLE('',(#17349));
#17349 = SURFACE_STYLE_FILL_AREA(#17350);
#17350 = FILL_AREA_STYLE('',(#17351));
#17351 = FILL_AREA_STYLE_COLOUR('',#17169);
#17352 = STYLED_ITEM('color',(#17353),#13447);
#17353 = PRESENTATION_STYLE_ASSIGNMENT((#17354));
#17354 = SURFACE_STYLE_USAGE(.BOTH.,#17355);
#17355 = SURFACE_SIDE_STYLE('',(#17356));
#17356 = SURFACE_STYLE_FILL_AREA(#17357);
#17357 = FILL_AREA_STYLE('',(#17358));
#17358 = FILL_AREA_STYLE_COLOUR('',#17169);
#17359 = STYLED_ITEM('color',(#17360),#13464);
#17360 = PRESENTATION_STYLE_ASSIGNMENT((#17361));
#17361 = SURFACE_STYLE_USAGE(.BOTH.,#17362);
#17362 = SURFACE_SIDE_STYLE('',(#17363));
#17363 = SURFACE_STYLE_FILL_AREA(#17364);
#17364 = FILL_AREA_STYLE('',(#17365));
#17365 = FILL_AREA_STYLE_COLOUR('',#17169);
#17366 = STYLED_ITEM('color',(#17367),#13495);
#17367 = PRESENTATION_STYLE_ASSIGNMENT((#17368));
#17368 = SURFACE_STYLE_USAGE(.BOTH.,#17369);
#17369 = SURFACE_SIDE_STYLE('',(#17370));
#17370 = SURFACE_STYLE_FILL_AREA(#17371);
#17371 = FILL_AREA_STYLE('',(#17372));
#17372 = FILL_AREA_STYLE_COLOUR('',#17169);
#17373 = STYLED_ITEM('color',(#17374),#13519);
#17374 = PRESENTATION_STYLE_ASSIGNMENT((#17375));
#17375 = SURFACE_STYLE_USAGE(.BOTH.,#17376);
#17376 = SURFACE_SIDE_STYLE('',(#17377));
#17377 = SURFACE_STYLE_FILL_AREA(#17378);
#17378 = FILL_AREA_STYLE('',(#17379));
#17379 = FILL_AREA_STYLE_COLOUR('',#17169);
#17380 = STYLED_ITEM('color',(#17381),#13543);
#17381 = PRESENTATION_STYLE_ASSIGNMENT((#17382));
#17382 = SURFACE_STYLE_USAGE(.BOTH.,#17383);
#17383 = SURFACE_SIDE_STYLE('',(#17384));
#17384 = SURFACE_STYLE_FILL_AREA(#17385);
#17385 = FILL_AREA_STYLE('',(#17386));
#17386 = FILL_AREA_STYLE_COLOUR('',#17169);
#17387 = STYLED_ITEM('color',(#17388),#13560);
#17388 = PRESENTATION_STYLE_ASSIGNMENT((#17389));
#17389 = SURFACE_STYLE_USAGE(.BOTH.,#17390);
#17390 = SURFACE_SIDE_STYLE('',(#17391));
#17391 = SURFACE_STYLE_FILL_AREA(#17392);
#17392 = FILL_AREA_STYLE('',(#17393));
#17393 = FILL_AREA_STYLE_COLOUR('',#17169);
#17394 = STYLED_ITEM('color',(#17395),#13591);
#17395 = PRESENTATION_STYLE_ASSIGNMENT((#17396));
#17396 = SURFACE_STYLE_USAGE(.BOTH.,#17397);
#17397 = SURFACE_SIDE_STYLE('',(#17398));
#17398 = SURFACE_STYLE_FILL_AREA(#17399);
#17399 = FILL_AREA_STYLE('',(#17400));
#17400 = FILL_AREA_STYLE_COLOUR('',#17169);
#17401 = STYLED_ITEM('color',(#17402),#13615);
#17402 = PRESENTATION_STYLE_ASSIGNMENT((#17403));
#17403 = SURFACE_STYLE_USAGE(.BOTH.,#17404);
#17404 = SURFACE_SIDE_STYLE('',(#17405));
#17405 = SURFACE_STYLE_FILL_AREA(#17406);
#17406 = FILL_AREA_STYLE('',(#17407));
#17407 = FILL_AREA_STYLE_COLOUR('',#17169);
#17408 = STYLED_ITEM('color',(#17409),#13639);
#17409 = PRESENTATION_STYLE_ASSIGNMENT((#17410));
#17410 = SURFACE_STYLE_USAGE(.BOTH.,#17411);
#17411 = SURFACE_SIDE_STYLE('',(#17412));
#17412 = SURFACE_STYLE_FILL_AREA(#17413);
#17413 = FILL_AREA_STYLE('',(#17414));
#17414 = FILL_AREA_STYLE_COLOUR('',#17169);
#17415 = STYLED_ITEM('color',(#17416),#13656);
#17416 = PRESENTATION_STYLE_ASSIGNMENT((#17417));
#17417 = SURFACE_STYLE_USAGE(.BOTH.,#17418);
#17418 = SURFACE_SIDE_STYLE('',(#17419));
#17419 = SURFACE_STYLE_FILL_AREA(#17420);
#17420 = FILL_AREA_STYLE('',(#17421));
#17421 = FILL_AREA_STYLE_COLOUR('',#17169);
#17422 = STYLED_ITEM('color',(#17423),#13687);
#17423 = PRESENTATION_STYLE_ASSIGNMENT((#17424));
#17424 = SURFACE_STYLE_USAGE(.BOTH.,#17425);
#17425 = SURFACE_SIDE_STYLE('',(#17426));
#17426 = SURFACE_STYLE_FILL_AREA(#17427);
#17427 = FILL_AREA_STYLE('',(#17428));
#17428 = FILL_AREA_STYLE_COLOUR('',#17169);
#17429 = STYLED_ITEM('color',(#17430),#13711);
#17430 = PRESENTATION_STYLE_ASSIGNMENT((#17431));
#17431 = SURFACE_STYLE_USAGE(.BOTH.,#17432);
#17432 = SURFACE_SIDE_STYLE('',(#17433));
#17433 = SURFACE_STYLE_FILL_AREA(#17434);
#17434 = FILL_AREA_STYLE('',(#17435));
#17435 = FILL_AREA_STYLE_COLOUR('',#17169);
#17436 = STYLED_ITEM('color',(#17437),#13735);
#17437 = PRESENTATION_STYLE_ASSIGNMENT((#17438));
#17438 = SURFACE_STYLE_USAGE(.BOTH.,#17439);
#17439 = SURFACE_SIDE_STYLE('',(#17440));
#17440 = SURFACE_STYLE_FILL_AREA(#17441);
#17441 = FILL_AREA_STYLE('',(#17442));
#17442 = FILL_AREA_STYLE_COLOUR('',#17169);
#17443 = STYLED_ITEM('color',(#17444),#13752);
#17444 = PRESENTATION_STYLE_ASSIGNMENT((#17445));
#17445 = SURFACE_STYLE_USAGE(.BOTH.,#17446);
#17446 = SURFACE_SIDE_STYLE('',(#17447));
#17447 = SURFACE_STYLE_FILL_AREA(#17448);
#17448 = FILL_AREA_STYLE('',(#17449));
#17449 = FILL_AREA_STYLE_COLOUR('',#17169);
#17450 = STYLED_ITEM('color',(#17451),#13783);
#17451 = PRESENTATION_STYLE_ASSIGNMENT((#17452));
#17452 = SURFACE_STYLE_USAGE(.BOTH.,#17453);
#17453 = SURFACE_SIDE_STYLE('',(#17454));
#17454 = SURFACE_STYLE_FILL_AREA(#17455);
#17455 = FILL_AREA_STYLE('',(#17456));
#17456 = FILL_AREA_STYLE_COLOUR('',#17169);
#17457 = STYLED_ITEM('color',(#17458),#13807);
#17458 = PRESENTATION_STYLE_ASSIGNMENT((#17459));
#17459 = SURFACE_STYLE_USAGE(.BOTH.,#17460);
#17460 = SURFACE_SIDE_STYLE('',(#17461));
#17461 = SURFACE_STYLE_FILL_AREA(#17462);
#17462 = FILL_AREA_STYLE('',(#17463));
#17463 = FILL_AREA_STYLE_COLOUR('',#17169);
#17464 = STYLED_ITEM('color',(#17465),#13831);
#17465 = PRESENTATION_STYLE_ASSIGNMENT((#17466));
#17466 = SURFACE_STYLE_USAGE(.BOTH.,#17467);
#17467 = SURFACE_SIDE_STYLE('',(#17468));
#17468 = SURFACE_STYLE_FILL_AREA(#17469);
#17469 = FILL_AREA_STYLE('',(#17470));
#17470 = FILL_AREA_STYLE_COLOUR('',#17169);
#17471 = STYLED_ITEM('color',(#17472),#13848);
#17472 = PRESENTATION_STYLE_ASSIGNMENT((#17473));
#17473 = SURFACE_STYLE_USAGE(.BOTH.,#17474);
#17474 = SURFACE_SIDE_STYLE('',(#17475));
#17475 = SURFACE_STYLE_FILL_AREA(#17476);
#17476 = FILL_AREA_STYLE('',(#17477));
#17477 = FILL_AREA_STYLE_COLOUR('',#17169);
#17478 = STYLED_ITEM('color',(#17479),#13879);
#17479 = PRESENTATION_STYLE_ASSIGNMENT((#17480));
#17480 = SURFACE_STYLE_USAGE(.BOTH.,#17481);
#17481 = SURFACE_SIDE_STYLE('',(#17482));
#17482 = SURFACE_STYLE_FILL_AREA(#17483);
#17483 = FILL_AREA_STYLE('',(#17484));
#17484 = FILL_AREA_STYLE_COLOUR('',#17169);
#17485 = STYLED_ITEM('color',(#17486),#13903);
#17486 = PRESENTATION_STYLE_ASSIGNMENT((#17487));
#17487 = SURFACE_STYLE_USAGE(.BOTH.,#17488);
#17488 = SURFACE_SIDE_STYLE('',(#17489));
#17489 = SURFACE_STYLE_FILL_AREA(#17490);
#17490 = FILL_AREA_STYLE('',(#17491));
#17491 = FILL_AREA_STYLE_COLOUR('',#17169);
#17492 = STYLED_ITEM('color',(#17493),#13927);
#17493 = PRESENTATION_STYLE_ASSIGNMENT((#17494));
#17494 = SURFACE_STYLE_USAGE(.BOTH.,#17495);
#17495 = SURFACE_SIDE_STYLE('',(#17496));
#17496 = SURFACE_STYLE_FILL_AREA(#17497);
#17497 = FILL_AREA_STYLE('',(#17498));
#17498 = FILL_AREA_STYLE_COLOUR('',#17169);
#17499 = STYLED_ITEM('color',(#17500),#13944);
#17500 = PRESENTATION_STYLE_ASSIGNMENT((#17501));
#17501 = SURFACE_STYLE_USAGE(.BOTH.,#17502);
#17502 = SURFACE_SIDE_STYLE('',(#17503));
#17503 = SURFACE_STYLE_FILL_AREA(#17504);
#17504 = FILL_AREA_STYLE('',(#17505));
#17505 = FILL_AREA_STYLE_COLOUR('',#17169);
#17506 = STYLED_ITEM('color',(#17507),#13975);
#17507 = PRESENTATION_STYLE_ASSIGNMENT((#17508));
#17508 = SURFACE_STYLE_USAGE(.BOTH.,#17509);
#17509 = SURFACE_SIDE_STYLE('',(#17510));
#17510 = SURFACE_STYLE_FILL_AREA(#17511);
#17511 = FILL_AREA_STYLE('',(#17512));
#17512 = FILL_AREA_STYLE_COLOUR('',#17169);
#17513 = STYLED_ITEM('color',(#17514),#13999);
#17514 = PRESENTATION_STYLE_ASSIGNMENT((#17515));
#17515 = SURFACE_STYLE_USAGE(.BOTH.,#17516);
#17516 = SURFACE_SIDE_STYLE('',(#17517));
#17517 = SURFACE_STYLE_FILL_AREA(#17518);
#17518 = FILL_AREA_STYLE('',(#17519));
#17519 = FILL_AREA_STYLE_COLOUR('',#17169);
#17520 = STYLED_ITEM('color',(#17521),#14023);
#17521 = PRESENTATION_STYLE_ASSIGNMENT((#17522));
#17522 = SURFACE_STYLE_USAGE(.BOTH.,#17523);
#17523 = SURFACE_SIDE_STYLE('',(#17524));
#17524 = SURFACE_STYLE_FILL_AREA(#17525);
#17525 = FILL_AREA_STYLE('',(#17526));
#17526 = FILL_AREA_STYLE_COLOUR('',#17169);
#17527 = STYLED_ITEM('color',(#17528),#14040);
#17528 = PRESENTATION_STYLE_ASSIGNMENT((#17529));
#17529 = SURFACE_STYLE_USAGE(.BOTH.,#17530);
#17530 = SURFACE_SIDE_STYLE('',(#17531));
#17531 = SURFACE_STYLE_FILL_AREA(#17532);
#17532 = FILL_AREA_STYLE('',(#17533));
#17533 = FILL_AREA_STYLE_COLOUR('',#17169);
#17534 = STYLED_ITEM('color',(#17535),#14071);
#17535 = PRESENTATION_STYLE_ASSIGNMENT((#17536));
#17536 = SURFACE_STYLE_USAGE(.BOTH.,#17537);
#17537 = SURFACE_SIDE_STYLE('',(#17538));
#17538 = SURFACE_STYLE_FILL_AREA(#17539);
#17539 = FILL_AREA_STYLE('',(#17540));
#17540 = FILL_AREA_STYLE_COLOUR('',#17169);
#17541 = STYLED_ITEM('color',(#17542),#14095);
#17542 = PRESENTATION_STYLE_ASSIGNMENT((#17543));
#17543 = SURFACE_STYLE_USAGE(.BOTH.,#17544);
#17544 = SURFACE_SIDE_STYLE('',(#17545));
#17545 = SURFACE_STYLE_FILL_AREA(#17546);
#17546 = FILL_AREA_STYLE('',(#17547));
#17547 = FILL_AREA_STYLE_COLOUR('',#17169);
#17548 = STYLED_ITEM('color',(#17549),#14119);
#17549 = PRESENTATION_STYLE_ASSIGNMENT((#17550));
#17550 = SURFACE_STYLE_USAGE(.BOTH.,#17551);
#17551 = SURFACE_SIDE_STYLE('',(#17552));
#17552 = SURFACE_STYLE_FILL_AREA(#17553);
#17553 = FILL_AREA_STYLE('',(#17554));
#17554 = FILL_AREA_STYLE_COLOUR('',#17169);
#17555 = STYLED_ITEM('color',(#17556),#14136);
#17556 = PRESENTATION_STYLE_ASSIGNMENT((#17557));
#17557 = SURFACE_STYLE_USAGE(.BOTH.,#17558);
#17558 = SURFACE_SIDE_STYLE('',(#17559));
#17559 = SURFACE_STYLE_FILL_AREA(#17560);
#17560 = FILL_AREA_STYLE('',(#17561));
#17561 = FILL_AREA_STYLE_COLOUR('',#17169);
#17562 = STYLED_ITEM('color',(#17563),#14167);
#17563 = PRESENTATION_STYLE_ASSIGNMENT((#17564));
#17564 = SURFACE_STYLE_USAGE(.BOTH.,#17565);
#17565 = SURFACE_SIDE_STYLE('',(#17566));
#17566 = SURFACE_STYLE_FILL_AREA(#17567);
#17567 = FILL_AREA_STYLE('',(#17568));
#17568 = FILL_AREA_STYLE_COLOUR('',#17169);
#17569 = STYLED_ITEM('color',(#17570),#14191);
#17570 = PRESENTATION_STYLE_ASSIGNMENT((#17571));
#17571 = SURFACE_STYLE_USAGE(.BOTH.,#17572);
#17572 = SURFACE_SIDE_STYLE('',(#17573));
#17573 = SURFACE_STYLE_FILL_AREA(#17574);
#17574 = FILL_AREA_STYLE('',(#17575));
#17575 = FILL_AREA_STYLE_COLOUR('',#17169);
#17576 = STYLED_ITEM('color',(#17577),#14215);
#17577 = PRESENTATION_STYLE_ASSIGNMENT((#17578));
#17578 = SURFACE_STYLE_USAGE(.BOTH.,#17579);
#17579 = SURFACE_SIDE_STYLE('',(#17580));
#17580 = SURFACE_STYLE_FILL_AREA(#17581);
#17581 = FILL_AREA_STYLE('',(#17582));
#17582 = FILL_AREA_STYLE_COLOUR('',#17169);
#17583 = STYLED_ITEM('color',(#17584),#14232);
#17584 = PRESENTATION_STYLE_ASSIGNMENT((#17585));
#17585 = SURFACE_STYLE_USAGE(.BOTH.,#17586);
#17586 = SURFACE_SIDE_STYLE('',(#17587));
#17587 = SURFACE_STYLE_FILL_AREA(#17588);
#17588 = FILL_AREA_STYLE('',(#17589));
#17589 = FILL_AREA_STYLE_COLOUR('',#17169);
#17590 = STYLED_ITEM('color',(#17591),#14263);
#17591 = PRESENTATION_STYLE_ASSIGNMENT((#17592));
#17592 = SURFACE_STYLE_USAGE(.BOTH.,#17593);
#17593 = SURFACE_SIDE_STYLE('',(#17594));
#17594 = SURFACE_STYLE_FILL_AREA(#17595);
#17595 = FILL_AREA_STYLE('',(#17596));
#17596 = FILL_AREA_STYLE_COLOUR('',#17169);
#17597 = STYLED_ITEM('color',(#17598),#14287);
#17598 = PRESENTATION_STYLE_ASSIGNMENT((#17599));
#17599 = SURFACE_STYLE_USAGE(.BOTH.,#17600);
#17600 = SURFACE_SIDE_STYLE('',(#17601));
#17601 = SURFACE_STYLE_FILL_AREA(#17602);
#17602 = FILL_AREA_STYLE('',(#17603));
#17603 = FILL_AREA_STYLE_COLOUR('',#17169);
#17604 = STYLED_ITEM('color',(#17605),#14311);
#17605 = PRESENTATION_STYLE_ASSIGNMENT((#17606));
#17606 = SURFACE_STYLE_USAGE(.BOTH.,#17607);
#17607 = SURFACE_SIDE_STYLE('',(#17608));
#17608 = SURFACE_STYLE_FILL_AREA(#17609);
#17609 = FILL_AREA_STYLE('',(#17610));
#17610 = FILL_AREA_STYLE_COLOUR('',#17169);
#17611 = STYLED_ITEM('color',(#17612),#14328);
#17612 = PRESENTATION_STYLE_ASSIGNMENT((#17613));
#17613 = SURFACE_STYLE_USAGE(.BOTH.,#17614);
#17614 = SURFACE_SIDE_STYLE('',(#17615));
#17615 = SURFACE_STYLE_FILL_AREA(#17616);
#17616 = FILL_AREA_STYLE('',(#17617));
#17617 = FILL_AREA_STYLE_COLOUR('',#17169);
#17618 = STYLED_ITEM('color',(#17619),#14359);
#17619 = PRESENTATION_STYLE_ASSIGNMENT((#17620));
#17620 = SURFACE_STYLE_USAGE(.BOTH.,#17621);
#17621 = SURFACE_SIDE_STYLE('',(#17622));
#17622 = SURFACE_STYLE_FILL_AREA(#17623);
#17623 = FILL_AREA_STYLE('',(#17624));
#17624 = FILL_AREA_STYLE_COLOUR('',#17169);
#17625 = STYLED_ITEM('color',(#17626),#14383);
#17626 = PRESENTATION_STYLE_ASSIGNMENT((#17627));
#17627 = SURFACE_STYLE_USAGE(.BOTH.,#17628);
#17628 = SURFACE_SIDE_STYLE('',(#17629));
#17629 = SURFACE_STYLE_FILL_AREA(#17630);
#17630 = FILL_AREA_STYLE('',(#17631));
#17631 = FILL_AREA_STYLE_COLOUR('',#17169);
#17632 = STYLED_ITEM('color',(#17633),#14407);
#17633 = PRESENTATION_STYLE_ASSIGNMENT((#17634));
#17634 = SURFACE_STYLE_USAGE(.BOTH.,#17635);
#17635 = SURFACE_SIDE_STYLE('',(#17636));
#17636 = SURFACE_STYLE_FILL_AREA(#17637);
#17637 = FILL_AREA_STYLE('',(#17638));
#17638 = FILL_AREA_STYLE_COLOUR('',#17169);
#17639 = STYLED_ITEM('color',(#17640),#14424);
#17640 = PRESENTATION_STYLE_ASSIGNMENT((#17641));
#17641 = SURFACE_STYLE_USAGE(.BOTH.,#17642);
#17642 = SURFACE_SIDE_STYLE('',(#17643));
#17643 = SURFACE_STYLE_FILL_AREA(#17644);
#17644 = FILL_AREA_STYLE('',(#17645));
#17645 = FILL_AREA_STYLE_COLOUR('',#17169);
#17646 = STYLED_ITEM('color',(#17647),#14455);
#17647 = PRESENTATION_STYLE_ASSIGNMENT((#17648));
#17648 = SURFACE_STYLE_USAGE(.BOTH.,#17649);
#17649 = SURFACE_SIDE_STYLE('',(#17650));
#17650 = SURFACE_STYLE_FILL_AREA(#17651);
#17651 = FILL_AREA_STYLE('',(#17652));
#17652 = FILL_AREA_STYLE_COLOUR('',#17169);
#17653 = STYLED_ITEM('color',(#17654),#14479);
#17654 = PRESENTATION_STYLE_ASSIGNMENT((#17655));
#17655 = SURFACE_STYLE_USAGE(.BOTH.,#17656);
#17656 = SURFACE_SIDE_STYLE('',(#17657));
#17657 = SURFACE_STYLE_FILL_AREA(#17658);
#17658 = FILL_AREA_STYLE('',(#17659));
#17659 = FILL_AREA_STYLE_COLOUR('',#17169);
#17660 = STYLED_ITEM('color',(#17661),#14503);
#17661 = PRESENTATION_STYLE_ASSIGNMENT((#17662));
#17662 = SURFACE_STYLE_USAGE(.BOTH.,#17663);
#17663 = SURFACE_SIDE_STYLE('',(#17664));
#17664 = SURFACE_STYLE_FILL_AREA(#17665);
#17665 = FILL_AREA_STYLE('',(#17666));
#17666 = FILL_AREA_STYLE_COLOUR('',#17169);
#17667 = STYLED_ITEM('color',(#17668),#14520);
#17668 = PRESENTATION_STYLE_ASSIGNMENT((#17669));
#17669 = SURFACE_STYLE_USAGE(.BOTH.,#17670);
#17670 = SURFACE_SIDE_STYLE('',(#17671));
#17671 = SURFACE_STYLE_FILL_AREA(#17672);
#17672 = FILL_AREA_STYLE('',(#17673));
#17673 = FILL_AREA_STYLE_COLOUR('',#17169);
#17674 = STYLED_ITEM('color',(#17675),#14551);
#17675 = PRESENTATION_STYLE_ASSIGNMENT((#17676));
#17676 = SURFACE_STYLE_USAGE(.BOTH.,#17677);
#17677 = SURFACE_SIDE_STYLE('',(#17678));
#17678 = SURFACE_STYLE_FILL_AREA(#17679);
#17679 = FILL_AREA_STYLE('',(#17680));
#17680 = FILL_AREA_STYLE_COLOUR('',#17169);
#17681 = STYLED_ITEM('color',(#17682),#14575);
#17682 = PRESENTATION_STYLE_ASSIGNMENT((#17683));
#17683 = SURFACE_STYLE_USAGE(.BOTH.,#17684);
#17684 = SURFACE_SIDE_STYLE('',(#17685));
#17685 = SURFACE_STYLE_FILL_AREA(#17686);
#17686 = FILL_AREA_STYLE('',(#17687));
#17687 = FILL_AREA_STYLE_COLOUR('',#17169);
#17688 = STYLED_ITEM('color',(#17689),#14599);
#17689 = PRESENTATION_STYLE_ASSIGNMENT((#17690));
#17690 = SURFACE_STYLE_USAGE(.BOTH.,#17691);
#17691 = SURFACE_SIDE_STYLE('',(#17692));
#17692 = SURFACE_STYLE_FILL_AREA(#17693);
#17693 = FILL_AREA_STYLE('',(#17694));
#17694 = FILL_AREA_STYLE_COLOUR('',#17169);
#17695 = STYLED_ITEM('color',(#17696),#14616);
#17696 = PRESENTATION_STYLE_ASSIGNMENT((#17697));
#17697 = SURFACE_STYLE_USAGE(.BOTH.,#17698);
#17698 = SURFACE_SIDE_STYLE('',(#17699));
#17699 = SURFACE_STYLE_FILL_AREA(#17700);
#17700 = FILL_AREA_STYLE('',(#17701));
#17701 = FILL_AREA_STYLE_COLOUR('',#17169);
#17702 = STYLED_ITEM('color',(#17703),#14647);
#17703 = PRESENTATION_STYLE_ASSIGNMENT((#17704));
#17704 = SURFACE_STYLE_USAGE(.BOTH.,#17705);
#17705 = SURFACE_SIDE_STYLE('',(#17706));
#17706 = SURFACE_STYLE_FILL_AREA(#17707);
#17707 = FILL_AREA_STYLE('',(#17708));
#17708 = FILL_AREA_STYLE_COLOUR('',#17169);
#17709 = STYLED_ITEM('color',(#17710),#14671);
#17710 = PRESENTATION_STYLE_ASSIGNMENT((#17711));
#17711 = SURFACE_STYLE_USAGE(.BOTH.,#17712);
#17712 = SURFACE_SIDE_STYLE('',(#17713));
#17713 = SURFACE_STYLE_FILL_AREA(#17714);
#17714 = FILL_AREA_STYLE('',(#17715));
#17715 = FILL_AREA_STYLE_COLOUR('',#17169);
#17716 = STYLED_ITEM('color',(#17717),#14695);
#17717 = PRESENTATION_STYLE_ASSIGNMENT((#17718));
#17718 = SURFACE_STYLE_USAGE(.BOTH.,#17719);
#17719 = SURFACE_SIDE_STYLE('',(#17720));
#17720 = SURFACE_STYLE_FILL_AREA(#17721);
#17721 = FILL_AREA_STYLE('',(#17722));
#17722 = FILL_AREA_STYLE_COLOUR('',#17169);
#17723 = STYLED_ITEM('color',(#17724),#14712);
#17724 = PRESENTATION_STYLE_ASSIGNMENT((#17725));
#17725 = SURFACE_STYLE_USAGE(.BOTH.,#17726);
#17726 = SURFACE_SIDE_STYLE('',(#17727));
#17727 = SURFACE_STYLE_FILL_AREA(#17728);
#17728 = FILL_AREA_STYLE('',(#17729));
#17729 = FILL_AREA_STYLE_COLOUR('',#17169);
#17730 = STYLED_ITEM('color',(#17731),#14743);
#17731 = PRESENTATION_STYLE_ASSIGNMENT((#17732));
#17732 = SURFACE_STYLE_USAGE(.BOTH.,#17733);
#17733 = SURFACE_SIDE_STYLE('',(#17734));
#17734 = SURFACE_STYLE_FILL_AREA(#17735);
#17735 = FILL_AREA_STYLE('',(#17736));
#17736 = FILL_AREA_STYLE_COLOUR('',#17169);
#17737 = STYLED_ITEM('color',(#17738),#14767);
#17738 = PRESENTATION_STYLE_ASSIGNMENT((#17739));
#17739 = SURFACE_STYLE_USAGE(.BOTH.,#17740);
#17740 = SURFACE_SIDE_STYLE('',(#17741));
#17741 = SURFACE_STYLE_FILL_AREA(#17742);
#17742 = FILL_AREA_STYLE('',(#17743));
#17743 = FILL_AREA_STYLE_COLOUR('',#17169);
#17744 = STYLED_ITEM('color',(#17745),#14791);
#17745 = PRESENTATION_STYLE_ASSIGNMENT((#17746));
#17746 = SURFACE_STYLE_USAGE(.BOTH.,#17747);
#17747 = SURFACE_SIDE_STYLE('',(#17748));
#17748 = SURFACE_STYLE_FILL_AREA(#17749);
#17749 = FILL_AREA_STYLE('',(#17750));
#17750 = FILL_AREA_STYLE_COLOUR('',#17169);
#17751 = STYLED_ITEM('color',(#17752),#14808);
#17752 = PRESENTATION_STYLE_ASSIGNMENT((#17753));
#17753 = SURFACE_STYLE_USAGE(.BOTH.,#17754);
#17754 = SURFACE_SIDE_STYLE('',(#17755));
#17755 = SURFACE_STYLE_FILL_AREA(#17756);
#17756 = FILL_AREA_STYLE('',(#17757));
#17757 = FILL_AREA_STYLE_COLOUR('',#17169);
#17758 = STYLED_ITEM('color',(#17759),#14839);
#17759 = PRESENTATION_STYLE_ASSIGNMENT((#17760));
#17760 = SURFACE_STYLE_USAGE(.BOTH.,#17761);
#17761 = SURFACE_SIDE_STYLE('',(#17762));
#17762 = SURFACE_STYLE_FILL_AREA(#17763);
#17763 = FILL_AREA_STYLE('',(#17764));
#17764 = FILL_AREA_STYLE_COLOUR('',#17169);
#17765 = STYLED_ITEM('color',(#17766),#14863);
#17766 = PRESENTATION_STYLE_ASSIGNMENT((#17767));
#17767 = SURFACE_STYLE_USAGE(.BOTH.,#17768);
#17768 = SURFACE_SIDE_STYLE('',(#17769));
#17769 = SURFACE_STYLE_FILL_AREA(#17770);
#17770 = FILL_AREA_STYLE('',(#17771));
#17771 = FILL_AREA_STYLE_COLOUR('',#17169);
#17772 = STYLED_ITEM('color',(#17773),#14887);
#17773 = PRESENTATION_STYLE_ASSIGNMENT((#17774));
#17774 = SURFACE_STYLE_USAGE(.BOTH.,#17775);
#17775 = SURFACE_SIDE_STYLE('',(#17776));
#17776 = SURFACE_STYLE_FILL_AREA(#17777);
#17777 = FILL_AREA_STYLE('',(#17778));
#17778 = FILL_AREA_STYLE_COLOUR('',#17169);
#17779 = STYLED_ITEM('color',(#17780),#14904);
#17780 = PRESENTATION_STYLE_ASSIGNMENT((#17781));
#17781 = SURFACE_STYLE_USAGE(.BOTH.,#17782);
#17782 = SURFACE_SIDE_STYLE('',(#17783));
#17783 = SURFACE_STYLE_FILL_AREA(#17784);
#17784 = FILL_AREA_STYLE('',(#17785));
#17785 = FILL_AREA_STYLE_COLOUR('',#17169);
#17786 = STYLED_ITEM('color',(#17787),#14935);
#17787 = PRESENTATION_STYLE_ASSIGNMENT((#17788));
#17788 = SURFACE_STYLE_USAGE(.BOTH.,#17789);
#17789 = SURFACE_SIDE_STYLE('',(#17790));
#17790 = SURFACE_STYLE_FILL_AREA(#17791);
#17791 = FILL_AREA_STYLE('',(#17792));
#17792 = FILL_AREA_STYLE_COLOUR('',#17169);
#17793 = STYLED_ITEM('color',(#17794),#14959);
#17794 = PRESENTATION_STYLE_ASSIGNMENT((#17795));
#17795 = SURFACE_STYLE_USAGE(.BOTH.,#17796);
#17796 = SURFACE_SIDE_STYLE('',(#17797));
#17797 = SURFACE_STYLE_FILL_AREA(#17798);
#17798 = FILL_AREA_STYLE('',(#17799));
#17799 = FILL_AREA_STYLE_COLOUR('',#17169);
#17800 = STYLED_ITEM('color',(#17801),#14983);
#17801 = PRESENTATION_STYLE_ASSIGNMENT((#17802));
#17802 = SURFACE_STYLE_USAGE(.BOTH.,#17803);
#17803 = SURFACE_SIDE_STYLE('',(#17804));
#17804 = SURFACE_STYLE_FILL_AREA(#17805);
#17805 = FILL_AREA_STYLE('',(#17806));
#17806 = FILL_AREA_STYLE_COLOUR('',#17169);
#17807 = STYLED_ITEM('color',(#17808),#15000);
#17808 = PRESENTATION_STYLE_ASSIGNMENT((#17809));
#17809 = SURFACE_STYLE_USAGE(.BOTH.,#17810);
#17810 = SURFACE_SIDE_STYLE('',(#17811));
#17811 = SURFACE_STYLE_FILL_AREA(#17812);
#17812 = FILL_AREA_STYLE('',(#17813));
#17813 = FILL_AREA_STYLE_COLOUR('',#17169);
#17814 = STYLED_ITEM('color',(#17815),#15031);
#17815 = PRESENTATION_STYLE_ASSIGNMENT((#17816));
#17816 = SURFACE_STYLE_USAGE(.BOTH.,#17817);
#17817 = SURFACE_SIDE_STYLE('',(#17818));
#17818 = SURFACE_STYLE_FILL_AREA(#17819);
#17819 = FILL_AREA_STYLE('',(#17820));
#17820 = FILL_AREA_STYLE_COLOUR('',#17169);
#17821 = STYLED_ITEM('color',(#17822),#15055);
#17822 = PRESENTATION_STYLE_ASSIGNMENT((#17823));
#17823 = SURFACE_STYLE_USAGE(.BOTH.,#17824);
#17824 = SURFACE_SIDE_STYLE('',(#17825));
#17825 = SURFACE_STYLE_FILL_AREA(#17826);
#17826 = FILL_AREA_STYLE('',(#17827));
#17827 = FILL_AREA_STYLE_COLOUR('',#17169);
#17828 = STYLED_ITEM('color',(#17829),#15079);
#17829 = PRESENTATION_STYLE_ASSIGNMENT((#17830));
#17830 = SURFACE_STYLE_USAGE(.BOTH.,#17831);
#17831 = SURFACE_SIDE_STYLE('',(#17832));
#17832 = SURFACE_STYLE_FILL_AREA(#17833);
#17833 = FILL_AREA_STYLE('',(#17834));
#17834 = FILL_AREA_STYLE_COLOUR('',#17169);
#17835 = STYLED_ITEM('color',(#17836),#15096);
#17836 = PRESENTATION_STYLE_ASSIGNMENT((#17837));
#17837 = SURFACE_STYLE_USAGE(.BOTH.,#17838);
#17838 = SURFACE_SIDE_STYLE('',(#17839));
#17839 = SURFACE_STYLE_FILL_AREA(#17840);
#17840 = FILL_AREA_STYLE('',(#17841));
#17841 = FILL_AREA_STYLE_COLOUR('',#17169);
#17842 = STYLED_ITEM('color',(#17843),#15127);
#17843 = PRESENTATION_STYLE_ASSIGNMENT((#17844));
#17844 = SURFACE_STYLE_USAGE(.BOTH.,#17845);
#17845 = SURFACE_SIDE_STYLE('',(#17846));
#17846 = SURFACE_STYLE_FILL_AREA(#17847);
#17847 = FILL_AREA_STYLE('',(#17848));
#17848 = FILL_AREA_STYLE_COLOUR('',#17169);
#17849 = STYLED_ITEM('color',(#17850),#15151);
#17850 = PRESENTATION_STYLE_ASSIGNMENT((#17851));
#17851 = SURFACE_STYLE_USAGE(.BOTH.,#17852);
#17852 = SURFACE_SIDE_STYLE('',(#17853));
#17853 = SURFACE_STYLE_FILL_AREA(#17854);
#17854 = FILL_AREA_STYLE('',(#17855));
#17855 = FILL_AREA_STYLE_COLOUR('',#17169);
#17856 = STYLED_ITEM('color',(#17857),#15175);
#17857 = PRESENTATION_STYLE_ASSIGNMENT((#17858));
#17858 = SURFACE_STYLE_USAGE(.BOTH.,#17859);
#17859 = SURFACE_SIDE_STYLE('',(#17860));
#17860 = SURFACE_STYLE_FILL_AREA(#17861);
#17861 = FILL_AREA_STYLE('',(#17862));
#17862 = FILL_AREA_STYLE_COLOUR('',#17169);
#17863 = STYLED_ITEM('color',(#17864),#15192);
#17864 = PRESENTATION_STYLE_ASSIGNMENT((#17865));
#17865 = SURFACE_STYLE_USAGE(.BOTH.,#17866);
#17866 = SURFACE_SIDE_STYLE('',(#17867));
#17867 = SURFACE_STYLE_FILL_AREA(#17868);
#17868 = FILL_AREA_STYLE('',(#17869));
#17869 = FILL_AREA_STYLE_COLOUR('',#17169);
#17870 = STYLED_ITEM('color',(#17871),#15223);
#17871 = PRESENTATION_STYLE_ASSIGNMENT((#17872));
#17872 = SURFACE_STYLE_USAGE(.BOTH.,#17873);
#17873 = SURFACE_SIDE_STYLE('',(#17874));
#17874 = SURFACE_STYLE_FILL_AREA(#17875);
#17875 = FILL_AREA_STYLE('',(#17876));
#17876 = FILL_AREA_STYLE_COLOUR('',#17169);
#17877 = STYLED_ITEM('color',(#17878),#15247);
#17878 = PRESENTATION_STYLE_ASSIGNMENT((#17879));
#17879 = SURFACE_STYLE_USAGE(.BOTH.,#17880);
#17880 = SURFACE_SIDE_STYLE('',(#17881));
#17881 = SURFACE_STYLE_FILL_AREA(#17882);
#17882 = FILL_AREA_STYLE('',(#17883));
#17883 = FILL_AREA_STYLE_COLOUR('',#17169);
#17884 = STYLED_ITEM('color',(#17885),#15271);
#17885 = PRESENTATION_STYLE_ASSIGNMENT((#17886));
#17886 = SURFACE_STYLE_USAGE(.BOTH.,#17887);
#17887 = SURFACE_SIDE_STYLE('',(#17888));
#17888 = SURFACE_STYLE_FILL_AREA(#17889);
#17889 = FILL_AREA_STYLE('',(#17890));
#17890 = FILL_AREA_STYLE_COLOUR('',#17169);
#17891 = STYLED_ITEM('color',(#17892),#15288);
#17892 = PRESENTATION_STYLE_ASSIGNMENT((#17893));
#17893 = SURFACE_STYLE_USAGE(.BOTH.,#17894);
#17894 = SURFACE_SIDE_STYLE('',(#17895));
#17895 = SURFACE_STYLE_FILL_AREA(#17896);
#17896 = FILL_AREA_STYLE('',(#17897));
#17897 = FILL_AREA_STYLE_COLOUR('',#17169);
#17898 = STYLED_ITEM('color',(#17899),#15319);
#17899 = PRESENTATION_STYLE_ASSIGNMENT((#17900));
#17900 = SURFACE_STYLE_USAGE(.BOTH.,#17901);
#17901 = SURFACE_SIDE_STYLE('',(#17902));
#17902 = SURFACE_STYLE_FILL_AREA(#17903);
#17903 = FILL_AREA_STYLE('',(#17904));
#17904 = FILL_AREA_STYLE_COLOUR('',#17169);
#17905 = STYLED_ITEM('color',(#17906),#15343);
#17906 = PRESENTATION_STYLE_ASSIGNMENT((#17907));
#17907 = SURFACE_STYLE_USAGE(.BOTH.,#17908);
#17908 = SURFACE_SIDE_STYLE('',(#17909));
#17909 = SURFACE_STYLE_FILL_AREA(#17910);
#17910 = FILL_AREA_STYLE('',(#17911));
#17911 = FILL_AREA_STYLE_COLOUR('',#17169);
#17912 = STYLED_ITEM('color',(#17913),#15367);
#17913 = PRESENTATION_STYLE_ASSIGNMENT((#17914));
#17914 = SURFACE_STYLE_USAGE(.BOTH.,#17915);
#17915 = SURFACE_SIDE_STYLE('',(#17916));
#17916 = SURFACE_STYLE_FILL_AREA(#17917);
#17917 = FILL_AREA_STYLE('',(#17918));
#17918 = FILL_AREA_STYLE_COLOUR('',#17169);
#17919 = STYLED_ITEM('color',(#17920),#15384);
#17920 = PRESENTATION_STYLE_ASSIGNMENT((#17921));
#17921 = SURFACE_STYLE_USAGE(.BOTH.,#17922);
#17922 = SURFACE_SIDE_STYLE('',(#17923));
#17923 = SURFACE_STYLE_FILL_AREA(#17924);
#17924 = FILL_AREA_STYLE('',(#17925));
#17925 = FILL_AREA_STYLE_COLOUR('',#17169);
#17926 = STYLED_ITEM('color',(#17927),#15415);
#17927 = PRESENTATION_STYLE_ASSIGNMENT((#17928));
#17928 = SURFACE_STYLE_USAGE(.BOTH.,#17929);
#17929 = SURFACE_SIDE_STYLE('',(#17930));
#17930 = SURFACE_STYLE_FILL_AREA(#17931);
#17931 = FILL_AREA_STYLE('',(#17932));
#17932 = FILL_AREA_STYLE_COLOUR('',#17169);
#17933 = STYLED_ITEM('color',(#17934),#15439);
#17934 = PRESENTATION_STYLE_ASSIGNMENT((#17935));
#17935 = SURFACE_STYLE_USAGE(.BOTH.,#17936);
#17936 = SURFACE_SIDE_STYLE('',(#17937));
#17937 = SURFACE_STYLE_FILL_AREA(#17938);
#17938 = FILL_AREA_STYLE('',(#17939));
#17939 = FILL_AREA_STYLE_COLOUR('',#17169);
#17940 = STYLED_ITEM('color',(#17941),#15463);
#17941 = PRESENTATION_STYLE_ASSIGNMENT((#17942));
#17942 = SURFACE_STYLE_USAGE(.BOTH.,#17943);
#17943 = SURFACE_SIDE_STYLE('',(#17944));
#17944 = SURFACE_STYLE_FILL_AREA(#17945);
#17945 = FILL_AREA_STYLE('',(#17946));
#17946 = FILL_AREA_STYLE_COLOUR('',#17169);
#17947 = STYLED_ITEM('color',(#17948),#15480);
#17948 = PRESENTATION_STYLE_ASSIGNMENT((#17949));
#17949 = SURFACE_STYLE_USAGE(.BOTH.,#17950);
#17950 = SURFACE_SIDE_STYLE('',(#17951));
#17951 = SURFACE_STYLE_FILL_AREA(#17952);
#17952 = FILL_AREA_STYLE('',(#17953));
#17953 = FILL_AREA_STYLE_COLOUR('',#17169);
#17954 = STYLED_ITEM('color',(#17955),#15511);
#17955 = PRESENTATION_STYLE_ASSIGNMENT((#17956));
#17956 = SURFACE_STYLE_USAGE(.BOTH.,#17957);
#17957 = SURFACE_SIDE_STYLE('',(#17958));
#17958 = SURFACE_STYLE_FILL_AREA(#17959);
#17959 = FILL_AREA_STYLE('',(#17960));
#17960 = FILL_AREA_STYLE_COLOUR('',#17169);
#17961 = STYLED_ITEM('color',(#17962),#15535);
#17962 = PRESENTATION_STYLE_ASSIGNMENT((#17963));
#17963 = SURFACE_STYLE_USAGE(.BOTH.,#17964);
#17964 = SURFACE_SIDE_STYLE('',(#17965));
#17965 = SURFACE_STYLE_FILL_AREA(#17966);
#17966 = FILL_AREA_STYLE('',(#17967));
#17967 = FILL_AREA_STYLE_COLOUR('',#17169);
#17968 = STYLED_ITEM('color',(#17969),#15559);
#17969 = PRESENTATION_STYLE_ASSIGNMENT((#17970));
#17970 = SURFACE_STYLE_USAGE(.BOTH.,#17971);
#17971 = SURFACE_SIDE_STYLE('',(#17972));
#17972 = SURFACE_STYLE_FILL_AREA(#17973);
#17973 = FILL_AREA_STYLE('',(#17974));
#17974 = FILL_AREA_STYLE_COLOUR('',#17169);
#17975 = STYLED_ITEM('color',(#17976),#15576);
#17976 = PRESENTATION_STYLE_ASSIGNMENT((#17977));
#17977 = SURFACE_STYLE_USAGE(.BOTH.,#17978);
#17978 = SURFACE_SIDE_STYLE('',(#17979));
#17979 = SURFACE_STYLE_FILL_AREA(#17980);
#17980 = FILL_AREA_STYLE('',(#17981));
#17981 = FILL_AREA_STYLE_COLOUR('',#17169);
#17982 = STYLED_ITEM('color',(#17983),#15607);
#17983 = PRESENTATION_STYLE_ASSIGNMENT((#17984));
#17984 = SURFACE_STYLE_USAGE(.BOTH.,#17985);
#17985 = SURFACE_SIDE_STYLE('',(#17986));
#17986 = SURFACE_STYLE_FILL_AREA(#17987);
#17987 = FILL_AREA_STYLE('',(#17988));
#17988 = FILL_AREA_STYLE_COLOUR('',#17169);
#17989 = STYLED_ITEM('color',(#17990),#15631);
#17990 = PRESENTATION_STYLE_ASSIGNMENT((#17991));
#17991 = SURFACE_STYLE_USAGE(.BOTH.,#17992);
#17992 = SURFACE_SIDE_STYLE('',(#17993));
#17993 = SURFACE_STYLE_FILL_AREA(#17994);
#17994 = FILL_AREA_STYLE('',(#17995));
#17995 = FILL_AREA_STYLE_COLOUR('',#17169);
#17996 = STYLED_ITEM('color',(#17997),#15655);
#17997 = PRESENTATION_STYLE_ASSIGNMENT((#17998));
#17998 = SURFACE_STYLE_USAGE(.BOTH.,#17999);
#17999 = SURFACE_SIDE_STYLE('',(#18000));
#18000 = SURFACE_STYLE_FILL_AREA(#18001);
#18001 = FILL_AREA_STYLE('',(#18002));
#18002 = FILL_AREA_STYLE_COLOUR('',#17169);
#18003 = STYLED_ITEM('color',(#18004),#15672);
#18004 = PRESENTATION_STYLE_ASSIGNMENT((#18005));
#18005 = SURFACE_STYLE_USAGE(.BOTH.,#18006);
#18006 = SURFACE_SIDE_STYLE('',(#18007));
#18007 = SURFACE_STYLE_FILL_AREA(#18008);
#18008 = FILL_AREA_STYLE('',(#18009));
#18009 = FILL_AREA_STYLE_COLOUR('',#17169);
#18010 = STYLED_ITEM('color',(#18011),#15703);
#18011 = PRESENTATION_STYLE_ASSIGNMENT((#18012));
#18012 = SURFACE_STYLE_USAGE(.BOTH.,#18013);
#18013 = SURFACE_SIDE_STYLE('',(#18014));
#18014 = SURFACE_STYLE_FILL_AREA(#18015);
#18015 = FILL_AREA_STYLE('',(#18016));
#18016 = FILL_AREA_STYLE_COLOUR('',#17169);
#18017 = STYLED_ITEM('color',(#18018),#15727);
#18018 = PRESENTATION_STYLE_ASSIGNMENT((#18019));
#18019 = SURFACE_STYLE_USAGE(.BOTH.,#18020);
#18020 = SURFACE_SIDE_STYLE('',(#18021));
#18021 = SURFACE_STYLE_FILL_AREA(#18022);
#18022 = FILL_AREA_STYLE('',(#18023));
#18023 = FILL_AREA_STYLE_COLOUR('',#17169);
#18024 = STYLED_ITEM('color',(#18025),#15751);
#18025 = PRESENTATION_STYLE_ASSIGNMENT((#18026));
#18026 = SURFACE_STYLE_USAGE(.BOTH.,#18027);
#18027 = SURFACE_SIDE_STYLE('',(#18028));
#18028 = SURFACE_STYLE_FILL_AREA(#18029);
#18029 = FILL_AREA_STYLE('',(#18030));
#18030 = FILL_AREA_STYLE_COLOUR('',#17169);
#18031 = STYLED_ITEM('color',(#18032),#15768);
#18032 = PRESENTATION_STYLE_ASSIGNMENT((#18033));
#18033 = SURFACE_STYLE_USAGE(.BOTH.,#18034);
#18034 = SURFACE_SIDE_STYLE('',(#18035));
#18035 = SURFACE_STYLE_FILL_AREA(#18036);
#18036 = FILL_AREA_STYLE('',(#18037));
#18037 = FILL_AREA_STYLE_COLOUR('',#17169);
#18038 = STYLED_ITEM('color',(#18039),#15799);
#18039 = PRESENTATION_STYLE_ASSIGNMENT((#18040));
#18040 = SURFACE_STYLE_USAGE(.BOTH.,#18041);
#18041 = SURFACE_SIDE_STYLE('',(#18042));
#18042 = SURFACE_STYLE_FILL_AREA(#18043);
#18043 = FILL_AREA_STYLE('',(#18044));
#18044 = FILL_AREA_STYLE_COLOUR('',#17169);
#18045 = STYLED_ITEM('color',(#18046),#15823);
#18046 = PRESENTATION_STYLE_ASSIGNMENT((#18047));
#18047 = SURFACE_STYLE_USAGE(.BOTH.,#18048);
#18048 = SURFACE_SIDE_STYLE('',(#18049));
#18049 = SURFACE_STYLE_FILL_AREA(#18050);
#18050 = FILL_AREA_STYLE('',(#18051));
#18051 = FILL_AREA_STYLE_COLOUR('',#17169);
#18052 = STYLED_ITEM('color',(#18053),#15847);
#18053 = PRESENTATION_STYLE_ASSIGNMENT((#18054));
#18054 = SURFACE_STYLE_USAGE(.BOTH.,#18055);
#18055 = SURFACE_SIDE_STYLE('',(#18056));
#18056 = SURFACE_STYLE_FILL_AREA(#18057);
#18057 = FILL_AREA_STYLE('',(#18058));
#18058 = FILL_AREA_STYLE_COLOUR('',#17169);
#18059 = STYLED_ITEM('color',(#18060),#15864);
#18060 = PRESENTATION_STYLE_ASSIGNMENT((#18061));
#18061 = SURFACE_STYLE_USAGE(.BOTH.,#18062);
#18062 = SURFACE_SIDE_STYLE('',(#18063));
#18063 = SURFACE_STYLE_FILL_AREA(#18064);
#18064 = FILL_AREA_STYLE('',(#18065));
#18065 = FILL_AREA_STYLE_COLOUR('',#17169);
#18066 = STYLED_ITEM('color',(#18067),#15876);
#18067 = PRESENTATION_STYLE_ASSIGNMENT((#18068));
#18068 = SURFACE_STYLE_USAGE(.BOTH.,#18069);
#18069 = SURFACE_SIDE_STYLE('',(#18070));
#18070 = SURFACE_STYLE_FILL_AREA(#18071);
#18071 = FILL_AREA_STYLE('',(#18072));
#18072 = FILL_AREA_STYLE_COLOUR('',#17169);
#18073 = STYLED_ITEM('color',(#18074),#15888);
#18074 = PRESENTATION_STYLE_ASSIGNMENT((#18075));
#18075 = SURFACE_STYLE_USAGE(.BOTH.,#18076);
#18076 = SURFACE_SIDE_STYLE('',(#18077));
#18077 = SURFACE_STYLE_FILL_AREA(#18078);
#18078 = FILL_AREA_STYLE('',(#18079));
#18079 = FILL_AREA_STYLE_COLOUR('',#17169);
#18080 = STYLED_ITEM('color',(#18081),#15900);
#18081 = PRESENTATION_STYLE_ASSIGNMENT((#18082));
#18082 = SURFACE_STYLE_USAGE(.BOTH.,#18083);
#18083 = SURFACE_SIDE_STYLE('',(#18084));
#18084 = SURFACE_STYLE_FILL_AREA(#18085);
#18085 = FILL_AREA_STYLE('',(#18086));
#18086 = FILL_AREA_STYLE_COLOUR('',#17169);
#18087 = STYLED_ITEM('color',(#18088),#15912);
#18088 = PRESENTATION_STYLE_ASSIGNMENT((#18089));
#18089 = SURFACE_STYLE_USAGE(.BOTH.,#18090);
#18090 = SURFACE_SIDE_STYLE('',(#18091));
#18091 = SURFACE_STYLE_FILL_AREA(#18092);
#18092 = FILL_AREA_STYLE('',(#18093));
#18093 = FILL_AREA_STYLE_COLOUR('',#17169);
#18094 = STYLED_ITEM('color',(#18095),#15924);
#18095 = PRESENTATION_STYLE_ASSIGNMENT((#18096));
#18096 = SURFACE_STYLE_USAGE(.BOTH.,#18097);
#18097 = SURFACE_SIDE_STYLE('',(#18098));
#18098 = SURFACE_STYLE_FILL_AREA(#18099);
#18099 = FILL_AREA_STYLE('',(#18100));
#18100 = FILL_AREA_STYLE_COLOUR('',#17169);
#18101 = STYLED_ITEM('color',(#18102),#15936);
#18102 = PRESENTATION_STYLE_ASSIGNMENT((#18103));
#18103 = SURFACE_STYLE_USAGE(.BOTH.,#18104);
#18104 = SURFACE_SIDE_STYLE('',(#18105));
#18105 = SURFACE_STYLE_FILL_AREA(#18106);
#18106 = FILL_AREA_STYLE('',(#18107));
#18107 = FILL_AREA_STYLE_COLOUR('',#17169);
#18108 = STYLED_ITEM('color',(#18109),#15948);
#18109 = PRESENTATION_STYLE_ASSIGNMENT((#18110));
#18110 = SURFACE_STYLE_USAGE(.BOTH.,#18111);
#18111 = SURFACE_SIDE_STYLE('',(#18112));
#18112 = SURFACE_STYLE_FILL_AREA(#18113);
#18113 = FILL_AREA_STYLE('',(#18114));
#18114 = FILL_AREA_STYLE_COLOUR('',#17169);
#18115 = STYLED_ITEM('color',(#18116),#15960);
#18116 = PRESENTATION_STYLE_ASSIGNMENT((#18117));
#18117 = SURFACE_STYLE_USAGE(.BOTH.,#18118);
#18118 = SURFACE_SIDE_STYLE('',(#18119));
#18119 = SURFACE_STYLE_FILL_AREA(#18120);
#18120 = FILL_AREA_STYLE('',(#18121));
#18121 = FILL_AREA_STYLE_COLOUR('',#17169);
#18122 = STYLED_ITEM('color',(#18123),#15972);
#18123 = PRESENTATION_STYLE_ASSIGNMENT((#18124));
#18124 = SURFACE_STYLE_USAGE(.BOTH.,#18125);
#18125 = SURFACE_SIDE_STYLE('',(#18126));
#18126 = SURFACE_STYLE_FILL_AREA(#18127);
#18127 = FILL_AREA_STYLE('',(#18128));
#18128 = FILL_AREA_STYLE_COLOUR('',#17169);
#18129 = STYLED_ITEM('color',(#18130),#15984);
#18130 = PRESENTATION_STYLE_ASSIGNMENT((#18131));
#18131 = SURFACE_STYLE_USAGE(.BOTH.,#18132);
#18132 = SURFACE_SIDE_STYLE('',(#18133));
#18133 = SURFACE_STYLE_FILL_AREA(#18134);
#18134 = FILL_AREA_STYLE('',(#18135));
#18135 = FILL_AREA_STYLE_COLOUR('',#17169);
#18136 = STYLED_ITEM('color',(#18137),#15996);
#18137 = PRESENTATION_STYLE_ASSIGNMENT((#18138));
#18138 = SURFACE_STYLE_USAGE(.BOTH.,#18139);
#18139 = SURFACE_SIDE_STYLE('',(#18140));
#18140 = SURFACE_STYLE_FILL_AREA(#18141);
#18141 = FILL_AREA_STYLE('',(#18142));
#18142 = FILL_AREA_STYLE_COLOUR('',#17169);
#18143 = STYLED_ITEM('color',(#18144),#16008);
#18144 = PRESENTATION_STYLE_ASSIGNMENT((#18145));
#18145 = SURFACE_STYLE_USAGE(.BOTH.,#18146);
#18146 = SURFACE_SIDE_STYLE('',(#18147));
#18147 = SURFACE_STYLE_FILL_AREA(#18148);
#18148 = FILL_AREA_STYLE('',(#18149));
#18149 = FILL_AREA_STYLE_COLOUR('',#17169);
#18150 = STYLED_ITEM('color',(#18151),#16020);
#18151 = PRESENTATION_STYLE_ASSIGNMENT((#18152));
#18152 = SURFACE_STYLE_USAGE(.BOTH.,#18153);
#18153 = SURFACE_SIDE_STYLE('',(#18154));
#18154 = SURFACE_STYLE_FILL_AREA(#18155);
#18155 = FILL_AREA_STYLE('',(#18156));
#18156 = FILL_AREA_STYLE_COLOUR('',#17169);
#18157 = STYLED_ITEM('color',(#18158),#16032);
#18158 = PRESENTATION_STYLE_ASSIGNMENT((#18159));
#18159 = SURFACE_STYLE_USAGE(.BOTH.,#18160);
#18160 = SURFACE_SIDE_STYLE('',(#18161));
#18161 = SURFACE_STYLE_FILL_AREA(#18162);
#18162 = FILL_AREA_STYLE('',(#18163));
#18163 = FILL_AREA_STYLE_COLOUR('',#17169);
#18164 = STYLED_ITEM('color',(#18165),#16044);
#18165 = PRESENTATION_STYLE_ASSIGNMENT((#18166));
#18166 = SURFACE_STYLE_USAGE(.BOTH.,#18167);
#18167 = SURFACE_SIDE_STYLE('',(#18168));
#18168 = SURFACE_STYLE_FILL_AREA(#18169);
#18169 = FILL_AREA_STYLE('',(#18170));
#18170 = FILL_AREA_STYLE_COLOUR('',#17169);
#18171 = MECHANICAL_DESIGN_GEOMETRIC_PRESENTATION_REPRESENTATION('',(
    #18172,#18182,#18191,#18200,#18209,#18218,#18227,#18236,#18245,
    #18254,#18263,#18272,#18281,#18290,#18299,#18309,#18318,#18327,
    #18336,#18345,#18354,#18363,#18372,#18381,#18390,#18399,#18408,
    #18417,#18426,#18435,#18444,#18453,#18462,#18471,#18480,#18489,
    #18498,#18507,#18516,#18525,#18534,#18543,#18552,#18561,#18570,
    #18579,#18588,#18597,#18606,#18615,#18624,#18633,#18642,#18651,
    #18660,#18669,#18678,#18687,#18696,#18705,#18714,#18723,#18732,
    #18741,#18750,#18759,#18768,#18777,#18786,#18795,#18804,#18813,
    #18822,#18831,#18840,#18849,#18858,#18867,#18876,#18885,#18894,
    #18903,#18912,#18921,#18930,#18939,#18948,#18957,#18966,#18975,
    #18984,#18993,#19002,#19011,#19020,#19029,#19038,#19047,#19056,
    #19065,#19074,#19083),#7588);
#18172 = STYLED_ITEM('color',(#18173),#4521);
#18173 = PRESENTATION_STYLE_ASSIGNMENT((#18174,#18180));
#18174 = SURFACE_STYLE_USAGE(.BOTH.,#18175);
#18175 = SURFACE_SIDE_STYLE('',(#18176));
#18176 = SURFACE_STYLE_FILL_AREA(#18177);
#18177 = FILL_AREA_STYLE('',(#18178));
#18178 = FILL_AREA_STYLE_COLOUR('',#18179);
#18179 = COLOUR_RGB('',0.147999998088,0.145000001626,0.145000001626);
#18180 = CURVE_STYLE('',#18181,POSITIVE_LENGTH_MEASURE(0.1),#18179);
#18181 = DRAUGHTING_PRE_DEFINED_CURVE_FONT('continuous');
#18182 = STYLED_ITEM('color',(#18183),#4559);
#18183 = PRESENTATION_STYLE_ASSIGNMENT((#18184,#18189));
#18184 = SURFACE_STYLE_USAGE(.BOTH.,#18185);
#18185 = SURFACE_SIDE_STYLE('',(#18186));
#18186 = SURFACE_STYLE_FILL_AREA(#18187);
#18187 = FILL_AREA_STYLE('',(#18188));
#18188 = FILL_AREA_STYLE_COLOUR('',#18179);
#18189 = CURVE_STYLE('',#18190,POSITIVE_LENGTH_MEASURE(0.1),#18179);
#18190 = DRAUGHTING_PRE_DEFINED_CURVE_FONT('continuous');
#18191 = STYLED_ITEM('color',(#18192),#4622);
#18192 = PRESENTATION_STYLE_ASSIGNMENT((#18193,#18198));
#18193 = SURFACE_STYLE_USAGE(.BOTH.,#18194);
#18194 = SURFACE_SIDE_STYLE('',(#18195));
#18195 = SURFACE_STYLE_FILL_AREA(#18196);
#18196 = FILL_AREA_STYLE('',(#18197));
#18197 = FILL_AREA_STYLE_COLOUR('',#18179);
#18198 = CURVE_STYLE('',#18199,POSITIVE_LENGTH_MEASURE(0.1),#18179);
#18199 = DRAUGHTING_PRE_DEFINED_CURVE_FONT('continuous');
#18200 = STYLED_ITEM('color',(#18201),#4645);
#18201 = PRESENTATION_STYLE_ASSIGNMENT((#18202,#18207));
#18202 = SURFACE_STYLE_USAGE(.BOTH.,#18203);
#18203 = SURFACE_SIDE_STYLE('',(#18204));
#18204 = SURFACE_STYLE_FILL_AREA(#18205);
#18205 = FILL_AREA_STYLE('',(#18206));
#18206 = FILL_AREA_STYLE_COLOUR('',#18179);
#18207 = CURVE_STYLE('',#18208,POSITIVE_LENGTH_MEASURE(0.1),#18179);
#18208 = DRAUGHTING_PRE_DEFINED_CURVE_FONT('continuous');
#18209 = STYLED_ITEM('color',(#18210),#4674);
#18210 = PRESENTATION_STYLE_ASSIGNMENT((#18211,#18216));
#18211 = SURFACE_STYLE_USAGE(.BOTH.,#18212);
#18212 = SURFACE_SIDE_STYLE('',(#18213));
#18213 = SURFACE_STYLE_FILL_AREA(#18214);
#18214 = FILL_AREA_STYLE('',(#18215));
#18215 = FILL_AREA_STYLE_COLOUR('',#18179);
#18216 = CURVE_STYLE('',#18217,POSITIVE_LENGTH_MEASURE(0.1),#18179);
#18217 = DRAUGHTING_PRE_DEFINED_CURVE_FONT('continuous');
#18218 = STYLED_ITEM('color',(#18219),#4697);
#18219 = PRESENTATION_STYLE_ASSIGNMENT((#18220,#18225));
#18220 = SURFACE_STYLE_USAGE(.BOTH.,#18221);
#18221 = SURFACE_SIDE_STYLE('',(#18222));
#18222 = SURFACE_STYLE_FILL_AREA(#18223);
#18223 = FILL_AREA_STYLE('',(#18224));
#18224 = FILL_AREA_STYLE_COLOUR('',#18179);
#18225 = CURVE_STYLE('',#18226,POSITIVE_LENGTH_MEASURE(0.1),#18179);
#18226 = DRAUGHTING_PRE_DEFINED_CURVE_FONT('continuous');
#18227 = STYLED_ITEM('color',(#18228),#4768);
#18228 = PRESENTATION_STYLE_ASSIGNMENT((#18229,#18234));
#18229 = SURFACE_STYLE_USAGE(.BOTH.,#18230);
#18230 = SURFACE_SIDE_STYLE('',(#18231));
#18231 = SURFACE_STYLE_FILL_AREA(#18232);
#18232 = FILL_AREA_STYLE('',(#18233));
#18233 = FILL_AREA_STYLE_COLOUR('',#18179);
#18234 = CURVE_STYLE('',#18235,POSITIVE_LENGTH_MEASURE(0.1),#18179);
#18235 = DRAUGHTING_PRE_DEFINED_CURVE_FONT('continuous');
#18236 = STYLED_ITEM('color',(#18237),#4823);
#18237 = PRESENTATION_STYLE_ASSIGNMENT((#18238,#18243));
#18238 = SURFACE_STYLE_USAGE(.BOTH.,#18239);
#18239 = SURFACE_SIDE_STYLE('',(#18240));
#18240 = SURFACE_STYLE_FILL_AREA(#18241);
#18241 = FILL_AREA_STYLE('',(#18242));
#18242 = FILL_AREA_STYLE_COLOUR('',#18179);
#18243 = CURVE_STYLE('',#18244,POSITIVE_LENGTH_MEASURE(0.1),#18179);
#18244 = DRAUGHTING_PRE_DEFINED_CURVE_FONT('continuous');
#18245 = STYLED_ITEM('color',(#18246),#4846);
#18246 = PRESENTATION_STYLE_ASSIGNMENT((#18247,#18252));
#18247 = SURFACE_STYLE_USAGE(.BOTH.,#18248);
#18248 = SURFACE_SIDE_STYLE('',(#18249));
#18249 = SURFACE_STYLE_FILL_AREA(#18250);
#18250 = FILL_AREA_STYLE('',(#18251));
#18251 = FILL_AREA_STYLE_COLOUR('',#18179);
#18252 = CURVE_STYLE('',#18253,POSITIVE_LENGTH_MEASURE(0.1),#18179);
#18253 = DRAUGHTING_PRE_DEFINED_CURVE_FONT('continuous');
#18254 = STYLED_ITEM('color',(#18255),#4869);
#18255 = PRESENTATION_STYLE_ASSIGNMENT((#18256,#18261));
#18256 = SURFACE_STYLE_USAGE(.BOTH.,#18257);
#18257 = SURFACE_SIDE_STYLE('',(#18258));
#18258 = SURFACE_STYLE_FILL_AREA(#18259);
#18259 = FILL_AREA_STYLE('',(#18260));
#18260 = FILL_AREA_STYLE_COLOUR('',#18179);
#18261 = CURVE_STYLE('',#18262,POSITIVE_LENGTH_MEASURE(0.1),#18179);
#18262 = DRAUGHTING_PRE_DEFINED_CURVE_FONT('continuous');
#18263 = STYLED_ITEM('color',(#18264),#4886);
#18264 = PRESENTATION_STYLE_ASSIGNMENT((#18265,#18270));
#18265 = SURFACE_STYLE_USAGE(.BOTH.,#18266);
#18266 = SURFACE_SIDE_STYLE('',(#18267));
#18267 = SURFACE_STYLE_FILL_AREA(#18268);
#18268 = FILL_AREA_STYLE('',(#18269));
#18269 = FILL_AREA_STYLE_COLOUR('',#18179);
#18270 = CURVE_STYLE('',#18271,POSITIVE_LENGTH_MEASURE(0.1),#18179);
#18271 = DRAUGHTING_PRE_DEFINED_CURVE_FONT('continuous');
#18272 = STYLED_ITEM('color',(#18273),#4909);
#18273 = PRESENTATION_STYLE_ASSIGNMENT((#18274,#18279));
#18274 = SURFACE_STYLE_USAGE(.BOTH.,#18275);
#18275 = SURFACE_SIDE_STYLE('',(#18276));
#18276 = SURFACE_STYLE_FILL_AREA(#18277);
#18277 = FILL_AREA_STYLE('',(#18278));
#18278 = FILL_AREA_STYLE_COLOUR('',#18179);
#18279 = CURVE_STYLE('',#18280,POSITIVE_LENGTH_MEASURE(0.1),#18179);
#18280 = DRAUGHTING_PRE_DEFINED_CURVE_FONT('continuous');
#18281 = STYLED_ITEM('color',(#18282),#4997);
#18282 = PRESENTATION_STYLE_ASSIGNMENT((#18283,#18288));
#18283 = SURFACE_STYLE_USAGE(.BOTH.,#18284);
#18284 = SURFACE_SIDE_STYLE('',(#18285));
#18285 = SURFACE_STYLE_FILL_AREA(#18286);
#18286 = FILL_AREA_STYLE('',(#18287));
#18287 = FILL_AREA_STYLE_COLOUR('',#18179);
#18288 = CURVE_STYLE('',#18289,POSITIVE_LENGTH_MEASURE(0.1),#18179);
#18289 = DRAUGHTING_PRE_DEFINED_CURVE_FONT('continuous');
#18290 = STYLED_ITEM('color',(#18291),#5013);
#18291 = PRESENTATION_STYLE_ASSIGNMENT((#18292,#18297));
#18292 = SURFACE_STYLE_USAGE(.BOTH.,#18293);
#18293 = SURFACE_SIDE_STYLE('',(#18294));
#18294 = SURFACE_STYLE_FILL_AREA(#18295);
#18295 = FILL_AREA_STYLE('',(#18296));
#18296 = FILL_AREA_STYLE_COLOUR('',#18179);
#18297 = CURVE_STYLE('',#18298,POSITIVE_LENGTH_MEASURE(0.1),#18179);
#18298 = DRAUGHTING_PRE_DEFINED_CURVE_FONT('continuous');
#18299 = STYLED_ITEM('color',(#18300),#5043);
#18300 = PRESENTATION_STYLE_ASSIGNMENT((#18301,#18307));
#18301 = SURFACE_STYLE_USAGE(.BOTH.,#18302);
#18302 = SURFACE_SIDE_STYLE('',(#18303));
#18303 = SURFACE_STYLE_FILL_AREA(#18304);
#18304 = FILL_AREA_STYLE('',(#18305));
#18305 = FILL_AREA_STYLE_COLOUR('',#18306);
#18306 = COLOUR_RGB('',0.823999987314,0.819999987296,0.781000009244);
#18307 = CURVE_STYLE('',#18308,POSITIVE_LENGTH_MEASURE(0.1),#18306);
#18308 = DRAUGHTING_PRE_DEFINED_CURVE_FONT('continuous');
#18309 = STYLED_ITEM('color',(#18310),#5074);
#18310 = PRESENTATION_STYLE_ASSIGNMENT((#18311,#18316));
#18311 = SURFACE_STYLE_USAGE(.BOTH.,#18312);
#18312 = SURFACE_SIDE_STYLE('',(#18313));
#18313 = SURFACE_STYLE_FILL_AREA(#18314);
#18314 = FILL_AREA_STYLE('',(#18315));
#18315 = FILL_AREA_STYLE_COLOUR('',#18179);
#18316 = CURVE_STYLE('',#18317,POSITIVE_LENGTH_MEASURE(0.1),#18179);
#18317 = DRAUGHTING_PRE_DEFINED_CURVE_FONT('continuous');
#18318 = STYLED_ITEM('color',(#18319),#5105);
#18319 = PRESENTATION_STYLE_ASSIGNMENT((#18320,#18325));
#18320 = SURFACE_STYLE_USAGE(.BOTH.,#18321);
#18321 = SURFACE_SIDE_STYLE('',(#18322));
#18322 = SURFACE_STYLE_FILL_AREA(#18323);
#18323 = FILL_AREA_STYLE('',(#18324));
#18324 = FILL_AREA_STYLE_COLOUR('',#18306);
#18325 = CURVE_STYLE('',#18326,POSITIVE_LENGTH_MEASURE(0.1),#18306);
#18326 = DRAUGHTING_PRE_DEFINED_CURVE_FONT('continuous');
#18327 = STYLED_ITEM('color',(#18328),#5136);
#18328 = PRESENTATION_STYLE_ASSIGNMENT((#18329,#18334));
#18329 = SURFACE_STYLE_USAGE(.BOTH.,#18330);
#18330 = SURFACE_SIDE_STYLE('',(#18331));
#18331 = SURFACE_STYLE_FILL_AREA(#18332);
#18332 = FILL_AREA_STYLE('',(#18333));
#18333 = FILL_AREA_STYLE_COLOUR('',#18179);
#18334 = CURVE_STYLE('',#18335,POSITIVE_LENGTH_MEASURE(0.1),#18179);
#18335 = DRAUGHTING_PRE_DEFINED_CURVE_FONT('continuous');
#18336 = STYLED_ITEM('color',(#18337),#5167);
#18337 = PRESENTATION_STYLE_ASSIGNMENT((#18338,#18343));
#18338 = SURFACE_STYLE_USAGE(.BOTH.,#18339);
#18339 = SURFACE_SIDE_STYLE('',(#18340));
#18340 = SURFACE_STYLE_FILL_AREA(#18341);
#18341 = FILL_AREA_STYLE('',(#18342));
#18342 = FILL_AREA_STYLE_COLOUR('',#18306);
#18343 = CURVE_STYLE('',#18344,POSITIVE_LENGTH_MEASURE(0.1),#18306);
#18344 = DRAUGHTING_PRE_DEFINED_CURVE_FONT('continuous');
#18345 = STYLED_ITEM('color',(#18346),#5198);
#18346 = PRESENTATION_STYLE_ASSIGNMENT((#18347,#18352));
#18347 = SURFACE_STYLE_USAGE(.BOTH.,#18348);
#18348 = SURFACE_SIDE_STYLE('',(#18349));
#18349 = SURFACE_STYLE_FILL_AREA(#18350);
#18350 = FILL_AREA_STYLE('',(#18351));
#18351 = FILL_AREA_STYLE_COLOUR('',#18179);
#18352 = CURVE_STYLE('',#18353,POSITIVE_LENGTH_MEASURE(0.1),#18179);
#18353 = DRAUGHTING_PRE_DEFINED_CURVE_FONT('continuous');
#18354 = STYLED_ITEM('color',(#18355),#5215);
#18355 = PRESENTATION_STYLE_ASSIGNMENT((#18356,#18361));
#18356 = SURFACE_STYLE_USAGE(.BOTH.,#18357);
#18357 = SURFACE_SIDE_STYLE('',(#18358));
#18358 = SURFACE_STYLE_FILL_AREA(#18359);
#18359 = FILL_AREA_STYLE('',(#18360));
#18360 = FILL_AREA_STYLE_COLOUR('',#18179);
#18361 = CURVE_STYLE('',#18362,POSITIVE_LENGTH_MEASURE(0.1),#18179);
#18362 = DRAUGHTING_PRE_DEFINED_CURVE_FONT('continuous');
#18363 = STYLED_ITEM('color',(#18364),#5232);
#18364 = PRESENTATION_STYLE_ASSIGNMENT((#18365,#18370));
#18365 = SURFACE_STYLE_USAGE(.BOTH.,#18366);
#18366 = SURFACE_SIDE_STYLE('',(#18367));
#18367 = SURFACE_STYLE_FILL_AREA(#18368);
#18368 = FILL_AREA_STYLE('',(#18369));
#18369 = FILL_AREA_STYLE_COLOUR('',#18306);
#18370 = CURVE_STYLE('',#18371,POSITIVE_LENGTH_MEASURE(0.1),#18306);
#18371 = DRAUGHTING_PRE_DEFINED_CURVE_FONT('continuous');
#18372 = STYLED_ITEM('color',(#18373),#5263);
#18373 = PRESENTATION_STYLE_ASSIGNMENT((#18374,#18379));
#18374 = SURFACE_STYLE_USAGE(.BOTH.,#18375);
#18375 = SURFACE_SIDE_STYLE('',(#18376));
#18376 = SURFACE_STYLE_FILL_AREA(#18377);
#18377 = FILL_AREA_STYLE('',(#18378));
#18378 = FILL_AREA_STYLE_COLOUR('',#18179);
#18379 = CURVE_STYLE('',#18380,POSITIVE_LENGTH_MEASURE(0.1),#18179);
#18380 = DRAUGHTING_PRE_DEFINED_CURVE_FONT('continuous');
#18381 = STYLED_ITEM('color',(#18382),#5294);
#18382 = PRESENTATION_STYLE_ASSIGNMENT((#18383,#18388));
#18383 = SURFACE_STYLE_USAGE(.BOTH.,#18384);
#18384 = SURFACE_SIDE_STYLE('',(#18385));
#18385 = SURFACE_STYLE_FILL_AREA(#18386);
#18386 = FILL_AREA_STYLE('',(#18387));
#18387 = FILL_AREA_STYLE_COLOUR('',#18306);
#18388 = CURVE_STYLE('',#18389,POSITIVE_LENGTH_MEASURE(0.1),#18306);
#18389 = DRAUGHTING_PRE_DEFINED_CURVE_FONT('continuous');
#18390 = STYLED_ITEM('color',(#18391),#5325);
#18391 = PRESENTATION_STYLE_ASSIGNMENT((#18392,#18397));
#18392 = SURFACE_STYLE_USAGE(.BOTH.,#18393);
#18393 = SURFACE_SIDE_STYLE('',(#18394));
#18394 = SURFACE_STYLE_FILL_AREA(#18395);
#18395 = FILL_AREA_STYLE('',(#18396));
#18396 = FILL_AREA_STYLE_COLOUR('',#18179);
#18397 = CURVE_STYLE('',#18398,POSITIVE_LENGTH_MEASURE(0.1),#18179);
#18398 = DRAUGHTING_PRE_DEFINED_CURVE_FONT('continuous');
#18399 = STYLED_ITEM('color',(#18400),#5355);
#18400 = PRESENTATION_STYLE_ASSIGNMENT((#18401,#18406));
#18401 = SURFACE_STYLE_USAGE(.BOTH.,#18402);
#18402 = SURFACE_SIDE_STYLE('',(#18403));
#18403 = SURFACE_STYLE_FILL_AREA(#18404);
#18404 = FILL_AREA_STYLE('',(#18405));
#18405 = FILL_AREA_STYLE_COLOUR('',#18179);
#18406 = CURVE_STYLE('',#18407,POSITIVE_LENGTH_MEASURE(0.1),#18179);
#18407 = DRAUGHTING_PRE_DEFINED_CURVE_FONT('continuous');
#18408 = STYLED_ITEM('color',(#18409),#5378);
#18409 = PRESENTATION_STYLE_ASSIGNMENT((#18410,#18415));
#18410 = SURFACE_STYLE_USAGE(.BOTH.,#18411);
#18411 = SURFACE_SIDE_STYLE('',(#18412));
#18412 = SURFACE_STYLE_FILL_AREA(#18413);
#18413 = FILL_AREA_STYLE('',(#18414));
#18414 = FILL_AREA_STYLE_COLOUR('',#18179);
#18415 = CURVE_STYLE('',#18416,POSITIVE_LENGTH_MEASURE(0.1),#18179);
#18416 = DRAUGHTING_PRE_DEFINED_CURVE_FONT('continuous');
#18417 = STYLED_ITEM('color',(#18418),#5401);
#18418 = PRESENTATION_STYLE_ASSIGNMENT((#18419,#18424));
#18419 = SURFACE_STYLE_USAGE(.BOTH.,#18420);
#18420 = SURFACE_SIDE_STYLE('',(#18421));
#18421 = SURFACE_STYLE_FILL_AREA(#18422);
#18422 = FILL_AREA_STYLE('',(#18423));
#18423 = FILL_AREA_STYLE_COLOUR('',#18179);
#18424 = CURVE_STYLE('',#18425,POSITIVE_LENGTH_MEASURE(0.1),#18179);
#18425 = DRAUGHTING_PRE_DEFINED_CURVE_FONT('continuous');
#18426 = STYLED_ITEM('color',(#18427),#5418);
#18427 = PRESENTATION_STYLE_ASSIGNMENT((#18428,#18433));
#18428 = SURFACE_STYLE_USAGE(.BOTH.,#18429);
#18429 = SURFACE_SIDE_STYLE('',(#18430));
#18430 = SURFACE_STYLE_FILL_AREA(#18431);
#18431 = FILL_AREA_STYLE('',(#18432));
#18432 = FILL_AREA_STYLE_COLOUR('',#18306);
#18433 = CURVE_STYLE('',#18434,POSITIVE_LENGTH_MEASURE(0.1),#18306);
#18434 = DRAUGHTING_PRE_DEFINED_CURVE_FONT('continuous');
#18435 = STYLED_ITEM('color',(#18436),#5463);
#18436 = PRESENTATION_STYLE_ASSIGNMENT((#18437,#18442));
#18437 = SURFACE_STYLE_USAGE(.BOTH.,#18438);
#18438 = SURFACE_SIDE_STYLE('',(#18439));
#18439 = SURFACE_STYLE_FILL_AREA(#18440);
#18440 = FILL_AREA_STYLE('',(#18441));
#18441 = FILL_AREA_STYLE_COLOUR('',#18179);
#18442 = CURVE_STYLE('',#18443,POSITIVE_LENGTH_MEASURE(0.1),#18179);
#18443 = DRAUGHTING_PRE_DEFINED_CURVE_FONT('continuous');
#18444 = STYLED_ITEM('color',(#18445),#5533);
#18445 = PRESENTATION_STYLE_ASSIGNMENT((#18446,#18451));
#18446 = SURFACE_STYLE_USAGE(.BOTH.,#18447);
#18447 = SURFACE_SIDE_STYLE('',(#18448));
#18448 = SURFACE_STYLE_FILL_AREA(#18449);
#18449 = FILL_AREA_STYLE('',(#18450));
#18450 = FILL_AREA_STYLE_COLOUR('',#18179);
#18451 = CURVE_STYLE('',#18452,POSITIVE_LENGTH_MEASURE(0.1),#18179);
#18452 = DRAUGHTING_PRE_DEFINED_CURVE_FONT('continuous');
#18453 = STYLED_ITEM('color',(#18454),#5556);
#18454 = PRESENTATION_STYLE_ASSIGNMENT((#18455,#18460));
#18455 = SURFACE_STYLE_USAGE(.BOTH.,#18456);
#18456 = SURFACE_SIDE_STYLE('',(#18457));
#18457 = SURFACE_STYLE_FILL_AREA(#18458);
#18458 = FILL_AREA_STYLE('',(#18459));
#18459 = FILL_AREA_STYLE_COLOUR('',#18179);
#18460 = CURVE_STYLE('',#18461,POSITIVE_LENGTH_MEASURE(0.1),#18179);
#18461 = DRAUGHTING_PRE_DEFINED_CURVE_FONT('continuous');
#18462 = STYLED_ITEM('color',(#18463),#5579);
#18463 = PRESENTATION_STYLE_ASSIGNMENT((#18464,#18469));
#18464 = SURFACE_STYLE_USAGE(.BOTH.,#18465);
#18465 = SURFACE_SIDE_STYLE('',(#18466));
#18466 = SURFACE_STYLE_FILL_AREA(#18467);
#18467 = FILL_AREA_STYLE('',(#18468));
#18468 = FILL_AREA_STYLE_COLOUR('',#18179);
#18469 = CURVE_STYLE('',#18470,POSITIVE_LENGTH_MEASURE(0.1),#18179);
#18470 = DRAUGHTING_PRE_DEFINED_CURVE_FONT('continuous');
#18471 = STYLED_ITEM('color',(#18472),#5602);
#18472 = PRESENTATION_STYLE_ASSIGNMENT((#18473,#18478));
#18473 = SURFACE_STYLE_USAGE(.BOTH.,#18474);
#18474 = SURFACE_SIDE_STYLE('',(#18475));
#18475 = SURFACE_STYLE_FILL_AREA(#18476);
#18476 = FILL_AREA_STYLE('',(#18477));
#18477 = FILL_AREA_STYLE_COLOUR('',#18179);
#18478 = CURVE_STYLE('',#18479,POSITIVE_LENGTH_MEASURE(0.1),#18179);
#18479 = DRAUGHTING_PRE_DEFINED_CURVE_FONT('continuous');
#18480 = STYLED_ITEM('color',(#18481),#5657);
#18481 = PRESENTATION_STYLE_ASSIGNMENT((#18482,#18487));
#18482 = SURFACE_STYLE_USAGE(.BOTH.,#18483);
#18483 = SURFACE_SIDE_STYLE('',(#18484));
#18484 = SURFACE_STYLE_FILL_AREA(#18485);
#18485 = FILL_AREA_STYLE('',(#18486));
#18486 = FILL_AREA_STYLE_COLOUR('',#18306);
#18487 = CURVE_STYLE('',#18488,POSITIVE_LENGTH_MEASURE(0.1),#18306);
#18488 = DRAUGHTING_PRE_DEFINED_CURVE_FONT('continuous');
#18489 = STYLED_ITEM('color',(#18490),#5695);
#18490 = PRESENTATION_STYLE_ASSIGNMENT((#18491,#18496));
#18491 = SURFACE_STYLE_USAGE(.BOTH.,#18492);
#18492 = SURFACE_SIDE_STYLE('',(#18493));
#18493 = SURFACE_STYLE_FILL_AREA(#18494);
#18494 = FILL_AREA_STYLE('',(#18495));
#18495 = FILL_AREA_STYLE_COLOUR('',#18179);
#18496 = CURVE_STYLE('',#18497,POSITIVE_LENGTH_MEASURE(0.1),#18179);
#18497 = DRAUGHTING_PRE_DEFINED_CURVE_FONT('continuous');
#18498 = STYLED_ITEM('color',(#18499),#5744);
#18499 = PRESENTATION_STYLE_ASSIGNMENT((#18500,#18505));
#18500 = SURFACE_STYLE_USAGE(.BOTH.,#18501);
#18501 = SURFACE_SIDE_STYLE('',(#18502));
#18502 = SURFACE_STYLE_FILL_AREA(#18503);
#18503 = FILL_AREA_STYLE('',(#18504));
#18504 = FILL_AREA_STYLE_COLOUR('',#18306);
#18505 = CURVE_STYLE('',#18506,POSITIVE_LENGTH_MEASURE(0.1),#18306);
#18506 = DRAUGHTING_PRE_DEFINED_CURVE_FONT('continuous');
#18507 = STYLED_ITEM('color',(#18508),#5836);
#18508 = PRESENTATION_STYLE_ASSIGNMENT((#18509,#18514));
#18509 = SURFACE_STYLE_USAGE(.BOTH.,#18510);
#18510 = SURFACE_SIDE_STYLE('',(#18511));
#18511 = SURFACE_STYLE_FILL_AREA(#18512);
#18512 = FILL_AREA_STYLE('',(#18513));
#18513 = FILL_AREA_STYLE_COLOUR('',#18306);
#18514 = CURVE_STYLE('',#18515,POSITIVE_LENGTH_MEASURE(0.1),#18306);
#18515 = DRAUGHTING_PRE_DEFINED_CURVE_FONT('continuous');
#18516 = STYLED_ITEM('color',(#18517),#5861);
#18517 = PRESENTATION_STYLE_ASSIGNMENT((#18518,#18523));
#18518 = SURFACE_STYLE_USAGE(.BOTH.,#18519);
#18519 = SURFACE_SIDE_STYLE('',(#18520));
#18520 = SURFACE_STYLE_FILL_AREA(#18521);
#18521 = FILL_AREA_STYLE('',(#18522));
#18522 = FILL_AREA_STYLE_COLOUR('',#18306);
#18523 = CURVE_STYLE('',#18524,POSITIVE_LENGTH_MEASURE(0.1),#18306);
#18524 = DRAUGHTING_PRE_DEFINED_CURVE_FONT('continuous');
#18525 = STYLED_ITEM('color',(#18526),#5945);
#18526 = PRESENTATION_STYLE_ASSIGNMENT((#18527,#18532));
#18527 = SURFACE_STYLE_USAGE(.BOTH.,#18528);
#18528 = SURFACE_SIDE_STYLE('',(#18529));
#18529 = SURFACE_STYLE_FILL_AREA(#18530);
#18530 = FILL_AREA_STYLE('',(#18531));
#18531 = FILL_AREA_STYLE_COLOUR('',#18179);
#18532 = CURVE_STYLE('',#18533,POSITIVE_LENGTH_MEASURE(0.1),#18179);
#18533 = DRAUGHTING_PRE_DEFINED_CURVE_FONT('continuous');
#18534 = STYLED_ITEM('color',(#18535),#5967);
#18535 = PRESENTATION_STYLE_ASSIGNMENT((#18536,#18541));
#18536 = SURFACE_STYLE_USAGE(.BOTH.,#18537);
#18537 = SURFACE_SIDE_STYLE('',(#18538));
#18538 = SURFACE_STYLE_FILL_AREA(#18539);
#18539 = FILL_AREA_STYLE('',(#18540));
#18540 = FILL_AREA_STYLE_COLOUR('',#18306);
#18541 = CURVE_STYLE('',#18542,POSITIVE_LENGTH_MEASURE(0.1),#18306);
#18542 = DRAUGHTING_PRE_DEFINED_CURVE_FONT('continuous');
#18543 = STYLED_ITEM('color',(#18544),#6059);
#18544 = PRESENTATION_STYLE_ASSIGNMENT((#18545,#18550));
#18545 = SURFACE_STYLE_USAGE(.BOTH.,#18546);
#18546 = SURFACE_SIDE_STYLE('',(#18547));
#18547 = SURFACE_STYLE_FILL_AREA(#18548);
#18548 = FILL_AREA_STYLE('',(#18549));
#18549 = FILL_AREA_STYLE_COLOUR('',#18306);
#18550 = CURVE_STYLE('',#18551,POSITIVE_LENGTH_MEASURE(0.1),#18306);
#18551 = DRAUGHTING_PRE_DEFINED_CURVE_FONT('continuous');
#18552 = STYLED_ITEM('color',(#18553),#6084);
#18553 = PRESENTATION_STYLE_ASSIGNMENT((#18554,#18559));
#18554 = SURFACE_STYLE_USAGE(.BOTH.,#18555);
#18555 = SURFACE_SIDE_STYLE('',(#18556));
#18556 = SURFACE_STYLE_FILL_AREA(#18557);
#18557 = FILL_AREA_STYLE('',(#18558));
#18558 = FILL_AREA_STYLE_COLOUR('',#18306);
#18559 = CURVE_STYLE('',#18560,POSITIVE_LENGTH_MEASURE(0.1),#18306);
#18560 = DRAUGHTING_PRE_DEFINED_CURVE_FONT('continuous');
#18561 = STYLED_ITEM('color',(#18562),#6168);
#18562 = PRESENTATION_STYLE_ASSIGNMENT((#18563,#18568));
#18563 = SURFACE_STYLE_USAGE(.BOTH.,#18564);
#18564 = SURFACE_SIDE_STYLE('',(#18565));
#18565 = SURFACE_STYLE_FILL_AREA(#18566);
#18566 = FILL_AREA_STYLE('',(#18567));
#18567 = FILL_AREA_STYLE_COLOUR('',#18179);
#18568 = CURVE_STYLE('',#18569,POSITIVE_LENGTH_MEASURE(0.1),#18179);
#18569 = DRAUGHTING_PRE_DEFINED_CURVE_FONT('continuous');
#18570 = STYLED_ITEM('color',(#18571),#6185);
#18571 = PRESENTATION_STYLE_ASSIGNMENT((#18572,#18577));
#18572 = SURFACE_STYLE_USAGE(.BOTH.,#18573);
#18573 = SURFACE_SIDE_STYLE('',(#18574));
#18574 = SURFACE_STYLE_FILL_AREA(#18575);
#18575 = FILL_AREA_STYLE('',(#18576));
#18576 = FILL_AREA_STYLE_COLOUR('',#18306);
#18577 = CURVE_STYLE('',#18578,POSITIVE_LENGTH_MEASURE(0.1),#18306);
#18578 = DRAUGHTING_PRE_DEFINED_CURVE_FONT('continuous');
#18579 = STYLED_ITEM('color',(#18580),#6270);
#18580 = PRESENTATION_STYLE_ASSIGNMENT((#18581,#18586));
#18581 = SURFACE_STYLE_USAGE(.BOTH.,#18582);
#18582 = SURFACE_SIDE_STYLE('',(#18583));
#18583 = SURFACE_STYLE_FILL_AREA(#18584);
#18584 = FILL_AREA_STYLE('',(#18585));
#18585 = FILL_AREA_STYLE_COLOUR('',#18306);
#18586 = CURVE_STYLE('',#18587,POSITIVE_LENGTH_MEASURE(0.1),#18306);
#18587 = DRAUGHTING_PRE_DEFINED_CURVE_FONT('continuous');
#18588 = STYLED_ITEM('color',(#18589),#6295);
#18589 = PRESENTATION_STYLE_ASSIGNMENT((#18590,#18595));
#18590 = SURFACE_STYLE_USAGE(.BOTH.,#18591);
#18591 = SURFACE_SIDE_STYLE('',(#18592));
#18592 = SURFACE_STYLE_FILL_AREA(#18593);
#18593 = FILL_AREA_STYLE('',(#18594));
#18594 = FILL_AREA_STYLE_COLOUR('',#18306);
#18595 = CURVE_STYLE('',#18596,POSITIVE_LENGTH_MEASURE(0.1),#18306);
#18596 = DRAUGHTING_PRE_DEFINED_CURVE_FONT('continuous');
#18597 = STYLED_ITEM('color',(#18598),#6372);
#18598 = PRESENTATION_STYLE_ASSIGNMENT((#18599,#18604));
#18599 = SURFACE_STYLE_USAGE(.BOTH.,#18600);
#18600 = SURFACE_SIDE_STYLE('',(#18601));
#18601 = SURFACE_STYLE_FILL_AREA(#18602);
#18602 = FILL_AREA_STYLE('',(#18603));
#18603 = FILL_AREA_STYLE_COLOUR('',#18306);
#18604 = CURVE_STYLE('',#18605,POSITIVE_LENGTH_MEASURE(0.1),#18306);
#18605 = DRAUGHTING_PRE_DEFINED_CURVE_FONT('continuous');
#18606 = STYLED_ITEM('color',(#18607),#6457);
#18607 = PRESENTATION_STYLE_ASSIGNMENT((#18608,#18613));
#18608 = SURFACE_STYLE_USAGE(.BOTH.,#18609);
#18609 = SURFACE_SIDE_STYLE('',(#18610));
#18610 = SURFACE_STYLE_FILL_AREA(#18611);
#18611 = FILL_AREA_STYLE('',(#18612));
#18612 = FILL_AREA_STYLE_COLOUR('',#18306);
#18613 = CURVE_STYLE('',#18614,POSITIVE_LENGTH_MEASURE(0.1),#18306);
#18614 = DRAUGHTING_PRE_DEFINED_CURVE_FONT('continuous');
#18615 = STYLED_ITEM('color',(#18616),#6482);
#18616 = PRESENTATION_STYLE_ASSIGNMENT((#18617,#18622));
#18617 = SURFACE_STYLE_USAGE(.BOTH.,#18618);
#18618 = SURFACE_SIDE_STYLE('',(#18619));
#18619 = SURFACE_STYLE_FILL_AREA(#18620);
#18620 = FILL_AREA_STYLE('',(#18621));
#18621 = FILL_AREA_STYLE_COLOUR('',#18306);
#18622 = CURVE_STYLE('',#18623,POSITIVE_LENGTH_MEASURE(0.1),#18306);
#18623 = DRAUGHTING_PRE_DEFINED_CURVE_FONT('continuous');
#18624 = STYLED_ITEM('color',(#18625),#6559);
#18625 = PRESENTATION_STYLE_ASSIGNMENT((#18626,#18631));
#18626 = SURFACE_STYLE_USAGE(.BOTH.,#18627);
#18627 = SURFACE_SIDE_STYLE('',(#18628));
#18628 = SURFACE_STYLE_FILL_AREA(#18629);
#18629 = FILL_AREA_STYLE('',(#18630));
#18630 = FILL_AREA_STYLE_COLOUR('',#18179);
#18631 = CURVE_STYLE('',#18632,POSITIVE_LENGTH_MEASURE(0.1),#18179);
#18632 = DRAUGHTING_PRE_DEFINED_CURVE_FONT('continuous');
#18633 = STYLED_ITEM('color',(#18634),#6576);
#18634 = PRESENTATION_STYLE_ASSIGNMENT((#18635,#18640));
#18635 = SURFACE_STYLE_USAGE(.BOTH.,#18636);
#18636 = SURFACE_SIDE_STYLE('',(#18637));
#18637 = SURFACE_STYLE_FILL_AREA(#18638);
#18638 = FILL_AREA_STYLE('',(#18639));
#18639 = FILL_AREA_STYLE_COLOUR('',#18306);
#18640 = CURVE_STYLE('',#18641,POSITIVE_LENGTH_MEASURE(0.1),#18306);
#18641 = DRAUGHTING_PRE_DEFINED_CURVE_FONT('continuous');
#18642 = STYLED_ITEM('color',(#18643),#6668);
#18643 = PRESENTATION_STYLE_ASSIGNMENT((#18644,#18649));
#18644 = SURFACE_STYLE_USAGE(.BOTH.,#18645);
#18645 = SURFACE_SIDE_STYLE('',(#18646));
#18646 = SURFACE_STYLE_FILL_AREA(#18647);
#18647 = FILL_AREA_STYLE('',(#18648));
#18648 = FILL_AREA_STYLE_COLOUR('',#18306);
#18649 = CURVE_STYLE('',#18650,POSITIVE_LENGTH_MEASURE(0.1),#18306);
#18650 = DRAUGHTING_PRE_DEFINED_CURVE_FONT('continuous');
#18651 = STYLED_ITEM('color',(#18652),#6693);
#18652 = PRESENTATION_STYLE_ASSIGNMENT((#18653,#18658));
#18653 = SURFACE_STYLE_USAGE(.BOTH.,#18654);
#18654 = SURFACE_SIDE_STYLE('',(#18655));
#18655 = SURFACE_STYLE_FILL_AREA(#18656);
#18656 = FILL_AREA_STYLE('',(#18657));
#18657 = FILL_AREA_STYLE_COLOUR('',#18306);
#18658 = CURVE_STYLE('',#18659,POSITIVE_LENGTH_MEASURE(0.1),#18306);
#18659 = DRAUGHTING_PRE_DEFINED_CURVE_FONT('continuous');
#18660 = STYLED_ITEM('color',(#18661),#6777);
#18661 = PRESENTATION_STYLE_ASSIGNMENT((#18662,#18667));
#18662 = SURFACE_STYLE_USAGE(.BOTH.,#18663);
#18663 = SURFACE_SIDE_STYLE('',(#18664));
#18664 = SURFACE_STYLE_FILL_AREA(#18665);
#18665 = FILL_AREA_STYLE('',(#18666));
#18666 = FILL_AREA_STYLE_COLOUR('',#18306);
#18667 = CURVE_STYLE('',#18668,POSITIVE_LENGTH_MEASURE(0.1),#18306);
#18668 = DRAUGHTING_PRE_DEFINED_CURVE_FONT('continuous');
#18669 = STYLED_ITEM('color',(#18670),#6794);
#18670 = PRESENTATION_STYLE_ASSIGNMENT((#18671,#18676));
#18671 = SURFACE_STYLE_USAGE(.BOTH.,#18672);
#18672 = SURFACE_SIDE_STYLE('',(#18673));
#18673 = SURFACE_STYLE_FILL_AREA(#18674);
#18674 = FILL_AREA_STYLE('',(#18675));
#18675 = FILL_AREA_STYLE_COLOUR('',#18306);
#18676 = CURVE_STYLE('',#18677,POSITIVE_LENGTH_MEASURE(0.1),#18306);
#18677 = DRAUGHTING_PRE_DEFINED_CURVE_FONT('continuous');
#18678 = STYLED_ITEM('color',(#18679),#6813);
#18679 = PRESENTATION_STYLE_ASSIGNMENT((#18680,#18685));
#18680 = SURFACE_STYLE_USAGE(.BOTH.,#18681);
#18681 = SURFACE_SIDE_STYLE('',(#18682));
#18682 = SURFACE_STYLE_FILL_AREA(#18683);
#18683 = FILL_AREA_STYLE('',(#18684));
#18684 = FILL_AREA_STYLE_COLOUR('',#18306);
#18685 = CURVE_STYLE('',#18686,POSITIVE_LENGTH_MEASURE(0.1),#18306);
#18686 = DRAUGHTING_PRE_DEFINED_CURVE_FONT('continuous');
#18687 = STYLED_ITEM('color',(#18688),#6832);
#18688 = PRESENTATION_STYLE_ASSIGNMENT((#18689,#18694));
#18689 = SURFACE_STYLE_USAGE(.BOTH.,#18690);
#18690 = SURFACE_SIDE_STYLE('',(#18691));
#18691 = SURFACE_STYLE_FILL_AREA(#18692);
#18692 = FILL_AREA_STYLE('',(#18693));
#18693 = FILL_AREA_STYLE_COLOUR('',#18179);
#18694 = CURVE_STYLE('',#18695,POSITIVE_LENGTH_MEASURE(0.1),#18179);
#18695 = DRAUGHTING_PRE_DEFINED_CURVE_FONT('continuous');
#18696 = STYLED_ITEM('color',(#18697),#6878);
#18697 = PRESENTATION_STYLE_ASSIGNMENT((#18698,#18703));
#18698 = SURFACE_STYLE_USAGE(.BOTH.,#18699);
#18699 = SURFACE_SIDE_STYLE('',(#18700));
#18700 = SURFACE_STYLE_FILL_AREA(#18701);
#18701 = FILL_AREA_STYLE('',(#18702));
#18702 = FILL_AREA_STYLE_COLOUR('',#18179);
#18703 = CURVE_STYLE('',#18704,POSITIVE_LENGTH_MEASURE(0.1),#18179);
#18704 = DRAUGHTING_PRE_DEFINED_CURVE_FONT('continuous');
#18705 = STYLED_ITEM('color',(#18706),#6894);
#18706 = PRESENTATION_STYLE_ASSIGNMENT((#18707,#18712));
#18707 = SURFACE_STYLE_USAGE(.BOTH.,#18708);
#18708 = SURFACE_SIDE_STYLE('',(#18709));
#18709 = SURFACE_STYLE_FILL_AREA(#18710);
#18710 = FILL_AREA_STYLE('',(#18711));
#18711 = FILL_AREA_STYLE_COLOUR('',#18306);
#18712 = CURVE_STYLE('',#18713,POSITIVE_LENGTH_MEASURE(0.1),#18306);
#18713 = DRAUGHTING_PRE_DEFINED_CURVE_FONT('continuous');
#18714 = STYLED_ITEM('color',(#18715),#6913);
#18715 = PRESENTATION_STYLE_ASSIGNMENT((#18716,#18721));
#18716 = SURFACE_STYLE_USAGE(.BOTH.,#18717);
#18717 = SURFACE_SIDE_STYLE('',(#18718));
#18718 = SURFACE_STYLE_FILL_AREA(#18719);
#18719 = FILL_AREA_STYLE('',(#18720));
#18720 = FILL_AREA_STYLE_COLOUR('',#18179);
#18721 = CURVE_STYLE('',#18722,POSITIVE_LENGTH_MEASURE(0.1),#18179);
#18722 = DRAUGHTING_PRE_DEFINED_CURVE_FONT('continuous');
#18723 = STYLED_ITEM('color',(#18724),#6929);
#18724 = PRESENTATION_STYLE_ASSIGNMENT((#18725,#18730));
#18725 = SURFACE_STYLE_USAGE(.BOTH.,#18726);
#18726 = SURFACE_SIDE_STYLE('',(#18727));
#18727 = SURFACE_STYLE_FILL_AREA(#18728);
#18728 = FILL_AREA_STYLE('',(#18729));
#18729 = FILL_AREA_STYLE_COLOUR('',#18306);
#18730 = CURVE_STYLE('',#18731,POSITIVE_LENGTH_MEASURE(0.1),#18306);
#18731 = DRAUGHTING_PRE_DEFINED_CURVE_FONT('continuous');
#18732 = STYLED_ITEM('color',(#18733),#6946);
#18733 = PRESENTATION_STYLE_ASSIGNMENT((#18734,#18739));
#18734 = SURFACE_STYLE_USAGE(.BOTH.,#18735);
#18735 = SURFACE_SIDE_STYLE('',(#18736));
#18736 = SURFACE_STYLE_FILL_AREA(#18737);
#18737 = FILL_AREA_STYLE('',(#18738));
#18738 = FILL_AREA_STYLE_COLOUR('',#18179);
#18739 = CURVE_STYLE('',#18740,POSITIVE_LENGTH_MEASURE(0.1),#18179);
#18740 = DRAUGHTING_PRE_DEFINED_CURVE_FONT('continuous');
#18741 = STYLED_ITEM('color',(#18742),#6958);
#18742 = PRESENTATION_STYLE_ASSIGNMENT((#18743,#18748));
#18743 = SURFACE_STYLE_USAGE(.BOTH.,#18744);
#18744 = SURFACE_SIDE_STYLE('',(#18745));
#18745 = SURFACE_STYLE_FILL_AREA(#18746);
#18746 = FILL_AREA_STYLE('',(#18747));
#18747 = FILL_AREA_STYLE_COLOUR('',#18306);
#18748 = CURVE_STYLE('',#18749,POSITIVE_LENGTH_MEASURE(0.1),#18306);
#18749 = DRAUGHTING_PRE_DEFINED_CURVE_FONT('continuous');
#18750 = STYLED_ITEM('color',(#18751),#6975);
#18751 = PRESENTATION_STYLE_ASSIGNMENT((#18752,#18757));
#18752 = SURFACE_STYLE_USAGE(.BOTH.,#18753);
#18753 = SURFACE_SIDE_STYLE('',(#18754));
#18754 = SURFACE_STYLE_FILL_AREA(#18755);
#18755 = FILL_AREA_STYLE('',(#18756));
#18756 = FILL_AREA_STYLE_COLOUR('',#18306);
#18757 = CURVE_STYLE('',#18758,POSITIVE_LENGTH_MEASURE(0.1),#18306);
#18758 = DRAUGHTING_PRE_DEFINED_CURVE_FONT('continuous');
#18759 = STYLED_ITEM('color',(#18760),#6992);
#18760 = PRESENTATION_STYLE_ASSIGNMENT((#18761,#18766));
#18761 = SURFACE_STYLE_USAGE(.BOTH.,#18762);
#18762 = SURFACE_SIDE_STYLE('',(#18763));
#18763 = SURFACE_STYLE_FILL_AREA(#18764);
#18764 = FILL_AREA_STYLE('',(#18765));
#18765 = FILL_AREA_STYLE_COLOUR('',#18306);
#18766 = CURVE_STYLE('',#18767,POSITIVE_LENGTH_MEASURE(0.1),#18306);
#18767 = DRAUGHTING_PRE_DEFINED_CURVE_FONT('continuous');
#18768 = STYLED_ITEM('color',(#18769),#7009);
#18769 = PRESENTATION_STYLE_ASSIGNMENT((#18770,#18775));
#18770 = SURFACE_STYLE_USAGE(.BOTH.,#18771);
#18771 = SURFACE_SIDE_STYLE('',(#18772));
#18772 = SURFACE_STYLE_FILL_AREA(#18773);
#18773 = FILL_AREA_STYLE('',(#18774));
#18774 = FILL_AREA_STYLE_COLOUR('',#18306);
#18775 = CURVE_STYLE('',#18776,POSITIVE_LENGTH_MEASURE(0.1),#18306);
#18776 = DRAUGHTING_PRE_DEFINED_CURVE_FONT('continuous');
#18777 = STYLED_ITEM('color',(#18778),#7026);
#18778 = PRESENTATION_STYLE_ASSIGNMENT((#18779,#18784));
#18779 = SURFACE_STYLE_USAGE(.BOTH.,#18780);
#18780 = SURFACE_SIDE_STYLE('',(#18781));
#18781 = SURFACE_STYLE_FILL_AREA(#18782);
#18782 = FILL_AREA_STYLE('',(#18783));
#18783 = FILL_AREA_STYLE_COLOUR('',#18306);
#18784 = CURVE_STYLE('',#18785,POSITIVE_LENGTH_MEASURE(0.1),#18306);
#18785 = DRAUGHTING_PRE_DEFINED_CURVE_FONT('continuous');
#18786 = STYLED_ITEM('color',(#18787),#7043);
#18787 = PRESENTATION_STYLE_ASSIGNMENT((#18788,#18793));
#18788 = SURFACE_STYLE_USAGE(.BOTH.,#18789);
#18789 = SURFACE_SIDE_STYLE('',(#18790));
#18790 = SURFACE_STYLE_FILL_AREA(#18791);
#18791 = FILL_AREA_STYLE('',(#18792));
#18792 = FILL_AREA_STYLE_COLOUR('',#18306);
#18793 = CURVE_STYLE('',#18794,POSITIVE_LENGTH_MEASURE(0.1),#18306);
#18794 = DRAUGHTING_PRE_DEFINED_CURVE_FONT('continuous');
#18795 = STYLED_ITEM('color',(#18796),#7060);
#18796 = PRESENTATION_STYLE_ASSIGNMENT((#18797,#18802));
#18797 = SURFACE_STYLE_USAGE(.BOTH.,#18798);
#18798 = SURFACE_SIDE_STYLE('',(#18799));
#18799 = SURFACE_STYLE_FILL_AREA(#18800);
#18800 = FILL_AREA_STYLE('',(#18801));
#18801 = FILL_AREA_STYLE_COLOUR('',#18306);
#18802 = CURVE_STYLE('',#18803,POSITIVE_LENGTH_MEASURE(0.1),#18306);
#18803 = DRAUGHTING_PRE_DEFINED_CURVE_FONT('continuous');
#18804 = STYLED_ITEM('color',(#18805),#7077);
#18805 = PRESENTATION_STYLE_ASSIGNMENT((#18806,#18811));
#18806 = SURFACE_STYLE_USAGE(.BOTH.,#18807);
#18807 = SURFACE_SIDE_STYLE('',(#18808));
#18808 = SURFACE_STYLE_FILL_AREA(#18809);
#18809 = FILL_AREA_STYLE('',(#18810));
#18810 = FILL_AREA_STYLE_COLOUR('',#18306);
#18811 = CURVE_STYLE('',#18812,POSITIVE_LENGTH_MEASURE(0.1),#18306);
#18812 = DRAUGHTING_PRE_DEFINED_CURVE_FONT('continuous');
#18813 = STYLED_ITEM('color',(#18814),#7089);
#18814 = PRESENTATION_STYLE_ASSIGNMENT((#18815,#18820));
#18815 = SURFACE_STYLE_USAGE(.BOTH.,#18816);
#18816 = SURFACE_SIDE_STYLE('',(#18817));
#18817 = SURFACE_STYLE_FILL_AREA(#18818);
#18818 = FILL_AREA_STYLE('',(#18819));
#18819 = FILL_AREA_STYLE_COLOUR('',#18306);
#18820 = CURVE_STYLE('',#18821,POSITIVE_LENGTH_MEASURE(0.1),#18306);
#18821 = DRAUGHTING_PRE_DEFINED_CURVE_FONT('continuous');
#18822 = STYLED_ITEM('color',(#18823),#7106);
#18823 = PRESENTATION_STYLE_ASSIGNMENT((#18824,#18829));
#18824 = SURFACE_STYLE_USAGE(.BOTH.,#18825);
#18825 = SURFACE_SIDE_STYLE('',(#18826));
#18826 = SURFACE_STYLE_FILL_AREA(#18827);
#18827 = FILL_AREA_STYLE('',(#18828));
#18828 = FILL_AREA_STYLE_COLOUR('',#18306);
#18829 = CURVE_STYLE('',#18830,POSITIVE_LENGTH_MEASURE(0.1),#18306);
#18830 = DRAUGHTING_PRE_DEFINED_CURVE_FONT('continuous');
#18831 = STYLED_ITEM('color',(#18832),#7123);
#18832 = PRESENTATION_STYLE_ASSIGNMENT((#18833,#18838));
#18833 = SURFACE_STYLE_USAGE(.BOTH.,#18834);
#18834 = SURFACE_SIDE_STYLE('',(#18835));
#18835 = SURFACE_STYLE_FILL_AREA(#18836);
#18836 = FILL_AREA_STYLE('',(#18837));
#18837 = FILL_AREA_STYLE_COLOUR('',#18306);
#18838 = CURVE_STYLE('',#18839,POSITIVE_LENGTH_MEASURE(0.1),#18306);
#18839 = DRAUGHTING_PRE_DEFINED_CURVE_FONT('continuous');
#18840 = STYLED_ITEM('color',(#18841),#7140);
#18841 = PRESENTATION_STYLE_ASSIGNMENT((#18842,#18847));
#18842 = SURFACE_STYLE_USAGE(.BOTH.,#18843);
#18843 = SURFACE_SIDE_STYLE('',(#18844));
#18844 = SURFACE_STYLE_FILL_AREA(#18845);
#18845 = FILL_AREA_STYLE('',(#18846));
#18846 = FILL_AREA_STYLE_COLOUR('',#18306);
#18847 = CURVE_STYLE('',#18848,POSITIVE_LENGTH_MEASURE(0.1),#18306);
#18848 = DRAUGHTING_PRE_DEFINED_CURVE_FONT('continuous');
#18849 = STYLED_ITEM('color',(#18850),#7157);
#18850 = PRESENTATION_STYLE_ASSIGNMENT((#18851,#18856));
#18851 = SURFACE_STYLE_USAGE(.BOTH.,#18852);
#18852 = SURFACE_SIDE_STYLE('',(#18853));
#18853 = SURFACE_STYLE_FILL_AREA(#18854);
#18854 = FILL_AREA_STYLE('',(#18855));
#18855 = FILL_AREA_STYLE_COLOUR('',#18306);
#18856 = CURVE_STYLE('',#18857,POSITIVE_LENGTH_MEASURE(0.1),#18306);
#18857 = DRAUGHTING_PRE_DEFINED_CURVE_FONT('continuous');
#18858 = STYLED_ITEM('color',(#18859),#7174);
#18859 = PRESENTATION_STYLE_ASSIGNMENT((#18860,#18865));
#18860 = SURFACE_STYLE_USAGE(.BOTH.,#18861);
#18861 = SURFACE_SIDE_STYLE('',(#18862));
#18862 = SURFACE_STYLE_FILL_AREA(#18863);
#18863 = FILL_AREA_STYLE('',(#18864));
#18864 = FILL_AREA_STYLE_COLOUR('',#18306);
#18865 = CURVE_STYLE('',#18866,POSITIVE_LENGTH_MEASURE(0.1),#18306);
#18866 = DRAUGHTING_PRE_DEFINED_CURVE_FONT('continuous');
#18867 = STYLED_ITEM('color',(#18868),#7191);
#18868 = PRESENTATION_STYLE_ASSIGNMENT((#18869,#18874));
#18869 = SURFACE_STYLE_USAGE(.BOTH.,#18870);
#18870 = SURFACE_SIDE_STYLE('',(#18871));
#18871 = SURFACE_STYLE_FILL_AREA(#18872);
#18872 = FILL_AREA_STYLE('',(#18873));
#18873 = FILL_AREA_STYLE_COLOUR('',#18306);
#18874 = CURVE_STYLE('',#18875,POSITIVE_LENGTH_MEASURE(0.1),#18306);
#18875 = DRAUGHTING_PRE_DEFINED_CURVE_FONT('continuous');
#18876 = STYLED_ITEM('color',(#18877),#7208);
#18877 = PRESENTATION_STYLE_ASSIGNMENT((#18878,#18883));
#18878 = SURFACE_STYLE_USAGE(.BOTH.,#18879);
#18879 = SURFACE_SIDE_STYLE('',(#18880));
#18880 = SURFACE_STYLE_FILL_AREA(#18881);
#18881 = FILL_AREA_STYLE('',(#18882));
#18882 = FILL_AREA_STYLE_COLOUR('',#18306);
#18883 = CURVE_STYLE('',#18884,POSITIVE_LENGTH_MEASURE(0.1),#18306);
#18884 = DRAUGHTING_PRE_DEFINED_CURVE_FONT('continuous');
#18885 = STYLED_ITEM('color',(#18886),#7220);
#18886 = PRESENTATION_STYLE_ASSIGNMENT((#18887,#18892));
#18887 = SURFACE_STYLE_USAGE(.BOTH.,#18888);
#18888 = SURFACE_SIDE_STYLE('',(#18889));
#18889 = SURFACE_STYLE_FILL_AREA(#18890);
#18890 = FILL_AREA_STYLE('',(#18891));
#18891 = FILL_AREA_STYLE_COLOUR('',#18306);
#18892 = CURVE_STYLE('',#18893,POSITIVE_LENGTH_MEASURE(0.1),#18306);
#18893 = DRAUGHTING_PRE_DEFINED_CURVE_FONT('continuous');
#18894 = STYLED_ITEM('color',(#18895),#7237);
#18895 = PRESENTATION_STYLE_ASSIGNMENT((#18896,#18901));
#18896 = SURFACE_STYLE_USAGE(.BOTH.,#18897);
#18897 = SURFACE_SIDE_STYLE('',(#18898));
#18898 = SURFACE_STYLE_FILL_AREA(#18899);
#18899 = FILL_AREA_STYLE('',(#18900));
#18900 = FILL_AREA_STYLE_COLOUR('',#18306);
#18901 = CURVE_STYLE('',#18902,POSITIVE_LENGTH_MEASURE(0.1),#18306);
#18902 = DRAUGHTING_PRE_DEFINED_CURVE_FONT('continuous');
#18903 = STYLED_ITEM('color',(#18904),#7254);
#18904 = PRESENTATION_STYLE_ASSIGNMENT((#18905,#18910));
#18905 = SURFACE_STYLE_USAGE(.BOTH.,#18906);
#18906 = SURFACE_SIDE_STYLE('',(#18907));
#18907 = SURFACE_STYLE_FILL_AREA(#18908);
#18908 = FILL_AREA_STYLE('',(#18909));
#18909 = FILL_AREA_STYLE_COLOUR('',#18306);
#18910 = CURVE_STYLE('',#18911,POSITIVE_LENGTH_MEASURE(0.1),#18306);
#18911 = DRAUGHTING_PRE_DEFINED_CURVE_FONT('continuous');
#18912 = STYLED_ITEM('color',(#18913),#7271);
#18913 = PRESENTATION_STYLE_ASSIGNMENT((#18914,#18919));
#18914 = SURFACE_STYLE_USAGE(.BOTH.,#18915);
#18915 = SURFACE_SIDE_STYLE('',(#18916));
#18916 = SURFACE_STYLE_FILL_AREA(#18917);
#18917 = FILL_AREA_STYLE('',(#18918));
#18918 = FILL_AREA_STYLE_COLOUR('',#18306);
#18919 = CURVE_STYLE('',#18920,POSITIVE_LENGTH_MEASURE(0.1),#18306);
#18920 = DRAUGHTING_PRE_DEFINED_CURVE_FONT('continuous');
#18921 = STYLED_ITEM('color',(#18922),#7288);
#18922 = PRESENTATION_STYLE_ASSIGNMENT((#18923,#18928));
#18923 = SURFACE_STYLE_USAGE(.BOTH.,#18924);
#18924 = SURFACE_SIDE_STYLE('',(#18925));
#18925 = SURFACE_STYLE_FILL_AREA(#18926);
#18926 = FILL_AREA_STYLE('',(#18927));
#18927 = FILL_AREA_STYLE_COLOUR('',#18306);
#18928 = CURVE_STYLE('',#18929,POSITIVE_LENGTH_MEASURE(0.1),#18306);
#18929 = DRAUGHTING_PRE_DEFINED_CURVE_FONT('continuous');
#18930 = STYLED_ITEM('color',(#18931),#7305);
#18931 = PRESENTATION_STYLE_ASSIGNMENT((#18932,#18937));
#18932 = SURFACE_STYLE_USAGE(.BOTH.,#18933);
#18933 = SURFACE_SIDE_STYLE('',(#18934));
#18934 = SURFACE_STYLE_FILL_AREA(#18935);
#18935 = FILL_AREA_STYLE('',(#18936));
#18936 = FILL_AREA_STYLE_COLOUR('',#18306);
#18937 = CURVE_STYLE('',#18938,POSITIVE_LENGTH_MEASURE(0.1),#18306);
#18938 = DRAUGHTING_PRE_DEFINED_CURVE_FONT('continuous');
#18939 = STYLED_ITEM('color',(#18940),#7322);
#18940 = PRESENTATION_STYLE_ASSIGNMENT((#18941,#18946));
#18941 = SURFACE_STYLE_USAGE(.BOTH.,#18942);
#18942 = SURFACE_SIDE_STYLE('',(#18943));
#18943 = SURFACE_STYLE_FILL_AREA(#18944);
#18944 = FILL_AREA_STYLE('',(#18945));
#18945 = FILL_AREA_STYLE_COLOUR('',#18306);
#18946 = CURVE_STYLE('',#18947,POSITIVE_LENGTH_MEASURE(0.1),#18306);
#18947 = DRAUGHTING_PRE_DEFINED_CURVE_FONT('continuous');
#18948 = STYLED_ITEM('color',(#18949),#7334);
#18949 = PRESENTATION_STYLE_ASSIGNMENT((#18950,#18955));
#18950 = SURFACE_STYLE_USAGE(.BOTH.,#18951);
#18951 = SURFACE_SIDE_STYLE('',(#18952));
#18952 = SURFACE_STYLE_FILL_AREA(#18953);
#18953 = FILL_AREA_STYLE('',(#18954));
#18954 = FILL_AREA_STYLE_COLOUR('',#18306);
#18955 = CURVE_STYLE('',#18956,POSITIVE_LENGTH_MEASURE(0.1),#18306);
#18956 = DRAUGHTING_PRE_DEFINED_CURVE_FONT('continuous');
#18957 = STYLED_ITEM('color',(#18958),#7351);
#18958 = PRESENTATION_STYLE_ASSIGNMENT((#18959,#18964));
#18959 = SURFACE_STYLE_USAGE(.BOTH.,#18960);
#18960 = SURFACE_SIDE_STYLE('',(#18961));
#18961 = SURFACE_STYLE_FILL_AREA(#18962);
#18962 = FILL_AREA_STYLE('',(#18963));
#18963 = FILL_AREA_STYLE_COLOUR('',#18306);
#18964 = CURVE_STYLE('',#18965,POSITIVE_LENGTH_MEASURE(0.1),#18306);
#18965 = DRAUGHTING_PRE_DEFINED_CURVE_FONT('continuous');
#18966 = STYLED_ITEM('color',(#18967),#7368);
#18967 = PRESENTATION_STYLE_ASSIGNMENT((#18968,#18973));
#18968 = SURFACE_STYLE_USAGE(.BOTH.,#18969);
#18969 = SURFACE_SIDE_STYLE('',(#18970));
#18970 = SURFACE_STYLE_FILL_AREA(#18971);
#18971 = FILL_AREA_STYLE('',(#18972));
#18972 = FILL_AREA_STYLE_COLOUR('',#18306);
#18973 = CURVE_STYLE('',#18974,POSITIVE_LENGTH_MEASURE(0.1),#18306);
#18974 = DRAUGHTING_PRE_DEFINED_CURVE_FONT('continuous');
#18975 = STYLED_ITEM('color',(#18976),#7385);
#18976 = PRESENTATION_STYLE_ASSIGNMENT((#18977,#18982));
#18977 = SURFACE_STYLE_USAGE(.BOTH.,#18978);
#18978 = SURFACE_SIDE_STYLE('',(#18979));
#18979 = SURFACE_STYLE_FILL_AREA(#18980);
#18980 = FILL_AREA_STYLE('',(#18981));
#18981 = FILL_AREA_STYLE_COLOUR('',#18306);
#18982 = CURVE_STYLE('',#18983,POSITIVE_LENGTH_MEASURE(0.1),#18306);
#18983 = DRAUGHTING_PRE_DEFINED_CURVE_FONT('continuous');
#18984 = STYLED_ITEM('color',(#18985),#7402);
#18985 = PRESENTATION_STYLE_ASSIGNMENT((#18986,#18991));
#18986 = SURFACE_STYLE_USAGE(.BOTH.,#18987);
#18987 = SURFACE_SIDE_STYLE('',(#18988));
#18988 = SURFACE_STYLE_FILL_AREA(#18989);
#18989 = FILL_AREA_STYLE('',(#18990));
#18990 = FILL_AREA_STYLE_COLOUR('',#18306);
#18991 = CURVE_STYLE('',#18992,POSITIVE_LENGTH_MEASURE(0.1),#18306);
#18992 = DRAUGHTING_PRE_DEFINED_CURVE_FONT('continuous');
#18993 = STYLED_ITEM('color',(#18994),#7419);
#18994 = PRESENTATION_STYLE_ASSIGNMENT((#18995,#19000));
#18995 = SURFACE_STYLE_USAGE(.BOTH.,#18996);
#18996 = SURFACE_SIDE_STYLE('',(#18997));
#18997 = SURFACE_STYLE_FILL_AREA(#18998);
#18998 = FILL_AREA_STYLE('',(#18999));
#18999 = FILL_AREA_STYLE_COLOUR('',#18306);
#19000 = CURVE_STYLE('',#19001,POSITIVE_LENGTH_MEASURE(0.1),#18306);
#19001 = DRAUGHTING_PRE_DEFINED_CURVE_FONT('continuous');
#19002 = STYLED_ITEM('color',(#19003),#7436);
#19003 = PRESENTATION_STYLE_ASSIGNMENT((#19004,#19009));
#19004 = SURFACE_STYLE_USAGE(.BOTH.,#19005);
#19005 = SURFACE_SIDE_STYLE('',(#19006));
#19006 = SURFACE_STYLE_FILL_AREA(#19007);
#19007 = FILL_AREA_STYLE('',(#19008));
#19008 = FILL_AREA_STYLE_COLOUR('',#18306);
#19009 = CURVE_STYLE('',#19010,POSITIVE_LENGTH_MEASURE(0.1),#18306);
#19010 = DRAUGHTING_PRE_DEFINED_CURVE_FONT('continuous');
#19011 = STYLED_ITEM('color',(#19012),#7448);
#19012 = PRESENTATION_STYLE_ASSIGNMENT((#19013,#19018));
#19013 = SURFACE_STYLE_USAGE(.BOTH.,#19014);
#19014 = SURFACE_SIDE_STYLE('',(#19015));
#19015 = SURFACE_STYLE_FILL_AREA(#19016);
#19016 = FILL_AREA_STYLE('',(#19017));
#19017 = FILL_AREA_STYLE_COLOUR('',#18306);
#19018 = CURVE_STYLE('',#19019,POSITIVE_LENGTH_MEASURE(0.1),#18306);
#19019 = DRAUGHTING_PRE_DEFINED_CURVE_FONT('continuous');
#19020 = STYLED_ITEM('color',(#19021),#7465);
#19021 = PRESENTATION_STYLE_ASSIGNMENT((#19022,#19027));
#19022 = SURFACE_STYLE_USAGE(.BOTH.,#19023);
#19023 = SURFACE_SIDE_STYLE('',(#19024));
#19024 = SURFACE_STYLE_FILL_AREA(#19025);
#19025 = FILL_AREA_STYLE('',(#19026));
#19026 = FILL_AREA_STYLE_COLOUR('',#18306);
#19027 = CURVE_STYLE('',#19028,POSITIVE_LENGTH_MEASURE(0.1),#18306);
#19028 = DRAUGHTING_PRE_DEFINED_CURVE_FONT('continuous');
#19029 = STYLED_ITEM('color',(#19030),#7482);
#19030 = PRESENTATION_STYLE_ASSIGNMENT((#19031,#19036));
#19031 = SURFACE_STYLE_USAGE(.BOTH.,#19032);
#19032 = SURFACE_SIDE_STYLE('',(#19033));
#19033 = SURFACE_STYLE_FILL_AREA(#19034);
#19034 = FILL_AREA_STYLE('',(#19035));
#19035 = FILL_AREA_STYLE_COLOUR('',#18306);
#19036 = CURVE_STYLE('',#19037,POSITIVE_LENGTH_MEASURE(0.1),#18306);
#19037 = DRAUGHTING_PRE_DEFINED_CURVE_FONT('continuous');
#19038 = STYLED_ITEM('color',(#19039),#7499);
#19039 = PRESENTATION_STYLE_ASSIGNMENT((#19040,#19045));
#19040 = SURFACE_STYLE_USAGE(.BOTH.,#19041);
#19041 = SURFACE_SIDE_STYLE('',(#19042));
#19042 = SURFACE_STYLE_FILL_AREA(#19043);
#19043 = FILL_AREA_STYLE('',(#19044));
#19044 = FILL_AREA_STYLE_COLOUR('',#18306);
#19045 = CURVE_STYLE('',#19046,POSITIVE_LENGTH_MEASURE(0.1),#18306);
#19046 = DRAUGHTING_PRE_DEFINED_CURVE_FONT('continuous');
#19047 = STYLED_ITEM('color',(#19048),#7516);
#19048 = PRESENTATION_STYLE_ASSIGNMENT((#19049,#19054));
#19049 = SURFACE_STYLE_USAGE(.BOTH.,#19050);
#19050 = SURFACE_SIDE_STYLE('',(#19051));
#19051 = SURFACE_STYLE_FILL_AREA(#19052);
#19052 = FILL_AREA_STYLE('',(#19053));
#19053 = FILL_AREA_STYLE_COLOUR('',#18306);
#19054 = CURVE_STYLE('',#19055,POSITIVE_LENGTH_MEASURE(0.1),#18306);
#19055 = DRAUGHTING_PRE_DEFINED_CURVE_FONT('continuous');
#19056 = STYLED_ITEM('color',(#19057),#7533);
#19057 = PRESENTATION_STYLE_ASSIGNMENT((#19058,#19063));
#19058 = SURFACE_STYLE_USAGE(.BOTH.,#19059);
#19059 = SURFACE_SIDE_STYLE('',(#19060));
#19060 = SURFACE_STYLE_FILL_AREA(#19061);
#19061 = FILL_AREA_STYLE('',(#19062));
#19062 = FILL_AREA_STYLE_COLOUR('',#18306);
#19063 = CURVE_STYLE('',#19064,POSITIVE_LENGTH_MEASURE(0.1),#18306);
#19064 = DRAUGHTING_PRE_DEFINED_CURVE_FONT('continuous');
#19065 = STYLED_ITEM('color',(#19066),#7550);
#19066 = PRESENTATION_STYLE_ASSIGNMENT((#19067,#19072));
#19067 = SURFACE_STYLE_USAGE(.BOTH.,#19068);
#19068 = SURFACE_SIDE_STYLE('',(#19069));
#19069 = SURFACE_STYLE_FILL_AREA(#19070);
#19070 = FILL_AREA_STYLE('',(#19071));
#19071 = FILL_AREA_STYLE_COLOUR('',#18306);
#19072 = CURVE_STYLE('',#19073,POSITIVE_LENGTH_MEASURE(0.1),#18306);
#19073 = DRAUGHTING_PRE_DEFINED_CURVE_FONT('continuous');
#19074 = STYLED_ITEM('color',(#19075),#7567);
#19075 = PRESENTATION_STYLE_ASSIGNMENT((#19076,#19081));
#19076 = SURFACE_STYLE_USAGE(.BOTH.,#19077);
#19077 = SURFACE_SIDE_STYLE('',(#19078));
#19078 = SURFACE_STYLE_FILL_AREA(#19079);
#19079 = FILL_AREA_STYLE('',(#19080));
#19080 = FILL_AREA_STYLE_COLOUR('',#18306);
#19081 = CURVE_STYLE('',#19082,POSITIVE_LENGTH_MEASURE(0.1),#18306);
#19082 = DRAUGHTING_PRE_DEFINED_CURVE_FONT('continuous');
#19083 = STYLED_ITEM('color',(#19084),#7579);
#19084 = PRESENTATION_STYLE_ASSIGNMENT((#19085,#19091));
#19085 = SURFACE_STYLE_USAGE(.BOTH.,#19086);
#19086 = SURFACE_SIDE_STYLE('',(#19087));
#19087 = SURFACE_STYLE_FILL_AREA(#19088);
#19088 = FILL_AREA_STYLE('',(#19089));
#19089 = FILL_AREA_STYLE_COLOUR('',#19090);
#19090 = COLOUR_RGB('',0.690999998585,0.664000007176,0.597999987832);
#19091 = CURVE_STYLE('',#19092,POSITIVE_LENGTH_MEASURE(0.1),#19090);
#19092 = DRAUGHTING_PRE_DEFINED_CURVE_FONT('continuous');
#19093 = MECHANICAL_DESIGN_GEOMETRIC_PRESENTATION_REPRESENTATION('',(
    #19094),#16785);
#19094 = STYLED_ITEM('color',(#19095),#16105);
#19095 = PRESENTATION_STYLE_ASSIGNMENT((#19096));
#19096 = SURFACE_STYLE_USAGE(.BOTH.,#19097);
#19097 = SURFACE_SIDE_STYLE('',(#19098));
#19098 = SURFACE_STYLE_FILL_AREA(#19099);
#19099 = FILL_AREA_STYLE('',(#19100));
#19100 = FILL_AREA_STYLE_COLOUR('',#19101);
#19101 = COLOUR_RGB('',0.313304153717,0.484529207832,0.410020903123);
#19102 = MECHANICAL_DESIGN_GEOMETRIC_PRESENTATION_REPRESENTATION('',(
    #19103,#19110,#19117,#19124,#19131,#19138,#19145,#19152,#19159,
    #19166,#19173,#19181,#19188,#19195,#19202,#19209,#19216,#19223,
    #19230,#19237,#19244,#19251,#19258,#19265,#19272,#19279,#19286,
    #19293),#943);
#19103 = STYLED_ITEM('color',(#19104),#91);
#19104 = PRESENTATION_STYLE_ASSIGNMENT((#19105));
#19105 = SURFACE_STYLE_USAGE(.BOTH.,#19106);
#19106 = SURFACE_SIDE_STYLE('',(#19107));
#19107 = SURFACE_STYLE_FILL_AREA(#19108);
#19108 = FILL_AREA_STYLE('',(#19109));
#19109 = FILL_AREA_STYLE_COLOUR('',#18306);
#19110 = STYLED_ITEM('color',(#19111),#167);
#19111 = PRESENTATION_STYLE_ASSIGNMENT((#19112));
#19112 = SURFACE_STYLE_USAGE(.BOTH.,#19113);
#19113 = SURFACE_SIDE_STYLE('',(#19114));
#19114 = SURFACE_STYLE_FILL_AREA(#19115);
#19115 = FILL_AREA_STYLE('',(#19116));
#19116 = FILL_AREA_STYLE_COLOUR('',#18306);
#19117 = STYLED_ITEM('color',(#19118),#198);
#19118 = PRESENTATION_STYLE_ASSIGNMENT((#19119));
#19119 = SURFACE_STYLE_USAGE(.BOTH.,#19120);
#19120 = SURFACE_SIDE_STYLE('',(#19121));
#19121 = SURFACE_STYLE_FILL_AREA(#19122);
#19122 = FILL_AREA_STYLE('',(#19123));
#19123 = FILL_AREA_STYLE_COLOUR('',#18306);
#19124 = STYLED_ITEM('color',(#19125),#223);
#19125 = PRESENTATION_STYLE_ASSIGNMENT((#19126));
#19126 = SURFACE_STYLE_USAGE(.BOTH.,#19127);
#19127 = SURFACE_SIDE_STYLE('',(#19128));
#19128 = SURFACE_STYLE_FILL_AREA(#19129);
#19129 = FILL_AREA_STYLE('',(#19130));
#19130 = FILL_AREA_STYLE_COLOUR('',#18306);
#19131 = STYLED_ITEM('color',(#19132),#248);
#19132 = PRESENTATION_STYLE_ASSIGNMENT((#19133));
#19133 = SURFACE_STYLE_USAGE(.BOTH.,#19134);
#19134 = SURFACE_SIDE_STYLE('',(#19135));
#19135 = SURFACE_STYLE_FILL_AREA(#19136);
#19136 = FILL_AREA_STYLE('',(#19137));
#19137 = FILL_AREA_STYLE_COLOUR('',#18306);
#19138 = STYLED_ITEM('color',(#19139),#272);
#19139 = PRESENTATION_STYLE_ASSIGNMENT((#19140));
#19140 = SURFACE_STYLE_USAGE(.BOTH.,#19141);
#19141 = SURFACE_SIDE_STYLE('',(#19142));
#19142 = SURFACE_STYLE_FILL_AREA(#19143);
#19143 = FILL_AREA_STYLE('',(#19144));
#19144 = FILL_AREA_STYLE_COLOUR('',#18306);
#19145 = STYLED_ITEM('color',(#19146),#296);
#19146 = PRESENTATION_STYLE_ASSIGNMENT((#19147));
#19147 = SURFACE_STYLE_USAGE(.BOTH.,#19148);
#19148 = SURFACE_SIDE_STYLE('',(#19149));
#19149 = SURFACE_STYLE_FILL_AREA(#19150);
#19150 = FILL_AREA_STYLE('',(#19151));
#19151 = FILL_AREA_STYLE_COLOUR('',#18306);
#19152 = STYLED_ITEM('color',(#19153),#321);
#19153 = PRESENTATION_STYLE_ASSIGNMENT((#19154));
#19154 = SURFACE_STYLE_USAGE(.BOTH.,#19155);
#19155 = SURFACE_SIDE_STYLE('',(#19156));
#19156 = SURFACE_STYLE_FILL_AREA(#19157);
#19157 = FILL_AREA_STYLE('',(#19158));
#19158 = FILL_AREA_STYLE_COLOUR('',#18306);
#19159 = STYLED_ITEM('color',(#19160),#346);
#19160 = PRESENTATION_STYLE_ASSIGNMENT((#19161));
#19161 = SURFACE_STYLE_USAGE(.BOTH.,#19162);
#19162 = SURFACE_SIDE_STYLE('',(#19163));
#19163 = SURFACE_STYLE_FILL_AREA(#19164);
#19164 = FILL_AREA_STYLE('',(#19165));
#19165 = FILL_AREA_STYLE_COLOUR('',#18306);
#19166 = STYLED_ITEM('color',(#19167),#363);
#19167 = PRESENTATION_STYLE_ASSIGNMENT((#19168));
#19168 = SURFACE_STYLE_USAGE(.BOTH.,#19169);
#19169 = SURFACE_SIDE_STYLE('',(#19170));
#19170 = SURFACE_STYLE_FILL_AREA(#19171);
#19171 = FILL_AREA_STYLE('',(#19172));
#19172 = FILL_AREA_STYLE_COLOUR('',#18306);
#19173 = STYLED_ITEM('color',(#19174),#449);
#19174 = PRESENTATION_STYLE_ASSIGNMENT((#19175));
#19175 = SURFACE_STYLE_USAGE(.BOTH.,#19176);
#19176 = SURFACE_SIDE_STYLE('',(#19177));
#19177 = SURFACE_STYLE_FILL_AREA(#19178);
#19178 = FILL_AREA_STYLE('',(#19179));
#19179 = FILL_AREA_STYLE_COLOUR('',#19180);
#19180 = COLOUR_RGB('',0.379000005575,0.270000008848,0.214999999939);
#19181 = STYLED_ITEM('color',(#19182),#481);
#19182 = PRESENTATION_STYLE_ASSIGNMENT((#19183));
#19183 = SURFACE_STYLE_USAGE(.BOTH.,#19184);
#19184 = SURFACE_SIDE_STYLE('',(#19185));
#19185 = SURFACE_STYLE_FILL_AREA(#19186);
#19186 = FILL_AREA_STYLE('',(#19187));
#19187 = FILL_AREA_STYLE_COLOUR('',#19180);
#19188 = STYLED_ITEM('color',(#19189),#505);
#19189 = PRESENTATION_STYLE_ASSIGNMENT((#19190));
#19190 = SURFACE_STYLE_USAGE(.BOTH.,#19191);
#19191 = SURFACE_SIDE_STYLE('',(#19192));
#19192 = SURFACE_STYLE_FILL_AREA(#19193);
#19193 = FILL_AREA_STYLE('',(#19194));
#19194 = FILL_AREA_STYLE_COLOUR('',#19180);
#19195 = STYLED_ITEM('color',(#19196),#530);
#19196 = PRESENTATION_STYLE_ASSIGNMENT((#19197));
#19197 = SURFACE_STYLE_USAGE(.BOTH.,#19198);
#19198 = SURFACE_SIDE_STYLE('',(#19199));
#19199 = SURFACE_STYLE_FILL_AREA(#19200);
#19200 = FILL_AREA_STYLE('',(#19201));
#19201 = FILL_AREA_STYLE_COLOUR('',#19180);
#19202 = STYLED_ITEM('color',(#19203),#554);
#19203 = PRESENTATION_STYLE_ASSIGNMENT((#19204));
#19204 = SURFACE_STYLE_USAGE(.BOTH.,#19205);
#19205 = SURFACE_SIDE_STYLE('',(#19206));
#19206 = SURFACE_STYLE_FILL_AREA(#19207);
#19207 = FILL_AREA_STYLE('',(#19208));
#19208 = FILL_AREA_STYLE_COLOUR('',#19180);
#19209 = STYLED_ITEM('color',(#19210),#579);
#19210 = PRESENTATION_STYLE_ASSIGNMENT((#19211));
#19211 = SURFACE_STYLE_USAGE(.BOTH.,#19212);
#19212 = SURFACE_SIDE_STYLE('',(#19213));
#19213 = SURFACE_STYLE_FILL_AREA(#19214);
#19214 = FILL_AREA_STYLE('',(#19215));
#19215 = FILL_AREA_STYLE_COLOUR('',#19180);
#19216 = STYLED_ITEM('color',(#19217),#603);
#19217 = PRESENTATION_STYLE_ASSIGNMENT((#19218));
#19218 = SURFACE_STYLE_USAGE(.BOTH.,#19219);
#19219 = SURFACE_SIDE_STYLE('',(#19220));
#19220 = SURFACE_STYLE_FILL_AREA(#19221);
#19221 = FILL_AREA_STYLE('',(#19222));
#19222 = FILL_AREA_STYLE_COLOUR('',#19180);
#19223 = STYLED_ITEM('color',(#19224),#628);
#19224 = PRESENTATION_STYLE_ASSIGNMENT((#19225));
#19225 = SURFACE_STYLE_USAGE(.BOTH.,#19226);
#19226 = SURFACE_SIDE_STYLE('',(#19227));
#19227 = SURFACE_STYLE_FILL_AREA(#19228);
#19228 = FILL_AREA_STYLE('',(#19229));
#19229 = FILL_AREA_STYLE_COLOUR('',#19180);
#19230 = STYLED_ITEM('color',(#19231),#645);
#19231 = PRESENTATION_STYLE_ASSIGNMENT((#19232));
#19232 = SURFACE_STYLE_USAGE(.BOTH.,#19233);
#19233 = SURFACE_SIDE_STYLE('',(#19234));
#19234 = SURFACE_STYLE_FILL_AREA(#19235);
#19235 = FILL_AREA_STYLE('',(#19236));
#19236 = FILL_AREA_STYLE_COLOUR('',#18306);
#19237 = STYLED_ITEM('color',(#19238),#731);
#19238 = PRESENTATION_STYLE_ASSIGNMENT((#19239));
#19239 = SURFACE_STYLE_USAGE(.BOTH.,#19240);
#19240 = SURFACE_SIDE_STYLE('',(#19241));
#19241 = SURFACE_STYLE_FILL_AREA(#19242);
#19242 = FILL_AREA_STYLE('',(#19243));
#19243 = FILL_AREA_STYLE_COLOUR('',#18306);
#19244 = STYLED_ITEM('color',(#19245),#762);
#19245 = PRESENTATION_STYLE_ASSIGNMENT((#19246));
#19246 = SURFACE_STYLE_USAGE(.BOTH.,#19247);
#19247 = SURFACE_SIDE_STYLE('',(#19248));
#19248 = SURFACE_STYLE_FILL_AREA(#19249);
#19249 = FILL_AREA_STYLE('',(#19250));
#19250 = FILL_AREA_STYLE_COLOUR('',#18306);
#19251 = STYLED_ITEM('color',(#19252),#787);
#19252 = PRESENTATION_STYLE_ASSIGNMENT((#19253));
#19253 = SURFACE_STYLE_USAGE(.BOTH.,#19254);
#19254 = SURFACE_SIDE_STYLE('',(#19255));
#19255 = SURFACE_STYLE_FILL_AREA(#19256);
#19256 = FILL_AREA_STYLE('',(#19257));
#19257 = FILL_AREA_STYLE_COLOUR('',#18306);
#19258 = STYLED_ITEM('color',(#19259),#812);
#19259 = PRESENTATION_STYLE_ASSIGNMENT((#19260));
#19260 = SURFACE_STYLE_USAGE(.BOTH.,#19261);
#19261 = SURFACE_SIDE_STYLE('',(#19262));
#19262 = SURFACE_STYLE_FILL_AREA(#19263);
#19263 = FILL_AREA_STYLE('',(#19264));
#19264 = FILL_AREA_STYLE_COLOUR('',#18306);
#19265 = STYLED_ITEM('color',(#19266),#836);
#19266 = PRESENTATION_STYLE_ASSIGNMENT((#19267));
#19267 = SURFACE_STYLE_USAGE(.BOTH.,#19268);
#19268 = SURFACE_SIDE_STYLE('',(#19269));
#19269 = SURFACE_STYLE_FILL_AREA(#19270);
#19270 = FILL_AREA_STYLE('',(#19271));
#19271 = FILL_AREA_STYLE_COLOUR('',#18306);
#19272 = STYLED_ITEM('color',(#19273),#860);
#19273 = PRESENTATION_STYLE_ASSIGNMENT((#19274));
#19274 = SURFACE_STYLE_USAGE(.BOTH.,#19275);
#19275 = SURFACE_SIDE_STYLE('',(#19276));
#19276 = SURFACE_STYLE_FILL_AREA(#19277);
#19277 = FILL_AREA_STYLE('',(#19278));
#19278 = FILL_AREA_STYLE_COLOUR('',#18306);
#19279 = STYLED_ITEM('color',(#19280),#885);
#19280 = PRESENTATION_STYLE_ASSIGNMENT((#19281));
#19281 = SURFACE_STYLE_USAGE(.BOTH.,#19282);
#19282 = SURFACE_SIDE_STYLE('',(#19283));
#19283 = SURFACE_STYLE_FILL_AREA(#19284);
#19284 = FILL_AREA_STYLE('',(#19285));
#19285 = FILL_AREA_STYLE_COLOUR('',#18306);
#19286 = STYLED_ITEM('color',(#19287),#910);
#19287 = PRESENTATION_STYLE_ASSIGNMENT((#19288));
#19288 = SURFACE_STYLE_USAGE(.BOTH.,#19289);
#19289 = SURFACE_SIDE_STYLE('',(#19290));
#19290 = SURFACE_STYLE_FILL_AREA(#19291);
#19291 = FILL_AREA_STYLE('',(#19292));
#19292 = FILL_AREA_STYLE_COLOUR('',#18306);
#19293 = STYLED_ITEM('color',(#19294),#927);
#19294 = PRESENTATION_STYLE_ASSIGNMENT((#19295));
#19295 = SURFACE_STYLE_USAGE(.BOTH.,#19296);
#19296 = SURFACE_SIDE_STYLE('',(#19297));
#19297 = SURFACE_STYLE_FILL_AREA(#19298);
#19298 = FILL_AREA_STYLE('',(#19299));
#19299 = FILL_AREA_STYLE_COLOUR('',#18306);
#19300 = MECHANICAL_DESIGN_GEOMETRIC_PRESENTATION_REPRESENTATION('',(
    #19301,#19308,#19315,#19322,#19329,#19336,#19343,#19350,#19357,
    #19364,#19371,#19378,#19385,#19392,#19399,#19406,#19413,#19420,
    #19427,#19434,#19441,#19448,#19455,#19462,#19469,#19476,#19483,
    #19490,#19497,#19504,#19511,#19518,#19525,#19532,#19539,#19546,
    #19553,#19560,#19567,#19574,#19581,#19588,#19595,#19602,#19609,
    #19616,#19623,#19630,#19637,#19644,#19651,#19658,#19665,#19672,
    #19679,#19686,#19693,#19700,#19707,#19714,#19721,#19728,#19735,
    #19742,#19749,#19756,#19763,#19770,#19777,#19784,#19791,#19798,
    #19805,#19812,#19819,#19826,#19833,#19840,#19847,#19854,#19861,
    #19868,#19875,#19882,#19889,#19896,#19903,#19910,#19917,#19924,
    #19931,#19938,#19945,#19952,#19959,#19966,#19973,#19980,#19987,
    #19994,#20001,#20008,#20015,#20022,#20029,#20036,#20043,#20050,
    #20057,#20065),#4500);
#19301 = STYLED_ITEM('color',(#19302),#964);
#19302 = PRESENTATION_STYLE_ASSIGNMENT((#19303));
#19303 = SURFACE_STYLE_USAGE(.BOTH.,#19304);
#19304 = SURFACE_SIDE_STYLE('',(#19305));
#19305 = SURFACE_STYLE_FILL_AREA(#19306);
#19306 = FILL_AREA_STYLE('',(#19307));
#19307 = FILL_AREA_STYLE_COLOUR('',#18306);
#19308 = STYLED_ITEM('color',(#19309),#1004);
#19309 = PRESENTATION_STYLE_ASSIGNMENT((#19310));
#19310 = SURFACE_STYLE_USAGE(.BOTH.,#19311);
#19311 = SURFACE_SIDE_STYLE('',(#19312));
#19312 = SURFACE_STYLE_FILL_AREA(#19313);
#19313 = FILL_AREA_STYLE('',(#19314));
#19314 = FILL_AREA_STYLE_COLOUR('',#18306);
#19315 = STYLED_ITEM('color',(#19316),#1051);
#19316 = PRESENTATION_STYLE_ASSIGNMENT((#19317));
#19317 = SURFACE_STYLE_USAGE(.BOTH.,#19318);
#19318 = SURFACE_SIDE_STYLE('',(#19319));
#19319 = SURFACE_STYLE_FILL_AREA(#19320);
#19320 = FILL_AREA_STYLE('',(#19321));
#19321 = FILL_AREA_STYLE_COLOUR('',#18306);
#19322 = STYLED_ITEM('color',(#19323),#1075);
#19323 = PRESENTATION_STYLE_ASSIGNMENT((#19324));
#19324 = SURFACE_STYLE_USAGE(.BOTH.,#19325);
#19325 = SURFACE_SIDE_STYLE('',(#19326));
#19326 = SURFACE_STYLE_FILL_AREA(#19327);
#19327 = FILL_AREA_STYLE('',(#19328));
#19328 = FILL_AREA_STYLE_COLOUR('',#18306);
#19329 = STYLED_ITEM('color',(#19330),#1115);
#19330 = PRESENTATION_STYLE_ASSIGNMENT((#19331));
#19331 = SURFACE_STYLE_USAGE(.BOTH.,#19332);
#19332 = SURFACE_SIDE_STYLE('',(#19333));
#19333 = SURFACE_STYLE_FILL_AREA(#19334);
#19334 = FILL_AREA_STYLE('',(#19335));
#19335 = FILL_AREA_STYLE_COLOUR('',#18306);
#19336 = STYLED_ITEM('color',(#19337),#1132);
#19337 = PRESENTATION_STYLE_ASSIGNMENT((#19338));
#19338 = SURFACE_STYLE_USAGE(.BOTH.,#19339);
#19339 = SURFACE_SIDE_STYLE('',(#19340));
#19340 = SURFACE_STYLE_FILL_AREA(#19341);
#19341 = FILL_AREA_STYLE('',(#19342));
#19342 = FILL_AREA_STYLE_COLOUR('',#16804);
#19343 = STYLED_ITEM('color',(#19344),#1703);
#19344 = PRESENTATION_STYLE_ASSIGNMENT((#19345));
#19345 = SURFACE_STYLE_USAGE(.BOTH.,#19346);
#19346 = SURFACE_SIDE_STYLE('',(#19347));
#19347 = SURFACE_STYLE_FILL_AREA(#19348);
#19348 = FILL_AREA_STYLE('',(#19349));
#19349 = FILL_AREA_STYLE_COLOUR('',#16804);
#19350 = STYLED_ITEM('color',(#19351),#1812);
#19351 = PRESENTATION_STYLE_ASSIGNMENT((#19352));
#19352 = SURFACE_STYLE_USAGE(.BOTH.,#19353);
#19353 = SURFACE_SIDE_STYLE('',(#19354));
#19354 = SURFACE_STYLE_FILL_AREA(#19355);
#19355 = FILL_AREA_STYLE('',(#19356));
#19356 = FILL_AREA_STYLE_COLOUR('',#18306);
#19357 = STYLED_ITEM('color',(#19358),#1824);
#19358 = PRESENTATION_STYLE_ASSIGNMENT((#19359));
#19359 = SURFACE_STYLE_USAGE(.BOTH.,#19360);
#19360 = SURFACE_SIDE_STYLE('',(#19361));
#19361 = SURFACE_STYLE_FILL_AREA(#19362);
#19362 = FILL_AREA_STYLE('',(#19363));
#19363 = FILL_AREA_STYLE_COLOUR('',#16804);
#19364 = STYLED_ITEM('color',(#19365),#1940);
#19365 = PRESENTATION_STYLE_ASSIGNMENT((#19366));
#19366 = SURFACE_STYLE_USAGE(.BOTH.,#19367);
#19367 = SURFACE_SIDE_STYLE('',(#19368));
#19368 = SURFACE_STYLE_FILL_AREA(#19369);
#19369 = FILL_AREA_STYLE('',(#19370));
#19370 = FILL_AREA_STYLE_COLOUR('',#18306);
#19371 = STYLED_ITEM('color',(#19372),#1980);
#19372 = PRESENTATION_STYLE_ASSIGNMENT((#19373));
#19373 = SURFACE_STYLE_USAGE(.BOTH.,#19374);
#19374 = SURFACE_SIDE_STYLE('',(#19375));
#19375 = SURFACE_STYLE_FILL_AREA(#19376);
#19376 = FILL_AREA_STYLE('',(#19377));
#19377 = FILL_AREA_STYLE_COLOUR('',#18306);
#19378 = STYLED_ITEM('color',(#19379),#2004);
#19379 = PRESENTATION_STYLE_ASSIGNMENT((#19380));
#19380 = SURFACE_STYLE_USAGE(.BOTH.,#19381);
#19381 = SURFACE_SIDE_STYLE('',(#19382));
#19382 = SURFACE_STYLE_FILL_AREA(#19383);
#19383 = FILL_AREA_STYLE('',(#19384));
#19384 = FILL_AREA_STYLE_COLOUR('',#18306);
#19385 = STYLED_ITEM('color',(#19386),#2037);
#19386 = PRESENTATION_STYLE_ASSIGNMENT((#19387));
#19387 = SURFACE_STYLE_USAGE(.BOTH.,#19388);
#19388 = SURFACE_SIDE_STYLE('',(#19389));
#19389 = SURFACE_STYLE_FILL_AREA(#19390);
#19390 = FILL_AREA_STYLE('',(#19391));
#19391 = FILL_AREA_STYLE_COLOUR('',#18306);
#19392 = STYLED_ITEM('color',(#19393),#2077);
#19393 = PRESENTATION_STYLE_ASSIGNMENT((#19394));
#19394 = SURFACE_STYLE_USAGE(.BOTH.,#19395);
#19395 = SURFACE_SIDE_STYLE('',(#19396));
#19396 = SURFACE_STYLE_FILL_AREA(#19397);
#19397 = FILL_AREA_STYLE('',(#19398));
#19398 = FILL_AREA_STYLE_COLOUR('',#18306);
#19399 = STYLED_ITEM('color',(#19400),#2117);
#19400 = PRESENTATION_STYLE_ASSIGNMENT((#19401));
#19401 = SURFACE_STYLE_USAGE(.BOTH.,#19402);
#19402 = SURFACE_SIDE_STYLE('',(#19403));
#19403 = SURFACE_STYLE_FILL_AREA(#19404);
#19404 = FILL_AREA_STYLE('',(#19405));
#19405 = FILL_AREA_STYLE_COLOUR('',#18306);
#19406 = STYLED_ITEM('color',(#19407),#2141);
#19407 = PRESENTATION_STYLE_ASSIGNMENT((#19408));
#19408 = SURFACE_STYLE_USAGE(.BOTH.,#19409);
#19409 = SURFACE_SIDE_STYLE('',(#19410));
#19410 = SURFACE_STYLE_FILL_AREA(#19411);
#19411 = FILL_AREA_STYLE('',(#19412));
#19412 = FILL_AREA_STYLE_COLOUR('',#18306);
#19413 = STYLED_ITEM('color',(#19414),#2165);
#19414 = PRESENTATION_STYLE_ASSIGNMENT((#19415));
#19415 = SURFACE_STYLE_USAGE(.BOTH.,#19416);
#19416 = SURFACE_SIDE_STYLE('',(#19417));
#19417 = SURFACE_STYLE_FILL_AREA(#19418);
#19418 = FILL_AREA_STYLE('',(#19419));
#19419 = FILL_AREA_STYLE_COLOUR('',#18306);
#19420 = STYLED_ITEM('color',(#19421),#2198);
#19421 = PRESENTATION_STYLE_ASSIGNMENT((#19422));
#19422 = SURFACE_STYLE_USAGE(.BOTH.,#19423);
#19423 = SURFACE_SIDE_STYLE('',(#19424));
#19424 = SURFACE_STYLE_FILL_AREA(#19425);
#19425 = FILL_AREA_STYLE('',(#19426));
#19426 = FILL_AREA_STYLE_COLOUR('',#18306);
#19427 = STYLED_ITEM('color',(#19428),#2231);
#19428 = PRESENTATION_STYLE_ASSIGNMENT((#19429));
#19429 = SURFACE_STYLE_USAGE(.BOTH.,#19430);
#19430 = SURFACE_SIDE_STYLE('',(#19431));
#19431 = SURFACE_STYLE_FILL_AREA(#19432);
#19432 = FILL_AREA_STYLE('',(#19433));
#19433 = FILL_AREA_STYLE_COLOUR('',#18306);
#19434 = STYLED_ITEM('color',(#19435),#2271);
#19435 = PRESENTATION_STYLE_ASSIGNMENT((#19436));
#19436 = SURFACE_STYLE_USAGE(.BOTH.,#19437);
#19437 = SURFACE_SIDE_STYLE('',(#19438));
#19438 = SURFACE_STYLE_FILL_AREA(#19439);
#19439 = FILL_AREA_STYLE('',(#19440));
#19440 = FILL_AREA_STYLE_COLOUR('',#18306);
#19441 = STYLED_ITEM('color',(#19442),#2311);
#19442 = PRESENTATION_STYLE_ASSIGNMENT((#19443));
#19443 = SURFACE_STYLE_USAGE(.BOTH.,#19444);
#19444 = SURFACE_SIDE_STYLE('',(#19445));
#19445 = SURFACE_STYLE_FILL_AREA(#19446);
#19446 = FILL_AREA_STYLE('',(#19447));
#19447 = FILL_AREA_STYLE_COLOUR('',#18306);
#19448 = STYLED_ITEM('color',(#19449),#2335);
#19449 = PRESENTATION_STYLE_ASSIGNMENT((#19450));
#19450 = SURFACE_STYLE_USAGE(.BOTH.,#19451);
#19451 = SURFACE_SIDE_STYLE('',(#19452));
#19452 = SURFACE_STYLE_FILL_AREA(#19453);
#19453 = FILL_AREA_STYLE('',(#19454));
#19454 = FILL_AREA_STYLE_COLOUR('',#18306);
#19455 = STYLED_ITEM('color',(#19456),#2359);
#19456 = PRESENTATION_STYLE_ASSIGNMENT((#19457));
#19457 = SURFACE_STYLE_USAGE(.BOTH.,#19458);
#19458 = SURFACE_SIDE_STYLE('',(#19459));
#19459 = SURFACE_STYLE_FILL_AREA(#19460);
#19460 = FILL_AREA_STYLE('',(#19461));
#19461 = FILL_AREA_STYLE_COLOUR('',#18306);
#19462 = STYLED_ITEM('color',(#19463),#2392);
#19463 = PRESENTATION_STYLE_ASSIGNMENT((#19464));
#19464 = SURFACE_STYLE_USAGE(.BOTH.,#19465);
#19465 = SURFACE_SIDE_STYLE('',(#19466));
#19466 = SURFACE_STYLE_FILL_AREA(#19467);
#19467 = FILL_AREA_STYLE('',(#19468));
#19468 = FILL_AREA_STYLE_COLOUR('',#18306);
#19469 = STYLED_ITEM('color',(#19470),#2425);
#19470 = PRESENTATION_STYLE_ASSIGNMENT((#19471));
#19471 = SURFACE_STYLE_USAGE(.BOTH.,#19472);
#19472 = SURFACE_SIDE_STYLE('',(#19473));
#19473 = SURFACE_STYLE_FILL_AREA(#19474);
#19474 = FILL_AREA_STYLE('',(#19475));
#19475 = FILL_AREA_STYLE_COLOUR('',#18306);
#19476 = STYLED_ITEM('color',(#19477),#2465);
#19477 = PRESENTATION_STYLE_ASSIGNMENT((#19478));
#19478 = SURFACE_STYLE_USAGE(.BOTH.,#19479);
#19479 = SURFACE_SIDE_STYLE('',(#19480));
#19480 = SURFACE_STYLE_FILL_AREA(#19481);
#19481 = FILL_AREA_STYLE('',(#19482));
#19482 = FILL_AREA_STYLE_COLOUR('',#18306);
#19483 = STYLED_ITEM('color',(#19484),#2505);
#19484 = PRESENTATION_STYLE_ASSIGNMENT((#19485));
#19485 = SURFACE_STYLE_USAGE(.BOTH.,#19486);
#19486 = SURFACE_SIDE_STYLE('',(#19487));
#19487 = SURFACE_STYLE_FILL_AREA(#19488);
#19488 = FILL_AREA_STYLE('',(#19489));
#19489 = FILL_AREA_STYLE_COLOUR('',#18306);
#19490 = STYLED_ITEM('color',(#19491),#2529);
#19491 = PRESENTATION_STYLE_ASSIGNMENT((#19492));
#19492 = SURFACE_STYLE_USAGE(.BOTH.,#19493);
#19493 = SURFACE_SIDE_STYLE('',(#19494));
#19494 = SURFACE_STYLE_FILL_AREA(#19495);
#19495 = FILL_AREA_STYLE('',(#19496));
#19496 = FILL_AREA_STYLE_COLOUR('',#18306);
#19497 = STYLED_ITEM('color',(#19498),#2553);
#19498 = PRESENTATION_STYLE_ASSIGNMENT((#19499));
#19499 = SURFACE_STYLE_USAGE(.BOTH.,#19500);
#19500 = SURFACE_SIDE_STYLE('',(#19501));
#19501 = SURFACE_STYLE_FILL_AREA(#19502);
#19502 = FILL_AREA_STYLE('',(#19503));
#19503 = FILL_AREA_STYLE_COLOUR('',#18306);
#19504 = STYLED_ITEM('color',(#19505),#2586);
#19505 = PRESENTATION_STYLE_ASSIGNMENT((#19506));
#19506 = SURFACE_STYLE_USAGE(.BOTH.,#19507);
#19507 = SURFACE_SIDE_STYLE('',(#19508));
#19508 = SURFACE_STYLE_FILL_AREA(#19509);
#19509 = FILL_AREA_STYLE('',(#19510));
#19510 = FILL_AREA_STYLE_COLOUR('',#18306);
#19511 = STYLED_ITEM('color',(#19512),#2619);
#19512 = PRESENTATION_STYLE_ASSIGNMENT((#19513));
#19513 = SURFACE_STYLE_USAGE(.BOTH.,#19514);
#19514 = SURFACE_SIDE_STYLE('',(#19515));
#19515 = SURFACE_STYLE_FILL_AREA(#19516);
#19516 = FILL_AREA_STYLE('',(#19517));
#19517 = FILL_AREA_STYLE_COLOUR('',#16804);
#19518 = STYLED_ITEM('color',(#19519),#2735);
#19519 = PRESENTATION_STYLE_ASSIGNMENT((#19520));
#19520 = SURFACE_STYLE_USAGE(.BOTH.,#19521);
#19521 = SURFACE_SIDE_STYLE('',(#19522));
#19522 = SURFACE_STYLE_FILL_AREA(#19523);
#19523 = FILL_AREA_STYLE('',(#19524));
#19524 = FILL_AREA_STYLE_COLOUR('',#16804);
#19525 = STYLED_ITEM('color',(#19526),#2844);
#19526 = PRESENTATION_STYLE_ASSIGNMENT((#19527));
#19527 = SURFACE_STYLE_USAGE(.BOTH.,#19528);
#19528 = SURFACE_SIDE_STYLE('',(#19529));
#19529 = SURFACE_STYLE_FILL_AREA(#19530);
#19530 = FILL_AREA_STYLE('',(#19531));
#19531 = FILL_AREA_STYLE_COLOUR('',#18306);
#19532 = STYLED_ITEM('color',(#19533),#2884);
#19533 = PRESENTATION_STYLE_ASSIGNMENT((#19534));
#19534 = SURFACE_STYLE_USAGE(.BOTH.,#19535);
#19535 = SURFACE_SIDE_STYLE('',(#19536));
#19536 = SURFACE_STYLE_FILL_AREA(#19537);
#19537 = FILL_AREA_STYLE('',(#19538));
#19538 = FILL_AREA_STYLE_COLOUR('',#18306);
#19539 = STYLED_ITEM('color',(#19540),#2924);
#19540 = PRESENTATION_STYLE_ASSIGNMENT((#19541));
#19541 = SURFACE_STYLE_USAGE(.BOTH.,#19542);
#19542 = SURFACE_SIDE_STYLE('',(#19543));
#19543 = SURFACE_STYLE_FILL_AREA(#19544);
#19544 = FILL_AREA_STYLE('',(#19545));
#19545 = FILL_AREA_STYLE_COLOUR('',#18306);
#19546 = STYLED_ITEM('color',(#19547),#2948);
#19547 = PRESENTATION_STYLE_ASSIGNMENT((#19548));
#19548 = SURFACE_STYLE_USAGE(.BOTH.,#19549);
#19549 = SURFACE_SIDE_STYLE('',(#19550));
#19550 = SURFACE_STYLE_FILL_AREA(#19551);
#19551 = FILL_AREA_STYLE('',(#19552));
#19552 = FILL_AREA_STYLE_COLOUR('',#18306);
#19553 = STYLED_ITEM('color',(#19554),#2972);
#19554 = PRESENTATION_STYLE_ASSIGNMENT((#19555));
#19555 = SURFACE_STYLE_USAGE(.BOTH.,#19556);
#19556 = SURFACE_SIDE_STYLE('',(#19557));
#19557 = SURFACE_STYLE_FILL_AREA(#19558);
#19558 = FILL_AREA_STYLE('',(#19559));
#19559 = FILL_AREA_STYLE_COLOUR('',#18306);
#19560 = STYLED_ITEM('color',(#19561),#3005);
#19561 = PRESENTATION_STYLE_ASSIGNMENT((#19562));
#19562 = SURFACE_STYLE_USAGE(.BOTH.,#19563);
#19563 = SURFACE_SIDE_STYLE('',(#19564));
#19564 = SURFACE_STYLE_FILL_AREA(#19565);
#19565 = FILL_AREA_STYLE('',(#19566));
#19566 = FILL_AREA_STYLE_COLOUR('',#18306);
#19567 = STYLED_ITEM('color',(#19568),#3038);
#19568 = PRESENTATION_STYLE_ASSIGNMENT((#19569));
#19569 = SURFACE_STYLE_USAGE(.BOTH.,#19570);
#19570 = SURFACE_SIDE_STYLE('',(#19571));
#19571 = SURFACE_STYLE_FILL_AREA(#19572);
#19572 = FILL_AREA_STYLE('',(#19573));
#19573 = FILL_AREA_STYLE_COLOUR('',#18306);
#19574 = STYLED_ITEM('color',(#19575),#3078);
#19575 = PRESENTATION_STYLE_ASSIGNMENT((#19576));
#19576 = SURFACE_STYLE_USAGE(.BOTH.,#19577);
#19577 = SURFACE_SIDE_STYLE('',(#19578));
#19578 = SURFACE_STYLE_FILL_AREA(#19579);
#19579 = FILL_AREA_STYLE('',(#19580));
#19580 = FILL_AREA_STYLE_COLOUR('',#18306);
#19581 = STYLED_ITEM('color',(#19582),#3118);
#19582 = PRESENTATION_STYLE_ASSIGNMENT((#19583));
#19583 = SURFACE_STYLE_USAGE(.BOTH.,#19584);
#19584 = SURFACE_SIDE_STYLE('',(#19585));
#19585 = SURFACE_STYLE_FILL_AREA(#19586);
#19586 = FILL_AREA_STYLE('',(#19587));
#19587 = FILL_AREA_STYLE_COLOUR('',#18306);
#19588 = STYLED_ITEM('color',(#19589),#3142);
#19589 = PRESENTATION_STYLE_ASSIGNMENT((#19590));
#19590 = SURFACE_STYLE_USAGE(.BOTH.,#19591);
#19591 = SURFACE_SIDE_STYLE('',(#19592));
#19592 = SURFACE_STYLE_FILL_AREA(#19593);
#19593 = FILL_AREA_STYLE('',(#19594));
#19594 = FILL_AREA_STYLE_COLOUR('',#18306);
#19595 = STYLED_ITEM('color',(#19596),#3166);
#19596 = PRESENTATION_STYLE_ASSIGNMENT((#19597));
#19597 = SURFACE_STYLE_USAGE(.BOTH.,#19598);
#19598 = SURFACE_SIDE_STYLE('',(#19599));
#19599 = SURFACE_STYLE_FILL_AREA(#19600);
#19600 = FILL_AREA_STYLE('',(#19601));
#19601 = FILL_AREA_STYLE_COLOUR('',#18306);
#19602 = STYLED_ITEM('color',(#19603),#3199);
#19603 = PRESENTATION_STYLE_ASSIGNMENT((#19604));
#19604 = SURFACE_STYLE_USAGE(.BOTH.,#19605);
#19605 = SURFACE_SIDE_STYLE('',(#19606));
#19606 = SURFACE_STYLE_FILL_AREA(#19607);
#19607 = FILL_AREA_STYLE('',(#19608));
#19608 = FILL_AREA_STYLE_COLOUR('',#18306);
#19609 = STYLED_ITEM('color',(#19610),#3232);
#19610 = PRESENTATION_STYLE_ASSIGNMENT((#19611));
#19611 = SURFACE_STYLE_USAGE(.BOTH.,#19612);
#19612 = SURFACE_SIDE_STYLE('',(#19613));
#19613 = SURFACE_STYLE_FILL_AREA(#19614);
#19614 = FILL_AREA_STYLE('',(#19615));
#19615 = FILL_AREA_STYLE_COLOUR('',#18306);
#19616 = STYLED_ITEM('color',(#19617),#3272);
#19617 = PRESENTATION_STYLE_ASSIGNMENT((#19618));
#19618 = SURFACE_STYLE_USAGE(.BOTH.,#19619);
#19619 = SURFACE_SIDE_STYLE('',(#19620));
#19620 = SURFACE_STYLE_FILL_AREA(#19621);
#19621 = FILL_AREA_STYLE('',(#19622));
#19622 = FILL_AREA_STYLE_COLOUR('',#18306);
#19623 = STYLED_ITEM('color',(#19624),#3312);
#19624 = PRESENTATION_STYLE_ASSIGNMENT((#19625));
#19625 = SURFACE_STYLE_USAGE(.BOTH.,#19626);
#19626 = SURFACE_SIDE_STYLE('',(#19627));
#19627 = SURFACE_STYLE_FILL_AREA(#19628);
#19628 = FILL_AREA_STYLE('',(#19629));
#19629 = FILL_AREA_STYLE_COLOUR('',#18306);
#19630 = STYLED_ITEM('color',(#19631),#3336);
#19631 = PRESENTATION_STYLE_ASSIGNMENT((#19632));
#19632 = SURFACE_STYLE_USAGE(.BOTH.,#19633);
#19633 = SURFACE_SIDE_STYLE('',(#19634));
#19634 = SURFACE_STYLE_FILL_AREA(#19635);
#19635 = FILL_AREA_STYLE('',(#19636));
#19636 = FILL_AREA_STYLE_COLOUR('',#18306);
#19637 = STYLED_ITEM('color',(#19638),#3360);
#19638 = PRESENTATION_STYLE_ASSIGNMENT((#19639));
#19639 = SURFACE_STYLE_USAGE(.BOTH.,#19640);
#19640 = SURFACE_SIDE_STYLE('',(#19641));
#19641 = SURFACE_STYLE_FILL_AREA(#19642);
#19642 = FILL_AREA_STYLE('',(#19643));
#19643 = FILL_AREA_STYLE_COLOUR('',#18306);
#19644 = STYLED_ITEM('color',(#19645),#3393);
#19645 = PRESENTATION_STYLE_ASSIGNMENT((#19646));
#19646 = SURFACE_STYLE_USAGE(.BOTH.,#19647);
#19647 = SURFACE_SIDE_STYLE('',(#19648));
#19648 = SURFACE_STYLE_FILL_AREA(#19649);
#19649 = FILL_AREA_STYLE('',(#19650));
#19650 = FILL_AREA_STYLE_COLOUR('',#18306);
#19651 = STYLED_ITEM('color',(#19652),#3426);
#19652 = PRESENTATION_STYLE_ASSIGNMENT((#19653));
#19653 = SURFACE_STYLE_USAGE(.BOTH.,#19654);
#19654 = SURFACE_SIDE_STYLE('',(#19655));
#19655 = SURFACE_STYLE_FILL_AREA(#19656);
#19656 = FILL_AREA_STYLE('',(#19657));
#19657 = FILL_AREA_STYLE_COLOUR('',#18306);
#19658 = STYLED_ITEM('color',(#19659),#3466);
#19659 = PRESENTATION_STYLE_ASSIGNMENT((#19660));
#19660 = SURFACE_STYLE_USAGE(.BOTH.,#19661);
#19661 = SURFACE_SIDE_STYLE('',(#19662));
#19662 = SURFACE_STYLE_FILL_AREA(#19663);
#19663 = FILL_AREA_STYLE('',(#19664));
#19664 = FILL_AREA_STYLE_COLOUR('',#18306);
#19665 = STYLED_ITEM('color',(#19666),#3506);
#19666 = PRESENTATION_STYLE_ASSIGNMENT((#19667));
#19667 = SURFACE_STYLE_USAGE(.BOTH.,#19668);
#19668 = SURFACE_SIDE_STYLE('',(#19669));
#19669 = SURFACE_STYLE_FILL_AREA(#19670);
#19670 = FILL_AREA_STYLE('',(#19671));
#19671 = FILL_AREA_STYLE_COLOUR('',#18306);
#19672 = STYLED_ITEM('color',(#19673),#3530);
#19673 = PRESENTATION_STYLE_ASSIGNMENT((#19674));
#19674 = SURFACE_STYLE_USAGE(.BOTH.,#19675);
#19675 = SURFACE_SIDE_STYLE('',(#19676));
#19676 = SURFACE_STYLE_FILL_AREA(#19677);
#19677 = FILL_AREA_STYLE('',(#19678));
#19678 = FILL_AREA_STYLE_COLOUR('',#18306);
#19679 = STYLED_ITEM('color',(#19680),#3554);
#19680 = PRESENTATION_STYLE_ASSIGNMENT((#19681));
#19681 = SURFACE_STYLE_USAGE(.BOTH.,#19682);
#19682 = SURFACE_SIDE_STYLE('',(#19683));
#19683 = SURFACE_STYLE_FILL_AREA(#19684);
#19684 = FILL_AREA_STYLE('',(#19685));
#19685 = FILL_AREA_STYLE_COLOUR('',#18306);
#19686 = STYLED_ITEM('color',(#19687),#3587);
#19687 = PRESENTATION_STYLE_ASSIGNMENT((#19688));
#19688 = SURFACE_STYLE_USAGE(.BOTH.,#19689);
#19689 = SURFACE_SIDE_STYLE('',(#19690));
#19690 = SURFACE_STYLE_FILL_AREA(#19691);
#19691 = FILL_AREA_STYLE('',(#19692));
#19692 = FILL_AREA_STYLE_COLOUR('',#18306);
#19693 = STYLED_ITEM('color',(#19694),#3620);
#19694 = PRESENTATION_STYLE_ASSIGNMENT((#19695));
#19695 = SURFACE_STYLE_USAGE(.BOTH.,#19696);
#19696 = SURFACE_SIDE_STYLE('',(#19697));
#19697 = SURFACE_STYLE_FILL_AREA(#19698);
#19698 = FILL_AREA_STYLE('',(#19699));
#19699 = FILL_AREA_STYLE_COLOUR('',#18306);
#19700 = STYLED_ITEM('color',(#19701),#3651);
#19701 = PRESENTATION_STYLE_ASSIGNMENT((#19702));
#19702 = SURFACE_STYLE_USAGE(.BOTH.,#19703);
#19703 = SURFACE_SIDE_STYLE('',(#19704));
#19704 = SURFACE_STYLE_FILL_AREA(#19705);
#19705 = FILL_AREA_STYLE('',(#19706));
#19706 = FILL_AREA_STYLE_COLOUR('',#18306);
#19707 = STYLED_ITEM('color',(#19708),#3675);
#19708 = PRESENTATION_STYLE_ASSIGNMENT((#19709));
#19709 = SURFACE_STYLE_USAGE(.BOTH.,#19710);
#19710 = SURFACE_SIDE_STYLE('',(#19711));
#19711 = SURFACE_STYLE_FILL_AREA(#19712);
#19712 = FILL_AREA_STYLE('',(#19713));
#19713 = FILL_AREA_STYLE_COLOUR('',#18306);
#19714 = STYLED_ITEM('color',(#19715),#3699);
#19715 = PRESENTATION_STYLE_ASSIGNMENT((#19716));
#19716 = SURFACE_STYLE_USAGE(.BOTH.,#19717);
#19717 = SURFACE_SIDE_STYLE('',(#19718));
#19718 = SURFACE_STYLE_FILL_AREA(#19719);
#19719 = FILL_AREA_STYLE('',(#19720));
#19720 = FILL_AREA_STYLE_COLOUR('',#18306);
#19721 = STYLED_ITEM('color',(#19722),#3723);
#19722 = PRESENTATION_STYLE_ASSIGNMENT((#19723));
#19723 = SURFACE_STYLE_USAGE(.BOTH.,#19724);
#19724 = SURFACE_SIDE_STYLE('',(#19725));
#19725 = SURFACE_STYLE_FILL_AREA(#19726);
#19726 = FILL_AREA_STYLE('',(#19727));
#19727 = FILL_AREA_STYLE_COLOUR('',#18306);
#19728 = STYLED_ITEM('color',(#19729),#3740);
#19729 = PRESENTATION_STYLE_ASSIGNMENT((#19730));
#19730 = SURFACE_STYLE_USAGE(.BOTH.,#19731);
#19731 = SURFACE_SIDE_STYLE('',(#19732));
#19732 = SURFACE_STYLE_FILL_AREA(#19733);
#19733 = FILL_AREA_STYLE('',(#19734));
#19734 = FILL_AREA_STYLE_COLOUR('',#16804);
#19735 = STYLED_ITEM('color',(#19736),#3763);
#19736 = PRESENTATION_STYLE_ASSIGNMENT((#19737));
#19737 = SURFACE_STYLE_USAGE(.BOTH.,#19738);
#19738 = SURFACE_SIDE_STYLE('',(#19739));
#19739 = SURFACE_STYLE_FILL_AREA(#19740);
#19740 = FILL_AREA_STYLE('',(#19741));
#19741 = FILL_AREA_STYLE_COLOUR('',#18306);
#19742 = STYLED_ITEM('color',(#19743),#3780);
#19743 = PRESENTATION_STYLE_ASSIGNMENT((#19744));
#19744 = SURFACE_STYLE_USAGE(.BOTH.,#19745);
#19745 = SURFACE_SIDE_STYLE('',(#19746));
#19746 = SURFACE_STYLE_FILL_AREA(#19747);
#19747 = FILL_AREA_STYLE('',(#19748));
#19748 = FILL_AREA_STYLE_COLOUR('',#18306);
#19749 = STYLED_ITEM('color',(#19750),#3797);
#19750 = PRESENTATION_STYLE_ASSIGNMENT((#19751));
#19751 = SURFACE_STYLE_USAGE(.BOTH.,#19752);
#19752 = SURFACE_SIDE_STYLE('',(#19753));
#19753 = SURFACE_STYLE_FILL_AREA(#19754);
#19754 = FILL_AREA_STYLE('',(#19755));
#19755 = FILL_AREA_STYLE_COLOUR('',#18306);
#19756 = STYLED_ITEM('color',(#19757),#3814);
#19757 = PRESENTATION_STYLE_ASSIGNMENT((#19758));
#19758 = SURFACE_STYLE_USAGE(.BOTH.,#19759);
#19759 = SURFACE_SIDE_STYLE('',(#19760));
#19760 = SURFACE_STYLE_FILL_AREA(#19761);
#19761 = FILL_AREA_STYLE('',(#19762));
#19762 = FILL_AREA_STYLE_COLOUR('',#18306);
#19763 = STYLED_ITEM('color',(#19764),#3831);
#19764 = PRESENTATION_STYLE_ASSIGNMENT((#19765));
#19765 = SURFACE_STYLE_USAGE(.BOTH.,#19766);
#19766 = SURFACE_SIDE_STYLE('',(#19767));
#19767 = SURFACE_STYLE_FILL_AREA(#19768);
#19768 = FILL_AREA_STYLE('',(#19769));
#19769 = FILL_AREA_STYLE_COLOUR('',#18306);
#19770 = STYLED_ITEM('color',(#19771),#3848);
#19771 = PRESENTATION_STYLE_ASSIGNMENT((#19772));
#19772 = SURFACE_STYLE_USAGE(.BOTH.,#19773);
#19773 = SURFACE_SIDE_STYLE('',(#19774));
#19774 = SURFACE_STYLE_FILL_AREA(#19775);
#19775 = FILL_AREA_STYLE('',(#19776));
#19776 = FILL_AREA_STYLE_COLOUR('',#18306);
#19777 = STYLED_ITEM('color',(#19778),#3865);
#19778 = PRESENTATION_STYLE_ASSIGNMENT((#19779));
#19779 = SURFACE_STYLE_USAGE(.BOTH.,#19780);
#19780 = SURFACE_SIDE_STYLE('',(#19781));
#19781 = SURFACE_STYLE_FILL_AREA(#19782);
#19782 = FILL_AREA_STYLE('',(#19783));
#19783 = FILL_AREA_STYLE_COLOUR('',#18306);
#19784 = STYLED_ITEM('color',(#19785),#3882);
#19785 = PRESENTATION_STYLE_ASSIGNMENT((#19786));
#19786 = SURFACE_STYLE_USAGE(.BOTH.,#19787);
#19787 = SURFACE_SIDE_STYLE('',(#19788));
#19788 = SURFACE_STYLE_FILL_AREA(#19789);
#19789 = FILL_AREA_STYLE('',(#19790));
#19790 = FILL_AREA_STYLE_COLOUR('',#18306);
#19791 = STYLED_ITEM('color',(#19792),#3899);
#19792 = PRESENTATION_STYLE_ASSIGNMENT((#19793));
#19793 = SURFACE_STYLE_USAGE(.BOTH.,#19794);
#19794 = SURFACE_SIDE_STYLE('',(#19795));
#19795 = SURFACE_STYLE_FILL_AREA(#19796);
#19796 = FILL_AREA_STYLE('',(#19797));
#19797 = FILL_AREA_STYLE_COLOUR('',#18306);
#19798 = STYLED_ITEM('color',(#19799),#3911);
#19799 = PRESENTATION_STYLE_ASSIGNMENT((#19800));
#19800 = SURFACE_STYLE_USAGE(.BOTH.,#19801);
#19801 = SURFACE_SIDE_STYLE('',(#19802));
#19802 = SURFACE_STYLE_FILL_AREA(#19803);
#19803 = FILL_AREA_STYLE('',(#19804));
#19804 = FILL_AREA_STYLE_COLOUR('',#18306);
#19805 = STYLED_ITEM('color',(#19806),#3928);
#19806 = PRESENTATION_STYLE_ASSIGNMENT((#19807));
#19807 = SURFACE_STYLE_USAGE(.BOTH.,#19808);
#19808 = SURFACE_SIDE_STYLE('',(#19809));
#19809 = SURFACE_STYLE_FILL_AREA(#19810);
#19810 = FILL_AREA_STYLE('',(#19811));
#19811 = FILL_AREA_STYLE_COLOUR('',#18306);
#19812 = STYLED_ITEM('color',(#19813),#3940);
#19813 = PRESENTATION_STYLE_ASSIGNMENT((#19814));
#19814 = SURFACE_STYLE_USAGE(.BOTH.,#19815);
#19815 = SURFACE_SIDE_STYLE('',(#19816));
#19816 = SURFACE_STYLE_FILL_AREA(#19817);
#19817 = FILL_AREA_STYLE('',(#19818));
#19818 = FILL_AREA_STYLE_COLOUR('',#18306);
#19819 = STYLED_ITEM('color',(#19820),#3957);
#19820 = PRESENTATION_STYLE_ASSIGNMENT((#19821));
#19821 = SURFACE_STYLE_USAGE(.BOTH.,#19822);
#19822 = SURFACE_SIDE_STYLE('',(#19823));
#19823 = SURFACE_STYLE_FILL_AREA(#19824);
#19824 = FILL_AREA_STYLE('',(#19825));
#19825 = FILL_AREA_STYLE_COLOUR('',#18306);
#19826 = STYLED_ITEM('color',(#19827),#3969);
#19827 = PRESENTATION_STYLE_ASSIGNMENT((#19828));
#19828 = SURFACE_STYLE_USAGE(.BOTH.,#19829);
#19829 = SURFACE_SIDE_STYLE('',(#19830));
#19830 = SURFACE_STYLE_FILL_AREA(#19831);
#19831 = FILL_AREA_STYLE('',(#19832));
#19832 = FILL_AREA_STYLE_COLOUR('',#18306);
#19833 = STYLED_ITEM('color',(#19834),#3986);
#19834 = PRESENTATION_STYLE_ASSIGNMENT((#19835));
#19835 = SURFACE_STYLE_USAGE(.BOTH.,#19836);
#19836 = SURFACE_SIDE_STYLE('',(#19837));
#19837 = SURFACE_STYLE_FILL_AREA(#19838);
#19838 = FILL_AREA_STYLE('',(#19839));
#19839 = FILL_AREA_STYLE_COLOUR('',#18306);
#19840 = STYLED_ITEM('color',(#19841),#3998);
#19841 = PRESENTATION_STYLE_ASSIGNMENT((#19842));
#19842 = SURFACE_STYLE_USAGE(.BOTH.,#19843);
#19843 = SURFACE_SIDE_STYLE('',(#19844));
#19844 = SURFACE_STYLE_FILL_AREA(#19845);
#19845 = FILL_AREA_STYLE('',(#19846));
#19846 = FILL_AREA_STYLE_COLOUR('',#18306);
#19847 = STYLED_ITEM('color',(#19848),#4015);
#19848 = PRESENTATION_STYLE_ASSIGNMENT((#19849));
#19849 = SURFACE_STYLE_USAGE(.BOTH.,#19850);
#19850 = SURFACE_SIDE_STYLE('',(#19851));
#19851 = SURFACE_STYLE_FILL_AREA(#19852);
#19852 = FILL_AREA_STYLE('',(#19853));
#19853 = FILL_AREA_STYLE_COLOUR('',#18306);
#19854 = STYLED_ITEM('color',(#19855),#4027);
#19855 = PRESENTATION_STYLE_ASSIGNMENT((#19856));
#19856 = SURFACE_STYLE_USAGE(.BOTH.,#19857);
#19857 = SURFACE_SIDE_STYLE('',(#19858));
#19858 = SURFACE_STYLE_FILL_AREA(#19859);
#19859 = FILL_AREA_STYLE('',(#19860));
#19860 = FILL_AREA_STYLE_COLOUR('',#18306);
#19861 = STYLED_ITEM('color',(#19862),#4044);
#19862 = PRESENTATION_STYLE_ASSIGNMENT((#19863));
#19863 = SURFACE_STYLE_USAGE(.BOTH.,#19864);
#19864 = SURFACE_SIDE_STYLE('',(#19865));
#19865 = SURFACE_STYLE_FILL_AREA(#19866);
#19866 = FILL_AREA_STYLE('',(#19867));
#19867 = FILL_AREA_STYLE_COLOUR('',#18306);
#19868 = STYLED_ITEM('color',(#19869),#4056);
#19869 = PRESENTATION_STYLE_ASSIGNMENT((#19870));
#19870 = SURFACE_STYLE_USAGE(.BOTH.,#19871);
#19871 = SURFACE_SIDE_STYLE('',(#19872));
#19872 = SURFACE_STYLE_FILL_AREA(#19873);
#19873 = FILL_AREA_STYLE('',(#19874));
#19874 = FILL_AREA_STYLE_COLOUR('',#18306);
#19875 = STYLED_ITEM('color',(#19876),#4073);
#19876 = PRESENTATION_STYLE_ASSIGNMENT((#19877));
#19877 = SURFACE_STYLE_USAGE(.BOTH.,#19878);
#19878 = SURFACE_SIDE_STYLE('',(#19879));
#19879 = SURFACE_STYLE_FILL_AREA(#19880);
#19880 = FILL_AREA_STYLE('',(#19881));
#19881 = FILL_AREA_STYLE_COLOUR('',#18306);
#19882 = STYLED_ITEM('color',(#19883),#4085);
#19883 = PRESENTATION_STYLE_ASSIGNMENT((#19884));
#19884 = SURFACE_STYLE_USAGE(.BOTH.,#19885);
#19885 = SURFACE_SIDE_STYLE('',(#19886));
#19886 = SURFACE_STYLE_FILL_AREA(#19887);
#19887 = FILL_AREA_STYLE('',(#19888));
#19888 = FILL_AREA_STYLE_COLOUR('',#18306);
#19889 = STYLED_ITEM('color',(#19890),#4102);
#19890 = PRESENTATION_STYLE_ASSIGNMENT((#19891));
#19891 = SURFACE_STYLE_USAGE(.BOTH.,#19892);
#19892 = SURFACE_SIDE_STYLE('',(#19893));
#19893 = SURFACE_STYLE_FILL_AREA(#19894);
#19894 = FILL_AREA_STYLE('',(#19895));
#19895 = FILL_AREA_STYLE_COLOUR('',#18306);
#19896 = STYLED_ITEM('color',(#19897),#4119);
#19897 = PRESENTATION_STYLE_ASSIGNMENT((#19898));
#19898 = SURFACE_STYLE_USAGE(.BOTH.,#19899);
#19899 = SURFACE_SIDE_STYLE('',(#19900));
#19900 = SURFACE_STYLE_FILL_AREA(#19901);
#19901 = FILL_AREA_STYLE('',(#19902));
#19902 = FILL_AREA_STYLE_COLOUR('',#18306);
#19903 = STYLED_ITEM('color',(#19904),#4136);
#19904 = PRESENTATION_STYLE_ASSIGNMENT((#19905));
#19905 = SURFACE_STYLE_USAGE(.BOTH.,#19906);
#19906 = SURFACE_SIDE_STYLE('',(#19907));
#19907 = SURFACE_STYLE_FILL_AREA(#19908);
#19908 = FILL_AREA_STYLE('',(#19909));
#19909 = FILL_AREA_STYLE_COLOUR('',#18306);
#19910 = STYLED_ITEM('color',(#19911),#4153);
#19911 = PRESENTATION_STYLE_ASSIGNMENT((#19912));
#19912 = SURFACE_STYLE_USAGE(.BOTH.,#19913);
#19913 = SURFACE_SIDE_STYLE('',(#19914));
#19914 = SURFACE_STYLE_FILL_AREA(#19915);
#19915 = FILL_AREA_STYLE('',(#19916));
#19916 = FILL_AREA_STYLE_COLOUR('',#18306);
#19917 = STYLED_ITEM('color',(#19918),#4170);
#19918 = PRESENTATION_STYLE_ASSIGNMENT((#19919));
#19919 = SURFACE_STYLE_USAGE(.BOTH.,#19920);
#19920 = SURFACE_SIDE_STYLE('',(#19921));
#19921 = SURFACE_STYLE_FILL_AREA(#19922);
#19922 = FILL_AREA_STYLE('',(#19923));
#19923 = FILL_AREA_STYLE_COLOUR('',#18306);
#19924 = STYLED_ITEM('color',(#19925),#4187);
#19925 = PRESENTATION_STYLE_ASSIGNMENT((#19926));
#19926 = SURFACE_STYLE_USAGE(.BOTH.,#19927);
#19927 = SURFACE_SIDE_STYLE('',(#19928));
#19928 = SURFACE_STYLE_FILL_AREA(#19929);
#19929 = FILL_AREA_STYLE('',(#19930));
#19930 = FILL_AREA_STYLE_COLOUR('',#18306);
#19931 = STYLED_ITEM('color',(#19932),#4204);
#19932 = PRESENTATION_STYLE_ASSIGNMENT((#19933));
#19933 = SURFACE_STYLE_USAGE(.BOTH.,#19934);
#19934 = SURFACE_SIDE_STYLE('',(#19935));
#19935 = SURFACE_STYLE_FILL_AREA(#19936);
#19936 = FILL_AREA_STYLE('',(#19937));
#19937 = FILL_AREA_STYLE_COLOUR('',#18306);
#19938 = STYLED_ITEM('color',(#19939),#4221);
#19939 = PRESENTATION_STYLE_ASSIGNMENT((#19940));
#19940 = SURFACE_STYLE_USAGE(.BOTH.,#19941);
#19941 = SURFACE_SIDE_STYLE('',(#19942));
#19942 = SURFACE_STYLE_FILL_AREA(#19943);
#19943 = FILL_AREA_STYLE('',(#19944));
#19944 = FILL_AREA_STYLE_COLOUR('',#18306);
#19945 = STYLED_ITEM('color',(#19946),#4238);
#19946 = PRESENTATION_STYLE_ASSIGNMENT((#19947));
#19947 = SURFACE_STYLE_USAGE(.BOTH.,#19948);
#19948 = SURFACE_SIDE_STYLE('',(#19949));
#19949 = SURFACE_STYLE_FILL_AREA(#19950);
#19950 = FILL_AREA_STYLE('',(#19951));
#19951 = FILL_AREA_STYLE_COLOUR('',#18306);
#19952 = STYLED_ITEM('color',(#19953),#4250);
#19953 = PRESENTATION_STYLE_ASSIGNMENT((#19954));
#19954 = SURFACE_STYLE_USAGE(.BOTH.,#19955);
#19955 = SURFACE_SIDE_STYLE('',(#19956));
#19956 = SURFACE_STYLE_FILL_AREA(#19957);
#19957 = FILL_AREA_STYLE('',(#19958));
#19958 = FILL_AREA_STYLE_COLOUR('',#18306);
#19959 = STYLED_ITEM('color',(#19960),#4267);
#19960 = PRESENTATION_STYLE_ASSIGNMENT((#19961));
#19961 = SURFACE_STYLE_USAGE(.BOTH.,#19962);
#19962 = SURFACE_SIDE_STYLE('',(#19963));
#19963 = SURFACE_STYLE_FILL_AREA(#19964);
#19964 = FILL_AREA_STYLE('',(#19965));
#19965 = FILL_AREA_STYLE_COLOUR('',#18306);
#19966 = STYLED_ITEM('color',(#19967),#4279);
#19967 = PRESENTATION_STYLE_ASSIGNMENT((#19968));
#19968 = SURFACE_STYLE_USAGE(.BOTH.,#19969);
#19969 = SURFACE_SIDE_STYLE('',(#19970));
#19970 = SURFACE_STYLE_FILL_AREA(#19971);
#19971 = FILL_AREA_STYLE('',(#19972));
#19972 = FILL_AREA_STYLE_COLOUR('',#18306);
#19973 = STYLED_ITEM('color',(#19974),#4296);
#19974 = PRESENTATION_STYLE_ASSIGNMENT((#19975));
#19975 = SURFACE_STYLE_USAGE(.BOTH.,#19976);
#19976 = SURFACE_SIDE_STYLE('',(#19977));
#19977 = SURFACE_STYLE_FILL_AREA(#19978);
#19978 = FILL_AREA_STYLE('',(#19979));
#19979 = FILL_AREA_STYLE_COLOUR('',#18306);
#19980 = STYLED_ITEM('color',(#19981),#4308);
#19981 = PRESENTATION_STYLE_ASSIGNMENT((#19982));
#19982 = SURFACE_STYLE_USAGE(.BOTH.,#19983);
#19983 = SURFACE_SIDE_STYLE('',(#19984));
#19984 = SURFACE_STYLE_FILL_AREA(#19985);
#19985 = FILL_AREA_STYLE('',(#19986));
#19986 = FILL_AREA_STYLE_COLOUR('',#18306);
#19987 = STYLED_ITEM('color',(#19988),#4325);
#19988 = PRESENTATION_STYLE_ASSIGNMENT((#19989));
#19989 = SURFACE_STYLE_USAGE(.BOTH.,#19990);
#19990 = SURFACE_SIDE_STYLE('',(#19991));
#19991 = SURFACE_STYLE_FILL_AREA(#19992);
#19992 = FILL_AREA_STYLE('',(#19993));
#19993 = FILL_AREA_STYLE_COLOUR('',#18306);
#19994 = STYLED_ITEM('color',(#19995),#4337);
#19995 = PRESENTATION_STYLE_ASSIGNMENT((#19996));
#19996 = SURFACE_STYLE_USAGE(.BOTH.,#19997);
#19997 = SURFACE_SIDE_STYLE('',(#19998));
#19998 = SURFACE_STYLE_FILL_AREA(#19999);
#19999 = FILL_AREA_STYLE('',(#20000));
#20000 = FILL_AREA_STYLE_COLOUR('',#18306);
#20001 = STYLED_ITEM('color',(#20002),#4354);
#20002 = PRESENTATION_STYLE_ASSIGNMENT((#20003));
#20003 = SURFACE_STYLE_USAGE(.BOTH.,#20004);
#20004 = SURFACE_SIDE_STYLE('',(#20005));
#20005 = SURFACE_STYLE_FILL_AREA(#20006);
#20006 = FILL_AREA_STYLE('',(#20007));
#20007 = FILL_AREA_STYLE_COLOUR('',#18306);
#20008 = STYLED_ITEM('color',(#20009),#4366);
#20009 = PRESENTATION_STYLE_ASSIGNMENT((#20010));
#20010 = SURFACE_STYLE_USAGE(.BOTH.,#20011);
#20011 = SURFACE_SIDE_STYLE('',(#20012));
#20012 = SURFACE_STYLE_FILL_AREA(#20013);
#20013 = FILL_AREA_STYLE('',(#20014));
#20014 = FILL_AREA_STYLE_COLOUR('',#18306);
#20015 = STYLED_ITEM('color',(#20016),#4383);
#20016 = PRESENTATION_STYLE_ASSIGNMENT((#20017));
#20017 = SURFACE_STYLE_USAGE(.BOTH.,#20018);
#20018 = SURFACE_SIDE_STYLE('',(#20019));
#20019 = SURFACE_STYLE_FILL_AREA(#20020);
#20020 = FILL_AREA_STYLE('',(#20021));
#20021 = FILL_AREA_STYLE_COLOUR('',#18306);
#20022 = STYLED_ITEM('color',(#20023),#4395);
#20023 = PRESENTATION_STYLE_ASSIGNMENT((#20024));
#20024 = SURFACE_STYLE_USAGE(.BOTH.,#20025);
#20025 = SURFACE_SIDE_STYLE('',(#20026));
#20026 = SURFACE_STYLE_FILL_AREA(#20027);
#20027 = FILL_AREA_STYLE('',(#20028));
#20028 = FILL_AREA_STYLE_COLOUR('',#18306);
#20029 = STYLED_ITEM('color',(#20030),#4412);
#20030 = PRESENTATION_STYLE_ASSIGNMENT((#20031));
#20031 = SURFACE_STYLE_USAGE(.BOTH.,#20032);
#20032 = SURFACE_SIDE_STYLE('',(#20033));
#20033 = SURFACE_STYLE_FILL_AREA(#20034);
#20034 = FILL_AREA_STYLE('',(#20035));
#20035 = FILL_AREA_STYLE_COLOUR('',#18306);
#20036 = STYLED_ITEM('color',(#20037),#4424);
#20037 = PRESENTATION_STYLE_ASSIGNMENT((#20038));
#20038 = SURFACE_STYLE_USAGE(.BOTH.,#20039);
#20039 = SURFACE_SIDE_STYLE('',(#20040));
#20040 = SURFACE_STYLE_FILL_AREA(#20041);
#20041 = FILL_AREA_STYLE('',(#20042));
#20042 = FILL_AREA_STYLE_COLOUR('',#18306);
#20043 = STYLED_ITEM('color',(#20044),#4441);
#20044 = PRESENTATION_STYLE_ASSIGNMENT((#20045));
#20045 = SURFACE_STYLE_USAGE(.BOTH.,#20046);
#20046 = SURFACE_SIDE_STYLE('',(#20047));
#20047 = SURFACE_STYLE_FILL_AREA(#20048);
#20048 = FILL_AREA_STYLE('',(#20049));
#20049 = FILL_AREA_STYLE_COLOUR('',#18306);
#20050 = STYLED_ITEM('color',(#20051),#4453);
#20051 = PRESENTATION_STYLE_ASSIGNMENT((#20052));
#20052 = SURFACE_STYLE_USAGE(.BOTH.,#20053);
#20053 = SURFACE_SIDE_STYLE('',(#20054));
#20054 = SURFACE_STYLE_FILL_AREA(#20055);
#20055 = FILL_AREA_STYLE('',(#20056));
#20056 = FILL_AREA_STYLE_COLOUR('',#18306);
#20057 = STYLED_ITEM('color',(#20058),#4466);
#20058 = PRESENTATION_STYLE_ASSIGNMENT((#20059));
#20059 = SURFACE_STYLE_USAGE(.BOTH.,#20060);
#20060 = SURFACE_SIDE_STYLE('',(#20061));
#20061 = SURFACE_STYLE_FILL_AREA(#20062);
#20062 = FILL_AREA_STYLE('',(#20063));
#20063 = FILL_AREA_STYLE_COLOUR('',#20064);
#20064 = COLOUR_RGB('',0.690999977303,0.663999984767,0.597999987832);
#20065 = STYLED_ITEM('color',(#20066),#4491);
#20066 = PRESENTATION_STYLE_ASSIGNMENT((#20067));
#20067 = SURFACE_STYLE_USAGE(.BOTH.,#20068);
#20068 = SURFACE_SIDE_STYLE('',(#20069));
#20069 = SURFACE_STYLE_FILL_AREA(#20070);
#20070 = FILL_AREA_STYLE('',(#20071));
#20071 = FILL_AREA_STYLE_COLOUR('',#20064);
#20072 = MECHANICAL_DESIGN_GEOMETRIC_PRESENTATION_REPRESENTATION('',(
    #20073,#20082,#20091,#20100,#20109,#20118,#20127,#20136,#20145,
    #20154,#20163,#20172,#20181,#20190,#20199,#20208,#20217,#20226,
    #20235,#20244,#20253,#20262,#20271,#20280,#20289,#20298,#20307,
    #20316,#20325,#20334,#20343,#20352,#20361,#20370,#20379,#20388,
    #20397,#20406,#20415,#20424,#20433,#20442,#20451,#20460,#20469,
    #20478,#20487,#20496,#20505,#20514,#20523,#20532,#20541,#20550,
    #20559,#20568,#20577,#20586,#20595,#20604,#20613,#20622,#20631,
    #20640,#20649,#20658,#20667,#20676,#20685,#20694,#20703,#20712),
  #9742);
#20073 = STYLED_ITEM('color',(#20074),#7609);
#20074 = PRESENTATION_STYLE_ASSIGNMENT((#20075,#20080));
#20075 = SURFACE_STYLE_USAGE(.BOTH.,#20076);
#20076 = SURFACE_SIDE_STYLE('',(#20077));
#20077 = SURFACE_STYLE_FILL_AREA(#20078);
#20078 = FILL_AREA_STYLE('',(#20079));
#20079 = FILL_AREA_STYLE_COLOUR('',#18179);
#20080 = CURVE_STYLE('',#20081,POSITIVE_LENGTH_MEASURE(0.1),#18179);
#20081 = DRAUGHTING_PRE_DEFINED_CURVE_FONT('continuous');
#20082 = STYLED_ITEM('color',(#20083),#7647);
#20083 = PRESENTATION_STYLE_ASSIGNMENT((#20084,#20089));
#20084 = SURFACE_STYLE_USAGE(.BOTH.,#20085);
#20085 = SURFACE_SIDE_STYLE('',(#20086));
#20086 = SURFACE_STYLE_FILL_AREA(#20087);
#20087 = FILL_AREA_STYLE('',(#20088));
#20088 = FILL_AREA_STYLE_COLOUR('',#18179);
#20089 = CURVE_STYLE('',#20090,POSITIVE_LENGTH_MEASURE(0.1),#18179);
#20090 = DRAUGHTING_PRE_DEFINED_CURVE_FONT('continuous');
#20091 = STYLED_ITEM('color',(#20092),#7710);
#20092 = PRESENTATION_STYLE_ASSIGNMENT((#20093,#20098));
#20093 = SURFACE_STYLE_USAGE(.BOTH.,#20094);
#20094 = SURFACE_SIDE_STYLE('',(#20095));
#20095 = SURFACE_STYLE_FILL_AREA(#20096);
#20096 = FILL_AREA_STYLE('',(#20097));
#20097 = FILL_AREA_STYLE_COLOUR('',#18179);
#20098 = CURVE_STYLE('',#20099,POSITIVE_LENGTH_MEASURE(0.1),#18179);
#20099 = DRAUGHTING_PRE_DEFINED_CURVE_FONT('continuous');
#20100 = STYLED_ITEM('color',(#20101),#7733);
#20101 = PRESENTATION_STYLE_ASSIGNMENT((#20102,#20107));
#20102 = SURFACE_STYLE_USAGE(.BOTH.,#20103);
#20103 = SURFACE_SIDE_STYLE('',(#20104));
#20104 = SURFACE_STYLE_FILL_AREA(#20105);
#20105 = FILL_AREA_STYLE('',(#20106));
#20106 = FILL_AREA_STYLE_COLOUR('',#18179);
#20107 = CURVE_STYLE('',#20108,POSITIVE_LENGTH_MEASURE(0.1),#18179);
#20108 = DRAUGHTING_PRE_DEFINED_CURVE_FONT('continuous');
#20109 = STYLED_ITEM('color',(#20110),#7762);
#20110 = PRESENTATION_STYLE_ASSIGNMENT((#20111,#20116));
#20111 = SURFACE_STYLE_USAGE(.BOTH.,#20112);
#20112 = SURFACE_SIDE_STYLE('',(#20113));
#20113 = SURFACE_STYLE_FILL_AREA(#20114);
#20114 = FILL_AREA_STYLE('',(#20115));
#20115 = FILL_AREA_STYLE_COLOUR('',#18179);
#20116 = CURVE_STYLE('',#20117,POSITIVE_LENGTH_MEASURE(0.1),#18179);
#20117 = DRAUGHTING_PRE_DEFINED_CURVE_FONT('continuous');
#20118 = STYLED_ITEM('color',(#20119),#7785);
#20119 = PRESENTATION_STYLE_ASSIGNMENT((#20120,#20125));
#20120 = SURFACE_STYLE_USAGE(.BOTH.,#20121);
#20121 = SURFACE_SIDE_STYLE('',(#20122));
#20122 = SURFACE_STYLE_FILL_AREA(#20123);
#20123 = FILL_AREA_STYLE('',(#20124));
#20124 = FILL_AREA_STYLE_COLOUR('',#18179);
#20125 = CURVE_STYLE('',#20126,POSITIVE_LENGTH_MEASURE(0.1),#18179);
#20126 = DRAUGHTING_PRE_DEFINED_CURVE_FONT('continuous');
#20127 = STYLED_ITEM('color',(#20128),#7840);
#20128 = PRESENTATION_STYLE_ASSIGNMENT((#20129,#20134));
#20129 = SURFACE_STYLE_USAGE(.BOTH.,#20130);
#20130 = SURFACE_SIDE_STYLE('',(#20131));
#20131 = SURFACE_STYLE_FILL_AREA(#20132);
#20132 = FILL_AREA_STYLE('',(#20133));
#20133 = FILL_AREA_STYLE_COLOUR('',#18179);
#20134 = CURVE_STYLE('',#20135,POSITIVE_LENGTH_MEASURE(0.1),#18179);
#20135 = DRAUGHTING_PRE_DEFINED_CURVE_FONT('continuous');
#20136 = STYLED_ITEM('color',(#20137),#7879);
#20137 = PRESENTATION_STYLE_ASSIGNMENT((#20138,#20143));
#20138 = SURFACE_STYLE_USAGE(.BOTH.,#20139);
#20139 = SURFACE_SIDE_STYLE('',(#20140));
#20140 = SURFACE_STYLE_FILL_AREA(#20141);
#20141 = FILL_AREA_STYLE('',(#20142));
#20142 = FILL_AREA_STYLE_COLOUR('',#18179);
#20143 = CURVE_STYLE('',#20144,POSITIVE_LENGTH_MEASURE(0.1),#18179);
#20144 = DRAUGHTING_PRE_DEFINED_CURVE_FONT('continuous');
#20145 = STYLED_ITEM('color',(#20146),#7902);
#20146 = PRESENTATION_STYLE_ASSIGNMENT((#20147,#20152));
#20147 = SURFACE_STYLE_USAGE(.BOTH.,#20148);
#20148 = SURFACE_SIDE_STYLE('',(#20149));
#20149 = SURFACE_STYLE_FILL_AREA(#20150);
#20150 = FILL_AREA_STYLE('',(#20151));
#20151 = FILL_AREA_STYLE_COLOUR('',#18179);
#20152 = CURVE_STYLE('',#20153,POSITIVE_LENGTH_MEASURE(0.1),#18179);
#20153 = DRAUGHTING_PRE_DEFINED_CURVE_FONT('continuous');
#20154 = STYLED_ITEM('color',(#20155),#7925);
#20155 = PRESENTATION_STYLE_ASSIGNMENT((#20156,#20161));
#20156 = SURFACE_STYLE_USAGE(.BOTH.,#20157);
#20157 = SURFACE_SIDE_STYLE('',(#20158));
#20158 = SURFACE_STYLE_FILL_AREA(#20159);
#20159 = FILL_AREA_STYLE('',(#20160));
#20160 = FILL_AREA_STYLE_COLOUR('',#18179);
#20161 = CURVE_STYLE('',#20162,POSITIVE_LENGTH_MEASURE(0.1),#18179);
#20162 = DRAUGHTING_PRE_DEFINED_CURVE_FONT('continuous');
#20163 = STYLED_ITEM('color',(#20164),#7942);
#20164 = PRESENTATION_STYLE_ASSIGNMENT((#20165,#20170));
#20165 = SURFACE_STYLE_USAGE(.BOTH.,#20166);
#20166 = SURFACE_SIDE_STYLE('',(#20167));
#20167 = SURFACE_STYLE_FILL_AREA(#20168);
#20168 = FILL_AREA_STYLE('',(#20169));
#20169 = FILL_AREA_STYLE_COLOUR('',#18179);
#20170 = CURVE_STYLE('',#20171,POSITIVE_LENGTH_MEASURE(0.1),#18179);
#20171 = DRAUGHTING_PRE_DEFINED_CURVE_FONT('continuous');
#20172 = STYLED_ITEM('color',(#20173),#7965);
#20173 = PRESENTATION_STYLE_ASSIGNMENT((#20174,#20179));
#20174 = SURFACE_STYLE_USAGE(.BOTH.,#20175);
#20175 = SURFACE_SIDE_STYLE('',(#20176));
#20176 = SURFACE_STYLE_FILL_AREA(#20177);
#20177 = FILL_AREA_STYLE('',(#20178));
#20178 = FILL_AREA_STYLE_COLOUR('',#18179);
#20179 = CURVE_STYLE('',#20180,POSITIVE_LENGTH_MEASURE(0.1),#18179);
#20180 = DRAUGHTING_PRE_DEFINED_CURVE_FONT('continuous');
#20181 = STYLED_ITEM('color',(#20182),#8053);
#20182 = PRESENTATION_STYLE_ASSIGNMENT((#20183,#20188));
#20183 = SURFACE_STYLE_USAGE(.BOTH.,#20184);
#20184 = SURFACE_SIDE_STYLE('',(#20185));
#20185 = SURFACE_STYLE_FILL_AREA(#20186);
#20186 = FILL_AREA_STYLE('',(#20187));
#20187 = FILL_AREA_STYLE_COLOUR('',#18179);
#20188 = CURVE_STYLE('',#20189,POSITIVE_LENGTH_MEASURE(0.1),#18179);
#20189 = DRAUGHTING_PRE_DEFINED_CURVE_FONT('continuous');
#20190 = STYLED_ITEM('color',(#20191),#8069);
#20191 = PRESENTATION_STYLE_ASSIGNMENT((#20192,#20197));
#20192 = SURFACE_STYLE_USAGE(.BOTH.,#20193);
#20193 = SURFACE_SIDE_STYLE('',(#20194));
#20194 = SURFACE_STYLE_FILL_AREA(#20195);
#20195 = FILL_AREA_STYLE('',(#20196));
#20196 = FILL_AREA_STYLE_COLOUR('',#18179);
#20197 = CURVE_STYLE('',#20198,POSITIVE_LENGTH_MEASURE(0.1),#18179);
#20198 = DRAUGHTING_PRE_DEFINED_CURVE_FONT('continuous');
#20199 = STYLED_ITEM('color',(#20200),#8099);
#20200 = PRESENTATION_STYLE_ASSIGNMENT((#20201,#20206));
#20201 = SURFACE_STYLE_USAGE(.BOTH.,#20202);
#20202 = SURFACE_SIDE_STYLE('',(#20203));
#20203 = SURFACE_STYLE_FILL_AREA(#20204);
#20204 = FILL_AREA_STYLE('',(#20205));
#20205 = FILL_AREA_STYLE_COLOUR('',#18306);
#20206 = CURVE_STYLE('',#20207,POSITIVE_LENGTH_MEASURE(0.1),#18306);
#20207 = DRAUGHTING_PRE_DEFINED_CURVE_FONT('continuous');
#20208 = STYLED_ITEM('color',(#20209),#8130);
#20209 = PRESENTATION_STYLE_ASSIGNMENT((#20210,#20215));
#20210 = SURFACE_STYLE_USAGE(.BOTH.,#20211);
#20211 = SURFACE_SIDE_STYLE('',(#20212));
#20212 = SURFACE_STYLE_FILL_AREA(#20213);
#20213 = FILL_AREA_STYLE('',(#20214));
#20214 = FILL_AREA_STYLE_COLOUR('',#18179);
#20215 = CURVE_STYLE('',#20216,POSITIVE_LENGTH_MEASURE(0.1),#18179);
#20216 = DRAUGHTING_PRE_DEFINED_CURVE_FONT('continuous');
#20217 = STYLED_ITEM('color',(#20218),#8161);
#20218 = PRESENTATION_STYLE_ASSIGNMENT((#20219,#20224));
#20219 = SURFACE_STYLE_USAGE(.BOTH.,#20220);
#20220 = SURFACE_SIDE_STYLE('',(#20221));
#20221 = SURFACE_STYLE_FILL_AREA(#20222);
#20222 = FILL_AREA_STYLE('',(#20223));
#20223 = FILL_AREA_STYLE_COLOUR('',#18306);
#20224 = CURVE_STYLE('',#20225,POSITIVE_LENGTH_MEASURE(0.1),#18306);
#20225 = DRAUGHTING_PRE_DEFINED_CURVE_FONT('continuous');
#20226 = STYLED_ITEM('color',(#20227),#8192);
#20227 = PRESENTATION_STYLE_ASSIGNMENT((#20228,#20233));
#20228 = SURFACE_STYLE_USAGE(.BOTH.,#20229);
#20229 = SURFACE_SIDE_STYLE('',(#20230));
#20230 = SURFACE_STYLE_FILL_AREA(#20231);
#20231 = FILL_AREA_STYLE('',(#20232));
#20232 = FILL_AREA_STYLE_COLOUR('',#18179);
#20233 = CURVE_STYLE('',#20234,POSITIVE_LENGTH_MEASURE(0.1),#18179);
#20234 = DRAUGHTING_PRE_DEFINED_CURVE_FONT('continuous');
#20235 = STYLED_ITEM('color',(#20236),#8209);
#20236 = PRESENTATION_STYLE_ASSIGNMENT((#20237,#20242));
#20237 = SURFACE_STYLE_USAGE(.BOTH.,#20238);
#20238 = SURFACE_SIDE_STYLE('',(#20239));
#20239 = SURFACE_STYLE_FILL_AREA(#20240);
#20240 = FILL_AREA_STYLE('',(#20241));
#20241 = FILL_AREA_STYLE_COLOUR('',#18179);
#20242 = CURVE_STYLE('',#20243,POSITIVE_LENGTH_MEASURE(0.1),#18179);
#20243 = DRAUGHTING_PRE_DEFINED_CURVE_FONT('continuous');
#20244 = STYLED_ITEM('color',(#20245),#8226);
#20245 = PRESENTATION_STYLE_ASSIGNMENT((#20246,#20251));
#20246 = SURFACE_STYLE_USAGE(.BOTH.,#20247);
#20247 = SURFACE_SIDE_STYLE('',(#20248));
#20248 = SURFACE_STYLE_FILL_AREA(#20249);
#20249 = FILL_AREA_STYLE('',(#20250));
#20250 = FILL_AREA_STYLE_COLOUR('',#18306);
#20251 = CURVE_STYLE('',#20252,POSITIVE_LENGTH_MEASURE(0.1),#18306);
#20252 = DRAUGHTING_PRE_DEFINED_CURVE_FONT('continuous');
#20253 = STYLED_ITEM('color',(#20254),#8257);
#20254 = PRESENTATION_STYLE_ASSIGNMENT((#20255,#20260));
#20255 = SURFACE_STYLE_USAGE(.BOTH.,#20256);
#20256 = SURFACE_SIDE_STYLE('',(#20257));
#20257 = SURFACE_STYLE_FILL_AREA(#20258);
#20258 = FILL_AREA_STYLE('',(#20259));
#20259 = FILL_AREA_STYLE_COLOUR('',#18179);
#20260 = CURVE_STYLE('',#20261,POSITIVE_LENGTH_MEASURE(0.1),#18179);
#20261 = DRAUGHTING_PRE_DEFINED_CURVE_FONT('continuous');
#20262 = STYLED_ITEM('color',(#20263),#8287);
#20263 = PRESENTATION_STYLE_ASSIGNMENT((#20264,#20269));
#20264 = SURFACE_STYLE_USAGE(.BOTH.,#20265);
#20265 = SURFACE_SIDE_STYLE('',(#20266));
#20266 = SURFACE_STYLE_FILL_AREA(#20267);
#20267 = FILL_AREA_STYLE('',(#20268));
#20268 = FILL_AREA_STYLE_COLOUR('',#18179);
#20269 = CURVE_STYLE('',#20270,POSITIVE_LENGTH_MEASURE(0.1),#18179);
#20270 = DRAUGHTING_PRE_DEFINED_CURVE_FONT('continuous');
#20271 = STYLED_ITEM('color',(#20272),#8310);
#20272 = PRESENTATION_STYLE_ASSIGNMENT((#20273,#20278));
#20273 = SURFACE_STYLE_USAGE(.BOTH.,#20274);
#20274 = SURFACE_SIDE_STYLE('',(#20275));
#20275 = SURFACE_STYLE_FILL_AREA(#20276);
#20276 = FILL_AREA_STYLE('',(#20277));
#20277 = FILL_AREA_STYLE_COLOUR('',#18179);
#20278 = CURVE_STYLE('',#20279,POSITIVE_LENGTH_MEASURE(0.1),#18179);
#20279 = DRAUGHTING_PRE_DEFINED_CURVE_FONT('continuous');
#20280 = STYLED_ITEM('color',(#20281),#8333);
#20281 = PRESENTATION_STYLE_ASSIGNMENT((#20282,#20287));
#20282 = SURFACE_STYLE_USAGE(.BOTH.,#20283);
#20283 = SURFACE_SIDE_STYLE('',(#20284));
#20284 = SURFACE_STYLE_FILL_AREA(#20285);
#20285 = FILL_AREA_STYLE('',(#20286));
#20286 = FILL_AREA_STYLE_COLOUR('',#18179);
#20287 = CURVE_STYLE('',#20288,POSITIVE_LENGTH_MEASURE(0.1),#18179);
#20288 = DRAUGHTING_PRE_DEFINED_CURVE_FONT('continuous');
#20289 = STYLED_ITEM('color',(#20290),#8350);
#20290 = PRESENTATION_STYLE_ASSIGNMENT((#20291,#20296));
#20291 = SURFACE_STYLE_USAGE(.BOTH.,#20292);
#20292 = SURFACE_SIDE_STYLE('',(#20293));
#20293 = SURFACE_STYLE_FILL_AREA(#20294);
#20294 = FILL_AREA_STYLE('',(#20295));
#20295 = FILL_AREA_STYLE_COLOUR('',#18306);
#20296 = CURVE_STYLE('',#20297,POSITIVE_LENGTH_MEASURE(0.1),#18306);
#20297 = DRAUGHTING_PRE_DEFINED_CURVE_FONT('continuous');
#20298 = STYLED_ITEM('color',(#20299),#8395);
#20299 = PRESENTATION_STYLE_ASSIGNMENT((#20300,#20305));
#20300 = SURFACE_STYLE_USAGE(.BOTH.,#20301);
#20301 = SURFACE_SIDE_STYLE('',(#20302));
#20302 = SURFACE_STYLE_FILL_AREA(#20303);
#20303 = FILL_AREA_STYLE('',(#20304));
#20304 = FILL_AREA_STYLE_COLOUR('',#18179);
#20305 = CURVE_STYLE('',#20306,POSITIVE_LENGTH_MEASURE(0.1),#18179);
#20306 = DRAUGHTING_PRE_DEFINED_CURVE_FONT('continuous');
#20307 = STYLED_ITEM('color',(#20308),#8449);
#20308 = PRESENTATION_STYLE_ASSIGNMENT((#20309,#20314));
#20309 = SURFACE_STYLE_USAGE(.BOTH.,#20310);
#20310 = SURFACE_SIDE_STYLE('',(#20311));
#20311 = SURFACE_STYLE_FILL_AREA(#20312);
#20312 = FILL_AREA_STYLE('',(#20313));
#20313 = FILL_AREA_STYLE_COLOUR('',#18179);
#20314 = CURVE_STYLE('',#20315,POSITIVE_LENGTH_MEASURE(0.1),#18179);
#20315 = DRAUGHTING_PRE_DEFINED_CURVE_FONT('continuous');
#20316 = STYLED_ITEM('color',(#20317),#8472);
#20317 = PRESENTATION_STYLE_ASSIGNMENT((#20318,#20323));
#20318 = SURFACE_STYLE_USAGE(.BOTH.,#20319);
#20319 = SURFACE_SIDE_STYLE('',(#20320));
#20320 = SURFACE_STYLE_FILL_AREA(#20321);
#20321 = FILL_AREA_STYLE('',(#20322));
#20322 = FILL_AREA_STYLE_COLOUR('',#18179);
#20323 = CURVE_STYLE('',#20324,POSITIVE_LENGTH_MEASURE(0.1),#18179);
#20324 = DRAUGHTING_PRE_DEFINED_CURVE_FONT('continuous');
#20325 = STYLED_ITEM('color',(#20326),#8495);
#20326 = PRESENTATION_STYLE_ASSIGNMENT((#20327,#20332));
#20327 = SURFACE_STYLE_USAGE(.BOTH.,#20328);
#20328 = SURFACE_SIDE_STYLE('',(#20329));
#20329 = SURFACE_STYLE_FILL_AREA(#20330);
#20330 = FILL_AREA_STYLE('',(#20331));
#20331 = FILL_AREA_STYLE_COLOUR('',#18179);
#20332 = CURVE_STYLE('',#20333,POSITIVE_LENGTH_MEASURE(0.1),#18179);
#20333 = DRAUGHTING_PRE_DEFINED_CURVE_FONT('continuous');
#20334 = STYLED_ITEM('color',(#20335),#8518);
#20335 = PRESENTATION_STYLE_ASSIGNMENT((#20336,#20341));
#20336 = SURFACE_STYLE_USAGE(.BOTH.,#20337);
#20337 = SURFACE_SIDE_STYLE('',(#20338));
#20338 = SURFACE_STYLE_FILL_AREA(#20339);
#20339 = FILL_AREA_STYLE('',(#20340));
#20340 = FILL_AREA_STYLE_COLOUR('',#18179);
#20341 = CURVE_STYLE('',#20342,POSITIVE_LENGTH_MEASURE(0.1),#18179);
#20342 = DRAUGHTING_PRE_DEFINED_CURVE_FONT('continuous');
#20343 = STYLED_ITEM('color',(#20344),#8557);
#20344 = PRESENTATION_STYLE_ASSIGNMENT((#20345,#20350));
#20345 = SURFACE_STYLE_USAGE(.BOTH.,#20346);
#20346 = SURFACE_SIDE_STYLE('',(#20347));
#20347 = SURFACE_STYLE_FILL_AREA(#20348);
#20348 = FILL_AREA_STYLE('',(#20349));
#20349 = FILL_AREA_STYLE_COLOUR('',#18306);
#20350 = CURVE_STYLE('',#20351,POSITIVE_LENGTH_MEASURE(0.1),#18306);
#20351 = DRAUGHTING_PRE_DEFINED_CURVE_FONT('continuous');
#20352 = STYLED_ITEM('color',(#20353),#8595);
#20353 = PRESENTATION_STYLE_ASSIGNMENT((#20354,#20359));
#20354 = SURFACE_STYLE_USAGE(.BOTH.,#20355);
#20355 = SURFACE_SIDE_STYLE('',(#20356));
#20356 = SURFACE_STYLE_FILL_AREA(#20357);
#20357 = FILL_AREA_STYLE('',(#20358));
#20358 = FILL_AREA_STYLE_COLOUR('',#18179);
#20359 = CURVE_STYLE('',#20360,POSITIVE_LENGTH_MEASURE(0.1),#18179);
#20360 = DRAUGHTING_PRE_DEFINED_CURVE_FONT('continuous');
#20361 = STYLED_ITEM('color',(#20362),#8639);
#20362 = PRESENTATION_STYLE_ASSIGNMENT((#20363,#20368));
#20363 = SURFACE_STYLE_USAGE(.BOTH.,#20364);
#20364 = SURFACE_SIDE_STYLE('',(#20365));
#20365 = SURFACE_STYLE_FILL_AREA(#20366);
#20366 = FILL_AREA_STYLE('',(#20367));
#20367 = FILL_AREA_STYLE_COLOUR('',#18306);
#20368 = CURVE_STYLE('',#20369,POSITIVE_LENGTH_MEASURE(0.1),#18306);
#20369 = DRAUGHTING_PRE_DEFINED_CURVE_FONT('continuous');
#20370 = STYLED_ITEM('color',(#20371),#8731);
#20371 = PRESENTATION_STYLE_ASSIGNMENT((#20372,#20377));
#20372 = SURFACE_STYLE_USAGE(.BOTH.,#20373);
#20373 = SURFACE_SIDE_STYLE('',(#20374));
#20374 = SURFACE_STYLE_FILL_AREA(#20375);
#20375 = FILL_AREA_STYLE('',(#20376));
#20376 = FILL_AREA_STYLE_COLOUR('',#18306);
#20377 = CURVE_STYLE('',#20378,POSITIVE_LENGTH_MEASURE(0.1),#18306);
#20378 = DRAUGHTING_PRE_DEFINED_CURVE_FONT('continuous');
#20379 = STYLED_ITEM('color',(#20380),#8756);
#20380 = PRESENTATION_STYLE_ASSIGNMENT((#20381,#20386));
#20381 = SURFACE_STYLE_USAGE(.BOTH.,#20382);
#20382 = SURFACE_SIDE_STYLE('',(#20383));
#20383 = SURFACE_STYLE_FILL_AREA(#20384);
#20384 = FILL_AREA_STYLE('',(#20385));
#20385 = FILL_AREA_STYLE_COLOUR('',#18306);
#20386 = CURVE_STYLE('',#20387,POSITIVE_LENGTH_MEASURE(0.1),#18306);
#20387 = DRAUGHTING_PRE_DEFINED_CURVE_FONT('continuous');
#20388 = STYLED_ITEM('color',(#20389),#8840);
#20389 = PRESENTATION_STYLE_ASSIGNMENT((#20390,#20395));
#20390 = SURFACE_STYLE_USAGE(.BOTH.,#20391);
#20391 = SURFACE_SIDE_STYLE('',(#20392));
#20392 = SURFACE_STYLE_FILL_AREA(#20393);
#20393 = FILL_AREA_STYLE('',(#20394));
#20394 = FILL_AREA_STYLE_COLOUR('',#18179);
#20395 = CURVE_STYLE('',#20396,POSITIVE_LENGTH_MEASURE(0.1),#18179);
#20396 = DRAUGHTING_PRE_DEFINED_CURVE_FONT('continuous');
#20397 = STYLED_ITEM('color',(#20398),#8857);
#20398 = PRESENTATION_STYLE_ASSIGNMENT((#20399,#20404));
#20399 = SURFACE_STYLE_USAGE(.BOTH.,#20400);
#20400 = SURFACE_SIDE_STYLE('',(#20401));
#20401 = SURFACE_STYLE_FILL_AREA(#20402);
#20402 = FILL_AREA_STYLE('',(#20403));
#20403 = FILL_AREA_STYLE_COLOUR('',#18306);
#20404 = CURVE_STYLE('',#20405,POSITIVE_LENGTH_MEASURE(0.1),#18306);
#20405 = DRAUGHTING_PRE_DEFINED_CURVE_FONT('continuous');
#20406 = STYLED_ITEM('color',(#20407),#8942);
#20407 = PRESENTATION_STYLE_ASSIGNMENT((#20408,#20413));
#20408 = SURFACE_STYLE_USAGE(.BOTH.,#20409);
#20409 = SURFACE_SIDE_STYLE('',(#20410));
#20410 = SURFACE_STYLE_FILL_AREA(#20411);
#20411 = FILL_AREA_STYLE('',(#20412));
#20412 = FILL_AREA_STYLE_COLOUR('',#18306);
#20413 = CURVE_STYLE('',#20414,POSITIVE_LENGTH_MEASURE(0.1),#18306);
#20414 = DRAUGHTING_PRE_DEFINED_CURVE_FONT('continuous');
#20415 = STYLED_ITEM('color',(#20416),#8967);
#20416 = PRESENTATION_STYLE_ASSIGNMENT((#20417,#20422));
#20417 = SURFACE_STYLE_USAGE(.BOTH.,#20418);
#20418 = SURFACE_SIDE_STYLE('',(#20419));
#20419 = SURFACE_STYLE_FILL_AREA(#20420);
#20420 = FILL_AREA_STYLE('',(#20421));
#20421 = FILL_AREA_STYLE_COLOUR('',#18306);
#20422 = CURVE_STYLE('',#20423,POSITIVE_LENGTH_MEASURE(0.1),#18306);
#20423 = DRAUGHTING_PRE_DEFINED_CURVE_FONT('continuous');
#20424 = STYLED_ITEM('color',(#20425),#9044);
#20425 = PRESENTATION_STYLE_ASSIGNMENT((#20426,#20431));
#20426 = SURFACE_STYLE_USAGE(.BOTH.,#20427);
#20427 = SURFACE_SIDE_STYLE('',(#20428));
#20428 = SURFACE_STYLE_FILL_AREA(#20429);
#20429 = FILL_AREA_STYLE('',(#20430));
#20430 = FILL_AREA_STYLE_COLOUR('',#18306);
#20431 = CURVE_STYLE('',#20432,POSITIVE_LENGTH_MEASURE(0.1),#18306);
#20432 = DRAUGHTING_PRE_DEFINED_CURVE_FONT('continuous');
#20433 = STYLED_ITEM('color',(#20434),#9129);
#20434 = PRESENTATION_STYLE_ASSIGNMENT((#20435,#20440));
#20435 = SURFACE_STYLE_USAGE(.BOTH.,#20436);
#20436 = SURFACE_SIDE_STYLE('',(#20437));
#20437 = SURFACE_STYLE_FILL_AREA(#20438);
#20438 = FILL_AREA_STYLE('',(#20439));
#20439 = FILL_AREA_STYLE_COLOUR('',#18306);
#20440 = CURVE_STYLE('',#20441,POSITIVE_LENGTH_MEASURE(0.1),#18306);
#20441 = DRAUGHTING_PRE_DEFINED_CURVE_FONT('continuous');
#20442 = STYLED_ITEM('color',(#20443),#9154);
#20443 = PRESENTATION_STYLE_ASSIGNMENT((#20444,#20449));
#20444 = SURFACE_STYLE_USAGE(.BOTH.,#20445);
#20445 = SURFACE_SIDE_STYLE('',(#20446));
#20446 = SURFACE_STYLE_FILL_AREA(#20447);
#20447 = FILL_AREA_STYLE('',(#20448));
#20448 = FILL_AREA_STYLE_COLOUR('',#18306);
#20449 = CURVE_STYLE('',#20450,POSITIVE_LENGTH_MEASURE(0.1),#18306);
#20450 = DRAUGHTING_PRE_DEFINED_CURVE_FONT('continuous');
#20451 = STYLED_ITEM('color',(#20452),#9231);
#20452 = PRESENTATION_STYLE_ASSIGNMENT((#20453,#20458));
#20453 = SURFACE_STYLE_USAGE(.BOTH.,#20454);
#20454 = SURFACE_SIDE_STYLE('',(#20455));
#20455 = SURFACE_STYLE_FILL_AREA(#20456);
#20456 = FILL_AREA_STYLE('',(#20457));
#20457 = FILL_AREA_STYLE_COLOUR('',#18306);
#20458 = CURVE_STYLE('',#20459,POSITIVE_LENGTH_MEASURE(0.1),#18306);
#20459 = DRAUGHTING_PRE_DEFINED_CURVE_FONT('continuous');
#20460 = STYLED_ITEM('color',(#20461),#9248);
#20461 = PRESENTATION_STYLE_ASSIGNMENT((#20462,#20467));
#20462 = SURFACE_STYLE_USAGE(.BOTH.,#20463);
#20463 = SURFACE_SIDE_STYLE('',(#20464));
#20464 = SURFACE_STYLE_FILL_AREA(#20465);
#20465 = FILL_AREA_STYLE('',(#20466));
#20466 = FILL_AREA_STYLE_COLOUR('',#18306);
#20467 = CURVE_STYLE('',#20468,POSITIVE_LENGTH_MEASURE(0.1),#18306);
#20468 = DRAUGHTING_PRE_DEFINED_CURVE_FONT('continuous');
#20469 = STYLED_ITEM('color',(#20470),#9267);
#20470 = PRESENTATION_STYLE_ASSIGNMENT((#20471,#20476));
#20471 = SURFACE_STYLE_USAGE(.BOTH.,#20472);
#20472 = SURFACE_SIDE_STYLE('',(#20473));
#20473 = SURFACE_STYLE_FILL_AREA(#20474);
#20474 = FILL_AREA_STYLE('',(#20475));
#20475 = FILL_AREA_STYLE_COLOUR('',#18179);
#20476 = CURVE_STYLE('',#20477,POSITIVE_LENGTH_MEASURE(0.1),#18179);
#20477 = DRAUGHTING_PRE_DEFINED_CURVE_FONT('continuous');
#20478 = STYLED_ITEM('color',(#20479),#9313);
#20479 = PRESENTATION_STYLE_ASSIGNMENT((#20480,#20485));
#20480 = SURFACE_STYLE_USAGE(.BOTH.,#20481);
#20481 = SURFACE_SIDE_STYLE('',(#20482));
#20482 = SURFACE_STYLE_FILL_AREA(#20483);
#20483 = FILL_AREA_STYLE('',(#20484));
#20484 = FILL_AREA_STYLE_COLOUR('',#18179);
#20485 = CURVE_STYLE('',#20486,POSITIVE_LENGTH_MEASURE(0.1),#18179);
#20486 = DRAUGHTING_PRE_DEFINED_CURVE_FONT('continuous');
#20487 = STYLED_ITEM('color',(#20488),#9329);
#20488 = PRESENTATION_STYLE_ASSIGNMENT((#20489,#20494));
#20489 = SURFACE_STYLE_USAGE(.BOTH.,#20490);
#20490 = SURFACE_SIDE_STYLE('',(#20491));
#20491 = SURFACE_STYLE_FILL_AREA(#20492);
#20492 = FILL_AREA_STYLE('',(#20493));
#20493 = FILL_AREA_STYLE_COLOUR('',#18179);
#20494 = CURVE_STYLE('',#20495,POSITIVE_LENGTH_MEASURE(0.1),#18179);
#20495 = DRAUGHTING_PRE_DEFINED_CURVE_FONT('continuous');
#20496 = STYLED_ITEM('color',(#20497),#9345);
#20497 = PRESENTATION_STYLE_ASSIGNMENT((#20498,#20503));
#20498 = SURFACE_STYLE_USAGE(.BOTH.,#20499);
#20499 = SURFACE_SIDE_STYLE('',(#20500));
#20500 = SURFACE_STYLE_FILL_AREA(#20501);
#20501 = FILL_AREA_STYLE('',(#20502));
#20502 = FILL_AREA_STYLE_COLOUR('',#18306);
#20503 = CURVE_STYLE('',#20504,POSITIVE_LENGTH_MEASURE(0.1),#18306);
#20504 = DRAUGHTING_PRE_DEFINED_CURVE_FONT('continuous');
#20505 = STYLED_ITEM('color',(#20506),#9362);
#20506 = PRESENTATION_STYLE_ASSIGNMENT((#20507,#20512));
#20507 = SURFACE_STYLE_USAGE(.BOTH.,#20508);
#20508 = SURFACE_SIDE_STYLE('',(#20509));
#20509 = SURFACE_STYLE_FILL_AREA(#20510);
#20510 = FILL_AREA_STYLE('',(#20511));
#20511 = FILL_AREA_STYLE_COLOUR('',#18179);
#20512 = CURVE_STYLE('',#20513,POSITIVE_LENGTH_MEASURE(0.1),#18179);
#20513 = DRAUGHTING_PRE_DEFINED_CURVE_FONT('continuous');
#20514 = STYLED_ITEM('color',(#20515),#9374);
#20515 = PRESENTATION_STYLE_ASSIGNMENT((#20516,#20521));
#20516 = SURFACE_STYLE_USAGE(.BOTH.,#20517);
#20517 = SURFACE_SIDE_STYLE('',(#20518));
#20518 = SURFACE_STYLE_FILL_AREA(#20519);
#20519 = FILL_AREA_STYLE('',(#20520));
#20520 = FILL_AREA_STYLE_COLOUR('',#18306);
#20521 = CURVE_STYLE('',#20522,POSITIVE_LENGTH_MEASURE(0.1),#18306);
#20522 = DRAUGHTING_PRE_DEFINED_CURVE_FONT('continuous');
#20523 = STYLED_ITEM('color',(#20524),#9391);
#20524 = PRESENTATION_STYLE_ASSIGNMENT((#20525,#20530));
#20525 = SURFACE_STYLE_USAGE(.BOTH.,#20526);
#20526 = SURFACE_SIDE_STYLE('',(#20527));
#20527 = SURFACE_STYLE_FILL_AREA(#20528);
#20528 = FILL_AREA_STYLE('',(#20529));
#20529 = FILL_AREA_STYLE_COLOUR('',#18306);
#20530 = CURVE_STYLE('',#20531,POSITIVE_LENGTH_MEASURE(0.1),#18306);
#20531 = DRAUGHTING_PRE_DEFINED_CURVE_FONT('continuous');
#20532 = STYLED_ITEM('color',(#20533),#9408);
#20533 = PRESENTATION_STYLE_ASSIGNMENT((#20534,#20539));
#20534 = SURFACE_STYLE_USAGE(.BOTH.,#20535);
#20535 = SURFACE_SIDE_STYLE('',(#20536));
#20536 = SURFACE_STYLE_FILL_AREA(#20537);
#20537 = FILL_AREA_STYLE('',(#20538));
#20538 = FILL_AREA_STYLE_COLOUR('',#18306);
#20539 = CURVE_STYLE('',#20540,POSITIVE_LENGTH_MEASURE(0.1),#18306);
#20540 = DRAUGHTING_PRE_DEFINED_CURVE_FONT('continuous');
#20541 = STYLED_ITEM('color',(#20542),#9425);
#20542 = PRESENTATION_STYLE_ASSIGNMENT((#20543,#20548));
#20543 = SURFACE_STYLE_USAGE(.BOTH.,#20544);
#20544 = SURFACE_SIDE_STYLE('',(#20545));
#20545 = SURFACE_STYLE_FILL_AREA(#20546);
#20546 = FILL_AREA_STYLE('',(#20547));
#20547 = FILL_AREA_STYLE_COLOUR('',#18306);
#20548 = CURVE_STYLE('',#20549,POSITIVE_LENGTH_MEASURE(0.1),#18306);
#20549 = DRAUGHTING_PRE_DEFINED_CURVE_FONT('continuous');
#20550 = STYLED_ITEM('color',(#20551),#9442);
#20551 = PRESENTATION_STYLE_ASSIGNMENT((#20552,#20557));
#20552 = SURFACE_STYLE_USAGE(.BOTH.,#20553);
#20553 = SURFACE_SIDE_STYLE('',(#20554));
#20554 = SURFACE_STYLE_FILL_AREA(#20555);
#20555 = FILL_AREA_STYLE('',(#20556));
#20556 = FILL_AREA_STYLE_COLOUR('',#18306);
#20557 = CURVE_STYLE('',#20558,POSITIVE_LENGTH_MEASURE(0.1),#18306);
#20558 = DRAUGHTING_PRE_DEFINED_CURVE_FONT('continuous');
#20559 = STYLED_ITEM('color',(#20560),#9459);
#20560 = PRESENTATION_STYLE_ASSIGNMENT((#20561,#20566));
#20561 = SURFACE_STYLE_USAGE(.BOTH.,#20562);
#20562 = SURFACE_SIDE_STYLE('',(#20563));
#20563 = SURFACE_STYLE_FILL_AREA(#20564);
#20564 = FILL_AREA_STYLE('',(#20565));
#20565 = FILL_AREA_STYLE_COLOUR('',#18306);
#20566 = CURVE_STYLE('',#20567,POSITIVE_LENGTH_MEASURE(0.1),#18306);
#20567 = DRAUGHTING_PRE_DEFINED_CURVE_FONT('continuous');
#20568 = STYLED_ITEM('color',(#20569),#9476);
#20569 = PRESENTATION_STYLE_ASSIGNMENT((#20570,#20575));
#20570 = SURFACE_STYLE_USAGE(.BOTH.,#20571);
#20571 = SURFACE_SIDE_STYLE('',(#20572));
#20572 = SURFACE_STYLE_FILL_AREA(#20573);
#20573 = FILL_AREA_STYLE('',(#20574));
#20574 = FILL_AREA_STYLE_COLOUR('',#18306);
#20575 = CURVE_STYLE('',#20576,POSITIVE_LENGTH_MEASURE(0.1),#18306);
#20576 = DRAUGHTING_PRE_DEFINED_CURVE_FONT('continuous');
#20577 = STYLED_ITEM('color',(#20578),#9493);
#20578 = PRESENTATION_STYLE_ASSIGNMENT((#20579,#20584));
#20579 = SURFACE_STYLE_USAGE(.BOTH.,#20580);
#20580 = SURFACE_SIDE_STYLE('',(#20581));
#20581 = SURFACE_STYLE_FILL_AREA(#20582);
#20582 = FILL_AREA_STYLE('',(#20583));
#20583 = FILL_AREA_STYLE_COLOUR('',#18306);
#20584 = CURVE_STYLE('',#20585,POSITIVE_LENGTH_MEASURE(0.1),#18306);
#20585 = DRAUGHTING_PRE_DEFINED_CURVE_FONT('continuous');
#20586 = STYLED_ITEM('color',(#20587),#9505);
#20587 = PRESENTATION_STYLE_ASSIGNMENT((#20588,#20593));
#20588 = SURFACE_STYLE_USAGE(.BOTH.,#20589);
#20589 = SURFACE_SIDE_STYLE('',(#20590));
#20590 = SURFACE_STYLE_FILL_AREA(#20591);
#20591 = FILL_AREA_STYLE('',(#20592));
#20592 = FILL_AREA_STYLE_COLOUR('',#18306);
#20593 = CURVE_STYLE('',#20594,POSITIVE_LENGTH_MEASURE(0.1),#18306);
#20594 = DRAUGHTING_PRE_DEFINED_CURVE_FONT('continuous');
#20595 = STYLED_ITEM('color',(#20596),#9522);
#20596 = PRESENTATION_STYLE_ASSIGNMENT((#20597,#20602));
#20597 = SURFACE_STYLE_USAGE(.BOTH.,#20598);
#20598 = SURFACE_SIDE_STYLE('',(#20599));
#20599 = SURFACE_STYLE_FILL_AREA(#20600);
#20600 = FILL_AREA_STYLE('',(#20601));
#20601 = FILL_AREA_STYLE_COLOUR('',#18306);
#20602 = CURVE_STYLE('',#20603,POSITIVE_LENGTH_MEASURE(0.1),#18306);
#20603 = DRAUGHTING_PRE_DEFINED_CURVE_FONT('continuous');
#20604 = STYLED_ITEM('color',(#20605),#9539);
#20605 = PRESENTATION_STYLE_ASSIGNMENT((#20606,#20611));
#20606 = SURFACE_STYLE_USAGE(.BOTH.,#20607);
#20607 = SURFACE_SIDE_STYLE('',(#20608));
#20608 = SURFACE_STYLE_FILL_AREA(#20609);
#20609 = FILL_AREA_STYLE('',(#20610));
#20610 = FILL_AREA_STYLE_COLOUR('',#18306);
#20611 = CURVE_STYLE('',#20612,POSITIVE_LENGTH_MEASURE(0.1),#18306);
#20612 = DRAUGHTING_PRE_DEFINED_CURVE_FONT('continuous');
#20613 = STYLED_ITEM('color',(#20614),#9556);
#20614 = PRESENTATION_STYLE_ASSIGNMENT((#20615,#20620));
#20615 = SURFACE_STYLE_USAGE(.BOTH.,#20616);
#20616 = SURFACE_SIDE_STYLE('',(#20617));
#20617 = SURFACE_STYLE_FILL_AREA(#20618);
#20618 = FILL_AREA_STYLE('',(#20619));
#20619 = FILL_AREA_STYLE_COLOUR('',#18306);
#20620 = CURVE_STYLE('',#20621,POSITIVE_LENGTH_MEASURE(0.1),#18306);
#20621 = DRAUGHTING_PRE_DEFINED_CURVE_FONT('continuous');
#20622 = STYLED_ITEM('color',(#20623),#9573);
#20623 = PRESENTATION_STYLE_ASSIGNMENT((#20624,#20629));
#20624 = SURFACE_STYLE_USAGE(.BOTH.,#20625);
#20625 = SURFACE_SIDE_STYLE('',(#20626));
#20626 = SURFACE_STYLE_FILL_AREA(#20627);
#20627 = FILL_AREA_STYLE('',(#20628));
#20628 = FILL_AREA_STYLE_COLOUR('',#18306);
#20629 = CURVE_STYLE('',#20630,POSITIVE_LENGTH_MEASURE(0.1),#18306);
#20630 = DRAUGHTING_PRE_DEFINED_CURVE_FONT('continuous');
#20631 = STYLED_ITEM('color',(#20632),#9590);
#20632 = PRESENTATION_STYLE_ASSIGNMENT((#20633,#20638));
#20633 = SURFACE_STYLE_USAGE(.BOTH.,#20634);
#20634 = SURFACE_SIDE_STYLE('',(#20635));
#20635 = SURFACE_STYLE_FILL_AREA(#20636);
#20636 = FILL_AREA_STYLE('',(#20637));
#20637 = FILL_AREA_STYLE_COLOUR('',#18306);
#20638 = CURVE_STYLE('',#20639,POSITIVE_LENGTH_MEASURE(0.1),#18306);
#20639 = DRAUGHTING_PRE_DEFINED_CURVE_FONT('continuous');
#20640 = STYLED_ITEM('color',(#20641),#9607);
#20641 = PRESENTATION_STYLE_ASSIGNMENT((#20642,#20647));
#20642 = SURFACE_STYLE_USAGE(.BOTH.,#20643);
#20643 = SURFACE_SIDE_STYLE('',(#20644));
#20644 = SURFACE_STYLE_FILL_AREA(#20645);
#20645 = FILL_AREA_STYLE('',(#20646));
#20646 = FILL_AREA_STYLE_COLOUR('',#18306);
#20647 = CURVE_STYLE('',#20648,POSITIVE_LENGTH_MEASURE(0.1),#18306);
#20648 = DRAUGHTING_PRE_DEFINED_CURVE_FONT('continuous');
#20649 = STYLED_ITEM('color',(#20650),#9619);
#20650 = PRESENTATION_STYLE_ASSIGNMENT((#20651,#20656));
#20651 = SURFACE_STYLE_USAGE(.BOTH.,#20652);
#20652 = SURFACE_SIDE_STYLE('',(#20653));
#20653 = SURFACE_STYLE_FILL_AREA(#20654);
#20654 = FILL_AREA_STYLE('',(#20655));
#20655 = FILL_AREA_STYLE_COLOUR('',#18306);
#20656 = CURVE_STYLE('',#20657,POSITIVE_LENGTH_MEASURE(0.1),#18306);
#20657 = DRAUGHTING_PRE_DEFINED_CURVE_FONT('continuous');
#20658 = STYLED_ITEM('color',(#20659),#9636);
#20659 = PRESENTATION_STYLE_ASSIGNMENT((#20660,#20665));
#20660 = SURFACE_STYLE_USAGE(.BOTH.,#20661);
#20661 = SURFACE_SIDE_STYLE('',(#20662));
#20662 = SURFACE_STYLE_FILL_AREA(#20663);
#20663 = FILL_AREA_STYLE('',(#20664));
#20664 = FILL_AREA_STYLE_COLOUR('',#18306);
#20665 = CURVE_STYLE('',#20666,POSITIVE_LENGTH_MEASURE(0.1),#18306);
#20666 = DRAUGHTING_PRE_DEFINED_CURVE_FONT('continuous');
#20667 = STYLED_ITEM('color',(#20668),#9653);
#20668 = PRESENTATION_STYLE_ASSIGNMENT((#20669,#20674));
#20669 = SURFACE_STYLE_USAGE(.BOTH.,#20670);
#20670 = SURFACE_SIDE_STYLE('',(#20671));
#20671 = SURFACE_STYLE_FILL_AREA(#20672);
#20672 = FILL_AREA_STYLE('',(#20673));
#20673 = FILL_AREA_STYLE_COLOUR('',#18306);
#20674 = CURVE_STYLE('',#20675,POSITIVE_LENGTH_MEASURE(0.1),#18306);
#20675 = DRAUGHTING_PRE_DEFINED_CURVE_FONT('continuous');
#20676 = STYLED_ITEM('color',(#20677),#9670);
#20677 = PRESENTATION_STYLE_ASSIGNMENT((#20678,#20683));
#20678 = SURFACE_STYLE_USAGE(.BOTH.,#20679);
#20679 = SURFACE_SIDE_STYLE('',(#20680));
#20680 = SURFACE_STYLE_FILL_AREA(#20681);
#20681 = FILL_AREA_STYLE('',(#20682));
#20682 = FILL_AREA_STYLE_COLOUR('',#18306);
#20683 = CURVE_STYLE('',#20684,POSITIVE_LENGTH_MEASURE(0.1),#18306);
#20684 = DRAUGHTING_PRE_DEFINED_CURVE_FONT('continuous');
#20685 = STYLED_ITEM('color',(#20686),#9687);
#20686 = PRESENTATION_STYLE_ASSIGNMENT((#20687,#20692));
#20687 = SURFACE_STYLE_USAGE(.BOTH.,#20688);
#20688 = SURFACE_SIDE_STYLE('',(#20689));
#20689 = SURFACE_STYLE_FILL_AREA(#20690);
#20690 = FILL_AREA_STYLE('',(#20691));
#20691 = FILL_AREA_STYLE_COLOUR('',#18306);
#20692 = CURVE_STYLE('',#20693,POSITIVE_LENGTH_MEASURE(0.1),#18306);
#20693 = DRAUGHTING_PRE_DEFINED_CURVE_FONT('continuous');
#20694 = STYLED_ITEM('color',(#20695),#9704);
#20695 = PRESENTATION_STYLE_ASSIGNMENT((#20696,#20701));
#20696 = SURFACE_STYLE_USAGE(.BOTH.,#20697);
#20697 = SURFACE_SIDE_STYLE('',(#20698));
#20698 = SURFACE_STYLE_FILL_AREA(#20699);
#20699 = FILL_AREA_STYLE('',(#20700));
#20700 = FILL_AREA_STYLE_COLOUR('',#18306);
#20701 = CURVE_STYLE('',#20702,POSITIVE_LENGTH_MEASURE(0.1),#18306);
#20702 = DRAUGHTING_PRE_DEFINED_CURVE_FONT('continuous');
#20703 = STYLED_ITEM('color',(#20704),#9721);
#20704 = PRESENTATION_STYLE_ASSIGNMENT((#20705,#20710));
#20705 = SURFACE_STYLE_USAGE(.BOTH.,#20706);
#20706 = SURFACE_SIDE_STYLE('',(#20707));
#20707 = SURFACE_STYLE_FILL_AREA(#20708);
#20708 = FILL_AREA_STYLE('',(#20709));
#20709 = FILL_AREA_STYLE_COLOUR('',#18306);
#20710 = CURVE_STYLE('',#20711,POSITIVE_LENGTH_MEASURE(0.1),#18306);
#20711 = DRAUGHTING_PRE_DEFINED_CURVE_FONT('continuous');
#20712 = STYLED_ITEM('color',(#20713),#9733);
#20713 = PRESENTATION_STYLE_ASSIGNMENT((#20714,#20719));
#20714 = SURFACE_STYLE_USAGE(.BOTH.,#20715);
#20715 = SURFACE_SIDE_STYLE('',(#20716));
#20716 = SURFACE_STYLE_FILL_AREA(#20717);
#20717 = FILL_AREA_STYLE('',(#20718));
#20718 = FILL_AREA_STYLE_COLOUR('',#19090);
#20719 = CURVE_STYLE('',#20720,POSITIVE_LENGTH_MEASURE(0.1),#19090);
#20720 = DRAUGHTING_PRE_DEFINED_CURVE_FONT('continuous');
#20721 = MECHANICAL_DESIGN_GEOMETRIC_PRESENTATION_REPRESENTATION('',(
    #20722,#20729,#20736,#20743,#20750,#20757,#20764,#20771,#20779,
    #20786,#20793,#20800,#20807,#20814,#20822,#20829,#20836,#20843,
    #20850,#20857,#20864,#20871,#20878,#20885,#20892,#20899),#10561);
#20722 = STYLED_ITEM('color',(#20723),#9773);
#20723 = PRESENTATION_STYLE_ASSIGNMENT((#20724));
#20724 = SURFACE_STYLE_USAGE(.BOTH.,#20725);
#20725 = SURFACE_SIDE_STYLE('',(#20726));
#20726 = SURFACE_STYLE_FILL_AREA(#20727);
#20727 = FILL_AREA_STYLE('',(#20728));
#20728 = FILL_AREA_STYLE_COLOUR('',#18306);
#20729 = STYLED_ITEM('color',(#20730),#9813);
#20730 = PRESENTATION_STYLE_ASSIGNMENT((#20731));
#20731 = SURFACE_STYLE_USAGE(.BOTH.,#20732);
#20732 = SURFACE_SIDE_STYLE('',(#20733));
#20733 = SURFACE_STYLE_FILL_AREA(#20734);
#20734 = FILL_AREA_STYLE('',(#20735));
#20735 = FILL_AREA_STYLE_COLOUR('',#18306);
#20736 = STYLED_ITEM('color',(#20737),#9896);
#20737 = PRESENTATION_STYLE_ASSIGNMENT((#20738));
#20738 = SURFACE_STYLE_USAGE(.BOTH.,#20739);
#20739 = SURFACE_SIDE_STYLE('',(#20740));
#20740 = SURFACE_STYLE_FILL_AREA(#20741);
#20741 = FILL_AREA_STYLE('',(#20742));
#20742 = FILL_AREA_STYLE_COLOUR('',#18306);
#20743 = STYLED_ITEM('color',(#20744),#9921);
#20744 = PRESENTATION_STYLE_ASSIGNMENT((#20745));
#20745 = SURFACE_STYLE_USAGE(.BOTH.,#20746);
#20746 = SURFACE_SIDE_STYLE('',(#20747));
#20747 = SURFACE_STYLE_FILL_AREA(#20748);
#20748 = FILL_AREA_STYLE('',(#20749));
#20749 = FILL_AREA_STYLE_COLOUR('',#18306);
#20750 = STYLED_ITEM('color',(#20751),#9946);
#20751 = PRESENTATION_STYLE_ASSIGNMENT((#20752));
#20752 = SURFACE_STYLE_USAGE(.BOTH.,#20753);
#20753 = SURFACE_SIDE_STYLE('',(#20754));
#20754 = SURFACE_STYLE_FILL_AREA(#20755);
#20755 = FILL_AREA_STYLE('',(#20756));
#20756 = FILL_AREA_STYLE_COLOUR('',#18306);
#20757 = STYLED_ITEM('color',(#20758),#10013);
#20758 = PRESENTATION_STYLE_ASSIGNMENT((#20759));
#20759 = SURFACE_STYLE_USAGE(.BOTH.,#20760);
#20760 = SURFACE_SIDE_STYLE('',(#20761));
#20761 = SURFACE_STYLE_FILL_AREA(#20762);
#20762 = FILL_AREA_STYLE('',(#20763));
#20763 = FILL_AREA_STYLE_COLOUR('',#18306);
#20764 = STYLED_ITEM('color',(#20765),#10030);
#20765 = PRESENTATION_STYLE_ASSIGNMENT((#20766));
#20766 = SURFACE_STYLE_USAGE(.BOTH.,#20767);
#20767 = SURFACE_SIDE_STYLE('',(#20768));
#20768 = SURFACE_STYLE_FILL_AREA(#20769);
#20769 = FILL_AREA_STYLE('',(#20770));
#20770 = FILL_AREA_STYLE_COLOUR('',#18306);
#20771 = STYLED_ITEM('color',(#20772),#10047);
#20772 = PRESENTATION_STYLE_ASSIGNMENT((#20773));
#20773 = SURFACE_STYLE_USAGE(.BOTH.,#20774);
#20774 = SURFACE_SIDE_STYLE('',(#20775));
#20775 = SURFACE_STYLE_FILL_AREA(#20776);
#20776 = FILL_AREA_STYLE('',(#20777));
#20777 = FILL_AREA_STYLE_COLOUR('',#20778);
#20778 = COLOUR_RGB('',0.894999966383,0.890999961016,0.813000030345);
#20779 = STYLED_ITEM('color',(#20780),#10096);
#20780 = PRESENTATION_STYLE_ASSIGNMENT((#20781));
#20781 = SURFACE_STYLE_USAGE(.BOTH.,#20782);
#20782 = SURFACE_SIDE_STYLE('',(#20783));
#20783 = SURFACE_STYLE_FILL_AREA(#20784);
#20784 = FILL_AREA_STYLE('',(#20785));
#20785 = FILL_AREA_STYLE_COLOUR('',#18306);
#20786 = STYLED_ITEM('color',(#20787),#10113);
#20787 = PRESENTATION_STYLE_ASSIGNMENT((#20788));
#20788 = SURFACE_STYLE_USAGE(.BOTH.,#20789);
#20789 = SURFACE_SIDE_STYLE('',(#20790));
#20790 = SURFACE_STYLE_FILL_AREA(#20791);
#20791 = FILL_AREA_STYLE('',(#20792));
#20792 = FILL_AREA_STYLE_COLOUR('',#18306);
#20793 = STYLED_ITEM('color',(#20794),#10130);
#20794 = PRESENTATION_STYLE_ASSIGNMENT((#20795));
#20795 = SURFACE_STYLE_USAGE(.BOTH.,#20796);
#20796 = SURFACE_SIDE_STYLE('',(#20797));
#20797 = SURFACE_STYLE_FILL_AREA(#20798);
#20798 = FILL_AREA_STYLE('',(#20799));
#20799 = FILL_AREA_STYLE_COLOUR('',#20778);
#20800 = STYLED_ITEM('color',(#20801),#10179);
#20801 = PRESENTATION_STYLE_ASSIGNMENT((#20802));
#20802 = SURFACE_STYLE_USAGE(.BOTH.,#20803);
#20803 = SURFACE_SIDE_STYLE('',(#20804));
#20804 = SURFACE_STYLE_FILL_AREA(#20805);
#20805 = FILL_AREA_STYLE('',(#20806));
#20806 = FILL_AREA_STYLE_COLOUR('',#20778);
#20807 = STYLED_ITEM('color',(#20808),#10196);
#20808 = PRESENTATION_STYLE_ASSIGNMENT((#20809));
#20809 = SURFACE_STYLE_USAGE(.BOTH.,#20810);
#20810 = SURFACE_SIDE_STYLE('',(#20811));
#20811 = SURFACE_STYLE_FILL_AREA(#20812);
#20812 = FILL_AREA_STYLE('',(#20813));
#20813 = FILL_AREA_STYLE_COLOUR('',#18306);
#20814 = STYLED_ITEM('color',(#20815),#10265);
#20815 = PRESENTATION_STYLE_ASSIGNMENT((#20816));
#20816 = SURFACE_STYLE_USAGE(.BOTH.,#20817);
#20817 = SURFACE_SIDE_STYLE('',(#20818));
#20818 = SURFACE_STYLE_FILL_AREA(#20819);
#20819 = FILL_AREA_STYLE('',(#20820));
#20820 = FILL_AREA_STYLE_COLOUR('',#20821);
#20821 = COLOUR_RGB('',8.200000279077E-02,8.600000121357E-02,
  9.399999706163E-02);
#20822 = STYLED_ITEM('color',(#20823),#10296);
#20823 = PRESENTATION_STYLE_ASSIGNMENT((#20824));
#20824 = SURFACE_STYLE_USAGE(.BOTH.,#20825);
#20825 = SURFACE_SIDE_STYLE('',(#20826));
#20826 = SURFACE_STYLE_FILL_AREA(#20827);
#20827 = FILL_AREA_STYLE('',(#20828));
#20828 = FILL_AREA_STYLE_COLOUR('',#20821);
#20829 = STYLED_ITEM('color',(#20830),#10320);
#20830 = PRESENTATION_STYLE_ASSIGNMENT((#20831));
#20831 = SURFACE_STYLE_USAGE(.BOTH.,#20832);
#20832 = SURFACE_SIDE_STYLE('',(#20833));
#20833 = SURFACE_STYLE_FILL_AREA(#20834);
#20834 = FILL_AREA_STYLE('',(#20835));
#20835 = FILL_AREA_STYLE_COLOUR('',#18306);
#20836 = STYLED_ITEM('color',(#20837),#10389);
#20837 = PRESENTATION_STYLE_ASSIGNMENT((#20838));
#20838 = SURFACE_STYLE_USAGE(.BOTH.,#20839);
#20839 = SURFACE_SIDE_STYLE('',(#20840));
#20840 = SURFACE_STYLE_FILL_AREA(#20841);
#20841 = FILL_AREA_STYLE('',(#20842));
#20842 = FILL_AREA_STYLE_COLOUR('',#20821);
#20843 = STYLED_ITEM('color',(#20844),#10413);
#20844 = PRESENTATION_STYLE_ASSIGNMENT((#20845));
#20845 = SURFACE_STYLE_USAGE(.BOTH.,#20846);
#20846 = SURFACE_SIDE_STYLE('',(#20847));
#20847 = SURFACE_STYLE_FILL_AREA(#20848);
#20848 = FILL_AREA_STYLE('',(#20849));
#20849 = FILL_AREA_STYLE_COLOUR('',#18306);
#20850 = STYLED_ITEM('color',(#20851),#10430);
#20851 = PRESENTATION_STYLE_ASSIGNMENT((#20852));
#20852 = SURFACE_STYLE_USAGE(.BOTH.,#20853);
#20853 = SURFACE_SIDE_STYLE('',(#20854));
#20854 = SURFACE_STYLE_FILL_AREA(#20855);
#20855 = FILL_AREA_STYLE('',(#20856));
#20856 = FILL_AREA_STYLE_COLOUR('',#18306);
#20857 = STYLED_ITEM('color',(#20858),#10447);
#20858 = PRESENTATION_STYLE_ASSIGNMENT((#20859));
#20859 = SURFACE_STYLE_USAGE(.BOTH.,#20860);
#20860 = SURFACE_SIDE_STYLE('',(#20861));
#20861 = SURFACE_STYLE_FILL_AREA(#20862);
#20862 = FILL_AREA_STYLE('',(#20863));
#20863 = FILL_AREA_STYLE_COLOUR('',#18306);
#20864 = STYLED_ITEM('color',(#20865),#10464);
#20865 = PRESENTATION_STYLE_ASSIGNMENT((#20866));
#20866 = SURFACE_STYLE_USAGE(.BOTH.,#20867);
#20867 = SURFACE_SIDE_STYLE('',(#20868));
#20868 = SURFACE_STYLE_FILL_AREA(#20869);
#20869 = FILL_AREA_STYLE('',(#20870));
#20870 = FILL_AREA_STYLE_COLOUR('',#18306);
#20871 = STYLED_ITEM('color',(#20872),#10481);
#20872 = PRESENTATION_STYLE_ASSIGNMENT((#20873));
#20873 = SURFACE_STYLE_USAGE(.BOTH.,#20874);
#20874 = SURFACE_SIDE_STYLE('',(#20875));
#20875 = SURFACE_STYLE_FILL_AREA(#20876);
#20876 = FILL_AREA_STYLE('',(#20877));
#20877 = FILL_AREA_STYLE_COLOUR('',#18306);
#20878 = STYLED_ITEM('color',(#20879),#10498);
#20879 = PRESENTATION_STYLE_ASSIGNMENT((#20880));
#20880 = SURFACE_STYLE_USAGE(.BOTH.,#20881);
#20881 = SURFACE_SIDE_STYLE('',(#20882));
#20882 = SURFACE_STYLE_FILL_AREA(#20883);
#20883 = FILL_AREA_STYLE('',(#20884));
#20884 = FILL_AREA_STYLE_COLOUR('',#18306);
#20885 = STYLED_ITEM('color',(#20886),#10515);
#20886 = PRESENTATION_STYLE_ASSIGNMENT((#20887));
#20887 = SURFACE_STYLE_USAGE(.BOTH.,#20888);
#20888 = SURFACE_SIDE_STYLE('',(#20889));
#20889 = SURFACE_STYLE_FILL_AREA(#20890);
#20890 = FILL_AREA_STYLE('',(#20891));
#20891 = FILL_AREA_STYLE_COLOUR('',#18306);
#20892 = STYLED_ITEM('color',(#20893),#10532);
#20893 = PRESENTATION_STYLE_ASSIGNMENT((#20894));
#20894 = SURFACE_STYLE_USAGE(.BOTH.,#20895);
#20895 = SURFACE_SIDE_STYLE('',(#20896));
#20896 = SURFACE_STYLE_FILL_AREA(#20897);
#20897 = FILL_AREA_STYLE('',(#20898));
#20898 = FILL_AREA_STYLE_COLOUR('',#20821);
#20899 = STYLED_ITEM('color',(#20900),#10549);
#20900 = PRESENTATION_STYLE_ASSIGNMENT((#20901));
#20901 = SURFACE_STYLE_USAGE(.BOTH.,#20902);
#20902 = SURFACE_SIDE_STYLE('',(#20903));
#20903 = SURFACE_STYLE_FILL_AREA(#20904);
#20904 = FILL_AREA_STYLE('',(#20905));
#20905 = FILL_AREA_STYLE_COLOUR('',#20821);
ENDSEC;
END-ISO-10303-21;
