ISO-10303-21;
HEADER;
FILE_DESCRIPTION (( 'STEP AP214' ),
    '1' );
FILE_NAME ('STEP-DOWN VOLTAGE REGULATOR D24V6F3.STEP',
    '2025-09-05T20:53:48',
    ( '' ),
    ( '' ),
    'SwSTEP 2.0',
    'SolidWorks 2021',
    '' );
FILE_SCHEMA (( 'AUTOMOTIVE_DESIGN' ));
ENDSEC;

DATA;
#1 = FACE_OUTER_BOUND ( 'NONE', #8030, .T. ) ;
#2 = LINE ( 'NONE', #2941, #6831 ) ;
#3 = VECTOR ( 'NONE', #7435, 39.37007874015748143 ) ;
#4 = PRESENTATION_LAYER_ASSIGNMENT (  '', '', ( #3704 ) ) ;
#5 = VECTOR ( 'NONE', #7788, 39.37007874015748143 ) ;
#6 = UNCERTAINTY_MEASURE_WITH_UNIT (LENGTH_MEASURE( 1.000000000000000082E-05 ), #2010, 'distance_accuracy_value', 'NONE');
#7 = CLOSED_SHELL ( 'NONE', ( #1506, #2186, #9254, #4034, #1089, #6802, #8429, #4382, #6291, #6774, #916, #6358, #6176, #1958 ) ) ;
#8 = DIRECTION ( 'NONE',  ( 0.000000000000000000, 1.000000000000000000, -0.000000000000000000 ) ) ;
#9 = VECTOR ( 'NONE', #9281, 39.37007874015748143 ) ;
#10 = ORIENTED_EDGE ( 'NONE', *, *, #5318, .F. ) ;
#11 = EDGE_CURVE ( 'NONE', #3118, #1696, #5571, .T. ) ;
#12 = DIRECTION ( 'NONE',  ( 5.711474587107752758E-31, -1.000000000000000000, -1.950360048956841636E-46 ) ) ;
#13 = DIRECTION ( 'NONE',  ( -2.134256245050206194E-16, 0.000000000000000000, -1.000000000000000000 ) ) ;
#14 = VECTOR ( 'NONE', #7975, 39.37007874015748143 ) ;
#15 = ORIENTED_EDGE ( 'NONE', *, *, #971, .T. ) ;
#16 = VECTOR ( 'NONE', #1320, 39.37007874015748143 ) ;
#17 = ORIENTED_EDGE ( 'NONE', *, *, #7639, .F. ) ;
#18 = FACE_OUTER_BOUND ( 'NONE', #76, .T. ) ;
#19 = DIRECTION ( 'NONE',  ( -1.000000000000000000, -8.544027981798223472E-32, 1.092096231236781871E-15 ) ) ;
#20 = DIRECTION ( 'NONE',  ( -1.000000000000000000, 0.000000000000000000, -3.369957298309943736E-15 ) ) ;
#22 = LINE ( 'NONE', #5042, #1687 ) ;
#21 = DIRECTION ( 'NONE',  ( 0.000000000000000000, 0.000000000000000000, 1.000000000000000000 ) ) ;
#23 = DIRECTION ( 'NONE',  ( -0.000000000000000000, -1.000000000000000000, -0.000000000000000000 ) ) ;
#24 = ORIENTED_EDGE ( 'NONE', *, *, #8338, .T. ) ;
#25 = ORIENTED_EDGE ( 'NONE', *, *, #6911, .T. ) ;
#26 = LINE ( 'NONE', #2084, #8930 ) ;
#27 = DIRECTION ( 'NONE',  ( 3.491481338843132961E-15, 0.000000000000000000, -1.000000000000000000 ) ) ;
#28 = ORIENTED_EDGE ( 'NONE', *, *, #9038, .T. ) ;
#29 = ORIENTED_EDGE ( 'NONE', *, *, #1562, .T. ) ;
#30 = EDGE_CURVE ( 'NONE', #1990, #8553, #4122, .T. ) ;
#31 = DIRECTION ( 'NONE',  ( -0.000000000000000000, 1.000000000000000000, 0.000000000000000000 ) ) ;
#32 = LINE ( 'NONE', #70, #1780 ) ;
#33 = DIRECTION ( 'NONE',  ( 0.000000000000000000, 1.000000000000000000, 0.000000000000000000 ) ) ;
#34 = DIRECTION ( 'NONE',  ( -0.000000000000000000, 1.000000000000000000, -0.000000000000000000 ) ) ;
#35 = VECTOR ( 'NONE', #882, 39.37007874015748854 ) ;
#36 = ORIENTED_EDGE ( 'NONE', *, *, #6084, .T. ) ;
#37 = CARTESIAN_POINT ( 'NONE',  ( 0.06250000000000001388, 0.02500000000000000139, 0.1249999999999999029 ) ) ;
#38 = ADVANCED_FACE ( 'NONE', ( #9312 ), #1274, .F. ) ;
#39 = VECTOR ( 'NONE', #935, 39.37007874015748143 ) ;
#40 = LINE ( 'NONE', #4288, #7844 ) ;
#41 = EDGE_LOOP ( 'NONE', ( #4793, #9127, #5482, #1912 ) ) ;
#42 = ORIENTED_EDGE ( 'NONE', *, *, #2227, .F. ) ;
#43 = PLANE ( 'NONE',  #4943 ) ;
#44 = LINE ( 'NONE', #2106, #755 ) ;
#45 = ORIENTED_EDGE ( 'NONE', *, *, #7404, .T. ) ;
#46 = DIRECTION ( 'NONE',  ( 0.000000000000000000, -0.000000000000000000, 1.000000000000000000 ) ) ;
#47 = DIRECTION ( 'NONE',  ( 0.000000000000000000, 0.000000000000000000, -1.000000000000000000 ) ) ;
#48 =( NAMED_UNIT ( * ) PLANE_ANGLE_UNIT ( ) SI_UNIT ( $, .RADIAN. ) );
#49 = CARTESIAN_POINT ( 'NONE',  ( -0.01226377952755831023, 0.03070866141732550222, -0.09023622047244182764 ) ) ;
#50 = ORIENTED_EDGE ( 'NONE', *, *, #1485, .F. ) ;
#51 = PLANE ( 'NONE',  #5389 ) ;
#52 = DIRECTION ( 'NONE',  ( -3.491481338843132961E-15, -0.000000000000000000, 1.000000000000000000 ) ) ;
#53 = ORIENTED_EDGE ( 'NONE', *, *, #5259, .F. ) ;
#54 = DIRECTION ( 'NONE',  ( 0.000000000000000000, 1.000000000000000000, 0.000000000000000000 ) ) ;
#55 = DIRECTION ( 'NONE',  ( -0.000000000000000000, -0.000000000000000000, 1.000000000000000000 ) ) ;
#56 = CARTESIAN_POINT ( 'NONE',  ( 0.02875000000000003594, 0.04249999999999999611, -0.05749999999999997474 ) ) ;
#57 = DIRECTION ( 'NONE',  ( -0.000000000000000000, 0.000000000000000000, 1.000000000000000000 ) ) ;
#58 = CARTESIAN_POINT ( 'NONE',  ( -0.05250000000000000500, 0.02500000000000000139, -0.2250000000000000333 ) ) ;
#59 = ORIENTED_EDGE ( 'NONE', *, *, #1681, .F. ) ;
#60 = EDGE_CURVE ( 'NONE', #6193, #4146, #3403, .T. ) ;
#61 = EDGE_LOOP ( 'NONE', ( #7477, #6538, #7646, #5020 ) ) ;
#62 = CARTESIAN_POINT ( 'NONE',  ( -0.04499999999999999140, 0.05999999999999999778, 0.07499999999999988620 ) ) ;
#63 =( GEOMETRIC_REPRESENTATION_CONTEXT ( 3 ) GLOBAL_UNCERTAINTY_ASSIGNED_CONTEXT ( ( #7246 ) ) GLOBAL_UNIT_ASSIGNED_CONTEXT ( ( #1348, #7820, #2018 ) ) REPRESENTATION_CONTEXT ( 'NONE', 'WORKASPACE' ) );
#64 = DIRECTION ( 'NONE',  ( 1.000000000000000000, -0.000000000000000000, 0.000000000000000000 ) ) ;
#65 = EDGE_CURVE ( 'NONE', #8308, #9467, #8644, .T. ) ;
#66 = EDGE_LOOP ( 'NONE', ( #7594, #5828, #7466, #9206 ) ) ;
#67 = ORIENTED_EDGE ( 'NONE', *, *, #4342, .T. ) ;
#68 = PLANE ( 'NONE',  #4266 ) ;
#69 = ADVANCED_FACE ( 'NONE', ( #1122 ), #6249, .F. ) ;
#70 = CARTESIAN_POINT ( 'NONE',  ( -0.05999999999999999084, 0.02500000000000000139, -0.2000000000000000111 ) ) ;
#71 = EDGE_CURVE ( 'NONE', #3312, #9451, #4800, .T. ) ;
#72 = DIRECTION ( 'NONE',  ( -1.000000000000000000, 9.782089697649614194E-16, 0.000000000000000000 ) ) ;
#73 = LINE ( 'NONE', #4426, #3584 ) ;
#74 = SURFACE_STYLE_FILL_AREA ( #7415 ) ;
#75 = DIMENSIONAL_EXPONENTS ( 1.000000000000000000, 0.000000000000000000, 0.000000000000000000, 0.000000000000000000, 0.000000000000000000, 0.000000000000000000, 0.000000000000000000 ) ;
#76 = EDGE_LOOP ( 'NONE', ( #3989, #123, #3188, #4276 ) ) ;
#77 = LINE ( 'NONE', #2237, #6901 ) ;
#78 = PRESENTATION_STYLE_ASSIGNMENT (( #3116 ) ) ;
#79 = CARTESIAN_POINT ( 'NONE',  ( 0.05000000000000004441, 0.000000000000000000, 0.2174999999999999434 ) ) ;
#80 = ORIENTED_EDGE ( 'NONE', *, *, #1938, .T. ) ;
#81 = ORIENTED_EDGE ( 'NONE', *, *, #1021, .F. ) ;
#82 = DIRECTION ( 'NONE',  ( -1.000000000000000000, 0.000000000000000000, 1.067128122525103097E-16 ) ) ;
#83 = DIRECTION ( 'NONE',  ( -1.000000000000000000, -0.000000000000000000, -0.000000000000000000 ) ) ;
#84 = ORIENTED_EDGE ( 'NONE', *, *, #7044, .F. ) ;
#85 = DIRECTION ( 'NONE',  ( 0.000000000000000000, 1.000000000000000000, 0.000000000000000000 ) ) ;
#86 = PLANE ( 'NONE',  #2089 ) ;
#87 = PLANE ( 'NONE',  #7673 ) ;
#88 =( CONVERSION_BASED_UNIT ( 'INCH', #4487 ) LENGTH_UNIT ( ) NAMED_UNIT ( #1264 ) );
#89 = EDGE_CURVE ( 'NONE', #497, #525, #4068, .T. ) ;
#90 = UNCERTAINTY_MEASURE_WITH_UNIT (LENGTH_MEASURE( 1.000000000000000082E-05 ), #9362, 'distance_accuracy_value', 'NONE');
#91 = PLANE ( 'NONE',  #7041 ) ;
#92 = EDGE_CURVE ( 'NONE', #9146, #6264, #7118, .T. ) ;
#93 = ORIENTED_EDGE ( 'NONE', *, *, #4045, .T. ) ;
#94 = EDGE_CURVE ( 'NONE', #8860, #2916, #7864, .T. ) ;
#95 = CARTESIAN_POINT ( 'NONE',  ( 0.1550367965644037782, 0.04250000000000001693, -0.2274999999999999245 ) ) ;
#96 = VECTOR ( 'NONE', #388, 39.37007874015748143 ) ;
#97 = DIRECTION ( 'NONE',  ( 1.000000000000000000, -0.000000000000000000, -2.134256245050206194E-16 ) ) ;
#98 = ORIENTED_EDGE ( 'NONE', *, *, #9097, .T. ) ;
#99 = VECTOR ( 'NONE', #4324, 39.37007874015748143 ) ;
#100 = CARTESIAN_POINT ( 'NONE',  ( -0.04499999999999998446, 0.05000000000000000278, 0.000000000000000000 ) ) ;
#101 = LINE ( 'NONE', #7341, #6119 ) ;
#102 = VECTOR ( 'NONE', #6730, 39.37007874015748143 ) ;
#103 = DIRECTION ( 'NONE',  ( 2.788517102286658506E-43, -3.120265281298818799E-29, -1.000000000000000000 ) ) ;
#105 = LINE ( 'NONE', #3045, #7489 ) ;
#104 = CARTESIAN_POINT ( 'NONE',  ( 0.02250000000000000611, 0.06000000000000001166, 0.1249999999999999029 ) ) ;
#106 = AXIS2_PLACEMENT_3D ( 'NONE', #8582, #9301, #7051 ) ;
#107 = ORIENTED_EDGE ( 'NONE', *, *, #2231, .T. ) ;
#108 = VECTOR ( 'NONE', #4375, 39.37007874015748143 ) ;
#109 = ORIENTED_EDGE ( 'NONE', *, *, #5519, .T. ) ;
#110 = FACE_OUTER_BOUND ( 'NONE', #340, .T. ) ;
#111 = LENGTH_MEASURE_WITH_UNIT ( LENGTH_MEASURE( 0.02539999999999999897 ), #3834 );
#112 = DIRECTION ( 'NONE',  ( 0.000000000000000000, 0.000000000000000000, 1.000000000000000000 ) ) ;
#113 = EDGE_CURVE ( 'NONE', #1126, #3505, #6327, .T. ) ;
#114 = AXIS2_PLACEMENT_3D ( 'NONE', #7774, #7725, #5598 ) ;
#115 = ORIENTED_EDGE ( 'NONE', *, *, #9359, .T. ) ;
#116 = ORIENTED_EDGE ( 'NONE', *, *, #1067, .T. ) ;
#117 = CARTESIAN_POINT ( 'NONE',  ( 0.05000000000000004441, 0.000000000000000000, 0.1999999999999999556 ) ) ;
#118 = EDGE_CURVE ( 'NONE', #7913, #4293, #7931, .T. ) ;
#119 = LINE ( 'NONE', #796, #7512 ) ;
#120 = LENGTH_MEASURE_WITH_UNIT ( LENGTH_MEASURE( 0.02539999999999999897 ), #6826 );
#121 = LINE ( 'NONE', #3656, #2351 ) ;
#122 = CARTESIAN_POINT ( 'NONE',  ( -0.03103010096156209180, 0.04665354330708929020, -0.05283464566929230166 ) ) ;
#123 = ORIENTED_EDGE ( 'NONE', *, *, #118, .F. ) ;
#124 = VECTOR ( 'NONE', #7906, 39.37007874015748143 ) ;
#125 = DIRECTION ( 'NONE',  ( 3.491481338843132961E-15, 2.610670105356077775E-29, -1.000000000000000000 ) ) ;
#126 =( LENGTH_UNIT ( ) NAMED_UNIT ( * ) SI_UNIT ( $, .METRE. ) );
#127 = CARTESIAN_POINT ( 'NONE',  ( -0.03539370078740081138, 0.04665354330708929714, -0.1173031496063001861 ) ) ;
#128 = EDGE_LOOP ( 'NONE', ( #9510, #8015, #7025, #205 ) ) ;
#129 = ORIENTED_EDGE ( 'NONE', *, *, #6337, .T. ) ;
#130 = LINE ( 'NONE', #8708, #279 ) ;
#131 = VECTOR ( 'NONE', #375, 39.37007874015748143 ) ;
#132 = DIRECTION ( 'NONE',  ( 0.000000000000000000, 1.000000000000000000, 0.000000000000000000 ) ) ;
#133 = ORIENTED_EDGE ( 'NONE', *, *, #9499, .F. ) ;
#134 = DIRECTION ( 'NONE',  ( -3.491481338843133355E-15, -0.000000000000000000, 1.000000000000000000 ) ) ;
#135 = CARTESIAN_POINT ( 'NONE',  ( -0.03103010096156209180, 0.04412906444113104398, -0.05283464566929229472 ) ) ;
#136 = CARTESIAN_POINT ( 'NONE',  ( 0.06250000000000001388, 0.06000000000000001166, 0.1249999999999999029 ) ) ;
#137 = SURFACE_STYLE_USAGE ( .BOTH. , #1439 ) ;
#138 = AXIS2_PLACEMENT_3D ( 'NONE', #848, #7604, #1710 ) ;
#139 = LINE ( 'NONE', #3081, #1494 ) ;
#140 = EDGE_LOOP ( 'NONE', ( #5690, #6859, #8053, #3880 ) ) ;
#141 = DIRECTION ( 'NONE',  ( -1.000000000000000000, 0.000000000000000000, 0.000000000000000000 ) ) ;
#142 = VECTOR ( 'NONE', #3378, 39.37007874015748143 ) ;
#143 = DIRECTION ( 'NONE',  ( -0.7071067811865493491, -8.048784339545247734E-17, 0.7071067811865457964 ) ) ;
#144 = CYLINDRICAL_SURFACE ( 'NONE', #2731, 0.01749999999999998432 ) ;
#145 = EDGE_CURVE ( 'NONE', #8690, #8762, #8734, .T. ) ;
#146 = ORIENTED_EDGE ( 'NONE', *, *, #8764, .T. ) ;
#147 = EDGE_CURVE ( 'NONE', #3148, #8212, #5946, .T. ) ;
#148 = AXIS2_PLACEMENT_3D ( 'NONE', #8029, #1376, #3557 ) ;
#149 = DIRECTION ( 'NONE',  ( -1.000000000000000000, -0.000000000000000000, -0.000000000000000000 ) ) ;
#150 = DIRECTION ( 'NONE',  ( 0.000000000000000000, 1.000000000000000000, 0.000000000000000000 ) ) ;
#151 = CARTESIAN_POINT ( 'NONE',  ( -0.04999999999999996114, 0.02500000000000000139, 0.1999999999999999556 ) ) ;
#153 = DIRECTION ( 'NONE',  ( -0.000000000000000000, 1.000000000000000000, -0.000000000000000000 ) ) ;
#152 = LENGTH_MEASURE_WITH_UNIT ( LENGTH_MEASURE( 0.02539999999999999897 ), #785 );
#154 = VECTOR ( 'NONE', #2813, 39.37007874015748143 ) ;
#155 = ORIENTED_EDGE ( 'NONE', *, *, #3189, .F. ) ;
#156 = VERTEX_POINT ( 'NONE', #1502 ) ;
#157 = DIRECTION ( 'NONE',  ( 1.000000000000000000, 6.950840520229924419E-15, -0.000000000000000000 ) ) ;
#158 = VECTOR ( 'NONE', #8870, 39.37007874015748143 ) ;
#159 = AXIS2_PLACEMENT_3D ( 'NONE', #7449, #1419, #2963 ) ;
#160 = DIRECTION ( 'NONE',  ( 0.000000000000000000, 1.000000000000000000, 0.000000000000000000 ) ) ;
#161 = ORIENTED_EDGE ( 'NONE', *, *, #4599, .F. ) ;
#162 = ORIENTED_EDGE ( 'NONE', *, *, #2506, .F. ) ;
#163 = LINE ( 'NONE', #8264, #7653 ) ;
#164 = LINE ( 'NONE', #3110, #3023 ) ;
#165 = DIRECTION ( 'NONE',  ( 1.000000000000000000, 0.000000000000000000, 5.335640612625516718E-17 ) ) ;
#166 = LINE ( 'NONE', #7642, #9422 ) ;
#167 = CARTESIAN_POINT ( 'NONE',  ( -0.07499999999999995559, 0.04999999999999999584, 0.04499999999999990119 ) ) ;
#168 = EDGE_CURVE ( 'NONE', #269, #9005, #1315, .T. ) ;
#169 = VERTEX_POINT ( 'NONE', #8116 ) ;
#170 = CARTESIAN_POINT ( 'NONE',  ( 0.1024999999999999939, 0.02500000000000000139, 0.03499999999999989231 ) ) ;
#171 = ADVANCED_FACE ( 'NONE', ( #1412 ), #5759, .T. ) ;
#172 = SURFACE_SIDE_STYLE ('',( #6695 ) ) ;
#173 = CARTESIAN_POINT ( 'NONE',  ( 0.1024999999999999800, 0.02500000000000000139, 0.1349999999999998701 ) ) ;
#174 = ORIENTED_EDGE ( 'NONE', *, *, #5874, .T. ) ;
#175 = CARTESIAN_POINT ( 'NONE',  ( -0.05999999999999998390, 0.02500000000000000139, -0.1649999999999999800 ) ) ;
#176 = EDGE_LOOP ( 'NONE', ( #3310, #363, #1962, #6607 ) ) ;
#177 = ORIENTED_EDGE ( 'NONE', *, *, #4250, .T. ) ;
#178 = CARTESIAN_POINT ( 'NONE',  ( -0.03539370078740108200, 0.04665354330708928327, -0.01543307086614269762 ) ) ;
#179 = PLANE ( 'NONE',  #2797 ) ;
#180 = CARTESIAN_POINT ( 'NONE',  ( 0.01000000000000006439, 5.711474587107755386E-32, -8.293109980766556483E-18 ) ) ;
#181 = LINE ( 'NONE', #5833, #1889 ) ;
#182 = DIRECTION ( 'NONE',  ( -1.000000000000000000, 0.000000000000000000, 0.000000000000000000 ) ) ;
#183 = AXIS2_PLACEMENT_3D ( 'NONE', #2006, #5015, #418 ) ;
#184 = EDGE_CURVE ( 'NONE', #7879, #269, #22, .T. ) ;
#185 = CARTESIAN_POINT ( 'NONE',  ( 0.1749999999999999056, 0.08250000000000000389, -0.2075367965644036861 ) ) ;
#186 = ORIENTED_EDGE ( 'NONE', *, *, #7920, .F. ) ;
#187 = CARTESIAN_POINT ( 'NONE',  ( -0.05999999999999999084, 0.05000000000000000278, -0.2000000000000000111 ) ) ;
#188 = FACE_OUTER_BOUND ( 'NONE', #7256, .T. ) ;
#189 = ORIENTED_EDGE ( 'NONE', *, *, #7538, .F. ) ;
#190 = DIRECTION ( 'NONE',  ( 0.000000000000000000, 1.000000000000000000, 0.000000000000000000 ) ) ;
#191 = DIRECTION ( 'NONE',  ( 0.000000000000000000, 0.000000000000000000, -1.000000000000000000 ) ) ;
#192 = EDGE_CURVE ( 'NONE', #2992, #1339, #7093, .T. ) ;
#193 = DIRECTION ( 'NONE',  ( 0.000000000000000000, 1.000000000000000000, 0.000000000000000000 ) ) ;
#194 = FACE_OUTER_BOUND ( 'NONE', #3508, .T. ) ;
#195 = CIRCLE ( 'NONE', #1121, 0.03249999999999999417 ) ;
#196 = ORIENTED_EDGE ( 'NONE', *, *, #2221, .T. ) ;
#197 = ORIENTED_EDGE ( 'NONE', *, *, #7501, .T. ) ;
#198 = CARTESIAN_POINT ( 'NONE',  ( 0.01750000000000003636, 0.000000000000000000, 0.2324999999999999567 ) ) ;
#199 = ADVANCED_FACE ( 'NONE', ( #5801 ), #6584, .F. ) ;
#200 = COLOUR_RGB ( '',0.2509803921568627416, 0.2509803921568627416, 0.2509803921568627416 ) ;
#201 = SURFACE_SIDE_STYLE ('',( #6820 ) ) ;
#202 = EDGE_CURVE ( 'NONE', #8605, #9080, #4263, .T. ) ;
#203 = CARTESIAN_POINT ( 'NONE',  ( -0.1549999999999999989, 0.02500000000000000139, -0.1925000000000000600 ) ) ;
#204 = EDGE_LOOP ( 'NONE', ( #1448, #2541, #900, #5080 ) ) ;
#205 = ORIENTED_EDGE ( 'NONE', *, *, #5095, .F. ) ;
#206 = DIRECTION ( 'NONE',  ( 0.000000000000000000, 0.000000000000000000, 1.000000000000000000 ) ) ;
#207 = CARTESIAN_POINT ( 'NONE',  ( -0.09624617553862907515, 0.02893700787401839308, -0.006253824461371629111 ) ) ;
#208 = CARTESIAN_POINT ( 'NONE',  ( -0.03103010096156205710, 0.05236220472441212304, -0.06759842519685134443 ) ) ;
#209 = EDGE_LOOP ( 'NONE', ( #8821, #8537, #5679, #7884, #3006, #196, #8818, #8246, #8090, #2260, #8696, #6403 ) ) ;
#210 = AXIS2_PLACEMENT_3D ( 'NONE', #369, #182, #2433 ) ;
#211 = EDGE_CURVE ( 'NONE', #4028, #4397, #3692, .T. ) ;
#212 = DIRECTION ( 'NONE',  ( -0.000000000000000000, 0.000000000000000000, 1.000000000000000000 ) ) ;
#213 = CARTESIAN_POINT ( 'NONE',  ( -0.01978650686557558575, 0.03070866141732543284, -0.01543307086614263690 ) ) ;
#214 = EDGE_CURVE ( 'NONE', #5871, #7084, #2611, .T. ) ;
#215 = CARTESIAN_POINT ( 'NONE',  ( -0.1299999999999999767, 0.02500000000000000139, -0.1575000000000000289 ) ) ;
#216 = ORIENTED_EDGE ( 'NONE', *, *, #5026, .T. ) ;
#217 = DIRECTION ( 'NONE',  ( 3.491481338843133355E-15, 0.000000000000000000, -1.000000000000000000 ) ) ;
#218 = ORIENTED_EDGE ( 'NONE', *, *, #9070, .T. ) ;
#219 = VECTOR ( 'NONE', #8313, 39.37007874015748854 ) ;
#220 = ORIENTED_EDGE ( 'NONE', *, *, #8368, .F. ) ;
#221 = CARTESIAN_POINT ( 'NONE',  ( 0.02250000000000001305, 0.02500000000000000139, 0.1099999999999999034 ) ) ;
#222 = DIRECTION ( 'NONE',  ( 1.000000000000000000, 0.000000000000000000, 3.491481338843132961E-15 ) ) ;
#223 = CARTESIAN_POINT ( 'NONE',  ( -0.04999999999999996114, 0.02500000000000000139, 0.2174999999999999434 ) ) ;
#224 = CARTESIAN_POINT ( 'NONE',  ( -0.01999999999999998307, 0.05000000000000000278, 0.000000000000000000 ) ) ;
#225 = CARTESIAN_POINT ( 'NONE',  ( -0.03499999999999997558, 0.05000000000000000278, 0.04499999999999989425 ) ) ;
#226 = EDGE_CURVE ( 'NONE', #4908, #6928, #2035, .T. ) ;
#227 = FACE_OUTER_BOUND ( 'NONE', #2103, .T. ) ;
#228 = CARTESIAN_POINT ( 'NONE',  ( 0.1749999999999999056, 0.1000000000000000194, -0.2075367965644036861 ) ) ;
#229 = ORIENTED_EDGE ( 'NONE', *, *, #2075, .T. ) ;
#230 = CARTESIAN_POINT ( 'NONE',  ( 0.02250000000000000611, 0.06000000000000001166, 0.04499999999999989425 ) ) ;
#231 = EDGE_CURVE ( 'NONE', #7868, #4613, #5000, .T. ) ;
#232 = CARTESIAN_POINT ( 'NONE',  ( -0.1499999999999999667, 0.02500000000000000139, 0.1999999999999999556 ) ) ;
#233 = EDGE_CURVE ( 'NONE', #8043, #3482, #8786, .T. ) ;
#234 = FACE_OUTER_BOUND ( 'NONE', #4063, .T. ) ;
#235 = ORIENTED_EDGE ( 'NONE', *, *, #4796, .F. ) ;
#236 = PLANE ( 'NONE',  #3033 ) ;
#237 = FACE_OUTER_BOUND ( 'NONE', #8398, .T. ) ;
#238 = EDGE_CURVE ( 'NONE', #7420, #9196, #1455, .T. ) ;
#239 = DIRECTION ( 'NONE',  ( 0.000000000000000000, 1.000000000000000000, 0.000000000000000000 ) ) ;
#240 = VECTOR ( 'NONE', #4054, 39.37007874015748143 ) ;
#242 = FACE_OUTER_BOUND ( 'NONE', #2326, .T. ) ;
#241 = CARTESIAN_POINT ( 'NONE',  ( -0.01978650686557558575, 0.03070866141732543284, -0.01543307086614264557 ) ) ;
#243 = EDGE_CURVE ( 'NONE', #4600, #3756, #9412, .T. ) ;
#244 = EDGE_LOOP ( 'NONE', ( #8639, #2372, #8945, #129 ) ) ;
#245 = ORIENTED_EDGE ( 'NONE', *, *, #6237, .T. ) ;
#246 = VECTOR ( 'NONE', #5131, 39.37007874015748143 ) ;
#247 = CARTESIAN_POINT ( 'NONE',  ( 0.02250000000000001305, 0.02500000000000000139, 0.05999999999999990064 ) ) ;
#248 = AXIS2_PLACEMENT_3D ( 'NONE', #2724, #2629, #3691 ) ;
#249 = PLANE ( 'NONE',  #4170 ) ;
#250 = VECTOR ( 'NONE', #1360, 39.37007874015748143 ) ;
#251 = ORIENTED_EDGE ( 'NONE', *, *, #8225, .F. ) ;
#252 = ORIENTED_EDGE ( 'NONE', *, *, #7287, .F. ) ;
#253 = LINE ( 'NONE', #6970, #1478 ) ;
#254 = AXIS2_PLACEMENT_3D ( 'NONE', #7413, #1518, #8175 ) ;
#255 = LINE ( 'NONE', #2515, #39 ) ;
#256 = ADVANCED_FACE ( 'NONE', ( #2958 ), #2079, .T. ) ;
#257 = EDGE_CURVE ( 'NONE', #7073, #7439, #7346, .T. ) ;
#258 = VERTEX_POINT ( 'NONE', #6541 ) ;
#259 = DIRECTION ( 'NONE',  ( -1.000000000000000000, -0.000000000000000000, -0.000000000000000000 ) ) ;
#260 = EDGE_LOOP ( 'NONE', ( #4024, #7241, #9137, #2132 ) ) ;
#261 = VECTOR ( 'NONE', #9386, 39.37007874015748143 ) ;
#262 = DIRECTION ( 'NONE',  ( -1.000000000000000000, -0.000000000000000000, -0.000000000000000000 ) ) ;
#263 = EDGE_CURVE ( 'NONE', #2982, #9258, #9459, .T. ) ;
#264 = CARTESIAN_POINT ( 'NONE',  ( -0.04499999999999999140, 0.02500000000000000139, 0.1349999999999998979 ) ) ;
#265 = VECTOR ( 'NONE', #5696, 39.37007874015748143 ) ;
#266 = DIRECTION ( 'NONE',  ( -3.491481338843133355E-15, -0.000000000000000000, 1.000000000000000000 ) ) ;
#267 = VERTEX_POINT ( 'NONE', #6047 ) ;
#268 = CARTESIAN_POINT ( 'NONE',  ( 0.04496320343559635085, 0.1000000000000000472, -0.2274999999999999245 ) ) ;
#269 = VERTEX_POINT ( 'NONE', #8872 ) ;
#270 = ORIENTED_EDGE ( 'NONE', *, *, #6229, .T. ) ;
#271 = DIRECTION ( 'NONE',  ( 0.000000000000000000, -0.000000000000000000, 1.000000000000000000 ) ) ;
#272 = LINE ( 'NONE', #9093, #8643 ) ;
#273 = CARTESIAN_POINT ( 'NONE',  ( -0.1999999999999999833, 0.000000000000000000, 0.2499999999999998890 ) ) ;
#274 = DIRECTION ( 'NONE',  ( -1.000000000000000000, -0.000000000000000000, -0.000000000000000000 ) ) ;
#275 = VECTOR ( 'NONE', #7370, 39.37007874015748143 ) ;
#276 = SURFACE_STYLE_FILL_AREA ( #5545 ) ;
#277 = VECTOR ( 'NONE', #3185, 39.37007874015748143 ) ;
#278 = CARTESIAN_POINT ( 'NONE',  ( 0.02250000000000001305, 0.02500000000000000139, 0.1099999999999999034 ) ) ;
#279 = VECTOR ( 'NONE', #1530, 39.37007874015748143 ) ;
#280 = PLANE ( 'NONE',  #4740 ) ;
#281 = VERTEX_POINT ( 'NONE', #3873 ) ;
#282 = DIRECTION ( 'NONE',  ( -3.491481338843133355E-15, -0.000000000000000000, 1.000000000000000000 ) ) ;
#283 = ORIENTED_EDGE ( 'NONE', *, *, #3093, .F. ) ;
#284 = CARTESIAN_POINT ( 'NONE',  ( -0.08559055118110156513, 0.06240157480315226129, -0.1084448818897649075 ) ) ;
#285 = CARTESIAN_POINT ( 'NONE',  ( 0.05000000000000004441, 0.02500000000000000139, 0.2174999999999999434 ) ) ;
#286 = AXIS2_PLACEMENT_3D ( 'NONE', #2422, #266, #6067 ) ;
#287 = ORIENTED_EDGE ( 'NONE', *, *, #2075, .F. ) ;
#288 = CARTESIAN_POINT ( 'NONE',  ( 0.02250000000000001305, 0.05999999999999999778, 0.05999999999999990064 ) ) ;
#289 = ADVANCED_FACE ( 'NONE', ( #7588 ), #6858, .F. ) ;
#290 = VECTOR ( 'NONE', #8710, 39.37007874015748143 ) ;
#291 = LINE ( 'NONE', #6188, #3962 ) ;
#292 = AXIS2_PLACEMENT_3D ( 'NONE', #7838, #3247, #4893 ) ;
#293 = DIRECTION ( 'NONE',  ( 0.000000000000000000, -0.000000000000000000, 1.000000000000000000 ) ) ;
#295 = PLANE ( 'NONE',  #8730 ) ;
#294 = DIRECTION ( 'NONE',  ( -0.000000000000000000, 1.000000000000000000, -0.000000000000000000 ) ) ;
#296 = VECTOR ( 'NONE', #1630, 39.37007874015748143 ) ;
#297 = EDGE_LOOP ( 'NONE', ( #3822, #6748, #9488, #4955 ) ) ;
#298 = ORIENTED_EDGE ( 'NONE', *, *, #6844, .F. ) ;
#299 = FACE_OUTER_BOUND ( 'NONE', #4812, .T. ) ;
#300 = FILL_AREA_STYLE_COLOUR ( '', #8457 ) ;
#301 = AXIS2_PLACEMENT_3D ( 'NONE', #2105, #5878, #4479 ) ;
#302 = DIRECTION ( 'NONE',  ( 1.000000000000000000, 0.000000000000000000, -0.000000000000000000 ) ) ;
#303 = ORIENTED_EDGE ( 'NONE', *, *, #8524, .T. ) ;
#304 = ORIENTED_EDGE ( 'NONE', *, *, #1976, .T. ) ;
#305 = FACE_BOUND ( 'NONE', #565, .T. ) ;
#306 = CARTESIAN_POINT ( 'NONE',  ( -0.009999999999999995004, 0.05000000000000000278, -0.2250000000000000333 ) ) ;
#307 = VERTEX_POINT ( 'NONE', #8923 ) ;
#308 = CARTESIAN_POINT ( 'NONE',  ( -0.1124551965405257703, 0.03312302406173386199, -0.05283464566929257228 ) ) ;
#309 = VERTEX_POINT ( 'NONE', #970 ) ;
#310 = VECTOR ( 'NONE', #6821, 39.37007874015748143 ) ;
#311 = FACE_OUTER_BOUND ( 'NONE', #1401, .T. ) ;
#312 = VECTOR ( 'NONE', #1230, 39.37007874015748143 ) ;
#313 = DIRECTION ( 'NONE',  ( -6.950840520229924419E-15, 1.000000000000000000, -2.426872996565747488E-29 ) ) ;
#314 = VERTEX_POINT ( 'NONE', #5421 ) ;
#315 = PLANE ( 'NONE',  #1836 ) ;
#316 = ORIENTED_EDGE ( 'NONE', *, *, #2023, .F. ) ;
#317 = ORIENTED_EDGE ( 'NONE', *, *, #3646, .T. ) ;
#318 = DIRECTION ( 'NONE',  ( 6.829619984160657060E-16, 0.000000000000000000, -1.000000000000000000 ) ) ;
#319 = CARTESIAN_POINT ( 'NONE',  ( -0.1224999999999995121, 0.03070866141732548488, -0.01543307086614300466 ) ) ;
#320 = FACE_OUTER_BOUND ( 'NONE', #2367, .T. ) ;
#321 = DIRECTION ( 'NONE',  ( -0.1736481776669318300, 0.9848077530122077983, 0.000000000000000000 ) ) ;
#322 = ADVANCED_FACE ( 'NONE', ( #5368 ), #1642, .F. ) ;
#323 = SURFACE_STYLE_FILL_AREA ( #4720 ) ;
#324 = PLANE ( 'NONE',  #9027 ) ;
#325 = DIMENSIONAL_EXPONENTS ( 1.000000000000000000, 0.000000000000000000, 0.000000000000000000, 0.000000000000000000, 0.000000000000000000, 0.000000000000000000, 0.000000000000000000 ) ;
#326 = ORIENTED_EDGE ( 'NONE', *, *, #3636, .T. ) ;
#327 = CARTESIAN_POINT ( 'NONE',  ( -0.01978650686557531166, 0.03070866141732543284, -0.09023622047244184152 ) ) ;
#328 = CIRCLE ( 'NONE', #1560, 0.008233140283281080787 ) ;
#329 = ORIENTED_EDGE ( 'NONE', *, *, #5866, .F. ) ;
#330 = LINE ( 'NONE', #4099, #3228 ) ;
#331 = DIRECTION ( 'NONE',  ( 3.491481338843132961E-15, 0.000000000000000000, -1.000000000000000000 ) ) ;
#332 = FACE_OUTER_BOUND ( 'NONE', #3927, .T. ) ;
#333 = VERTEX_POINT ( 'NONE', #2266 ) ;
#334 = LENGTH_MEASURE_WITH_UNIT ( LENGTH_MEASURE( 0.02539999999999999897 ), #4011 );
#335 = DIRECTION ( 'NONE',  ( 0.000000000000000000, 1.000000000000000000, 0.000000000000000000 ) ) ;
#336 = AXIS2_PLACEMENT_3D ( 'NONE', #8186, #85, #46 ) ;
#337 = FACE_OUTER_BOUND ( 'NONE', #3016, .T. ) ;
#339 = FACE_OUTER_BOUND ( 'NONE', #2569, .T. ) ;
#338 = CARTESIAN_POINT ( 'NONE',  ( 0.1000000000000000194, 0.08250000000000003164, -0.2249999999999998945 ) ) ;
#340 = EDGE_LOOP ( 'NONE', ( #992, #7020, #1161, #6658 ) ) ;
#341 = ORIENTED_EDGE ( 'NONE', *, *, #3455, .T. ) ;
#342 = CLOSED_SHELL ( 'NONE', ( #2261, #6937, #7822, #1876, #6753, #5050, #7488, #514, #4083, #4833, #7347, #1365, #3901, #4305 ) ) ;
#343 = LINE ( 'NONE', #6005, #35 ) ;
#344 = CARTESIAN_POINT ( 'NONE',  ( -0.07499999999999996947, 0.02500000000000000139, 0.01999999999999989286 ) ) ;
#345 = VERTEX_POINT ( 'NONE', #8254 ) ;
#346 = ORIENTED_EDGE ( 'NONE', *, *, #3685, .T. ) ;
#347 = EDGE_CURVE ( 'NONE', #3475, #7721, #7486, .T. ) ;
#348 = FACE_OUTER_BOUND ( 'NONE', #4743, .T. ) ;
#349 = DIRECTION ( 'NONE',  ( -1.000000000000000000, -0.000000000000000000, -0.000000000000000000 ) ) ;
#350 = ORIENTED_EDGE ( 'NONE', *, *, #7529, .T. ) ;
#351 = DIRECTION ( 'NONE',  ( 1.000000000000000000, -0.000000000000000000, 0.000000000000000000 ) ) ;
#352 = ORIENTED_EDGE ( 'NONE', *, *, #1787, .T. ) ;
#353 = AXIS2_PLACEMENT_3D ( 'NONE', #7764, #371, #5350 ) ;
#354 = DIRECTION ( 'NONE',  ( 0.000000000000000000, 0.000000000000000000, 1.000000000000000000 ) ) ;
#355 = DIRECTION ( 'NONE',  ( 0.000000000000000000, 0.000000000000000000, 1.000000000000000000 ) ) ;
#356 = ADVANCED_FACE ( 'NONE', ( #194 ), #3239, .F. ) ;
#357 = LINE ( 'NONE', #1235, #5834 ) ;
#358 = ORIENTED_EDGE ( 'NONE', *, *, #4692, .T. ) ;
#359 = ADVANCED_FACE ( 'NONE', ( #242 ), #6095, .F. ) ;
#360 = CARTESIAN_POINT ( 'NONE',  ( -0.1037336785659956351, 0.04412906444113104398, -0.09023622047244214683 ) ) ;
#361 = EDGE_CURVE ( 'NONE', #1238, #9451, #8161, .T. ) ;
#362 = ORIENTED_EDGE ( 'NONE', *, *, #9342, .T. ) ;
#363 = ORIENTED_EDGE ( 'NONE', *, *, #7102, .F. ) ;
#364 = FACE_BOUND ( 'NONE', #6953, .T. ) ;
#365 = MECHANICAL_DESIGN_GEOMETRIC_PRESENTATION_REPRESENTATION (  '', ( #3765 ), #3294 ) ;
#366 = CARTESIAN_POINT ( 'NONE',  ( 0.1500000000000000500, 0.02500000000000000139, 0.1824999999999999678 ) ) ;
#367 = PLANE ( 'NONE',  #6588 ) ;
#368 = DIRECTION ( 'NONE',  ( -1.000000000000000000, 0.000000000000000000, 0.000000000000000000 ) ) ;
#369 = CARTESIAN_POINT ( 'NONE',  ( -0.02499999999999999098, 0.2541640786499874127, 0.1349999999999998979 ) ) ;
#370 = ADVANCED_FACE ( 'NONE', ( #9065 ), #3829, .T. ) ;
#371 = DIRECTION ( 'NONE',  ( 1.000000000000000000, 5.711474587107752758E-31, -3.902639990948947455E-16 ) ) ;
#372 = CARTESIAN_POINT ( 'NONE',  ( -0.02801181102362134551, 0.03287401574803415494, -0.06759842519685133055 ) ) ;
#373 = COLOUR_RGB ( '',0.7921568627450980005, 0.8196078431372548767, 0.9333333333333333481 ) ;
#374 = ORIENTED_EDGE ( 'NONE', *, *, #4115, .F. ) ;
#375 = DIRECTION ( 'NONE',  ( -0.000000000000000000, -0.000000000000000000, 1.000000000000000000 ) ) ;
#376 = EDGE_LOOP ( 'NONE', ( #7558, #2763, #6120, #638 ) ) ;
#377 = DIRECTION ( 'NONE',  ( 3.484838268542467023E-15, 1.521513246882047243E-16, -1.000000000000000000 ) ) ;
#378 = CARTESIAN_POINT ( 'NONE',  ( -0.05250000000000000500, 0.02500000000000000139, -0.2250000000000000333 ) ) ;
#379 = DIRECTION ( 'NONE',  ( -1.000000000000000000, -0.000000000000000000, -0.000000000000000000 ) ) ;
#380 = EDGE_CURVE ( 'NONE', #5296, #7420, #1734, .T. ) ;
#381 = ORIENTED_EDGE ( 'NONE', *, *, #805, .F. ) ;
#382 = ADVANCED_FACE ( 'NONE', ( #4502 ), #4690, .F. ) ;
#383 = PLANE ( 'NONE',  #562 ) ;
#384 = EDGE_CURVE ( 'NONE', #9339, #8877, #1693, .T. ) ;
#385 = VERTEX_POINT ( 'NONE', #1010 ) ;
#386 = DIRECTION ( 'NONE',  ( 0.000000000000000000, 0.000000000000000000, 1.000000000000000000 ) ) ;
#388 = DIRECTION ( 'NONE',  ( -0.000000000000000000, 1.000000000000000000, -0.000000000000000000 ) ) ;
#387 = LINE ( 'NONE', #1060, #1200 ) ;
#389 = ORIENTED_EDGE ( 'NONE', *, *, #1499, .F. ) ;
#390 = ADVANCED_FACE ( 'NONE', ( #6909 ), #295, .T. ) ;
#391 = EDGE_LOOP ( 'NONE', ( #1913, #7651, #161, #4623 ) ) ;
#392 = CARTESIAN_POINT ( 'NONE',  ( -0.01978650686557527696, 0.03323314028328368253, -0.1050000000000009120 ) ) ;
#394 = PRESENTATION_STYLE_ASSIGNMENT (( #2706 ) ) ;
#393 = VECTOR ( 'NONE', #1003, 39.37007874015748143 ) ;
#395 = FACE_OUTER_BOUND ( 'NONE', #9498, .T. ) ;
#396 = VERTEX_POINT ( 'NONE', #6719 ) ;
#397 = ORIENTED_EDGE ( 'NONE', *, *, #5784, .T. ) ;
#398 = AXIS2_PLACEMENT_3D ( 'NONE', #4302, #8187, #6030 ) ;
#399 = CARTESIAN_POINT ( 'NONE',  ( 0.02250000000000001305, 0.02500000000000000139, 0.05999999999999990064 ) ) ;
#400 = CARTESIAN_POINT ( 'NONE',  ( 0.1674999999999999822, 0.2541640786499874127, 0.07499999999999988620 ) ) ;
#401 = ORIENTED_EDGE ( 'NONE', *, *, #7615, .T. ) ;
#402 = LINE ( 'NONE', #9316, #7317 ) ;
#403 = VECTOR ( 'NONE', #729, 39.37007874015748143 ) ;
#404 = ORIENTED_EDGE ( 'NONE', *, *, #4792, .F. ) ;
#405 = LINE ( 'NONE', #6357, #469 ) ;
#406 =( LENGTH_UNIT ( ) NAMED_UNIT ( * ) SI_UNIT ( $, .METRE. ) );
#407 = EDGE_CURVE ( 'NONE', #4028, #6098, #105, .T. ) ;
#408 = FACE_OUTER_BOUND ( 'NONE', #8973, .T. ) ;
#409 = ORIENTED_EDGE ( 'NONE', *, *, #7092, .T. ) ;
#410 = ADVANCED_FACE ( 'NONE', ( #1597 ), #4549, .F. ) ;
#411 = DIRECTION ( 'NONE',  ( 0.000000000000000000, 0.000000000000000000, 1.000000000000000000 ) ) ;
#412 = AXIS2_PLACEMENT_3D ( 'NONE', #3165, #6173, #995 ) ;
#413 = VERTEX_POINT ( 'NONE', #7060 ) ;
#414 = ORIENTED_EDGE ( 'NONE', *, *, #8956, .T. ) ;
#415 = FACE_OUTER_BOUND ( 'NONE', #8941, .T. ) ;
#416 = CARTESIAN_POINT ( 'NONE',  ( -0.04999999999999996114, 0.000000000000000000, 0.1999999999999999556 ) ) ;
#417 = DIRECTION ( 'NONE',  ( 0.000000000000000000, 0.000000000000000000, 1.000000000000000000 ) ) ;
#418 = DIRECTION ( 'NONE',  ( 7.477256361968976511E-15, -1.000000000000000000, 0.000000000000000000 ) ) ;
#419 = VECTOR ( 'NONE', #9257, 39.37007874015748143 ) ;
#420 = VECTOR ( 'NONE', #4287, 39.37007874015748143 ) ;
#421 = VECTOR ( 'NONE', #7178, 39.37007874015748143 ) ;
#422 = CARTESIAN_POINT ( 'NONE',  ( 0.1899999999999999467, 0.1000000000000000194, -0.2275000000000000355 ) ) ;
#423 = COLOUR_RGB ( '',0.7921568627450980005, 0.8196078431372548767, 0.9333333333333333481 ) ;
#424 = VECTOR ( 'NONE', #57, 39.37007874015748143 ) ;
#425 = PLANE ( 'NONE',  #907 ) ;
#426 = ORIENTED_EDGE ( 'NONE', *, *, #553, .F. ) ;
#427 = LENGTH_MEASURE_WITH_UNIT ( LENGTH_MEASURE( 0.02539999999999999897 ), #1867 );
#428 = LINE ( 'NONE', #1297, #3221 ) ;
#429 = ORIENTED_EDGE ( 'NONE', *, *, #1877, .T. ) ;
#430 = CARTESIAN_POINT ( 'NONE',  ( -0.1124551965405256315, 0.03312302406173386199, -0.09023622047244218847 ) ) ;
#431 = VECTOR ( 'NONE', #6898, 39.37007874015748143 ) ;
#432 = LINE ( 'NONE', #9151, #431 ) ;
#433 = DIRECTION ( 'NONE',  ( 0.000000000000000000, 1.000000000000000000, -0.000000000000000000 ) ) ;
#434 = ORIENTED_EDGE ( 'NONE', *, *, #9492, .F. ) ;
#435 = LINE ( 'NONE', #3477, #7507 ) ;
#436 = ORIENTED_EDGE ( 'NONE', *, *, #6419, .T. ) ;
#437 = EDGE_CURVE ( 'NONE', #6736, #6605, #4161, .T. ) ;
#438 = FACE_OUTER_BOUND ( 'NONE', #3531, .T. ) ;
#439 = VECTOR ( 'NONE', #2382, 39.37007874015748143 ) ;
#441 = DIRECTION ( 'NONE',  ( 0.000000000000000000, 0.000000000000000000, -1.000000000000000000 ) ) ;
#440 = DIRECTION ( 'NONE',  ( 0.000000000000000000, 1.000000000000000000, 0.000000000000000000 ) ) ;
#442 = ORIENTED_EDGE ( 'NONE', *, *, #6411, .T. ) ;
#443 = ORIENTED_EDGE ( 'NONE', *, *, #5907, .T. ) ;
#444 = PLANE ( 'NONE',  #5742 ) ;
#445 = LINE ( 'NONE', #7013, #3862 ) ;
#446 = CARTESIAN_POINT ( 'NONE',  ( -0.01978650686557562044, 0.03323314028328368253, -0.01543307086614264557 ) ) ;
#447 = ORIENTED_EDGE ( 'NONE', *, *, #3034, .F. ) ;
#448 = VECTOR ( 'NONE', #9354, 39.37007874015748143 ) ;
#449 = COLOUR_RGB ( '',0.7921568627450980005, 0.8196078431372548767, 0.9333333333333333481 ) ;
#450 = CARTESIAN_POINT ( 'NONE',  ( -0.07499999999999998335, 0.05000000000000000278, 5.122214988120491069E-17 ) ) ;
#451 = ORIENTED_EDGE ( 'NONE', *, *, #7454, .F. ) ;
#452 = CARTESIAN_POINT ( 'NONE',  ( 0.1674999999999999822, 0.2541640786499874127, 0.09499999999999990397 ) ) ;
#453 = DIMENSIONAL_EXPONENTS ( 1.000000000000000000, 0.000000000000000000, 0.000000000000000000, 0.000000000000000000, 0.000000000000000000, 0.000000000000000000, 0.000000000000000000 ) ;
#454 = ORIENTED_EDGE ( 'NONE', *, *, #233, .F. ) ;
#455 = DIRECTION ( 'NONE',  ( 3.491481338843132961E-15, 0.000000000000000000, -1.000000000000000000 ) ) ;
#456 = VECTOR ( 'NONE', #6608, 39.37007874015748143 ) ;
#457 = DIRECTION ( 'NONE',  ( 0.000000000000000000, 0.000000000000000000, 1.000000000000000000 ) ) ;
#458 = EDGE_LOOP ( 'NONE', ( #283, #5248, #3395, #5315 ) ) ;
#459 = DIRECTION ( 'NONE',  ( 1.000000000000000000, 0.000000000000000000, 0.000000000000000000 ) ) ;
#460 = ORIENTED_EDGE ( 'NONE', *, *, #2584, .F. ) ;
#461 = ORIENTED_EDGE ( 'NONE', *, *, #1511, .F. ) ;
#462 = DIRECTION ( 'NONE',  ( 3.484838268542467023E-15, 1.521513246882047243E-16, -1.000000000000000000 ) ) ;
#463 = EDGE_CURVE ( 'NONE', #1203, #314, #5564, .T. ) ;
#464 = CARTESIAN_POINT ( 'NONE',  ( -0.1249999999999999445, 0.05999999999999999778, 0.1349999999999998979 ) ) ;
#465 = CARTESIAN_POINT ( 'NONE',  ( -0.01978650686557527696, 0.02500000000000260347, -0.09023622047244185540 ) ) ;
#466 = DIRECTION ( 'NONE',  ( 0.000000000000000000, -0.000000000000000000, 1.000000000000000000 ) ) ;
#467 = VECTOR ( 'NONE', #6007, 39.37007874015748143 ) ;
#468 = FILL_AREA_STYLE ('',( #1187 ) ) ;
#469 = VECTOR ( 'NONE', #3451, 39.37007874015748143 ) ;
#470 = DIRECTION ( 'NONE',  ( 0.000000000000000000, 0.000000000000000000, 1.000000000000000000 ) ) ;
#471 = DIRECTION ( 'NONE',  ( 3.491481338843132961E-15, 0.000000000000000000, -1.000000000000000000 ) ) ;
#472 = ORIENTED_EDGE ( 'NONE', *, *, #3813, .T. ) ;
#473 = ORIENTED_EDGE ( 'NONE', *, *, #8422, .T. ) ;
#474 = LINE ( 'NONE', #1254, #6429 ) ;
#475 = ORIENTED_EDGE ( 'NONE', *, *, #8830, .T. ) ;
#476 = LINE ( 'NONE', #3431, #1497 ) ;
#477 = FILL_AREA_STYLE_COLOUR ( '', #2519 ) ;
#478 = EDGE_CURVE ( 'NONE', #5517, #845, #6240, .T. ) ;
#479 = EDGE_LOOP ( 'NONE', ( #341, #4537, #708, #506 ) ) ;
#480 = CARTESIAN_POINT ( 'NONE',  ( 0.1674999999999999822, 0.06000000000000001166, 0.1349999999999998979 ) ) ;
#481 = ORIENTED_EDGE ( 'NONE', *, *, #3824, .F. ) ;
#482 = EDGE_CURVE ( 'NONE', #2193, #7129, #8587, .T. ) ;
#483 = DIRECTION ( 'NONE',  ( -0.1710878697460320730, 0.9702875252478151413, -0.1710878697460324338 ) ) ;
#484 = EDGE_CURVE ( 'NONE', #2722, #926, #9160, .T. ) ;
#486 = LINE ( 'NONE', #7684, #3798 ) ;
#485 = LINE ( 'NONE', #4492, #5357 ) ;
#487 = AXIS2_PLACEMENT_3D ( 'NONE', #198, #5280, #3144 ) ;
#488 = VERTEX_POINT ( 'NONE', #4016 ) ;
#489 = ORIENTED_EDGE ( 'NONE', *, *, #4995, .F. ) ;
#491 = CARTESIAN_POINT ( 'NONE',  ( -0.1062557546874523112, 0.04423918066268085758, -0.05283464566929254452 ) ) ;
#490 = CIRCLE ( 'NONE', #6043, 0.008233140283281080787 ) ;
#492 = DIRECTION ( 'NONE',  ( -0.000000000000000000, -1.000000000000000000, -0.000000000000000000 ) ) ;
#493 = CARTESIAN_POINT ( 'NONE',  ( -0.1499999999999999667, 0.000000000000000000, 0.2324999999999999567 ) ) ;
#494 = CARTESIAN_POINT ( 'NONE',  ( 0.1500000000000000500, 0.000000000000000000, 0.2174999999999999434 ) ) ;
#495 = LINE ( 'NONE', #450, #5333 ) ;
#496 = VERTEX_POINT ( 'NONE', #6294 ) ;
#497 = VERTEX_POINT ( 'NONE', #6191 ) ;
#498 = EDGE_CURVE ( 'NONE', #7409, #6762, #8492, .T. ) ;
#499 = LINE ( 'NONE', #9231, #6182 ) ;
#500 = ADVANCED_FACE ( 'NONE', ( #2554 ), #2601, .F. ) ;
#501 =( CONVERSION_BASED_UNIT ( 'INCH', #7939 ) LENGTH_UNIT ( ) NAMED_UNIT ( #5262 ) );
#502 = DIRECTION ( 'NONE',  ( 0.000000000000000000, 0.000000000000000000, 1.000000000000000000 ) ) ;
#503 = ADVANCED_FACE ( 'NONE', ( #4939 ), #1882, .T. ) ;
#504 = VERTEX_POINT ( 'NONE', #4211 ) ;
#505 = DIRECTION ( 'NONE',  ( -3.491481338843133355E-15, -0.000000000000000000, 1.000000000000000000 ) ) ;
#506 = ORIENTED_EDGE ( 'NONE', *, *, #2358, .T. ) ;
#507 = VERTEX_POINT ( 'NONE', #6957 ) ;
#508 = FACE_OUTER_BOUND ( 'NONE', #5958, .T. ) ;
#509 = CYLINDRICAL_SURFACE ( 'NONE', #3818, 0.03249999999999999417 ) ;
#510 = DIRECTION ( 'NONE',  ( -1.000000000000000000, 0.000000000000000000, -0.000000000000000000 ) ) ;
#511 = DIRECTION ( 'NONE',  ( 0.000000000000000000, 0.000000000000000000, 1.000000000000000000 ) ) ;
#512 = DIRECTION ( 'NONE',  ( 3.491481338843133355E-15, 0.000000000000000000, -1.000000000000000000 ) ) ;
#513 = VECTOR ( 'NONE', #4047, 39.37007874015748143 ) ;
#514 = ADVANCED_FACE ( 'NONE', ( #9113 ), #7156, .F. ) ;
#515 = EDGE_CURVE ( 'NONE', #6744, #6264, #3287, .T. ) ;
#516 = LINE ( 'NONE', #3465, #9357 ) ;
#517 = CARTESIAN_POINT ( 'NONE',  ( -0.05250000000000000500, 0.02500000000000000139, -0.2250000000000000333 ) ) ;
#518 = DIMENSIONAL_EXPONENTS ( 1.000000000000000000, 0.000000000000000000, 0.000000000000000000, 0.000000000000000000, 0.000000000000000000, 0.000000000000000000, 0.000000000000000000 ) ;
#519 = VERTEX_POINT ( 'NONE', #2700 ) ;
#520 = VERTEX_POINT ( 'NONE', #1210 ) ;
#521 = LINE ( 'NONE', #3471, #7647 ) ;
#522 = EDGE_LOOP ( 'NONE', ( #8557, #3320, #3434, #2773 ) ) ;
#523 = EDGE_CURVE ( 'NONE', #1571, #7004, #486, .T. ) ;
#524 = PLANE ( 'NONE',  #5824 ) ;
#525 = VERTEX_POINT ( 'NONE', #5652 ) ;
#526 = DIRECTION ( 'NONE',  ( 0.000000000000000000, 0.000000000000000000, 1.000000000000000000 ) ) ;
#527 = VERTEX_POINT ( 'NONE', #2503 ) ;
#528 = ADVANCED_FACE ( 'NONE', ( #339 ), #5465, .F. ) ;
#529 = EDGE_CURVE ( 'NONE', #5395, #4397, #8396, .T. ) ;
#530 = LINE ( 'NONE', #7682, #599 ) ;
#532 = DIRECTION ( 'NONE',  ( 8.936794954581332298E-15, -1.000000000000000000, 3.120265281298818799E-29 ) ) ;
#531 = CARTESIAN_POINT ( 'NONE',  ( -0.01978650686557541574, 0.02500000000000260347, -0.05283464566929224615 ) ) ;
#533 = VECTOR ( 'NONE', #4427, 39.37007874015748143 ) ;
#534 = ORIENTED_EDGE ( 'NONE', *, *, #3515, .T. ) ;
#535 = ORIENTED_EDGE ( 'NONE', *, *, #5892, .T. ) ;
#536 = DIRECTION ( 'NONE',  ( 0.000000000000000000, 0.000000000000000000, 1.000000000000000000 ) ) ;
#537 = LINE ( 'NONE', #3321, #3532 ) ;
#538 = CARTESIAN_POINT ( 'NONE',  ( 0.02250000000000001305, 0.02500000000000000139, 0.05999999999999990064 ) ) ;
#539 = DIRECTION ( 'NONE',  ( 0.000000000000000000, 0.000000000000000000, -1.000000000000000000 ) ) ;
#540 = EDGE_CURVE ( 'NONE', #6250, #8212, #4789, .T. ) ;
#541 = LINE ( 'NONE', #3300, #556 ) ;
#542 = ORIENTED_EDGE ( 'NONE', *, *, #3404, .T. ) ;
#543 = DIRECTION ( 'NONE',  ( 1.000000000000000000, 0.000000000000000000, 0.000000000000000000 ) ) ;
#544 = ORIENTED_EDGE ( 'NONE', *, *, #6913, .F. ) ;
#545 = CARTESIAN_POINT ( 'NONE',  ( -0.03539370078740108200, 0.04665354330708928327, -0.01543307086614269762 ) ) ;
#546 =( LENGTH_UNIT ( ) NAMED_UNIT ( * ) SI_UNIT ( $, .METRE. ) );
#547 = CYLINDRICAL_SURFACE ( 'NONE', #9056, 0.01749999999999998432 ) ;
#548 = EDGE_LOOP ( 'NONE', ( #1981, #1000, #7736, #1343 ) ) ;
#549 = LINE ( 'NONE', #2626, #4784 ) ;
#550 = ADVANCED_FACE ( 'NONE', ( #4060 ), #1308, .F. ) ;
#551 = ORIENTED_EDGE ( 'NONE', *, *, #7796, .T. ) ;
#552 = ORIENTED_EDGE ( 'NONE', *, *, #3867, .F. ) ;
#553 = EDGE_CURVE ( 'NONE', #1465, #4025, #1356, .T. ) ;
#554 = CARTESIAN_POINT ( 'NONE',  ( 0.06250000000000001388, 0.02500000000000000139, 0.1249999999999999029 ) ) ;
#555 = CARTESIAN_POINT ( 'NONE',  ( -0.1149772726619825852, 0.02500000000000260347, -0.01543307086614298732 ) ) ;
#556 = VECTOR ( 'NONE', #4954, 39.37007874015748143 ) ;
#557 = CARTESIAN_POINT ( 'NONE',  ( -0.09836348770855322943, 0.05236220472441212304, -0.1050000000000012035 ) ) ;
#558 = AXIS2_PLACEMENT_3D ( 'NONE', #651, #842, #8033 ) ;
#559 = EDGE_CURVE ( 'NONE', #258, #6755, #6750, .T. ) ;
#560 = CARTESIAN_POINT ( 'NONE',  ( -0.05250000000000000500, 0.04999999999999999584, -0.2000000000000000111 ) ) ;
#561 =( NAMED_UNIT ( * ) SI_UNIT ( $, .STERADIAN. ) SOLID_ANGLE_UNIT ( ) );
#562 = AXIS2_PLACEMENT_3D ( 'NONE', #3329, #921, #8442 ) ;
#563 = DIRECTION ( 'NONE',  ( -1.000000000000000000, 0.000000000000000000, -3.381697939847988951E-15 ) ) ;
#564 = ORIENTED_EDGE ( 'NONE', *, *, #4202, .F. ) ;
#565 = EDGE_LOOP ( 'NONE', ( #4390, #8609 ) ) ;
#566 = CARTESIAN_POINT ( 'NONE',  ( -0.03851760398892905418, 0.02893700787401839308, -0.006253824461371441761 ) ) ;
#567 = CARTESIAN_POINT ( 'NONE',  ( 0.05000000000000004441, 0.000000000000000000, 0.2174999999999999434 ) ) ;
#568 = ORIENTED_EDGE ( 'NONE', *, *, #2314, .F. ) ;
#569 = AXIS2_PLACEMENT_3D ( 'NONE', #577, #526, #1351 ) ;
#570 = AXIS2_PLACEMENT_3D ( 'NONE', #2124, #5082, #1407 ) ;
#571 = DIRECTION ( 'NONE',  ( -0.000000000000000000, -0.000000000000000000, -1.000000000000000000 ) ) ;
#572 = DIRECTION ( 'NONE',  ( -0.000000000000000000, -0.000000000000000000, -1.000000000000000000 ) ) ;
#573 = VECTOR ( 'NONE', #5543, 39.37007874015748143 ) ;
#574 = EDGE_LOOP ( 'NONE', ( #6834, #3048, #1920, #803 ) ) ;
#575 = AXIS2_PLACEMENT_3D ( 'NONE', #2842, #7333, #4445 ) ;
#576 = UNCERTAINTY_MEASURE_WITH_UNIT (LENGTH_MEASURE( 1.000000000000000082E-05 ), #2508, 'distance_accuracy_value', 'NONE');
#577 = CARTESIAN_POINT ( 'NONE',  ( -0.05250000000000000500, 0.02500000000000000139, -0.2000000000000000111 ) ) ;
#578 = VERTEX_POINT ( 'NONE', #2751 ) ;
#579 = CIRCLE ( 'NONE', #1960, 0.01749999999999998432 ) ;
#580 = LINE ( 'NONE', #6620, #6768 ) ;
#582 = CARTESIAN_POINT ( 'NONE',  ( -0.05999999999999999084, 0.05000000000000000278, -0.2000000000000000111 ) ) ;
#581 = DIRECTION ( 'NONE',  ( 0.000000000000000000, -0.000000000000000000, 1.000000000000000000 ) ) ;
#583 = EDGE_CURVE ( 'NONE', #8559, #7074, #8147, .T. ) ;
#584 = AXIS2_PLACEMENT_3D ( 'NONE', #3061, #8179, #754 ) ;
#585 = ORIENTED_EDGE ( 'NONE', *, *, #5120, .F. ) ;
#586 = ADVANCED_FACE ( 'NONE', ( #3539 ), #86, .F. ) ;
#587 = VECTOR ( 'NONE', #294, 39.37007874015748143 ) ;
#588 = EDGE_LOOP ( 'NONE', ( #7896, #3308 ) ) ;
#589 =( NAMED_UNIT ( * ) PLANE_ANGLE_UNIT ( ) SI_UNIT ( $, .RADIAN. ) );
#590 = AXIS2_PLACEMENT_3D ( 'NONE', #6893, #1048, #9147 ) ;
#591 = CARTESIAN_POINT ( 'NONE',  ( -0.03640029181900455990, 0.05236220472441212304, -0.01543307086614269762 ) ) ;
#592 = CARTESIAN_POINT ( 'NONE',  ( -0.02850802484010551627, 0.04423918066268085758, -0.05283464566929228085 ) ) ;
#593 = FILL_AREA_STYLE_COLOUR ( '', #4104 ) ;
#594 = VERTEX_POINT ( 'NONE', #857 ) ;
#595 = VECTOR ( 'NONE', #6833, 39.37007874015748143 ) ;
#596 = EDGE_LOOP ( 'NONE', ( #1939, #6132, #585, #3202 ) ) ;
#597 = FACE_OUTER_BOUND ( 'NONE', #3617, .T. ) ;
#598 = CARTESIAN_POINT ( 'NONE',  ( -0.03103010096156192180, 0.04665354330708929020, -0.1050000000000009398 ) ) ;
#599 = VECTOR ( 'NONE', #6955, 39.37007874015748143 ) ;
#600 = DIRECTION ( 'NONE',  ( -3.386200294282862749E-15, -5.970784739650180517E-16, 1.000000000000000000 ) ) ;
#601 = VECTOR ( 'NONE', #5614, 39.37007874015748143 ) ;
#602 = ORIENTED_EDGE ( 'NONE', *, *, #4892, .T. ) ;
#603 = ORIENTED_EDGE ( 'NONE', *, *, #484, .F. ) ;
#604 = DIRECTION ( 'NONE',  ( 0.000000000000000000, 1.000000000000000000, 0.000000000000000000 ) ) ;
#605 = FACE_OUTER_BOUND ( 'NONE', #5816, .T. ) ;
#606 = DIRECTION ( 'NONE',  ( 1.000000000000000000, -0.000000000000000000, -1.067128122525103097E-16 ) ) ;
#607 = CARTESIAN_POINT ( 'NONE',  ( -0.05999999999999999084, 0.02500000000000000139, -0.2000000000000000111 ) ) ;
#608 = VECTOR ( 'NONE', #3456, 39.37007874015748143 ) ;
#609 = CARTESIAN_POINT ( 'NONE',  ( 0.06250000000000001388, 0.06000000000000001166, 0.05999999999999990064 ) ) ;
#610 = ADVANCED_FACE ( 'NONE', ( #8722 ), #6705, .T. ) ;
#611 = CARTESIAN_POINT ( 'NONE',  ( 0.02250000000000001305, 0.02500000000000000139, 0.1099999999999999034 ) ) ;
#612 = FACE_OUTER_BOUND ( 'NONE', #6352, .T. ) ;
#613 = VERTEX_POINT ( 'NONE', #627 ) ;
#614 = ORIENTED_EDGE ( 'NONE', *, *, #8608, .T. ) ;
#615 = SURFACE_STYLE_FILL_AREA ( #2057 ) ;
#616 = CARTESIAN_POINT ( 'NONE',  ( -0.08559055118110156513, 0.06240157480315226129, -0.09860236220472552715 ) ) ;
#617 = ORIENTED_EDGE ( 'NONE', *, *, #5281, .T. ) ;
#618 = VECTOR ( 'NONE', #3506, 39.37007874015748143 ) ;
#619 = LINE ( 'NONE', #4244, #5666 ) ;
#620 = EDGE_CURVE ( 'NONE', #8560, #2835, #7253, .T. ) ;
#621 = CIRCLE ( 'NONE', #2156, 0.008233140283281080787 ) ;
#622 = VECTOR ( 'NONE', #8123, 39.37007874015748143 ) ;
#623 = CARTESIAN_POINT ( 'NONE',  ( -0.1449999999999999900, 0.06000000000000001166, 0.07499999999999988620 ) ) ;
#624 = ORIENTED_EDGE ( 'NONE', *, *, #2620, .F. ) ;
#625 = LINE ( 'NONE', #3583, #3387 ) ;
#627 = CARTESIAN_POINT ( 'NONE',  ( -0.1119589827240415197, 0.04448818897638057157, -0.09023622047244216071 ) ) ;
#626 = CARTESIAN_POINT ( 'NONE',  ( 0.000000000000000000, 0.02500000000000000139, 0.000000000000000000 ) ) ;
#628 = ORIENTED_EDGE ( 'NONE', *, *, #4229, .F. ) ;
#629 = VERTEX_POINT ( 'NONE', #8903 ) ;
#630 = LINE ( 'NONE', #681, #6196 ) ;
#631 = PLANE ( 'NONE',  #742 ) ;
#632 = VERTEX_POINT ( 'NONE', #7199 ) ;
#633 = LINE ( 'NONE', #8114, #1244 ) ;
#634 = AXIS2_PLACEMENT_3D ( 'NONE', #3857, #4041, #3942 ) ;
#635 = DIRECTION ( 'NONE',  ( 3.491481338843132961E-15, 2.610670105356077775E-29, -1.000000000000000000 ) ) ;
#636 = EDGE_CURVE ( 'NONE', #2564, #6729, #3586, .T. ) ;
#637 = LINE ( 'NONE', #58, #3948 ) ;
#638 = ORIENTED_EDGE ( 'NONE', *, *, #7697, .F. ) ;
#639 = AXIS2_PLACEMENT_3D ( 'NONE', #9142, #7031, #3316 ) ;
#640 = ORIENTED_EDGE ( 'NONE', *, *, #6931, .T. ) ;
#641 = CARTESIAN_POINT ( 'NONE',  ( 0.1712499999999999578, 0.04250000000000000999, -0.05750000000000001638 ) ) ;
#642 =( GEOMETRIC_REPRESENTATION_CONTEXT ( 3 ) GLOBAL_UNCERTAINTY_ASSIGNED_CONTEXT ( ( #576 ) ) GLOBAL_UNIT_ASSIGNED_CONTEXT ( ( #2508, #6099, #8976 ) ) REPRESENTATION_CONTEXT ( 'NONE', 'WORKASPACE' ) );
#643 = PRESENTATION_STYLE_ASSIGNMENT (( #7267 ) ) ;
#644 = FILL_AREA_STYLE ('',( #8741 ) ) ;
#645 = CARTESIAN_POINT ( 'NONE',  ( 0.06250000000000001388, 0.2541640786499874127, 0.1249999999999999029 ) ) ;
#646 = AXIS2_PLACEMENT_3D ( 'NONE', #2157, #6704, #3022 ) ;
#647 = ADVANCED_FACE ( 'NONE', ( #1582 ), #3762, .T. ) ;
#648 = EDGE_LOOP ( 'NONE', ( #4267, #1327 ) ) ;
#649 = VERTEX_POINT ( 'NONE', #582 ) ;
#650 = CARTESIAN_POINT ( 'NONE',  ( -0.04999999999999996808, 0.02500000000000000139, -0.1399999999999999856 ) ) ;
#651 = CARTESIAN_POINT ( 'NONE',  ( -0.02850802484010565158, 0.04423918066268085758, -0.01543307086614267160 ) ) ;
#652 = CARTESIAN_POINT ( 'NONE',  ( -0.04499999999999998446, 0.02500000000000000139, 0.01999999999999987899 ) ) ;
#653 = PLANE ( 'NONE',  #8972 ) ;
#654 = DIRECTION ( 'NONE',  ( 1.000000000000000000, -0.000000000000000000, 0.000000000000000000 ) ) ;
#655 = EDGE_CURVE ( 'NONE', #8560, #3100, #8493, .T. ) ;
#656 = EDGE_CURVE ( 'NONE', #3131, #1480, #8234, .T. ) ;
#657 = DIRECTION ( 'NONE',  ( -1.000000000000000000, -0.000000000000000000, -0.000000000000000000 ) ) ;
#658 = CARTESIAN_POINT ( 'NONE',  ( 0.02875000000000004635, 0.02500000000000000486, -0.05749999999999999556 ) ) ;
#659 = ADVANCED_FACE ( 'NONE', ( #3073 ), #1535, .F. ) ;
#660 = EDGE_CURVE ( 'NONE', #3001, #9273, #7426, .T. ) ;
#661 = CARTESIAN_POINT ( 'NONE',  ( -0.04499999999999999140, 0.02500000000000000139, 0.1349999999999998979 ) ) ;
#662 = ORIENTED_EDGE ( 'NONE', *, *, #4379, .F. ) ;
#663 = ORIENTED_EDGE ( 'NONE', *, *, #1179, .F. ) ;
#664 = CARTESIAN_POINT ( 'NONE',  ( 0.1674999999999999822, 0.2541640786499874127, 0.07499999999999988620 ) ) ;
#665 = CARTESIAN_POINT ( 'NONE',  ( 0.1000000000000000056, 0.06950960878969845991, -0.1449999999999999900 ) ) ;
#666 = ORIENTED_EDGE ( 'NONE', *, *, #6475, .F. ) ;
#667 = CARTESIAN_POINT ( 'NONE',  ( 0.1500000000000000500, 0.000000000000000000, 0.1999999999999999556 ) ) ;
#668 = VECTOR ( 'NONE', #7715, 39.37007874015748143 ) ;
#669 = DIRECTION ( 'NONE',  ( 0.000000000000000000, 1.000000000000000000, 0.000000000000000000 ) ) ;
#670 = ADVANCED_FACE ( 'NONE', ( #5752 ), #5980, .F. ) ;
#671 = LINE ( 'NONE', #862, #4887 ) ;
#672 = ORIENTED_EDGE ( 'NONE', *, *, #168, .F. ) ;
#673 = PLANE ( 'NONE',  #8615 ) ;
#674 = CARTESIAN_POINT ( 'NONE',  ( 0.05000000000000004441, 0.000000000000000000, 0.1824999999999999678 ) ) ;
#675 = EDGE_CURVE ( 'NONE', #6375, #1714, #4576, .T. ) ;
#676 = EDGE_CURVE ( 'NONE', #2822, #3250, #2071, .T. ) ;
#677 = VECTOR ( 'NONE', #6987, 39.37007874015748143 ) ;
#678 = ORIENTED_EDGE ( 'NONE', *, *, #5428, .T. ) ;
#679 = EDGE_CURVE ( 'NONE', #4397, #3713, #7568, .T. ) ;
#680 = ORIENTED_EDGE ( 'NONE', *, *, #2140, .F. ) ;
#681 = CARTESIAN_POINT ( 'NONE',  ( 0.1024999999999999800, 0.02500000000000000139, 0.1349999999999998701 ) ) ;
#682 = FACE_OUTER_BOUND ( 'NONE', #2490, .T. ) ;
#683 = CARTESIAN_POINT ( 'NONE',  ( -0.01999999999999998307, 0.02500000000000000139, -0.1649999999999999800 ) ) ;
#684 = VECTOR ( 'NONE', #7598, 39.37007874015748143 ) ;
#685 = VERTEX_POINT ( 'NONE', #1091 ) ;
#686 = FACE_OUTER_BOUND ( 'NONE', #6571, .T. ) ;
#688 = DIRECTION ( 'NONE',  ( -0.1710878697460326281, -0.9702875252478149193, -0.1710878697460322950 ) ) ;
#687 = DIRECTION ( 'NONE',  ( -1.000000000000000000, 0.000000000000000000, 1.067128122525103097E-16 ) ) ;
#689 = ADVANCED_FACE ( 'NONE', ( #1038 ), #902, .F. ) ;
#690 = SURFACE_SIDE_STYLE ('',( #3493 ) ) ;
#691 = VERTEX_POINT ( 'NONE', #949 ) ;
#692 = ORIENTED_EDGE ( 'NONE', *, *, #8109, .F. ) ;
#693 = MECHANICAL_DESIGN_GEOMETRIC_PRESENTATION_REPRESENTATION (  '', ( #4401 ), #4066 ) ;
#694 = CARTESIAN_POINT ( 'NONE',  ( -0.09836348770855350698, 0.05236220472441212304, -0.01543307086614291966 ) ) ;
#695 =( LENGTH_UNIT ( ) NAMED_UNIT ( * ) SI_UNIT ( $, .METRE. ) );
#696 = DIRECTION ( 'NONE',  ( -2.806057134721434486E-15, 4.947835822608779889E-16, 1.000000000000000000 ) ) ;
#697 = VERTEX_POINT ( 'NONE', #366 ) ;
#698 = EDGE_LOOP ( 'NONE', ( #3781, #1543 ) ) ;
#699 = CARTESIAN_POINT ( 'NONE',  ( -0.02230858298703188719, 0.03312302406173386199, -0.09023622047244185540 ) ) ;
#700 = PLANE ( 'NONE',  #3951 ) ;
#701 = CARTESIAN_POINT ( 'NONE',  ( -0.04999999999999996114, 0.02500000000000000139, 0.1999999999999999556 ) ) ;
#702 = DIRECTION ( 'NONE',  ( -4.268512490100413867E-16, 0.000000000000000000, -1.000000000000000000 ) ) ;
#703 = DIRECTION ( 'NONE',  ( 0.000000000000000000, 0.000000000000000000, 1.000000000000000000 ) ) ;
#704 = CARTESIAN_POINT ( 'NONE',  ( -0.02230858298703212658, 0.03312302406173386199, -0.03019685039370170743 ) ) ;
#705 = EDGE_CURVE ( 'NONE', #4600, #2822, #8423, .T. ) ;
#706 = CARTESIAN_POINT ( 'NONE',  ( -0.05250000000000000500, 0.02500000000000000139, -0.2000000000000000111 ) ) ;
#707 = ORIENTED_EDGE ( 'NONE', *, *, #2069, .F. ) ;
#708 = ORIENTED_EDGE ( 'NONE', *, *, #9086, .F. ) ;
#709 = CARTESIAN_POINT ( 'NONE',  ( -0.05999999999999997696, 0.05000000000000000278, -0.1399999999999999856 ) ) ;
#710 = VECTOR ( 'NONE', #5855, 39.37007874015748143 ) ;
#711 = CARTESIAN_POINT ( 'NONE',  ( 0.000000000000000000, 0.02500000000000000139, 0.000000000000000000 ) ) ;
#712 = VERTEX_POINT ( 'NONE', #7713 ) ;
#713 = DIRECTION ( 'NONE',  ( 0.000000000000000000, -1.000000000000000000, 0.000000000000000000 ) ) ;
#714 = CARTESIAN_POINT ( 'NONE',  ( 0.1500000000000000500, 0.000000000000000000, 0.1674999999999999545 ) ) ;
#715 = PRESENTATION_STYLE_ASSIGNMENT (( #2201 ) ) ;
#716 = VECTOR ( 'NONE', #5317, 39.37007874015748854 ) ;
#717 = FACE_OUTER_BOUND ( 'NONE', #3449, .T. ) ;
#718 = VERTEX_POINT ( 'NONE', #6883 ) ;
#719 = CIRCLE ( 'NONE', #8576, 0.008233140283281080787 ) ;
#720 = DIRECTION ( 'NONE',  ( 0.000000000000000000, 0.000000000000000000, 1.000000000000000000 ) ) ;
#721 = AXIS2_PLACEMENT_3D ( 'NONE', #3858, #7136, #4235 ) ;
#722 = CARTESIAN_POINT ( 'NONE',  ( -0.1062557546874524500, 0.04423918066268085758, -0.01543307086614294395 ) ) ;
#723 = VECTOR ( 'NONE', #6080, 39.37007874015748143 ) ;
#724 = ORIENTED_EDGE ( 'NONE', *, *, #437, .F. ) ;
#725 = VERTEX_POINT ( 'NONE', #4715 ) ;
#726 = LINE ( 'NONE', #3686, #9418 ) ;
#727 = VECTOR ( 'NONE', #4781, 39.37007874015748143 ) ;
#728 = AXIS2_PLACEMENT_3D ( 'NONE', #923, #3965, #3139 ) ;
#729 = DIRECTION ( 'NONE',  ( -0.000000000000000000, 0.000000000000000000, 1.000000000000000000 ) ) ;
#730 = ADVANCED_FACE ( 'NONE', ( #8282 ), #6123, .F. ) ;
#731 = FACE_OUTER_BOUND ( 'NONE', #3743, .T. ) ;
#732 = CARTESIAN_POINT ( 'NONE',  ( -0.1037336785659958988, 0.04412906444113104398, -0.01543307086614293527 ) ) ;
#734 = CARTESIAN_POINT ( 'NONE',  ( 0.08250000000000003164, 0.02500000000000000139, 0.2324999999999999567 ) ) ;
#733 = LINE ( 'NONE', #5541, #1016 ) ;
#735 = VECTOR ( 'NONE', #7417, 39.37007874015748143 ) ;
#736 = SURFACE_SIDE_STYLE ('',( #8735 ) ) ;
#737 = VECTOR ( 'NONE', #7198, 39.37007874015748143 ) ;
#738 = EDGE_CURVE ( 'NONE', #4755, #1714, #1717, .T. ) ;
#739 = VERTEX_POINT ( 'NONE', #8374 ) ;
#740 = VERTEX_POINT ( 'NONE', #8472 ) ;
#741 = DIRECTION ( 'NONE',  ( 1.365923996832131018E-15, -0.000000000000000000, 1.000000000000000000 ) ) ;
#742 = AXIS2_PLACEMENT_3D ( 'NONE', #3689, #141, #1629 ) ;
#743 = SURFACE_STYLE_USAGE ( .BOTH. , #6592 ) ;
#744 = CARTESIAN_POINT ( 'NONE',  ( -0.07499999999999998335, 0.05000000000000000278, 5.122214988120490453E-17 ) ) ;
#745 = EDGE_LOOP ( 'NONE', ( #9415, #1809, #5284, #4590 ) ) ;
#746 = ORIENTED_EDGE ( 'NONE', *, *, #9014, .F. ) ;
#747 = FACE_OUTER_BOUND ( 'NONE', #8497, .T. ) ;
#748 = STYLED_ITEM ( 'NONE', ( #9517 ), #5863 ) ;
#749 = DIRECTION ( 'NONE',  ( -0.000000000000000000, 1.000000000000000000, -0.000000000000000000 ) ) ;
#750 = DIRECTION ( 'NONE',  ( 0.04361938736532856853, -0.9990482215818581313, -0.000000000000000000 ) ) ;
#751 = CARTESIAN_POINT ( 'NONE',  ( 0.000000000000000000, 0.02500000000000000139, 0.000000000000000000 ) ) ;
#752 =( CONVERSION_BASED_UNIT ( 'INCH', #3011 ) LENGTH_UNIT ( ) NAMED_UNIT ( #7866 ) );
#753 = ORIENTED_EDGE ( 'NONE', *, *, #7751, .T. ) ;
#754 = DIRECTION ( 'NONE',  ( 0.000000000000000000, 0.000000000000000000, 1.000000000000000000 ) ) ;
#755 = VECTOR ( 'NONE', #5159, 39.37007874015748143 ) ;
#756 = LINE ( 'NONE', #6785, #8680 ) ;
#757 = PLANE ( 'NONE',  #2749 ) ;
#758 = ORIENTED_EDGE ( 'NONE', *, *, #1259, .F. ) ;
#759 = EDGE_LOOP ( 'NONE', ( #3191, #603, #3299, #6315 ) ) ;
#760 = DIRECTION ( 'NONE',  ( 3.414809992080327544E-16, -1.951319995474473727E-15, 1.000000000000000000 ) ) ;
#761 = CARTESIAN_POINT ( 'NONE',  ( -0.1224999999999995121, 0.02500000000000265205, -0.03019685039370204743 ) ) ;
#762 = EDGE_LOOP ( 'NONE', ( #5917, #8411, #1977, #2073 ) ) ;
#763 = PLANE ( 'NONE',  #9110 ) ;
#764 = LINE ( 'NONE', #3125, #4837 ) ;
#765 = EDGE_CURVE ( 'NONE', #2668, #1850, #3123, .T. ) ;
#766 = VECTOR ( 'NONE', #8335, 39.37007874015748143 ) ;
#767 = CARTESIAN_POINT ( 'NONE',  ( 0.06000000000000004635, 0.04375000000000035111, -0.03500000000000010048 ) ) ;
#768 = UNCERTAINTY_MEASURE_WITH_UNIT (LENGTH_MEASURE( 1.000000000000000082E-05 ), #4777, 'distance_accuracy_value', 'NONE');
#769 = CLOSED_SHELL ( 'NONE', ( #9474, #2649, #5724, #4341, #9200, #6388 ) ) ;
#770 = FACE_OUTER_BOUND ( 'NONE', #7184, .T. ) ;
#771 = VECTOR ( 'NONE', #8852, 39.37007874015748143 ) ;
#772 = EDGE_LOOP ( 'NONE', ( #4404, #7143, #7871, #2292 ) ) ;
#773 = DIRECTION ( 'NONE',  ( 0.000000000000000000, 0.000000000000000000, -1.000000000000000000 ) ) ;
#774 = EDGE_CURVE ( 'NONE', #504, #4828, #272, .T. ) ;
#775 = FACE_OUTER_BOUND ( 'NONE', #9521, .T. ) ;
#776 = AXIS2_PLACEMENT_3D ( 'NONE', #9076, #6917, #3146 ) ;
#777 = ORIENTED_EDGE ( 'NONE', *, *, #4223, .T. ) ;
#778 = CIRCLE ( 'NONE', #2170, 0.008233140283281080787 ) ;
#779 = CARTESIAN_POINT ( 'NONE',  ( -0.1037336785659956351, 0.04412906444113104398, -0.09023622047244214683 ) ) ;
#780 = EDGE_CURVE ( 'NONE', #5252, #6193, #4626, .T. ) ;
#781 = DIRECTION ( 'NONE',  ( -1.000000000000000000, -0.000000000000000000, 1.365923996832131215E-15 ) ) ;
#782 = EDGE_CURVE ( 'NONE', #7084, #8599, #7657, .T. ) ;
#783 = ADVANCED_FACE ( 'NONE', ( #4767 ), #6840, .T. ) ;
#784 = CARTESIAN_POINT ( 'NONE',  ( 0.1524999999999999689, 0.02500000000000000139, 0.09499999999999990397 ) ) ;
#786 = CARTESIAN_POINT ( 'NONE',  ( -0.05999999999999998390, 0.05000000000000000278, -0.1649999999999999800 ) ) ;
#785 =( LENGTH_UNIT ( ) NAMED_UNIT ( * ) SI_UNIT ( $, .METRE. ) );
#787 = VERTEX_POINT ( 'NONE', #6984 ) ;
#788 =( NAMED_UNIT ( * ) PLANE_ANGLE_UNIT ( ) SI_UNIT ( $, .RADIAN. ) );
#789 = ORIENTED_EDGE ( 'NONE', *, *, #7510, .T. ) ;
#790 = DIRECTION ( 'NONE',  ( 0.000000000000000000, 0.000000000000000000, 1.000000000000000000 ) ) ;
#791 = FILL_AREA_STYLE ('',( #8028 ) ) ;
#792 = PLANE ( 'NONE',  #4629 ) ;
#793 = ORIENTED_EDGE ( 'NONE', *, *, #71, .T. ) ;
#794 = ORIENTED_EDGE ( 'NONE', *, *, #5907, .F. ) ;
#795 = PLANE ( 'NONE',  #7035 ) ;
#796 = CARTESIAN_POINT ( 'NONE',  ( -0.08559055118110156513, 0.06240157480315226129, -0.09860236220472552715 ) ) ;
#797 = DIRECTION ( 'NONE',  ( 0.000000000000000000, 1.000000000000000000, 0.000000000000000000 ) ) ;
#798 = LINE ( 'NONE', #3611, #4814 ) ;
#799 = ADVANCED_FACE ( 'NONE', ( #9140 ), #179, .T. ) ;
#800 = CARTESIAN_POINT ( 'NONE',  ( -0.02280479680351626612, 0.04448818897638057157, -0.03019685039370171437 ) ) ;
#801 = VECTOR ( 'NONE', #4797, 39.37007874015748143 ) ;
#802 = EDGE_CURVE ( 'NONE', #5805, #613, #6939, .T. ) ;
#803 = ORIENTED_EDGE ( 'NONE', *, *, #9487, .T. ) ;
#804 = CARTESIAN_POINT ( 'NONE',  ( 0.1900000000000000300, 0.02500000000000000486, -0.05750000000000005107 ) ) ;
#805 = EDGE_CURVE ( 'NONE', #3161, #4435, #328, .T. ) ;
#806 =( NAMED_UNIT ( * ) SI_UNIT ( $, .STERADIAN. ) SOLID_ANGLE_UNIT ( ) );
#807 = AXIS2_PLACEMENT_3D ( 'NONE', #1797, #9024, #1745 ) ;
#808 = LINE ( 'NONE', #1386, #3537 ) ;
#809 = ORIENTED_EDGE ( 'NONE', *, *, #4752, .F. ) ;
#810 = ORIENTED_EDGE ( 'NONE', *, *, #30, .F. ) ;
#811 = FACE_OUTER_BOUND ( 'NONE', #8277, .T. ) ;
#812 = DIRECTION ( 'NONE',  ( -0.000000000000000000, 1.000000000000000000, -0.000000000000000000 ) ) ;
#813 = ORIENTED_EDGE ( 'NONE', *, *, #3602, .T. ) ;
#814 = DIRECTION ( 'NONE',  ( 0.000000000000000000, 1.000000000000000000, -0.000000000000000000 ) ) ;
#815 = DIRECTION ( 'NONE',  ( -0.000000000000000000, 1.000000000000000000, -0.000000000000000000 ) ) ;
#816 = CARTESIAN_POINT ( 'NONE',  ( -0.09937007874015688080, 0.04665354330708928327, -0.05283464566929253065 ) ) ;
#817 = EDGE_CURVE ( 'NONE', #1902, #9406, #2483, .T. ) ;
#818 =( NAMED_UNIT ( * ) SI_UNIT ( $, .STERADIAN. ) SOLID_ANGLE_UNIT ( ) );
#819 = CLOSED_SHELL ( 'NONE', ( #7321, #7106, #4663, #4802, #973, #256, #5699, #3986, #3696, #38, #4491, #2525, #8635, #3648 ) ) ;
#820 = DIRECTION ( 'NONE',  ( -1.000000000000000000, -5.514392145893227464E-16, -3.127367192324687779E-15 ) ) ;
#821 = VERTEX_POINT ( 'NONE', #2531 ) ;
#822 = FACE_OUTER_BOUND ( 'NONE', #824, .T. ) ;
#823 = FACE_OUTER_BOUND ( 'NONE', #946, .T. ) ;
#824 = EDGE_LOOP ( 'NONE', ( #3930, #6804, #4901, #7374 ) ) ;
#825 = VECTOR ( 'NONE', #6499, 39.37007874015748143 ) ;
#826 = PLANE ( 'NONE',  #2253 ) ;
#827 = EDGE_CURVE ( 'NONE', #6503, #4212, #3995, .T. ) ;
#828 = CARTESIAN_POINT ( 'NONE',  ( -0.04999999999999996114, 0.02500000000000000139, 0.2324999999999999567 ) ) ;
#829 = EDGE_CURVE ( 'NONE', #7545, #5430, #7902, .T. ) ;
#830 = DIRECTION ( 'NONE',  ( -0.000000000000000000, 1.000000000000000000, 0.000000000000000000 ) ) ;
#831 =( GEOMETRIC_REPRESENTATION_CONTEXT ( 3 ) GLOBAL_UNCERTAINTY_ASSIGNED_CONTEXT ( ( #4444 ) ) GLOBAL_UNIT_ASSIGNED_CONTEXT ( ( #8848, #3889, #6258 ) ) REPRESENTATION_CONTEXT ( 'NONE', 'WORKASPACE' ) );
#833 = CARTESIAN_POINT ( 'NONE',  ( -0.03539370078740081138, 0.04665354330708926245, -0.1173031496063001861 ) ) ;
#832 = FILL_AREA_STYLE_COLOUR ( '', #2741 ) ;
#834 = VERTEX_POINT ( 'NONE', #2825 ) ;
#835 = EDGE_CURVE ( 'NONE', #3992, #3651, #3366, .T. ) ;
#836 = EDGE_LOOP ( 'NONE', ( #2818, #8448, #5025, #3970 ) ) ;
#837 = LINE ( 'NONE', #3601, #5411 ) ;
#838 = FACE_OUTER_BOUND ( 'NONE', #8759, .T. ) ;
#839 = VERTEX_POINT ( 'NONE', #2093 ) ;
#840 = EDGE_LOOP ( 'NONE', ( #8508, #7580, #358, #2588 ) ) ;
#841 = CARTESIAN_POINT ( 'NONE',  ( -0.08499999999999997835, 0.05000000000000000278, 0.04499999999999989425 ) ) ;
#842 = DIRECTION ( 'NONE',  ( 0.9990482215818581313, 0.04361938736532856853, 3.488158222257475945E-15 ) ) ;
#843 = CARTESIAN_POINT ( 'NONE',  ( 0.1525000000000000244, 0.02500000000000000139, 0.07499999999999988620 ) ) ;
#844 = VECTOR ( 'NONE', #2419, 39.37007874015748143 ) ;
#845 = VERTEX_POINT ( 'NONE', #2004 ) ;
#846 = LINE ( 'NONE', #6655, #6455 ) ;
#847 = DIRECTION ( 'NONE',  ( -1.000000000000000000, 0.000000000000000000, 1.067128122525103097E-16 ) ) ;
#848 = CARTESIAN_POINT ( 'NONE',  ( 0.1500000000000000500, 0.02500000000000000139, 0.1999999999999999556 ) ) ;
#849 = ADVANCED_FACE ( 'NONE', ( #5731 ), #5682, .T. ) ;
#850 = ADVANCED_FACE ( 'NONE', ( #605 ), #5768, .F. ) ;
#851 = ORIENTED_EDGE ( 'NONE', *, *, #4817, .T. ) ;
#852 = ORIENTED_EDGE ( 'NONE', *, *, #3788, .T. ) ;
#853 = FACE_OUTER_BOUND ( 'NONE', #3304, .T. ) ;
#854 = DIRECTION ( 'NONE',  ( 0.9848077530122080203, 0.1736481776669307198, 2.849345089068007916E-15 ) ) ;
#855 = VERTEX_POINT ( 'NONE', #1953 ) ;
#856 = CARTESIAN_POINT ( 'NONE',  ( 0.1524999999999999689, 0.02500000000000000139, 0.09499999999999990397 ) ) ;
#857 = CARTESIAN_POINT ( 'NONE',  ( 0.1366938691117163263, 0.02500000000000000139, 0.001693869111716179900 ) ) ;
#858 = CARTESIAN_POINT ( 'NONE',  ( -0.04499999999999998446, 0.02500000000000000139, 0.01999999999999987899 ) ) ;
#859 = EDGE_CURVE ( 'NONE', #7480, #1149, #6288, .T. ) ;
#860 = FILL_AREA_STYLE_COLOUR ( '', #2364 ) ;
#861 = VECTOR ( 'NONE', #4007, 39.37007874015748143 ) ;
#862 = CARTESIAN_POINT ( 'NONE',  ( 0.02250000000000001305, 0.02500000000000000139, 0.1099999999999999034 ) ) ;
#863 = ORIENTED_EDGE ( 'NONE', *, *, #2555, .F. ) ;
#864 = CARTESIAN_POINT ( 'NONE',  ( -0.1149772726619821689, 0.03070866141732543284, -0.1050000000000012590 ) ) ;
#865 = VECTOR ( 'NONE', #6435, 39.37007874015748143 ) ;
#866 = DIRECTION ( 'NONE',  ( 0.000000000000000000, 0.000000000000000000, 1.000000000000000000 ) ) ;
#867 = AXIS2_PLACEMENT_3D ( 'NONE', #4057, #335, #8391 ) ;
#868 = VERTEX_POINT ( 'NONE', #5013 ) ;
#869 = LINE ( 'NONE', #1690, #6439 ) ;
#870 = DIRECTION ( 'NONE',  ( 3.491481338843133355E-15, 0.000000000000000000, -1.000000000000000000 ) ) ;
#871 = VECTOR ( 'NONE', #6796, 39.37007874015748143 ) ;
#872 = ADVANCED_FACE ( 'NONE', ( #3561 ), #509, .T. ) ;
#873 = PLANE ( 'NONE',  #2609 ) ;
#874 = CARTESIAN_POINT ( 'NONE',  ( 0.02500000000000007425, 0.04249999999999999611, -0.08246320343559628008 ) ) ;
#875 = AXIS2_PLACEMENT_3D ( 'NONE', #9350, #4297, #1155 ) ;
#876 = VECTOR ( 'NONE', #1336, 39.37007874015748143 ) ;
#877 = EDGE_CURVE ( 'NONE', #964, #6375, #5811, .T. ) ;
#878 = ORIENTED_EDGE ( 'NONE', *, *, #4045, .F. ) ;
#879 = AXIS2_PLACEMENT_3D ( 'NONE', #2142, #2232, #1567 ) ;
#880 = VECTOR ( 'NONE', #2998, 39.37007874015748143 ) ;
#881 = EDGE_LOOP ( 'NONE', ( #50, #7517, #3407, #8256 ) ) ;
#882 = DIRECTION ( 'NONE',  ( 0.04361938736532856159, -0.9990482215818581313, 7.504422230669101727E-16 ) ) ;
#883 = DIRECTION ( 'NONE',  ( -1.000000000000000000, 0.000000000000000000, -0.000000000000000000 ) ) ;
#884 = CYLINDRICAL_SURFACE ( 'NONE', #9083, 0.004921259842519689308 ) ;
#885 = AXIS2_PLACEMENT_3D ( 'NONE', #2396, #5217, #5891 ) ;
#886 = ORIENTED_EDGE ( 'NONE', *, *, #5382, .T. ) ;
#887 = EDGE_LOOP ( 'NONE', ( #7159, #5386, #6063, #5073 ) ) ;
#888 = FACE_OUTER_BOUND ( 'NONE', #6225, .T. ) ;
#889 = DIRECTION ( 'NONE',  ( 0.000000000000000000, 1.000000000000000000, 0.000000000000000000 ) ) ;
#890 = DIRECTION ( 'NONE',  ( 0.000000000000000000, 0.000000000000000000, -1.000000000000000000 ) ) ;
#891 = CARTESIAN_POINT ( 'NONE',  ( -9.037876824944720355E-20, 0.02500000000000000139, 0.001693869111716172745 ) ) ;
#892 = CARTESIAN_POINT ( 'NONE',  ( -0.01978650686557527696, 0.02500000000000260347, -0.09023622047244185540 ) ) ;
#893 = VERTEX_POINT ( 'NONE', #9379 ) ;
#894 = DIRECTION ( 'NONE',  ( 0.000000000000000000, 1.000000000000000000, 0.000000000000000000 ) ) ;
#895 = CARTESIAN_POINT ( 'NONE',  ( -0.08499999999999996447, 0.05000000000000000278, 0.01999999999999989286 ) ) ;
#896 = VERTEX_POINT ( 'NONE', #1183 ) ;
#897 = ORIENTED_EDGE ( 'NONE', *, *, #214, .F. ) ;
#898 = DIRECTION ( 'NONE',  ( 9.782089697649614194E-16, 1.000000000000000000, 3.415398363423329871E-30 ) ) ;
#899 = ORIENTED_EDGE ( 'NONE', *, *, #583, .T. ) ;
#900 = ORIENTED_EDGE ( 'NONE', *, *, #8200, .F. ) ;
#901 = CARTESIAN_POINT ( 'NONE',  ( -0.09937007874015674203, 0.04665354330708928327, -0.1050000000000011896 ) ) ;
#902 = PLANE ( 'NONE',  #3579 ) ;
#903 = DIRECTION ( 'NONE',  ( -0.04361938736532856853, 0.9990482215818581313, -0.000000000000000000 ) ) ;
#904 = CARTESIAN_POINT ( 'NONE',  ( 0.01750000000000003636, 0.000000000000000000, 0.1674999999999999545 ) ) ;
#905 =( CONVERSION_BASED_UNIT ( 'INCH', #5883 ) LENGTH_UNIT ( ) NAMED_UNIT ( #3354 ) );
#906 = EDGE_CURVE ( 'NONE', #3468, #5378, #9328, .T. ) ;
#907 = AXIS2_PLACEMENT_3D ( 'NONE', #5247, #5920, #3716 ) ;
#908 = LINE ( 'NONE', #4633, #6892 ) ;
#909 = ORIENTED_EDGE ( 'NONE', *, *, #8103, .F. ) ;
#910 = CARTESIAN_POINT ( 'NONE',  ( 0.01750000000000003636, 0.02500000000000000139, 0.2324999999999999567 ) ) ;
#911 = CIRCLE ( 'NONE', #9224, 0.01749999999999998432 ) ;
#912 = EDGE_CURVE ( 'NONE', #1615, #1238, #7758, .T. ) ;
#913 = DIRECTION ( 'NONE',  ( 1.000000000000000000, -0.000000000000000000, 0.000000000000000000 ) ) ;
#914 = DIRECTION ( 'NONE',  ( 0.000000000000000000, 0.000000000000000000, 1.000000000000000000 ) ) ;
#915 = VECTOR ( 'NONE', #2128, 39.37007874015748143 ) ;
#916 = ADVANCED_FACE ( 'NONE', ( #1241 ), #3460, .F. ) ;
#917 = VERTEX_POINT ( 'NONE', #554 ) ;
#918 = EDGE_CURVE ( 'NONE', #6912, #6646, #7204, .T. ) ;
#919 = AXIS2_PLACEMENT_3D ( 'NONE', #5764, #8695, #2088 ) ;
#920 = FILL_AREA_STYLE ('',( #8247 ) ) ;
#921 = DIRECTION ( 'NONE',  ( 0.000000000000000000, 1.000000000000000000, 0.000000000000000000 ) ) ;
#922 = CARTESIAN_POINT ( 'NONE',  ( -0.01978650686557548166, 0.03323314028328368253, -0.05283464566929224615 ) ) ;
#923 = CARTESIAN_POINT ( 'NONE',  ( -0.1037336785659957600, 0.04412906444113104398, -0.05283464566929253758 ) ) ;
#924 = VECTOR ( 'NONE', #4799, 39.37007874015748143 ) ;
#925 = EDGE_CURVE ( 'NONE', #5094, #2627, #6416, .T. ) ;
#926 = VERTEX_POINT ( 'NONE', #464 ) ;
#927 = ORIENTED_EDGE ( 'NONE', *, *, #5509, .T. ) ;
#928 = SURFACE_STYLE_FILL_AREA ( #2410 ) ;
#929 = CARTESIAN_POINT ( 'NONE',  ( 0.1550367965644038060, 0.04249999999999998224, -0.06250000000000000000 ) ) ;
#930 = EDGE_CURVE ( 'NONE', #2604, #7845, #9191, .T. ) ;
#931 = VERTEX_POINT ( 'NONE', #7228 ) ;
#932 = ORIENTED_EDGE ( 'NONE', *, *, #1202, .F. ) ;
#933 = CARTESIAN_POINT ( 'NONE',  ( 0.1524999999999999689, 0.02500000000000000139, 0.1349999999999998701 ) ) ;
#934 = DIRECTION ( 'NONE',  ( 0.000000000000000000, -0.000000000000000000, 1.000000000000000000 ) ) ;
#935 = DIRECTION ( 'NONE',  ( -3.386200294282863932E-15, 5.970784739650143046E-16, 1.000000000000000000 ) ) ;
#936 = PLANE ( 'NONE',  #4395 ) ;
#937 = VERTEX_POINT ( 'NONE', #2630 ) ;
#938 = DIRECTION ( 'NONE',  ( 0.000000000000000000, 1.000000000000000000, 0.000000000000000000 ) ) ;
#939 = FACE_OUTER_BOUND ( 'NONE', #9019, .T. ) ;
#940 = EDGE_CURVE ( 'NONE', #5199, #8389, #5589, .T. ) ;
#941 = DIRECTION ( 'NONE',  ( 0.000000000000000000, 0.000000000000000000, 1.000000000000000000 ) ) ;
#942 = ORIENTED_EDGE ( 'NONE', *, *, #1215, .T. ) ;
#943 = EDGE_CURVE ( 'NONE', #5794, #309, #7086, .T. ) ;
#944 = DIRECTION ( 'NONE',  ( -1.000000000000000000, 0.000000000000000000, 0.000000000000000000 ) ) ;
#945 = ORIENTED_EDGE ( 'NONE', *, *, #7827, .T. ) ;
#946 = EDGE_LOOP ( 'NONE', ( #9462, #6520 ) ) ;
#947 = DIRECTION ( 'NONE',  ( 5.254580242600419614E-17, 0.1736481776669270560, -0.9848077530122086864 ) ) ;
#948 = VECTOR ( 'NONE', #1217, 39.37007874015748143 ) ;
#949 = CARTESIAN_POINT ( 'NONE',  ( 0.06330613088828378199, 0.06250000000000000000, 0.001693869111716176214 ) ) ;
#950 = CARTESIAN_POINT ( 'NONE',  ( 0.04496320343559635085, 0.1000000000000000472, -0.2274999999999999245 ) ) ;
#951 = LINE ( 'NONE', #2533, #668 ) ;
#952 = ADVANCED_FACE ( 'NONE', ( #8886 ), #3057, .T. ) ;
#953 = LINE ( 'NONE', #5734, #4087 ) ;
#954 = EDGE_CURVE ( 'NONE', #1255, #5748, #4513, .T. ) ;
#955 = AXIS2_PLACEMENT_3D ( 'NONE', #8800, #4472, #1607 ) ;
#956 =( NAMED_UNIT ( * ) SI_UNIT ( $, .STERADIAN. ) SOLID_ANGLE_UNIT ( ) );
#957 = EDGE_CURVE ( 'NONE', #8927, #3298, #119, .T. ) ;
#958 = DIRECTION ( 'NONE',  ( -3.491481338843132961E-15, 0.000000000000000000, 1.000000000000000000 ) ) ;
#959 = ORIENTED_EDGE ( 'NONE', *, *, #9098, .T. ) ;
#960 = DIRECTION ( 'NONE',  ( 3.491481338843133355E-15, 0.000000000000000000, -1.000000000000000000 ) ) ;
#961 = ADVANCED_FACE ( 'NONE', ( #3747 ), #1467, .T. ) ;
#962 = FACE_OUTER_BOUND ( 'NONE', #9198, .T. ) ;
#963 = DIRECTION ( 'NONE',  ( -0.000000000000000000, 1.000000000000000000, -0.000000000000000000 ) ) ;
#964 = VERTEX_POINT ( 'NONE', #1381 ) ;
#965 = DIRECTION ( 'NONE',  ( 0.000000000000000000, 0.000000000000000000, -1.000000000000000000 ) ) ;
#966 = DIRECTION ( 'NONE',  ( 0.1710878697460326281, -0.9702875252478149193, 0.1710878697460322395 ) ) ;
#967 = EDGE_CURVE ( 'NONE', #1902, #2557, #2185, .T. ) ;
#968 = EDGE_CURVE ( 'NONE', #931, #8171, #6689, .T. ) ;
#969 = CARTESIAN_POINT ( 'NONE',  ( -0.1037336785659955657, 0.04665354330708929020, -0.09023622047244214683 ) ) ;
#970 = CARTESIAN_POINT ( 'NONE',  ( -0.08499999999999997835, 0.02500000000000000139, 0.04499999999999989425 ) ) ;
#971 = EDGE_CURVE ( 'NONE', #1993, #4613, #7456, .T. ) ;
#972 = VECTOR ( 'NONE', #1862, 39.37007874015748143 ) ;
#973 = ADVANCED_FACE ( 'NONE', ( #8938 ), #7272, .F. ) ;
#974 = ORIENTED_EDGE ( 'NONE', *, *, #7771, .F. ) ;
#975 = ORIENTED_EDGE ( 'NONE', *, *, #238, .T. ) ;
#976 =( LENGTH_UNIT ( ) NAMED_UNIT ( * ) SI_UNIT ( $, .METRE. ) );
#977 = AXIS2_PLACEMENT_3D ( 'NONE', #5480, #4662, #1709 ) ;
#978 = CARTESIAN_POINT ( 'NONE',  ( -0.1499999999999999667, 0.000000000000000000, 0.1999999999999999556 ) ) ;
#979 = DIRECTION ( 'NONE',  ( 3.491481338843133355E-15, 0.000000000000000000, -1.000000000000000000 ) ) ;
#980 = ORIENTED_EDGE ( 'NONE', *, *, #1295, .T. ) ;
#981 = ORIENTED_EDGE ( 'NONE', *, *, #6534, .F. ) ;
#982 = LINE ( 'NONE', #3928, #8729 ) ;
#983 = CARTESIAN_POINT ( 'NONE',  ( -0.1549999999999999989, 0.02500000000000000139, -0.1575000000000000289 ) ) ;
#984 = CARTESIAN_POINT ( 'NONE',  ( 0.06335571223128623475, 0.06278118976916205463, 0.001644287768713721502 ) ) ;
#985 = ORIENTED_EDGE ( 'NONE', *, *, #4817, .F. ) ;
#986 = CARTESIAN_POINT ( 'NONE',  ( -0.1224999999999995121, 0.03070866141732548488, -0.01543307086614299599 ) ) ;
#987 = CARTESIAN_POINT ( 'NONE',  ( 0.01750000000000003636, 0.000000000000000000, 0.2324999999999999567 ) ) ;
#988 = ORIENTED_EDGE ( 'NONE', *, *, #5228, .T. ) ;
#989 = FACE_OUTER_BOUND ( 'NONE', #6332, .T. ) ;
#990 = ORIENTED_EDGE ( 'NONE', *, *, #5700, .T. ) ;
#991 = VECTOR ( 'NONE', #6162, 39.37007874015748143 ) ;
#992 = ORIENTED_EDGE ( 'NONE', *, *, #6237, .F. ) ;
#993 = PLANE ( 'NONE',  #6126 ) ;
#994 = DIRECTION ( 'NONE',  ( -1.000000000000000000, 0.000000000000000000, 0.000000000000000000 ) ) ;
#995 = DIRECTION ( 'NONE',  ( -1.000000000000000000, 0.000000000000000000, -6.763395879695977903E-15 ) ) ;
#996 = DIRECTION ( 'NONE',  ( 0.000000000000000000, 0.000000000000000000, 1.000000000000000000 ) ) ;
#997 = EDGE_CURVE ( 'NONE', #4606, #868, #2866, .T. ) ;
#998 = DIRECTION ( 'NONE',  ( -0.04361938736532856853, -0.9990482215818581313, 0.000000000000000000 ) ) ;
#999 = CARTESIAN_POINT ( 'NONE',  ( -0.1299999999999999767, 0.05000000000000000278, -0.1500000000000000500 ) ) ;
#1000 = ORIENTED_EDGE ( 'NONE', *, *, #3809, .F. ) ;
#1001 = FACE_OUTER_BOUND ( 'NONE', #3744, .T. ) ;
#1002 = CARTESIAN_POINT ( 'NONE',  ( -0.03539370078740097791, 0.04665354330708928327, -0.05283464566929230166 ) ) ;
#1003 = DIRECTION ( 'NONE',  ( -0.000000000000000000, 1.000000000000000000, -0.000000000000000000 ) ) ;
#1004 = ORIENTED_EDGE ( 'NONE', *, *, #8684, .T. ) ;
#1005 = CARTESIAN_POINT ( 'NONE',  ( 0.08750000000000000833, 0.06000000000000001166, 0.03499999999999990619 ) ) ;
#1006 = CYLINDRICAL_SURFACE ( 'NONE', #3498, 0.03249999999999999417 ) ;
#1007 = CARTESIAN_POINT ( 'NONE',  ( -0.01226377952755827554, 0.03070866141732546059, -0.1050000000000008843 ) ) ;
#1008 = AXIS2_PLACEMENT_3D ( 'NONE', #7745, #8646, #4174 ) ;
#1010 = CARTESIAN_POINT ( 'NONE',  ( 0.02250000000000001305, 0.05999999999999999778, 0.05999999999999990064 ) ) ;
#1009 = CARTESIAN_POINT ( 'NONE',  ( -0.02801181102362127612, 0.03287401574803415494, -0.09023622047244189703 ) ) ;
#1011 = ORIENTED_EDGE ( 'NONE', *, *, #8025, .T. ) ;
#1012 = ORIENTED_EDGE ( 'NONE', *, *, #7796, .F. ) ;
#1013 = LENGTH_MEASURE_WITH_UNIT ( LENGTH_MEASURE( 0.02539999999999999897 ), #976 );
#1014 = CIRCLE ( 'NONE', #2713, 0.01749999999999998432 ) ;
#1015 = LINE ( 'NONE', #7592, #2436 ) ;
#1016 = VECTOR ( 'NONE', #9240, 39.37007874015748143 ) ;
#1017 = DIRECTION ( 'NONE',  ( 0.000000000000000000, 0.000000000000000000, 1.000000000000000000 ) ) ;
#1018 = CIRCLE ( 'NONE', #570, 0.07999999999999990452 ) ;
#1019 = VERTEX_POINT ( 'NONE', #6731 ) ;
#1020 = EDGE_LOOP ( 'NONE', ( #1521, #3786, #6253, #8910 ) ) ;
#1021 = EDGE_CURVE ( 'NONE', #2982, #5974, #32, .T. ) ;
#1022 = CARTESIAN_POINT ( 'NONE',  ( 0.1525000000000000244, 0.02500000000000000139, 0.07499999999999988620 ) ) ;
#1023 = VECTOR ( 'NONE', #6553, 39.37007874015748143 ) ;
#1024 = DIRECTION ( 'NONE',  ( -0.000000000000000000, 0.000000000000000000, 1.000000000000000000 ) ) ;
#1025 = ORIENTED_EDGE ( 'NONE', *, *, #5664, .T. ) ;
#1026 = LINE ( 'NONE', #3982, #3311 ) ;
#1027 = ORIENTED_EDGE ( 'NONE', *, *, #5810, .F. ) ;
#1028 = VECTOR ( 'NONE', #5494, 39.37007874015748143 ) ;
#1029 = CARTESIAN_POINT ( 'NONE',  ( 0.1024999999999999800, 0.02500000000000000139, 0.1349999999999998701 ) ) ;
#1030 = SURFACE_SIDE_STYLE ('',( #8364 ) ) ;
#1031 = VECTOR ( 'NONE', #7043, 39.37007874015748143 ) ;
#1032 = DIRECTION ( 'NONE',  ( 4.268512490100411895E-16, -0.000000000000000000, 1.000000000000000000 ) ) ;
#1033 = EDGE_LOOP ( 'NONE', ( #1447, #3089, #4194, #9435 ) ) ;
#1034 = DIRECTION ( 'NONE',  ( 0.000000000000000000, 1.000000000000000000, 0.000000000000000000 ) ) ;
#1035 = ORIENTED_EDGE ( 'NONE', *, *, #6111, .T. ) ;
#1036 = ORIENTED_EDGE ( 'NONE', *, *, #1659, .T. ) ;
#1037 = FACE_OUTER_BOUND ( 'NONE', #5458, .T. ) ;
#1038 = FACE_OUTER_BOUND ( 'NONE', #4478, .T. ) ;
#1039 = FACE_OUTER_BOUND ( 'NONE', #2251, .T. ) ;
#1040 = FACE_OUTER_BOUND ( 'NONE', #6139, .T. ) ;
#1041 = VECTOR ( 'NONE', #7277, 39.37007874015748143 ) ;
#1042 = SURFACE_SIDE_STYLE ('',( #276 ) ) ;
#1043 = AXIS2_PLACEMENT_3D ( 'NONE', #7444, #7485, #2265 ) ;
#1044 = CARTESIAN_POINT ( 'NONE',  ( -0.03103010096156222711, 0.04412906444113104398, -0.01543307086614268027 ) ) ;
#1045 = COLOUR_RGB ( '',0.7921568627450980005, 0.8196078431372548767, 0.9333333333333333481 ) ;
#1046 = CARTESIAN_POINT ( 'NONE',  ( -0.08559055118110156513, 0.06437007874016013875, -0.1084448818897649075 ) ) ;
#1047 = VERTEX_POINT ( 'NONE', #5058 ) ;
#1048 = DIRECTION ( 'NONE',  ( -0.000000000000000000, 1.000000000000000000, -0.000000000000000000 ) ) ;
#1049 = EDGE_LOOP ( 'NONE', ( #4863, #4304, #8031, #9102 ) ) ;
#1050 = PLANE ( 'NONE',  #6580 ) ;
#1051 = CARTESIAN_POINT ( 'NONE',  ( 0.1524999999999999689, 0.05999999999999999778, 0.09499999999999990397 ) ) ;
#1052 = AXIS2_PLACEMENT_3D ( 'NONE', #661, #3615, #7650 ) ;
#1053 = VERTEX_POINT ( 'NONE', #8841 ) ;
#1054 = SURFACE_SIDE_STYLE ('',( #7679 ) ) ;
#1055 = LINE ( 'NONE', #3236, #5039 ) ;
#1056 =( GEOMETRIC_REPRESENTATION_CONTEXT ( 3 ) GLOBAL_UNCERTAINTY_ASSIGNED_CONTEXT ( ( #5121 ) ) GLOBAL_UNIT_ASSIGNED_CONTEXT ( ( #8880, #5325, #7635 ) ) REPRESENTATION_CONTEXT ( 'NONE', 'WORKASPACE' ) );
#1057 = ADVANCED_FACE ( 'NONE', ( #5818 ), #4424, .T. ) ;
#1058 = DIRECTION ( 'NONE',  ( -0.000000000000000000, -0.000000000000000000, -1.000000000000000000 ) ) ;
#1059 = AXIS2_PLACEMENT_3D ( 'NONE', #9528, #938, #354 ) ;
#1061 = CARTESIAN_POINT ( 'NONE',  ( 0.02250000000000000611, 0.2541640786499874127, 0.1249999999999999029 ) ) ;
#1060 = CARTESIAN_POINT ( 'NONE',  ( 0.1024999999999999800, 0.02500000000000000139, 0.1349999999999998701 ) ) ;
#1062 = DIMENSIONAL_EXPONENTS ( 1.000000000000000000, 0.000000000000000000, 0.000000000000000000, 0.000000000000000000, 0.000000000000000000, 0.000000000000000000, 0.000000000000000000 ) ;
#1063 = AXIS2_PLACEMENT_3D ( 'NONE', #7831, #2698, #7880 ) ;
#1064 = ORIENTED_EDGE ( 'NONE', *, *, #2495, .F. ) ;
#1065 = ADVANCED_FACE ( 'NONE', ( #4374 ), #3609, .F. ) ;
#1066 = ORIENTED_EDGE ( 'NONE', *, *, #1503, .T. ) ;
#1067 = EDGE_CURVE ( 'NONE', #9452, #5901, #5147, .T. ) ;
#1068 = LINE ( 'NONE', #2368, #8651 ) ;
#1069 = ADVANCED_FACE ( 'NONE', ( #7314 ), #700, .F. ) ;
#1070 = DIRECTION ( 'NONE',  ( -0.000000000000000000, -1.000000000000000000, -0.000000000000000000 ) ) ;
#1071 = CIRCLE ( 'NONE', #2767, 0.008233140283281080787 ) ;
#1072 = DIRECTION ( 'NONE',  ( -0.000000000000000000, -0.000000000000000000, -1.000000000000000000 ) ) ;
#1073 = CARTESIAN_POINT ( 'NONE',  ( -0.02230858298703216128, 0.03312302406173386199, -0.01543307086614265425 ) ) ;
#1074 = VERTEX_POINT ( 'NONE', #5188 ) ;
#1075 = EDGE_CURVE ( 'NONE', #1703, #5765, #9524, .T. ) ;
#1076 = CARTESIAN_POINT ( 'NONE',  ( -0.03103010096156222711, 0.03070866141732543284, -0.01543307086614268027 ) ) ;
#1077 = DIRECTION ( 'NONE',  ( 0.000000000000000000, 1.000000000000000000, 0.000000000000000000 ) ) ;
#1078 = ORIENTED_EDGE ( 'NONE', *, *, #214, .T. ) ;
#1079 = LINE ( 'NONE', #984, #219 ) ;
#1080 = ORIENTED_EDGE ( 'NONE', *, *, #1997, .T. ) ;
#1081 = VECTOR ( 'NONE', #1072, 39.37007874015748143 ) ;
#1082 = LINE ( 'NONE', #5532, #1852 ) ;
#1083 = AXIS2_PLACEMENT_3D ( 'NONE', #5671, #6309, #8602 ) ;
#1084 = FACE_OUTER_BOUND ( 'NONE', #2638, .T. ) ;
#1085 = ORIENTED_EDGE ( 'NONE', *, *, #4897, .F. ) ;
#1086 = LINE ( 'NONE', #175, #3233 ) ;
#1087 = ORIENTED_EDGE ( 'NONE', *, *, #2164, .T. ) ;
#1088 = ORIENTED_EDGE ( 'NONE', *, *, #2356, .F. ) ;
#1089 = ADVANCED_FACE ( 'NONE', ( #6648 ), #7412, .F. ) ;
#1090 = LINE ( 'NONE', #6838, #2560 ) ;
#1091 = CARTESIAN_POINT ( 'NONE',  ( 0.1000000000000000056, 0.08250000000000003164, -0.06500000000000008549 ) ) ;
#1092 = DIRECTION ( 'NONE',  ( 0.000000000000000000, 1.000000000000000000, 0.000000000000000000 ) ) ;
#1093 = CARTESIAN_POINT ( 'NONE',  ( -0.05999999999999997696, 0.05000000000000000278, -0.1399999999999999856 ) ) ;
#1094 = EDGE_CURVE ( 'NONE', #6034, #632, #8217, .T. ) ;
#1095 = LINE ( 'NONE', #4044, #7929 ) ;
#1096 = EDGE_CURVE ( 'NONE', #629, #1418, #1605, .T. ) ;
#1097 = DIRECTION ( 'NONE',  ( 2.788517102286658506E-43, -3.120265281298818799E-29, -1.000000000000000000 ) ) ;
#1098 = CARTESIAN_POINT ( 'NONE',  ( -0.05999999999999999084, 0.02500000000000000139, -0.2250000000000000333 ) ) ;
#1099 = VERTEX_POINT ( 'NONE', #3842 ) ;
#1100 = VECTOR ( 'NONE', #1811, 39.37007874015748143 ) ;
#1101 = ORIENTED_EDGE ( 'NONE', *, *, #8638, .F. ) ;
#1102 = EDGE_CURVE ( 'NONE', #821, #6034, #164, .T. ) ;
#1103 = CARTESIAN_POINT ( 'NONE',  ( -0.04999999999999996114, 0.000000000000000000, 0.2324999999999999567 ) ) ;
#1104 = CARTESIAN_POINT ( 'NONE',  ( -0.1119589827240417279, 0.04448818897638057157, -0.03019685039370201274 ) ) ;
#1105 = CARTESIAN_POINT ( 'NONE',  ( -0.01999999999999998307, 0.02500000000000000139, -0.1649999999999999800 ) ) ;
#1106 = ORIENTED_EDGE ( 'NONE', *, *, #4543, .F. ) ;
#1107 = MECHANICAL_DESIGN_GEOMETRIC_PRESENTATION_REPRESENTATION (  '', ( #4040 ), #642 ) ;
#1108 = CARTESIAN_POINT ( 'NONE',  ( -0.04999999999999996808, 0.04999999999999999584, -0.1399999999999999856 ) ) ;
#1109 = VECTOR ( 'NONE', #4560, 39.37007874015748143 ) ;
#1110 = DIRECTION ( 'NONE',  ( 0.000000000000000000, 0.000000000000000000, 1.000000000000000000 ) ) ;
#1112 = DIRECTION ( 'NONE',  ( 1.000000000000000000, 0.000000000000000000, -3.414809992080329516E-16 ) ) ;
#1111 = CARTESIAN_POINT ( 'NONE',  ( -0.01226377952755851493, 0.03070866141732550222, -0.03019685039370167273 ) ) ;
#1113 = ORIENTED_EDGE ( 'NONE', *, *, #8926, .F. ) ;
#1114 = ADVANCED_FACE ( 'NONE', ( #7770 ), #5639, .F. ) ;
#1115 = ORIENTED_EDGE ( 'NONE', *, *, #7920, .T. ) ;
#1116 = CLOSED_SHELL ( 'NONE', ( #8319, #9052, #550, #647, #7115, #3276, #2400, #7729, #5521, #370, #6622, #3641, #3698, #5236 ) ) ;
#1117 = EDGE_CURVE ( 'NONE', #834, #8860, #9437, .T. ) ;
#1118 = LINE ( 'NONE', #491, #8801 ) ;
#1119 = CARTESIAN_POINT ( 'NONE',  ( -0.009999999999999979391, 0.05000000000000000278, -0.1399999999999999856 ) ) ;
#1120 = CARTESIAN_POINT ( 'NONE',  ( 0.01750000000000003636, 0.000000000000000000, 0.2324999999999999567 ) ) ;
#1121 = AXIS2_PLACEMENT_3D ( 'NONE', #9188, #9095, #7760 ) ;
#1122 = FACE_OUTER_BOUND ( 'NONE', #3794, .T. ) ;
#1123 = ORIENTED_EDGE ( 'NONE', *, *, #6962, .F. ) ;
#1124 = DIRECTION ( 'NONE',  ( -0.000000000000000000, 1.000000000000000000, -0.000000000000000000 ) ) ;
#1125 = PLANE ( 'NONE',  #4505 ) ;
#1126 = VERTEX_POINT ( 'NONE', #8574 ) ;
#1127 = SURFACE_STYLE_FILL_AREA ( #1940 ) ;
#1128 = DIMENSIONAL_EXPONENTS ( 1.000000000000000000, 0.000000000000000000, 0.000000000000000000, 0.000000000000000000, 0.000000000000000000, 0.000000000000000000, 0.000000000000000000 ) ;
#1129 = ORIENTED_EDGE ( 'NONE', *, *, #5894, .F. ) ;
#1130 = STYLED_ITEM ( 'NONE', ( #6079 ), #2873 ) ;
#1131 = DIRECTION ( 'NONE',  ( 3.491481338843133355E-15, 0.000000000000000000, -1.000000000000000000 ) ) ;
#1132 = VERTEX_POINT ( 'NONE', #616 ) ;
#1133 = CARTESIAN_POINT ( 'NONE',  ( -0.1149772726619823077, 0.03070866141732543284, -0.05283464566929257922 ) ) ;
#1134 = ORIENTED_EDGE ( 'NONE', *, *, #5810, .T. ) ;
#1135 = ORIENTED_EDGE ( 'NONE', *, *, #8788, .T. ) ;
#1136 = LINE ( 'NONE', #1411, #9189 ) ;
#1137 = CARTESIAN_POINT ( 'NONE',  ( -0.1119589827240417279, 0.04448818897638057157, -0.03019685039370201274 ) ) ;
#1138 = FACE_OUTER_BOUND ( 'NONE', #3767, .T. ) ;
#1139 = CARTESIAN_POINT ( 'NONE',  ( 0.01750000000000003636, 0.000000000000000000, 0.2324999999999999567 ) ) ;
#1140 = MECHANICAL_DESIGN_GEOMETRIC_PRESENTATION_REPRESENTATION (  '', ( #4076 ), #2991 ) ;
#1141 = SURFACE_STYLE_USAGE ( .BOTH. , #2051 ) ;
#1142 = DIRECTION ( 'NONE',  ( 0.000000000000000000, -1.000000000000000000, 0.000000000000000000 ) ) ;
#1143 = ADVANCED_FACE ( 'NONE', ( #1965 ), #9341, .F. ) ;
#1144 = LINE ( 'NONE', #1338, #8149 ) ;
#1145 = VECTOR ( 'NONE', #8221, 39.37007874015748143 ) ;
#1146 = ORIENTED_EDGE ( 'NONE', *, *, #4786, .F. ) ;
#1147 = DIRECTION ( 'NONE',  ( 3.491481338843133355E-15, 0.000000000000000000, -1.000000000000000000 ) ) ;
#1148 = CARTESIAN_POINT ( 'NONE',  ( 0.1900000000000000300, 0.1000000000000000056, -0.06250000000000002776 ) ) ;
#1149 = VERTEX_POINT ( 'NONE', #4097 ) ;
#1150 = FACE_OUTER_BOUND ( 'NONE', #5668, .T. ) ;
#1151 = FACE_OUTER_BOUND ( 'NONE', #522, .T. ) ;
#1152 = LINE ( 'NONE', #8387, #7955 ) ;
#1153 = VECTOR ( 'NONE', #1470, 39.37007874015748143 ) ;
#1154 = EDGE_LOOP ( 'NONE', ( #1924, #8707, #2385, #2379 ) ) ;
#1155 = DIRECTION ( 'NONE',  ( 0.04361938736532856853, -0.9990482215818581313, 0.000000000000000000 ) ) ;
#1156 = ORIENTED_EDGE ( 'NONE', *, *, #2945, .T. ) ;
#1157 = DIRECTION ( 'NONE',  ( 0.000000000000000000, 1.000000000000000000, 0.000000000000000000 ) ) ;
#1159 = DIRECTION ( 'NONE',  ( -0.000000000000000000, 1.000000000000000000, -0.000000000000000000 ) ) ;
#1158 = LINE ( 'NONE', #1111, #6603 ) ;
#1160 = ORIENTED_EDGE ( 'NONE', *, *, #5947, .T. ) ;
#1161 = ORIENTED_EDGE ( 'NONE', *, *, #8195, .T. ) ;
#1162 = CARTESIAN_POINT ( 'NONE',  ( -0.02499999999999999098, 0.06000000000000001166, 0.1349999999999998979 ) ) ;
#1163 = EDGE_CURVE ( 'NONE', #6817, #8042, #7097, .T. ) ;
#1165 = DIRECTION ( 'NONE',  ( -0.000000000000000000, -1.000000000000000000, -0.000000000000000000 ) ) ;
#1164 = MECHANICAL_DESIGN_GEOMETRIC_PRESENTATION_REPRESENTATION (  '', ( #9165 ), #8410 ) ;
#1166 = DIRECTION ( 'NONE',  ( 1.000000000000000000, 0.000000000000000000, 0.000000000000000000 ) ) ;
#1167 = EDGE_CURVE ( 'NONE', #3651, #2168, #474, .T. ) ;
#1168 = ORIENTED_EDGE ( 'NONE', *, *, #3492, .F. ) ;
#1169 = ORIENTED_EDGE ( 'NONE', *, *, #2923, .F. ) ;
#1170 = CARTESIAN_POINT ( 'NONE',  ( 0.01750000000000003636, 0.000000000000000000, 0.2324999999999999567 ) ) ;
#1171 = ORIENTED_EDGE ( 'NONE', *, *, #2164, .F. ) ;
#1172 = LINE ( 'NONE', #452, #2995 ) ;
#1173 = AXIS2_PLACEMENT_3D ( 'NONE', #6041, #870, #2900 ) ;
#1174 = ORIENTED_EDGE ( 'NONE', *, *, #6614, .F. ) ;
#1175 = DIRECTION ( 'NONE',  ( -3.491481338843133355E-15, -0.000000000000000000, 1.000000000000000000 ) ) ;
#1176 = VECTOR ( 'NONE', #8008, 39.37007874015748143 ) ;
#1177 = ORIENTED_EDGE ( 'NONE', *, *, #8248, .T. ) ;
#1178 = LINE ( 'NONE', #4182, #3555 ) ;
#1179 = EDGE_CURVE ( 'NONE', #7351, #345, #4197, .T. ) ;
#1180 = VECTOR ( 'NONE', #5488, 39.37007874015748143 ) ;
#1181 = ORIENTED_EDGE ( 'NONE', *, *, #4275, .F. ) ;
#1182 = ORIENTED_EDGE ( 'NONE', *, *, #3701, .T. ) ;
#1183 = CARTESIAN_POINT ( 'NONE',  ( -0.009999999999999988065, 0.05000000000000000278, -0.2000000000000000111 ) ) ;
#1184 = CARTESIAN_POINT ( 'NONE',  ( -0.03851760398892891540, 0.06437007874016013875, -0.1141792464047722555 ) ) ;
#1185 = FACE_OUTER_BOUND ( 'NONE', #9037, .T. ) ;
#1186 = VECTOR ( 'NONE', #2250, 39.37007874015748143 ) ;
#1187 = FILL_AREA_STYLE_COLOUR ( '', #5469 ) ;
#1188 = PRESENTATION_LAYER_ASSIGNMENT (  '', '', ( #4733 ) ) ;
#1189 = DIRECTION ( 'NONE',  ( -1.000000000000000000, 0.000000000000000000, -3.491481338843132961E-15 ) ) ;
#1190 = VECTOR ( 'NONE', #1446, 39.37007874015748143 ) ;
#1191 = VECTOR ( 'NONE', #2855, 39.37007874015748143 ) ;
#1192 = EDGE_CURVE ( 'NONE', #4385, #8440, #521, .T. ) ;
#1193 = CARTESIAN_POINT ( 'NONE',  ( -0.1999999999999999833, 0.02500000000000000139, -0.2500000000000000555 ) ) ;
#1194 = DIMENSIONAL_EXPONENTS ( 1.000000000000000000, 0.000000000000000000, 0.000000000000000000, 0.000000000000000000, 0.000000000000000000, 0.000000000000000000, 0.000000000000000000 ) ;
#1195 = EDGE_LOOP ( 'NONE', ( #1736, #2967, #6026, #6788 ) ) ;
#1196 = EDGE_LOOP ( 'NONE', ( #9013, #3242, #5785, #3869 ) ) ;
#1197 = DIRECTION ( 'NONE',  ( -0.000000000000000000, -1.000000000000000000, 0.000000000000000000 ) ) ;
#1198 = DIRECTION ( 'NONE',  ( -0.000000000000000000, -1.000000000000000000, -0.000000000000000000 ) ) ;
#1199 = ORIENTED_EDGE ( 'NONE', *, *, #4522, .T. ) ;
#1200 = VECTOR ( 'NONE', #6147, 39.37007874015748143 ) ;
#1201 = FACE_OUTER_BOUND ( 'NONE', #5278, .T. ) ;
#1202 = EDGE_CURVE ( 'NONE', #834, #4003, #9060, .T. ) ;
#1203 = VERTEX_POINT ( 'NONE', #2691 ) ;
#1204 = STYLED_ITEM ( 'NONE', ( #2852 ), #6040 ) ;
#1205 = FACE_OUTER_BOUND ( 'NONE', #8134, .T. ) ;
#1206 = ORIENTED_EDGE ( 'NONE', *, *, #4594, .F. ) ;
#1207 = CARTESIAN_POINT ( 'NONE',  ( -0.1499999999999999667, 0.000000000000000000, 0.1999999999999999556 ) ) ;
#1208 = VECTOR ( 'NONE', #3936, 39.37007874015748143 ) ;
#1210 = CARTESIAN_POINT ( 'NONE',  ( -0.02280479680351612734, 0.04448818897638057157, -0.06759842519685130280 ) ) ;
#1209 = PLANE ( 'NONE',  #4448 ) ;
#1211 = EDGE_CURVE ( 'NONE', #937, #3199, #5693, .T. ) ;
#1212 = EDGE_CURVE ( 'NONE', #413, #4255, #428, .T. ) ;
#1213 = VERTEX_POINT ( 'NONE', #6331 ) ;
#1214 = AXIS2_PLACEMENT_3D ( 'NONE', #2244, #6565, #7283 ) ;
#1215 = EDGE_CURVE ( 'NONE', #5694, #3668, #6377, .T. ) ;
#1216 = ORIENTED_EDGE ( 'NONE', *, *, #559, .T. ) ;
#1217 = DIRECTION ( 'NONE',  ( 1.000000000000000000, 0.000000000000000000, 0.000000000000000000 ) ) ;
#1218 = VECTOR ( 'NONE', #8792, 39.37007874015748143 ) ;
#1219 = SURFACE_STYLE_FILL_AREA ( #8401 ) ;
#1220 = DIRECTION ( 'NONE',  ( -2.934626909294889977E-15, 1.000000000000000000, -1.024619509027000853E-29 ) ) ;
#1221 = CARTESIAN_POINT ( 'NONE',  ( -0.1119589827240416585, 0.04448818897638057157, -0.05283464566929257228 ) ) ;
#1222 = AXIS2_PLACEMENT_3D ( 'NONE', #4637, #6711, #3036 ) ;
#1223 = EDGE_CURVE ( 'NONE', #5551, #3505, #7187, .T. ) ;
#1224 =( GEOMETRIC_REPRESENTATION_CONTEXT ( 3 ) GLOBAL_UNCERTAINTY_ASSIGNED_CONTEXT ( ( #90 ) ) GLOBAL_UNIT_ASSIGNED_CONTEXT ( ( #9362, #4355, #4310 ) ) REPRESENTATION_CONTEXT ( 'NONE', 'WORKASPACE' ) );
#1225 = DIRECTION ( 'NONE',  ( 0.000000000000000000, 0.000000000000000000, 1.000000000000000000 ) ) ;
#1226 = VERTEX_POINT ( 'NONE', #4876 ) ;
#1227 = DIRECTION ( 'NONE',  ( 0.000000000000000000, 1.000000000000000000, 0.000000000000000000 ) ) ;
#1228 = VECTOR ( 'NONE', #6966, 39.37007874015748143 ) ;
#1229 = ORIENTED_EDGE ( 'NONE', *, *, #3079, .T. ) ;
#1230 = DIRECTION ( 'NONE',  ( 0.000000000000000000, 1.000000000000000000, 0.000000000000000000 ) ) ;
#1231 = CLOSED_SHELL ( 'NONE', ( #7240, #961, #8932, #9119, #503, #2651, #3379, #2976 ) ) ;
#1232 = CIRCLE ( 'NONE', #8306, 0.01749999999999998432 ) ;
#1233 = FILL_AREA_STYLE_COLOUR ( '', #6993 ) ;
#1234 = EDGE_CURVE ( 'NONE', #8544, #8043, #4150, .T. ) ;
#1235 = CARTESIAN_POINT ( 'NONE',  ( -0.04499999999999999140, 0.02500000000000000139, 0.1349999999999998979 ) ) ;
#1236 = ORIENTED_EDGE ( 'NONE', *, *, #3614, .F. ) ;
#1237 = DIRECTION ( 'NONE',  ( -0.000000000000000000, -1.000000000000000000, -0.000000000000000000 ) ) ;
#1238 = VERTEX_POINT ( 'NONE', #7816 ) ;
#1239 = EDGE_LOOP ( 'NONE', ( #1951, #4481, #1457, #5478 ) ) ;
#1240 = DIRECTION ( 'NONE',  ( -3.491481338843133355E-15, -0.000000000000000000, 1.000000000000000000 ) ) ;
#1241 = FACE_OUTER_BOUND ( 'NONE', #4510, .T. ) ;
#1242 = CARTESIAN_POINT ( 'NONE',  ( -0.1224999999999993733, 0.02500000000000265205, -0.06759842519685164974 ) ) ;
#1243 = DIRECTION ( 'NONE',  ( -0.000000000000000000, 1.000000000000000000, -0.000000000000000000 ) ) ;
#1244 = VECTOR ( 'NONE', #1500, 39.37007874015748143 ) ;
#1245 = CARTESIAN_POINT ( 'NONE',  ( -0.1499999999999999667, 0.02500000000000000139, 0.1674999999999999545 ) ) ;
#1246 = VECTOR ( 'NONE', #3554, 39.37007874015748143 ) ;
#1247 = PLANE ( 'NONE',  #7678 ) ;
#1248 = ADVANCED_FACE ( 'NONE', ( #5778 ), #2791, .F. ) ;
#1249 = EDGE_CURVE ( 'NONE', #5322, #1465, #5024, .T. ) ;
#1250 = DIRECTION ( 'NONE',  ( 3.491481338843133355E-15, 0.000000000000000000, -1.000000000000000000 ) ) ;
#1251 = ORIENTED_EDGE ( 'NONE', *, *, #5277, .T. ) ;
#1252 = ORIENTED_EDGE ( 'NONE', *, *, #5808, .F. ) ;
#1253 = LINE ( 'NONE', #3426, #2125 ) ;
#1254 = CARTESIAN_POINT ( 'NONE',  ( -0.09836348770855357637, 0.05236220472441212304, -0.01543307086614291966 ) ) ;
#1255 = VERTEX_POINT ( 'NONE', #1869 ) ;
#1256 = LINE ( 'NONE', #4981, #5516 ) ;
#1257 = VERTEX_POINT ( 'NONE', #4829 ) ;
#1258 = FACE_OUTER_BOUND ( 'NONE', #2903, .T. ) ;
#1259 = EDGE_CURVE ( 'NONE', #2899, #4830, #5596, .T. ) ;
#1260 = VERTEX_POINT ( 'NONE', #4388 ) ;
#1261 = LINE ( 'NONE', #4207, #7544 ) ;
#1263 = DIRECTION ( 'NONE',  ( 1.000000000000000000, -0.000000000000000000, 0.000000000000000000 ) ) ;
#1262 = CARTESIAN_POINT ( 'NONE',  ( -0.02280479680351616203, 0.04448818897638057157, -0.05283464566929226003 ) ) ;
#1264 = DIMENSIONAL_EXPONENTS ( 1.000000000000000000, 0.000000000000000000, 0.000000000000000000, 0.000000000000000000, 0.000000000000000000, 0.000000000000000000, 0.000000000000000000 ) ;
#1265 = AXIS2_PLACEMENT_3D ( 'NONE', #5796, #2850, #5896 ) ;
#1266 = ORIENTED_EDGE ( 'NONE', *, *, #3550, .F. ) ;
#1267 = ORIENTED_EDGE ( 'NONE', *, *, #3331, .T. ) ;
#1269 = DIRECTION ( 'NONE',  ( -0.000000000000000000, 1.000000000000000000, -0.000000000000000000 ) ) ;
#1268 = AXIS2_PLACEMENT_3D ( 'NONE', #8763, #814, #8095 ) ;
#1270 = EDGE_CURVE ( 'NONE', #5842, #2394, #44, .T. ) ;
#1271 = EDGE_CURVE ( 'NONE', #5043, #1311, #6610, .T. ) ;
#1272 = FACE_OUTER_BOUND ( 'NONE', #8469, .T. ) ;
#1273 = PLANE ( 'NONE',  #9398 ) ;
#1274 = CYLINDRICAL_SURFACE ( 'NONE', #8304, 0.002524478865958239282 ) ;
#1275 = ADVANCED_FACE ( 'NONE', ( #8812 ), #2196, .T. ) ;
#1276 = FACE_OUTER_BOUND ( 'NONE', #8228, .T. ) ;
#1277 = ORIENTED_EDGE ( 'NONE', *, *, #4219, .T. ) ;
#1278 =( NAMED_UNIT ( * ) SI_UNIT ( $, .STERADIAN. ) SOLID_ANGLE_UNIT ( ) );
#1279 = ORIENTED_EDGE ( 'NONE', *, *, #8920, .T. ) ;
#1280 = DIRECTION ( 'NONE',  ( 0.000000000000000000, -0.000000000000000000, 1.000000000000000000 ) ) ;
#1281 = DIRECTION ( 'NONE',  ( -3.491481338843133355E-15, -0.000000000000000000, 1.000000000000000000 ) ) ;
#1282 = SURFACE_STYLE_FILL_AREA ( #5535 ) ;
#1283 = VERTEX_POINT ( 'NONE', #6747 ) ;
#1284 = DIRECTION ( 'NONE',  ( -0.000000000000000000, -1.000000000000000000, -0.000000000000000000 ) ) ;
#1285 = VERTEX_POINT ( 'NONE', #5879 ) ;
#1286 = VERTEX_POINT ( 'NONE', #5069 ) ;
#1287 = CARTESIAN_POINT ( 'NONE',  ( -0.08559055118110156513, 0.06437007874016013875, -0.1035236220472452173 ) ) ;
#1288 = DIRECTION ( 'NONE',  ( 0.04361938736532856159, -0.9990482215818581313, 7.504422230669101727E-16 ) ) ;
#1289 = CARTESIAN_POINT ( 'NONE',  ( -0.01978650686557548166, 0.02500000000000260347, -0.03019685039370167967 ) ) ;
#1290 = LENGTH_MEASURE_WITH_UNIT ( LENGTH_MEASURE( 0.02539999999999999897 ), #6322 );
#1291 = AXIS2_PLACEMENT_3D ( 'NONE', #9277, #1281, #6359 ) ;
#1292 = DIRECTION ( 'NONE',  ( -1.000000000000000000, 0.000000000000000000, -3.381697939847999996E-15 ) ) ;
#1293 = DIRECTION ( 'NONE',  ( 1.000000000000000000, -0.000000000000000000, -2.134256245050206194E-16 ) ) ;
#1294 = EDGE_LOOP ( 'NONE', ( #8509, #7617, #6276, #6198 ) ) ;
#1295 = EDGE_CURVE ( 'NONE', #6071, #7899, #6918, .T. ) ;
#1296 = ORIENTED_EDGE ( 'NONE', *, *, #7501, .F. ) ;
#1297 = CARTESIAN_POINT ( 'NONE',  ( 0.1024999999999999939, 0.02500000000000000139, 0.07499999999999988620 ) ) ;
#1298 = EDGE_LOOP ( 'NONE', ( #4569, #2810, #9251, #98 ) ) ;
#1299 = EDGE_CURVE ( 'NONE', #1993, #6150, #7378, .T. ) ;
#1300 = LINE ( 'NONE', #6568, #1353 ) ;
#1301 = PLANE ( 'NONE',  #8380 ) ;
#1302 = VERTEX_POINT ( 'NONE', #761 ) ;
#1303 = VECTOR ( 'NONE', #8427, 39.37007874015748143 ) ;
#1304 = LINE ( 'NONE', #3580, #5506 ) ;
#1305 = ORIENTED_EDGE ( 'NONE', *, *, #8496, .F. ) ;
#1306 = CARTESIAN_POINT ( 'NONE',  ( -0.02801181102362151551, 0.03287401574803415494, -0.01543307086614267160 ) ) ;
#1308 = PLANE ( 'NONE',  #398 ) ;
#1307 = FACE_OUTER_BOUND ( 'NONE', #3346, .T. ) ;
#1309 = CIRCLE ( 'NONE', #8844, 0.03249999999999999417 ) ;
#1310 = ORIENTED_EDGE ( 'NONE', *, *, #529, .F. ) ;
#1311 = VERTEX_POINT ( 'NONE', #5830 ) ;
#1312 = FACE_OUTER_BOUND ( 'NONE', #9172, .T. ) ;
#1313 = SURFACE_STYLE_USAGE ( .BOTH. , #3635 ) ;
#1314 = CARTESIAN_POINT ( 'NONE',  ( -0.09937007874015681141, 0.04665354330708928327, -0.06759842519685158035 ) ) ;
#1315 = LINE ( 'NONE', #4359, #7549 ) ;
#1316 = LINE ( 'NONE', #8070, #710 ) ;
#1317 = ORIENTED_EDGE ( 'NONE', *, *, #5795, .F. ) ;
#1318 = DIRECTION ( 'NONE',  ( -0.7071067811865487940, 1.034843700798676029E-16, -0.7071067811865462405 ) ) ;
#1319 = ORIENTED_EDGE ( 'NONE', *, *, #8998, .F. ) ;
#1320 = DIRECTION ( 'NONE',  ( 0.000000000000000000, -0.000000000000000000, 1.000000000000000000 ) ) ;
#1321 = PLANE ( 'NONE',  #6540 ) ;
#1322 = LINE ( 'NONE', #1461, #3389 ) ;
#1323 = EDGE_CURVE ( 'NONE', #2697, #5340, #1579, .T. ) ;
#1324 = LINE ( 'NONE', #4273, #7099 ) ;
#1325 = VECTOR ( 'NONE', #6529, 39.37007874015748143 ) ;
#1326 = ORIENTED_EDGE ( 'NONE', *, *, #6614, .T. ) ;
#1327 = ORIENTED_EDGE ( 'NONE', *, *, #1440, .F. ) ;
#1328 = DIRECTION ( 'NONE',  ( 0.000000000000000000, 0.000000000000000000, -1.000000000000000000 ) ) ;
#1329 = DIRECTION ( 'NONE',  ( -1.000000000000000000, 0.000000000000000000, -3.369957298309943736E-15 ) ) ;
#1330 = DIRECTION ( 'NONE',  ( -1.000000000000000000, 0.000000000000000000, -3.110729813824563327E-15 ) ) ;
#1331 = MECHANICAL_DESIGN_GEOMETRIC_PRESENTATION_REPRESENTATION (  '', ( #5493 ), #1933 ) ;
#1332 = FACE_OUTER_BOUND ( 'NONE', #4650, .T. ) ;
#1333 = VECTOR ( 'NONE', #2329, 39.37007874015748143 ) ;
#1334 = CARTESIAN_POINT ( 'NONE',  ( -0.1149772726619822383, 0.03323314028328368253, -0.09023622047244218847 ) ) ;
#1335 = CARTESIAN_POINT ( 'NONE',  ( -0.05999999999999998390, 0.02500000000000000139, -0.1649999999999999800 ) ) ;
#1336 = DIRECTION ( 'NONE',  ( -0.04361938736532932487, 0.9990482215818581313, 0.000000000000000000 ) ) ;
#1337 = CIRCLE ( 'NONE', #3803, 0.01749999999999998432 ) ;
#1338 = CARTESIAN_POINT ( 'NONE',  ( -0.03103010096156195649, 0.04665354330708929020, -0.09023622047244191091 ) ) ;
#1339 = VERTEX_POINT ( 'NONE', #4528 ) ;
#1340 = ORIENTED_EDGE ( 'NONE', *, *, #1647, .T. ) ;
#1341 = SURFACE_STYLE_USAGE ( .BOTH. , #3470 ) ;
#1342 = CARTESIAN_POINT ( 'NONE',  ( -0.05999999999999999084, 0.02500000000000000139, -0.2250000000000000333 ) ) ;
#1343 = ORIENTED_EDGE ( 'NONE', *, *, #4373, .T. ) ;
#1344 = CIRCLE ( 'NONE', #248, 0.08500000000000001998 ) ;
#1345 = VECTOR ( 'NONE', #190, 39.37007874015748143 ) ;
#1346 = DIRECTION ( 'NONE',  ( -1.000000000000000000, -0.000000000000000000, -0.000000000000000000 ) ) ;
#1347 = VECTOR ( 'NONE', #9285, 39.37007874015748143 ) ;
#1348 =( CONVERSION_BASED_UNIT ( 'INCH', #5599 ) LENGTH_UNIT ( ) NAMED_UNIT ( #325 ) );
#1349 = AXIS2_PLACEMENT_3D ( 'NONE', #5330, #7596, #3151 ) ;
#1350 = UNCERTAINTY_MEASURE_WITH_UNIT (LENGTH_MEASURE( 1.000000000000000082E-05 ), #501, 'distance_accuracy_value', 'NONE');
#1351 = DIRECTION ( 'NONE',  ( 1.000000000000000000, 0.000000000000000000, -0.000000000000000000 ) ) ;
#1352 = ORIENTED_EDGE ( 'NONE', *, *, #7885, .F. ) ;
#1353 = VECTOR ( 'NONE', #2060, 39.37007874015748143 ) ;
#1354 = PLANE ( 'NONE',  #4615 ) ;
#1356 = LINE ( 'NONE', #2299, #865 ) ;
#1355 = CARTESIAN_POINT ( 'NONE',  ( 0.06000000000000004635, 0.04375000000000035111, -0.03500000000000010048 ) ) ;
#1357 = VECTOR ( 'NONE', #7319, 39.37007874015748143 ) ;
#1358 = VERTEX_POINT ( 'NONE', #6661 ) ;
#1359 = EDGE_LOOP ( 'NONE', ( #6877, #7817, #6017, #6681 ) ) ;
#1360 = DIRECTION ( 'NONE',  ( 1.000000000000000000, 2.934626909294889977E-15, -0.000000000000000000 ) ) ;
#1361 = EDGE_CURVE ( 'NONE', #1226, #2848, #1391, .T. ) ;
#1362 = ORIENTED_EDGE ( 'NONE', *, *, #3485, .T. ) ;
#1363 = DIRECTION ( 'NONE',  ( -0.1736481776669318300, 0.9848077530122077983, -7.363660036526915443E-16 ) ) ;
#1364 = CARTESIAN_POINT ( 'NONE',  ( -0.03640029181900428928, 0.05236220472441212304, -0.09023622047244191091 ) ) ;
#1365 = ADVANCED_FACE ( 'NONE', ( #4337 ), #8853, .F. ) ;
#1366 = ADVANCED_FACE ( 'NONE', ( #3667 ), #5251, .T. ) ;
#1367 =( NAMED_UNIT ( * ) SI_UNIT ( $, .STERADIAN. ) SOLID_ANGLE_UNIT ( ) );
#1368 = ORIENTED_EDGE ( 'NONE', *, *, #7119, .F. ) ;
#1369 = EDGE_CURVE ( 'NONE', #1339, #5779, #2434, .T. ) ;
#1370 = VECTOR ( 'NONE', #4434, 39.37007874015748143 ) ;
#1371 = ORIENTED_EDGE ( 'NONE', *, *, #9059, .F. ) ;
#1372 = CARTESIAN_POINT ( 'NONE',  ( 0.02250000000000001305, 0.02500000000000000139, 0.1099999999999999034 ) ) ;
#1373 =( NAMED_UNIT ( * ) SI_UNIT ( $, .STERADIAN. ) SOLID_ANGLE_UNIT ( ) );
#1374 = EDGE_CURVE ( 'NONE', #3001, #578, #3693, .T. ) ;
#1375 = AXIS2_PLACEMENT_3D ( 'NONE', #3437, #4058, #7005 ) ;
#1376 = DIRECTION ( 'NONE',  ( 0.000000000000000000, -1.000000000000000000, 0.000000000000000000 ) ) ;
#1377 = AXIS2_PLACEMENT_3D ( 'NONE', #8502, #4215, #1840 ) ;
#1378 = ORIENTED_EDGE ( 'NONE', *, *, #202, .F. ) ;
#1379 = EDGE_LOOP ( 'NONE', ( #7668, #3483 ) ) ;
#1380 = PLANE ( 'NONE',  #8869 ) ;
#1381 = CARTESIAN_POINT ( 'NONE',  ( -0.1124551965405258952, 0.03312302406173386199, -0.01543307086614296129 ) ) ;
#1382 = LINE ( 'NONE', #5189, #5511 ) ;
#1383 = DIRECTION ( 'NONE',  ( 0.7071067811865482389, 1.034843700798676522E-16, -0.7071067811865469066 ) ) ;
#1384 = VECTOR ( 'NONE', #6685, 39.37007874015748143 ) ;
#1385 = DIRECTION ( 'NONE',  ( -1.000000000000000000, 0.000000000000000000, -3.110729813824563327E-15 ) ) ;
#1386 = CARTESIAN_POINT ( 'NONE',  ( 0.01750000000000003636, 0.02500000000000000139, 0.2324999999999999567 ) ) ;
#1387 = EDGE_CURVE ( 'NONE', #1737, #3525, #4480, .T. ) ;
#1388 = ORIENTED_EDGE ( 'NONE', *, *, #2476, .F. ) ;
#1389 = ORIENTED_EDGE ( 'NONE', *, *, #1323, .F. ) ;
#1390 =( NAMED_UNIT ( * ) SI_UNIT ( $, .STERADIAN. ) SOLID_ANGLE_UNIT ( ) );
#1391 = LINE ( 'NONE', #2296, #5376 ) ;
#1392 = ADVANCED_FACE ( 'NONE', ( #3020 ), #6701, .F. ) ;
#1393 = ORIENTED_EDGE ( 'NONE', *, *, #478, .F. ) ;
#1394 = VECTOR ( 'NONE', #5365, 39.37007874015748143 ) ;
#1395 = CARTESIAN_POINT ( 'NONE',  ( -0.02801181102362137673, 0.03287401574803415494, -0.05283464566929227391 ) ) ;
#1396 = CARTESIAN_POINT ( 'NONE',  ( -0.1149772726619823077, 0.03323314028328368253, -0.06759842519685163587 ) ) ;
#1397 = ADVANCED_FACE ( 'NONE', ( #3070 ), #2154, .T. ) ;
#1398 = FILL_AREA_STYLE ('',( #5697 ) ) ;
#1399 = CIRCLE ( 'NONE', #3868, 0.01749999999999998432 ) ;
#1400 = CARTESIAN_POINT ( 'NONE',  ( -0.09836348770855329882, 0.05236220472441212304, -0.1050000000000012035 ) ) ;
#1401 = EDGE_LOOP ( 'NONE', ( #218, #6654, #9315, #1645 ) ) ;
#1402 = ADVANCED_FACE ( 'NONE', ( #5115 ), #8045, .T. ) ;
#1403 = DIRECTION ( 'NONE',  ( 0.000000000000000000, 1.000000000000000000, 0.000000000000000000 ) ) ;
#1404 = LINE ( 'NONE', #6528, #9353 ) ;
#1405 = ORIENTED_EDGE ( 'NONE', *, *, #5866, .T. ) ;
#1406 = ORIENTED_EDGE ( 'NONE', *, *, #9310, .F. ) ;
#1407 = DIRECTION ( 'NONE',  ( 0.000000000000000000, 0.000000000000000000, 1.000000000000000000 ) ) ;
#1408 = LINE ( 'NONE', #7482, #6733 ) ;
#1409 = ORIENTED_EDGE ( 'NONE', *, *, #4917, .T. ) ;
#1410 = DIRECTION ( 'NONE',  ( 0.000000000000000000, -0.000000000000000000, 1.000000000000000000 ) ) ;
#1412 = FACE_OUTER_BOUND ( 'NONE', #7814, .T. ) ;
#1411 = CARTESIAN_POINT ( 'NONE',  ( -0.06738188976377888773, 0.02893700787401840349, -0.1141792464047724637 ) ) ;
#1413 = EDGE_CURVE ( 'NONE', #8610, #5128, #516, .T. ) ;
#1414 = EDGE_CURVE ( 'NONE', #9273, #1782, #2582, .T. ) ;
#1415 = ORIENTED_EDGE ( 'NONE', *, *, #4360, .F. ) ;
#1416 =( CONVERSION_BASED_UNIT ( 'INCH', #5577 ) LENGTH_UNIT ( ) NAMED_UNIT ( #3288 ) );
#1417 = VECTOR ( 'NONE', #5162, 39.37007874015748143 ) ;
#1418 = VERTEX_POINT ( 'NONE', #7182 ) ;
#1419 = DIRECTION ( 'NONE',  ( -1.000000000000000000, 0.000000000000000000, 0.000000000000000000 ) ) ;
#1420 = CARTESIAN_POINT ( 'NONE',  ( -0.02801181102362134551, 0.03287401574803415494, -0.06759842519685133055 ) ) ;
#1421 = ORIENTED_EDGE ( 'NONE', *, *, #5686, .T. ) ;
#1422 = ORIENTED_EDGE ( 'NONE', *, *, #5554, .T. ) ;
#1423 = DIRECTION ( 'NONE',  ( 1.686880716198101922E-43, -2.426872996565747488E-29, -1.000000000000000000 ) ) ;
#1424 = DIRECTION ( 'NONE',  ( 1.000000000000000000, 0.000000000000000000, 0.000000000000000000 ) ) ;
#1425 = PLANE ( 'NONE',  #3037 ) ;
#1426 = CARTESIAN_POINT ( 'NONE',  ( -0.03499999999999997558, 0.05000000000000000278, 0.01999999999999989286 ) ) ;
#1427 = LINE ( 'NONE', #4377, #4696 ) ;
#1428 = LINE ( 'NONE', #4380, #1357 ) ;
#1429 = CARTESIAN_POINT ( 'NONE',  ( 0.1500000000000000500, 0.000000000000000000, 0.2324999999999999567 ) ) ;
#1430 = LINE ( 'NONE', #706, #9369 ) ;
#1431 = VERTEX_POINT ( 'NONE', #560 ) ;
#1432 = ORIENTED_EDGE ( 'NONE', *, *, #2664, .T. ) ;
#1433 = CARTESIAN_POINT ( 'NONE',  ( 0.01750000000000003636, 0.000000000000000000, 0.1674999999999999545 ) ) ;
#1434 = CARTESIAN_POINT ( 'NONE',  ( -0.05999999999999997696, 0.02500000000000000139, -0.1399999999999999856 ) ) ;
#1435 = EDGE_LOOP ( 'NONE', ( #4193, #4712, #7324, #3454 ) ) ;
#1436 = CARTESIAN_POINT ( 'NONE',  ( 0.01750000000000003636, 0.02500000000000000139, 0.2324999999999999567 ) ) ;
#1437 = AXIS2_PLACEMENT_3D ( 'NONE', #2050, #4916, #7180 ) ;
#1438 = PLANE ( 'NONE',  #8882 ) ;
#1439 = SURFACE_SIDE_STYLE ('',( #7382 ) ) ;
#1440 = EDGE_CURVE ( 'NONE', #5392, #1850, #8589, .T. ) ;
#1441 = UNCERTAINTY_MEASURE_WITH_UNIT (LENGTH_MEASURE( 1.000000000000000082E-05 ), #6547, 'distance_accuracy_value', 'NONE');
#1442 = VECTOR ( 'NONE', #8970, 39.37007874015748143 ) ;
#1443 = DIRECTION ( 'NONE',  ( -1.000000000000000000, -1.036909937941521043E-15, -3.629184782795323356E-15 ) ) ;
#1444 = ORIENTED_EDGE ( 'NONE', *, *, #4258, .T. ) ;
#1445 = CARTESIAN_POINT ( 'NONE',  ( -0.04999999999999996114, 0.02500000000000000139, 0.1999999999999999556 ) ) ;
#1446 = DIRECTION ( 'NONE',  ( 3.886975760670550640E-32, 1.000000000000000000, 1.138269997360109674E-16 ) ) ;
#1447 = ORIENTED_EDGE ( 'NONE', *, *, #676, .F. ) ;
#1448 = ORIENTED_EDGE ( 'NONE', *, *, #9460, .T. ) ;
#1449 = DIRECTION ( 'NONE',  ( -0.000000000000000000, -0.000000000000000000, 1.000000000000000000 ) ) ;
#1450 = CARTESIAN_POINT ( 'NONE',  ( 0.02250000000000000611, 0.06000000000000001166, 0.1249999999999999029 ) ) ;
#1451 = FACE_BOUND ( 'NONE', #5701, .T. ) ;
#1452 = MECHANICAL_DESIGN_GEOMETRIC_PRESENTATION_REPRESENTATION (  '', ( #5931 ), #2847 ) ;
#1453 = CARTESIAN_POINT ( 'NONE',  ( -0.1149772726619823077, 0.03070866141732543284, -0.06759842519685163587 ) ) ;
#1455 = LINE ( 'NONE', #6494, #7830 ) ;
#1454 = FACE_OUTER_BOUND ( 'NONE', #4570, .T. ) ;
#1456 = DIRECTION ( 'NONE',  ( 1.000000000000000000, 0.000000000000000000, -1.067128122525103097E-16 ) ) ;
#1457 = ORIENTED_EDGE ( 'NONE', *, *, #6816, .T. ) ;
#1458 = ORIENTED_EDGE ( 'NONE', *, *, #1658, .T. ) ;
#1459 = EDGE_CURVE ( 'NONE', #821, #7467, #9334, .T. ) ;
#1460 = CARTESIAN_POINT ( 'NONE',  ( -0.04499999999999999140, 0.02500000000000000139, 0.07499999999999988620 ) ) ;
#1461 = CARTESIAN_POINT ( 'NONE',  ( 0.01000000000000004705, 0.04249999999999999611, -0.05749999999999996780 ) ) ;
#1462 = ADVANCED_FACE ( 'NONE', ( #4237 ), #1247, .T. ) ;
#1463 = DIRECTION ( 'NONE',  ( -1.000000000000000000, 0.000000000000000000, 0.000000000000000000 ) ) ;
#1464 = ORIENTED_EDGE ( 'NONE', *, *, #6822, .T. ) ;
#1465 = VERTEX_POINT ( 'NONE', #9384 ) ;
#1466 = FACE_OUTER_BOUND ( 'NONE', #7519, .T. ) ;
#1467 = PLANE ( 'NONE',  #8866 ) ;
#1468 = DIRECTION ( 'NONE',  ( -1.000000000000000000, 0.000000000000000000, 0.000000000000000000 ) ) ;
#1469 = CARTESIAN_POINT ( 'NONE',  ( -0.1449999999999999900, 0.2541640786499874127, 0.1349999999999998979 ) ) ;
#1470 = DIRECTION ( 'NONE',  ( -0.000000000000000000, -0.000000000000000000, 1.000000000000000000 ) ) ;
#1471 = ORIENTED_EDGE ( 'NONE', *, *, #4499, .T. ) ;
#1472 = CARTESIAN_POINT ( 'NONE',  ( -0.03640029181900442112, 0.05236220472441212304, -0.05283464566929230860 ) ) ;
#1473 = ADVANCED_FACE ( 'NONE', ( #6326 ), #3516, .F. ) ;
#1474 = DIRECTION ( 'NONE',  ( 0.000000000000000000, 0.000000000000000000, 1.000000000000000000 ) ) ;
#1475 = ORIENTED_EDGE ( 'NONE', *, *, #5167, .F. ) ;
#1476 = VERTEX_POINT ( 'NONE', #2009 ) ;
#1477 = LINE ( 'NONE', #2980, #771 ) ;
#1478 = VECTOR ( 'NONE', #6448, 39.37007874015748143 ) ;
#1479 = CARTESIAN_POINT ( 'NONE',  ( -0.01978650686557534635, 0.03323314028328368253, -0.09023622047244185540 ) ) ;
#1480 = VERTEX_POINT ( 'NONE', #609 ) ;
#1481 = CARTESIAN_POINT ( 'NONE',  ( 0.1500000000000000500, 0.02500000000000000139, 0.1999999999999999556 ) ) ;
#1482 = VECTOR ( 'NONE', #749, 39.37007874015748143 ) ;
#1483 = DIRECTION ( 'NONE',  ( 8.936794954581332298E-15, -1.000000000000000000, 3.120265281298818799E-29 ) ) ;
#1484 = EDGE_CURVE ( 'NONE', #7066, #3668, #4970, .T. ) ;
#1485 = EDGE_CURVE ( 'NONE', #1571, #5794, #9290, .T. ) ;
#1486 = CIRCLE ( 'NONE', #1173, 0.002524478865958239282 ) ;
#1487 = FACE_OUTER_BOUND ( 'NONE', #1983, .T. ) ;
#1488 = ORIENTED_EDGE ( 'NONE', *, *, #3325, .T. ) ;
#1489 = AXIS2_PLACEMENT_3D ( 'NONE', #4625, #947, #3895 ) ;
#1490 = PRESENTATION_LAYER_ASSIGNMENT (  '', '', ( #5194 ) ) ;
#1491 = CARTESIAN_POINT ( 'NONE',  ( -0.03640029181900428928, 0.05236220472441212304, -0.09023622047244191091 ) ) ;
#1492 = VECTOR ( 'NONE', #8473, 39.37007874015748143 ) ;
#1493 = DIRECTION ( 'NONE',  ( 0.000000000000000000, -0.000000000000000000, -1.000000000000000000 ) ) ;
#1494 = VECTOR ( 'NONE', #3861, 39.37007874015748143 ) ;
#1495 = ORIENTED_EDGE ( 'NONE', *, *, #774, .T. ) ;
#1496 = DIRECTION ( 'NONE',  ( 0.000000000000000000, 0.000000000000000000, -1.000000000000000000 ) ) ;
#1497 = VECTOR ( 'NONE', #9298, 39.37007874015748143 ) ;
#1498 = PLANE ( 'NONE',  #9485 ) ;
#1499 = EDGE_CURVE ( 'NONE', #7047, #6413, #9246, .T. ) ;
#1500 = DIRECTION ( 'NONE',  ( -1.000000000000000000, -0.000000000000000000, -0.000000000000000000 ) ) ;
#1501 = PRODUCT_DEFINITION_SHAPE ( 'NONE', 'NONE',  #5624 ) ;
#1502 = CARTESIAN_POINT ( 'NONE',  ( -0.02230858298703202597, 0.03312302406173386199, -0.05283464566929226003 ) ) ;
#1503 = EDGE_CURVE ( 'NONE', #4669, #4406, #3526, .T. ) ;
#1504 = VECTOR ( 'NONE', #8803, 39.37007874015748143 ) ;
#1505 = AXIS2_PLACEMENT_3D ( 'NONE', #626, #7252, #581 ) ;
#1506 = ADVANCED_FACE ( 'NONE', ( #4285 ), #6513, .T. ) ;
#1507 = ORIENTED_EDGE ( 'NONE', *, *, #8998, .T. ) ;
#1508 = ORIENTED_EDGE ( 'NONE', *, *, #655, .T. ) ;
#1509 = PLANE ( 'NONE',  #6642 ) ;
#1510 = MECHANICAL_DESIGN_GEOMETRIC_PRESENTATION_REPRESENTATION (  '', ( #1204 ), #6307 ) ;
#1511 = EDGE_CURVE ( 'NONE', #5831, #8440, #8702, .T. ) ;
#1512 = FACE_OUTER_BOUND ( 'NONE', #7340, .T. ) ;
#1513 = ORIENTED_EDGE ( 'NONE', *, *, #8619, .T. ) ;
#1514 = ORIENTED_EDGE ( 'NONE', *, *, #6515, .T. ) ;
#1515 = DIRECTION ( 'NONE',  ( 0.000000000000000000, 1.000000000000000000, 0.000000000000000000 ) ) ;
#1516 = VECTOR ( 'NONE', #3799, 39.37007874015748143 ) ;
#1517 = DIRECTION ( 'NONE',  ( 7.948530328647187309E-16, -1.000000000000000000, 2.775214531370033128E-30 ) ) ;
#1518 = DIRECTION ( 'NONE',  ( 0.000000000000000000, 1.000000000000000000, 0.000000000000000000 ) ) ;
#1519 = DIRECTION ( 'NONE',  ( -1.000000000000000000, -0.000000000000000000, -0.000000000000000000 ) ) ;
#1520 =( LENGTH_UNIT ( ) NAMED_UNIT ( * ) SI_UNIT ( $, .METRE. ) );
#1521 = ORIENTED_EDGE ( 'NONE', *, *, #9233, .T. ) ;
#1522 = EDGE_CURVE ( 'NONE', #3312, #6330, #7701, .T. ) ;
#1523 = CARTESIAN_POINT ( 'NONE',  ( -0.1119589827240415891, 0.04448818897638057157, -0.06759842519685162199 ) ) ;
#1524 = AXIS2_PLACEMENT_3D ( 'NONE', #8532, #6472, #7956 ) ;
#1525 = DIRECTION ( 'NONE',  ( -1.000000000000000000, 0.000000000000000000, -3.491481338843132961E-15 ) ) ;
#1526 = STYLED_ITEM ( 'NONE', ( #394 ), #5942 ) ;
#1527 = LINE ( 'NONE', #4476, #7076 ) ;
#1528 = ORIENTED_EDGE ( 'NONE', *, *, #1211, .F. ) ;
#1529 = ORIENTED_EDGE ( 'NONE', *, *, #8163, .T. ) ;
#1531 = AXIS2_PLACEMENT_3D ( 'NONE', #4190, #2635, #1385 ) ;
#1530 = DIRECTION ( 'NONE',  ( 0.000000000000000000, 0.000000000000000000, -1.000000000000000000 ) ) ;
#1532 = DIRECTION ( 'NONE',  ( 0.000000000000000000, 0.000000000000000000, 1.000000000000000000 ) ) ;
#1533 = EDGE_LOOP ( 'NONE', ( #5056, #8549, #4222, #542, #4363, #8356, #5793, #5657, #5678, #8850, #2877, #304 ) ) ;
#1534 = CARTESIAN_POINT ( 'NONE',  ( -0.02280479680351629734, 0.04448818897638057157, -0.01543307086614265425 ) ) ;
#1535 = PLANE ( 'NONE',  #9411 ) ;
#1536 = DIRECTION ( 'NONE',  ( -0.1736481776669306920, -0.9848077530122080203, 0.000000000000000000 ) ) ;
#1537 = CIRCLE ( 'NONE', #4004, 0.03249999999999999417 ) ;
#1538 = ADVANCED_FACE ( 'NONE', ( #4330 ), #3370, .F. ) ;
#1539 = EDGE_CURVE ( 'NONE', #267, #7073, #4871, .T. ) ;
#1540 = UNCERTAINTY_MEASURE_WITH_UNIT (LENGTH_MEASURE( 1.000000000000000082E-05 ), #3514, 'distance_accuracy_value', 'NONE');
#1541 = CARTESIAN_POINT ( 'NONE',  ( -0.03640029181900449051, 0.05236220472441212304, -0.03019685039370174906 ) ) ;
#1542 = AXIS2_PLACEMENT_3D ( 'NONE', #360, #217, #8369 ) ;
#1543 = ORIENTED_EDGE ( 'NONE', *, *, #7704, .T. ) ;
#1544 = LINE ( 'NONE', #3133, #6165 ) ;
#1545 = DIRECTION ( 'NONE',  ( 0.000000000000000000, -1.000000000000000000, 0.000000000000000000 ) ) ;
#1546 = VECTOR ( 'NONE', #160, 39.37007874015748143 ) ;
#1547 = ORIENTED_EDGE ( 'NONE', *, *, #8496, .T. ) ;
#1548 = VECTOR ( 'NONE', #8316, 39.37007874015748143 ) ;
#1549 = EDGE_CURVE ( 'NONE', #169, #9146, #5633, .T. ) ;
#1550 = CARTESIAN_POINT ( 'NONE',  ( -0.1037336785659956351, 0.02500000000000265205, -0.09023622047244214683 ) ) ;
#1551 = CARTESIAN_POINT ( 'NONE',  ( -0.1149772726619824464, 0.02500000000000260347, -0.05283464566929257922 ) ) ;
#1553 = CARTESIAN_POINT ( 'NONE',  ( -0.1999999999999999833, 0.02500000000000000139, 0.2499999999999998890 ) ) ;
#1552 = SURFACE_STYLE_FILL_AREA ( #5367 ) ;
#1554 = ORIENTED_EDGE ( 'NONE', *, *, #1763, .T. ) ;
#1555 =( NAMED_UNIT ( * ) SI_UNIT ( $, .STERADIAN. ) SOLID_ANGLE_UNIT ( ) );
#1556 = EDGE_CURVE ( 'NONE', #4984, #7201, #7139, .T. ) ;
#1557 = ORIENTED_EDGE ( 'NONE', *, *, #5756, .F. ) ;
#1558 = EDGE_CURVE ( 'NONE', #9239, #3067, #2928, .T. ) ;
#1559 = CARTESIAN_POINT ( 'NONE',  ( 0.1500000000000000500, 0.02500000000000000139, 0.1999999999999999556 ) ) ;
#1560 = AXIS2_PLACEMENT_3D ( 'NONE', #4819, #5398, #8327 ) ;
#1561 = SURFACE_STYLE_USAGE ( .BOTH. , #6053 ) ;
#1562 = EDGE_CURVE ( 'NONE', #3198, #1126, #6738, .T. ) ;
#1563 = CARTESIAN_POINT ( 'NONE',  ( 0.1500000000000000500, 0.000000000000000000, 0.1999999999999999556 ) ) ;
#1564 = ORIENTED_EDGE ( 'NONE', *, *, #3496, .T. ) ;
#1565 = ORIENTED_EDGE ( 'NONE', *, *, #4070, .F. ) ;
#1566 = CARTESIAN_POINT ( 'NONE',  ( -0.02280479680351629734, 0.04448818897638057157, -0.01543307086614265425 ) ) ;
#1567 = DIRECTION ( 'NONE',  ( -1.000000000000000000, 0.000000000000000000, -3.369957298309943736E-15 ) ) ;
#1568 = LINE ( 'NONE', #8799, #3183 ) ;
#1569 = DIRECTION ( 'NONE',  ( -0.000000000000000000, 1.000000000000000000, 0.000000000000000000 ) ) ;
#1570 = TOROIDAL_SURFACE ( 'NONE', #4651, 0.1385768703175861427, 0.05999999999999997696 ) ;
#1571 = VERTEX_POINT ( 'NONE', #5153 ) ;
#1572 = CARTESIAN_POINT ( 'NONE',  ( -0.01226377952755858258, 0.03070866141732550222, -0.01543307086614261088 ) ) ;
#1573 = DIRECTION ( 'NONE',  ( 0.000000000000000000, -0.000000000000000000, -1.000000000000000000 ) ) ;
#1574 = VECTOR ( 'NONE', #4072, 39.37007874015748143 ) ;
#1575 = LINE ( 'NONE', #3158, #3056 ) ;
#1576 = ORIENTED_EDGE ( 'NONE', *, *, #6475, .T. ) ;
#1577 = ORIENTED_EDGE ( 'NONE', *, *, #94, .T. ) ;
#1578 = CARTESIAN_POINT ( 'NONE',  ( 0.01750000000000003636, 0.000000000000000000, 0.1674999999999999545 ) ) ;
#1579 = LINE ( 'NONE', #3720, #9529 ) ;
#1580 = ORIENTED_EDGE ( 'NONE', *, *, #2435, .T. ) ;
#1581 = DIRECTION ( 'NONE',  ( 0.000000000000000000, 1.000000000000000000, 0.000000000000000000 ) ) ;
#1582 = FACE_OUTER_BOUND ( 'NONE', #6639, .T. ) ;
#1583 = LINE ( 'NONE', #6751, #2661 ) ;
#1584 = CLOSED_SHELL ( 'NONE', ( #6867, #4226, #2999, #5224, #7243, #4351 ) ) ;
#1585 = EDGE_CURVE ( 'NONE', #3478, #6422, #4521, .T. ) ;
#1586 = LINE ( 'NONE', #8100, #1176 ) ;
#1587 = ORIENTED_EDGE ( 'NONE', *, *, #8808, .F. ) ;
#1588 = EDGE_CURVE ( 'NONE', #6087, #2604, #6694, .T. ) ;
#1589 = AXIS2_PLACEMENT_3D ( 'NONE', #751, #1569, #6734 ) ;
#1590 = DIRECTION ( 'NONE',  ( -1.000000000000000000, 0.000000000000000000, -3.110729813824563327E-15 ) ) ;
#1591 = DIRECTION ( 'NONE',  ( 0.000000000000000000, 1.000000000000000000, 0.000000000000000000 ) ) ;
#1592 = ORIENTED_EDGE ( 'NONE', *, *, #5989, .T. ) ;
#1593 = PRESENTATION_LAYER_ASSIGNMENT (  '', '', ( #9130 ) ) ;
#1594 = CARTESIAN_POINT ( 'NONE',  ( 0.1500000000000000500, 0.02500000000000000139, 0.1999999999999999556 ) ) ;
#1595 = FACE_OUTER_BOUND ( 'NONE', #7281, .T. ) ;
#1596 = CARTESIAN_POINT ( 'NONE',  ( -0.01978650686557531166, 0.03070866141732543284, -0.09023622047244185540 ) ) ;
#1597 = FACE_OUTER_BOUND ( 'NONE', #204, .T. ) ;
#1598 = ORIENTED_EDGE ( 'NONE', *, *, #5279, .F. ) ;
#1599 = ORIENTED_EDGE ( 'NONE', *, *, #2284, .T. ) ;
#1600 =( GEOMETRIC_REPRESENTATION_CONTEXT ( 3 ) GLOBAL_UNCERTAINTY_ASSIGNED_CONTEXT ( ( #9442 ) ) GLOBAL_UNIT_ASSIGNED_CONTEXT ( ( #88, #3026, #6615 ) ) REPRESENTATION_CONTEXT ( 'NONE', 'WORKASPACE' ) );
#1601 = CARTESIAN_POINT ( 'NONE',  ( -0.1149772726619822383, 0.03323314028328368253, -0.09023622047244218847 ) ) ;
#1602 = ORIENTED_EDGE ( 'NONE', *, *, #5277, .F. ) ;
#1603 = ORIENTED_EDGE ( 'NONE', *, *, #184, .F. ) ;
#1604 = CARTESIAN_POINT ( 'NONE',  ( 0.1550367965644037782, 0.1000000000000000472, -0.2274999999999999245 ) ) ;
#1605 = LINE ( 'NONE', #4558, #7193 ) ;
#1606 = CARTESIAN_POINT ( 'NONE',  ( 0.000000000000000000, 0.02500000000000000139, 0.000000000000000000 ) ) ;
#1607 = DIRECTION ( 'NONE',  ( -0.1736481776669318300, 0.9848077530122077983, 0.000000000000000000 ) ) ;
#1608 = VECTOR ( 'NONE', #1318, 39.37007874015748143 ) ;
#1609 = DIRECTION ( 'NONE',  ( -0.000000000000000000, -1.000000000000000000, -0.000000000000000000 ) ) ;
#1610 = VERTEX_POINT ( 'NONE', #5918 ) ;
#1611 = FACE_OUTER_BOUND ( 'NONE', #7270, .T. ) ;
#1612 = DIRECTION ( 'NONE',  ( -0.7071067811865482389, -8.623697506655639124E-17, 0.7071067811865469066 ) ) ;
#1613 = EDGE_CURVE ( 'NONE', #5779, #1260, #4747, .T. ) ;
#1614 = CARTESIAN_POINT ( 'NONE',  ( 0.1357661559934868201, 0.06776132254123604093, -0.03076615599348687252 ) ) ;
#1615 = VERTEX_POINT ( 'NONE', #1523 ) ;
#1616 = EDGE_LOOP ( 'NONE', ( #186, #9167, #8668, #9283 ) ) ;
#1617 = PLANE ( 'NONE',  #7872 ) ;
#1618 = EDGE_LOOP ( 'NONE', ( #6900, #7284, #1899, #9319 ) ) ;
#1619 = ORIENTED_EDGE ( 'NONE', *, *, #957, .F. ) ;
#1620 = EDGE_CURVE ( 'NONE', #2835, #3683, #5195, .T. ) ;
#1621 = DIRECTION ( 'NONE',  ( -1.000000000000000000, -2.934626909294889977E-15, 0.000000000000000000 ) ) ;
#1622 = DIRECTION ( 'NONE',  ( -1.000000000000000000, -6.950840520229924419E-15, 0.000000000000000000 ) ) ;
#1623 = PLANE ( 'NONE',  #721 ) ;
#1624 = LINE ( 'NONE', #6797, #7278 ) ;
#1625 = CARTESIAN_POINT ( 'NONE',  ( 0.1024999999999999939, 0.05999999999999999778, 0.07499999999999988620 ) ) ;
#1626 = PRESENTATION_LAYER_ASSIGNMENT (  '', '', ( #5792 ) ) ;
#1627 = PLANE ( 'NONE',  #8581 ) ;
#1628 = VERTEX_POINT ( 'NONE', #4430 ) ;
#1629 = DIRECTION ( 'NONE',  ( 0.000000000000000000, 0.000000000000000000, 1.000000000000000000 ) ) ;
#1630 = DIRECTION ( 'NONE',  ( -0.000000000000000000, -0.000000000000000000, 1.000000000000000000 ) ) ;
#1631 = VECTOR ( 'NONE', #5514, 39.37007874015748854 ) ;
#1632 = DIRECTION ( 'NONE',  ( -0.000000000000000000, 0.000000000000000000, 1.000000000000000000 ) ) ;
#1633 = VECTOR ( 'NONE', #3787, 39.37007874015748143 ) ;
#1634 = ORIENTED_EDGE ( 'NONE', *, *, #7704, .F. ) ;
#1635 = VECTOR ( 'NONE', #5261, 39.37007874015748143 ) ;
#1636 = DIRECTION ( 'NONE',  ( -0.000000000000000000, 1.000000000000000000, -0.000000000000000000 ) ) ;
#1637 = EDGE_CURVE ( 'NONE', #488, #7919, #846, .T. ) ;
#1638 = CARTESIAN_POINT ( 'NONE',  ( -0.1224999999999992345, 0.03070866141732548488, -0.09023622047244221622 ) ) ;
#1639 = VECTOR ( 'NONE', #4471, 39.37007874015748143 ) ;
#1640 = FACE_OUTER_BOUND ( 'NONE', #4321, .T. ) ;
#1642 = PLANE ( 'NONE',  #2408 ) ;
#1641 =( NAMED_UNIT ( * ) PLANE_ANGLE_UNIT ( ) SI_UNIT ( $, .RADIAN. ) );
#1643 = CIRCLE ( 'NONE', #7660, 0.01749999999999998432 ) ;
#1644 = VECTOR ( 'NONE', #8294, 39.37007874015748143 ) ;
#1645 = ORIENTED_EDGE ( 'NONE', *, *, #705, .T. ) ;
#1646 = VECTOR ( 'NONE', #8658, 39.37007874015748143 ) ;
#1647 = EDGE_CURVE ( 'NONE', #9535, #5761, #8847, .T. ) ;
#1648 = PRESENTATION_LAYER_ASSIGNMENT (  '', '', ( #7055 ) ) ;
#1649 = ORIENTED_EDGE ( 'NONE', *, *, #2830, .T. ) ;
#1650 = LINE ( 'NONE', #4602, #8340 ) ;
#1651 = EDGE_CURVE ( 'NONE', #917, #281, #7462, .T. ) ;
#1652 = DIRECTION ( 'NONE',  ( 0.000000000000000000, -0.000000000000000000, -1.000000000000000000 ) ) ;
#1653 = ADVANCED_FACE ( 'NONE', ( #2974 ), #3795, .F. ) ;
#1654 = AXIS2_PLACEMENT_3D ( 'NONE', #7100, #3575, #2839 ) ;
#1655 = ORIENTED_EDGE ( 'NONE', *, *, #8816, .T. ) ;
#1656 = VERTEX_POINT ( 'NONE', #2190 ) ;
#1657 = DIRECTION ( 'NONE',  ( 0.000000000000000000, 0.000000000000000000, 1.000000000000000000 ) ) ;
#1658 = EDGE_CURVE ( 'NONE', #9078, #6992, #77, .T. ) ;
#1659 = EDGE_CURVE ( 'NONE', #5765, #8988, #5292, .T. ) ;
#1660 =( NAMED_UNIT ( * ) SI_UNIT ( $, .STERADIAN. ) SOLID_ANGLE_UNIT ( ) );
#1661 = LINE ( 'NONE', #7696, #2487 ) ;
#1662 = CARTESIAN_POINT ( 'NONE',  ( -0.1449999999999999900, 0.02500000000000000139, 0.07499999999999988620 ) ) ;
#1663 = ORIENTED_EDGE ( 'NONE', *, *, #1898, .F. ) ;
#1664 = CARTESIAN_POINT ( 'NONE',  ( -0.04999999999999996114, 0.000000000000000000, 0.1999999999999999556 ) ) ;
#1665 = ADVANCED_FACE ( 'NONE', ( #5969 ), #8892, .F. ) ;
#1666 = PLANE ( 'NONE',  #1828 ) ;
#1667 = ORIENTED_EDGE ( 'NONE', *, *, #5503, .T. ) ;
#1668 = LINE ( 'NONE', #1807, #4164 ) ;
#1669 = ORIENTED_EDGE ( 'NONE', *, *, #3886, .F. ) ;
#1670 = ORIENTED_EDGE ( 'NONE', *, *, #656, .F. ) ;
#1671 = PLANE ( 'NONE',  #1489 ) ;
#1672 = CARTESIAN_POINT ( 'NONE',  ( 0.1750000000000000722, 0.08250000000000000389, -0.06249999999999999306 ) ) ;
#1673 = CARTESIAN_POINT ( 'NONE',  ( -0.01978650686557558575, 0.03070866141732543284, -0.03019685039370169008 ) ) ;
#1674 = PLANE ( 'NONE',  #4348 ) ;
#1675 = FACE_OUTER_BOUND ( 'NONE', #8833, .T. ) ;
#1676 = LINE ( 'NONE', #4632, #7301 ) ;
#1677 = ADVANCED_FACE ( 'NONE', ( #1611 ), #5246, .T. ) ;
#1678 = CARTESIAN_POINT ( 'NONE',  ( 0.1674999999999999822, 0.02500000000000000139, 0.07499999999999988620 ) ) ;
#1679 = EDGE_CURVE ( 'NONE', #3472, #3291, #1814, .T. ) ;
#1680 = ORIENTED_EDGE ( 'NONE', *, *, #6502, .F. ) ;
#1681 = EDGE_CURVE ( 'NONE', #7351, #4908, #1428, .T. ) ;
#1682 = CIRCLE ( 'NONE', #7244, 0.03249999999999999417 ) ;
#1683 = PLANE ( 'NONE',  #4934 ) ;
#1684 = MECHANICAL_DESIGN_GEOMETRIC_PRESENTATION_REPRESENTATION (  '', ( #3704 ), #2273 ) ;
#1685 = CARTESIAN_POINT ( 'NONE',  ( -0.01978650686557531166, 0.03070866141732543284, -0.09023622047244182764 ) ) ;
#1686 =( NAMED_UNIT ( * ) SI_UNIT ( $, .STERADIAN. ) SOLID_ANGLE_UNIT ( ) );
#1687 = VECTOR ( 'NONE', #688, 39.37007874015748854 ) ;
#1688 = ORIENTED_EDGE ( 'NONE', *, *, #7287, .T. ) ;
#1689 = AXIS2_PLACEMENT_3D ( 'NONE', #1754, #4710, #3990 ) ;
#1690 = CARTESIAN_POINT ( 'NONE',  ( -0.01999999999999998307, 0.02500000000000000139, -0.1649999999999999800 ) ) ;
#1691 = LINE ( 'NONE', #2596, #7966 ) ;
#1692 = LINE ( 'NONE', #5320, #6783 ) ;
#1693 = LINE ( 'NONE', #8207, #5358 ) ;
#1694 = AXIS2_PLACEMENT_3D ( 'NONE', #3878, #6100, #1700 ) ;
#1695 = CIRCLE ( 'NONE', #4018, 0.004921259842519689308 ) ;
#1696 = VERTEX_POINT ( 'NONE', #704 ) ;
#1697 = ORIENTED_EDGE ( 'NONE', *, *, #8248, .F. ) ;
#1698 = CARTESIAN_POINT ( 'NONE',  ( -0.1249999999999999445, 0.02500000000000000139, 0.1349999999999998979 ) ) ;
#1699 = FACE_OUTER_BOUND ( 'NONE', #8621, .T. ) ;
#1700 = DIRECTION ( 'NONE',  ( 0.000000000000000000, 0.000000000000000000, 1.000000000000000000 ) ) ;
#1701 = ADVANCED_FACE ( 'NONE', ( #3660 ), #6602, .F. ) ;
#1702 = ORIENTED_EDGE ( 'NONE', *, *, #7936, .T. ) ;
#1703 = VERTEX_POINT ( 'NONE', #3306 ) ;
#1704 = SURFACE_STYLE_FILL_AREA ( #3977 ) ;
#1705 = DIRECTION ( 'NONE',  ( 0.04361938736532777749, 0.9990482215818581313, 0.000000000000000000 ) ) ;
#1706 = LINE ( 'NONE', #4659, #684 ) ;
#1707 = ORIENTED_EDGE ( 'NONE', *, *, #3243, .F. ) ;
#1708 = CARTESIAN_POINT ( 'NONE',  ( 0.08750000000000000833, 0.06000000000000001166, 0.1349999999999998979 ) ) ;
#1709 = DIRECTION ( 'NONE',  ( -1.000000000000000000, 0.000000000000000000, -4.147639751766084173E-15 ) ) ;
#1710 = DIRECTION ( 'NONE',  ( 0.000000000000000000, 0.000000000000000000, 1.000000000000000000 ) ) ;
#1711 = ORIENTED_EDGE ( 'NONE', *, *, #2945, .F. ) ;
#1712 = CARTESIAN_POINT ( 'NONE',  ( -0.1149772726619824464, 0.02500000000000262776, -0.03019685039370203009 ) ) ;
#1713 = ORIENTED_EDGE ( 'NONE', *, *, #9375, .F. ) ;
#1714 = VERTEX_POINT ( 'NONE', #986 ) ;
#1715 = CARTESIAN_POINT ( 'NONE',  ( 0.08250000000000003164, 0.000000000000000000, 0.2324999999999999567 ) ) ;
#1716 = AXIS2_PLACEMENT_3D ( 'NONE', #2755, #2032, #4994 ) ;
#1717 = LINE ( 'NONE', #319, #2322 ) ;
#1718 = PLANE ( 'NONE',  #9194 ) ;
#1719 = DIRECTION ( 'NONE',  ( -1.000000000000000000, 0.000000000000000000, -0.000000000000000000 ) ) ;
#1720 = SURFACE_STYLE_FILL_AREA ( #8330 ) ;
#1721 = VECTOR ( 'NONE', #4578, 39.37007874015748143 ) ;
#1722 = DIRECTION ( 'NONE',  ( 1.000000000000000000, 0.000000000000000000, -0.000000000000000000 ) ) ;
#1723 = ORIENTED_EDGE ( 'NONE', *, *, #3836, .T. ) ;
#1724 = DIRECTION ( 'NONE',  ( -1.000000000000000000, -0.000000000000000000, -0.000000000000000000 ) ) ;
#1725 = CARTESIAN_POINT ( 'NONE',  ( 0.1000000000000000194, 0.04250000000000002387, -0.2300000000000000100 ) ) ;
#1726 = LINE ( 'NONE', #7577, #4443 ) ;
#1727 = LINE ( 'NONE', #1105, #861 ) ;
#1728 = ORIENTED_EDGE ( 'NONE', *, *, #5279, .T. ) ;
#1729 = CARTESIAN_POINT ( 'NONE',  ( -0.04499999999999999140, 0.02500000000000000139, 0.07499999999999988620 ) ) ;
#1730 = PLANE ( 'NONE',  #5659 ) ;
#1731 = ADVANCED_FACE ( 'NONE', ( #311 ), #8985, .F. ) ;
#1732 = CARTESIAN_POINT ( 'NONE',  ( -0.1067519685039362703, 0.03287401574803415494, -0.1050000000000012174 ) ) ;
#1734 = LINE ( 'NONE', #1553, #5054 ) ;
#1733 = DIRECTION ( 'NONE',  ( -0.000000000000000000, -0.000000000000000000, -1.000000000000000000 ) ) ;
#1735 = VECTOR ( 'NONE', #8206, 39.37007874015748143 ) ;
#1736 = ORIENTED_EDGE ( 'NONE', *, *, #8975, .T. ) ;
#1737 = VERTEX_POINT ( 'NONE', #7560 ) ;
#1738 = CARTESIAN_POINT ( 'NONE',  ( 0.08749999999999999445, 0.02500000000000000139, 0.09499999999999990397 ) ) ;
#1739 = AXIS2_PLACEMENT_3D ( 'NONE', #3063, #6740, #1573 ) ;
#1740 = DIRECTION ( 'NONE',  ( -0.000000000000000000, 1.000000000000000000, -0.000000000000000000 ) ) ;
#1741 = CARTESIAN_POINT ( 'NONE',  ( -0.04499999999999999140, 0.02500000000000000139, 0.1349999999999998979 ) ) ;
#1742 = ORIENTED_EDGE ( 'NONE', *, *, #7620, .F. ) ;
#1743 = VERTEX_POINT ( 'NONE', #3206 ) ;
#1744 = PLANE ( 'NONE',  #3349 ) ;
#1745 = DIRECTION ( 'NONE',  ( -1.000000000000000000, 0.000000000000000000, -0.000000000000000000 ) ) ;
#1746 = ORIENTED_EDGE ( 'NONE', *, *, #6684, .F. ) ;
#1747 = LINE ( 'NONE', #4704, #1910 ) ;
#1748 = EDGE_LOOP ( 'NONE', ( #4436, #6070, #1415, #5036 ) ) ;
#1749 = AXIS2_PLACEMENT_3D ( 'NONE', #7761, #6271, #6886 ) ;
#1750 = LINE ( 'NONE', #9131, #1548 ) ;
#1751 =( LENGTH_UNIT ( ) NAMED_UNIT ( * ) SI_UNIT ( $, .METRE. ) );
#1752 = CARTESIAN_POINT ( 'NONE',  ( 0.02250000000000000611, 0.02500000000000000139, 0.1249999999999999029 ) ) ;
#1753 = ORIENTED_EDGE ( 'NONE', *, *, #4648, .F. ) ;
#1754 = CARTESIAN_POINT ( 'NONE',  ( 0.01750000000000003636, 0.000000000000000000, 0.2324999999999999567 ) ) ;
#1755 = ORIENTED_EDGE ( 'NONE', *, *, #3529, .F. ) ;
#1756 = VECTOR ( 'NONE', #654, 39.37007874015748143 ) ;
#1757 = ORIENTED_EDGE ( 'NONE', *, *, #168, .T. ) ;
#1758 = DIRECTION ( 'NONE',  ( 1.000000000000000000, -7.477256361968997021E-15, 3.491481338843132961E-15 ) ) ;
#1759 = DIRECTION ( 'NONE',  ( 3.386200294282863932E-15, 5.970784739650144032E-16, -1.000000000000000000 ) ) ;
#1760 = LINE ( 'NONE', #6124, #4118 ) ;
#1761 = FACE_OUTER_BOUND ( 'NONE', #8010, .T. ) ;
#1762 = PLANE ( 'NONE',  #6702 ) ;
#1763 = EDGE_CURVE ( 'NONE', #1990, #8528, #2295, .T. ) ;
#1764 = LINE ( 'NONE', #9049, #1028 ) ;
#1765 = ORIENTED_EDGE ( 'NONE', *, *, #8225, .T. ) ;
#1766 = ORIENTED_EDGE ( 'NONE', *, *, #1484, .F. ) ;
#1767 = DIRECTION ( 'NONE',  ( 3.491481338843133355E-15, 0.000000000000000000, -1.000000000000000000 ) ) ;
#1768 = EDGE_CURVE ( 'NONE', #6992, #8269, #3934, .T. ) ;
#1769 = CARTESIAN_POINT ( 'NONE',  ( 0.1550367965644037782, 0.04250000000000001693, -0.2274999999999999245 ) ) ;
#1770 = DIRECTION ( 'NONE',  ( 3.491481338843133355E-15, 0.000000000000000000, -1.000000000000000000 ) ) ;
#1771 = EDGE_CURVE ( 'NONE', #4003, #496, #1082, .T. ) ;
#1772 = ADVANCED_FACE ( 'NONE', ( #8363 ), #2421, .F. ) ;
#1773 = ORIENTED_EDGE ( 'NONE', *, *, #5808, .T. ) ;
#1774 = FACE_OUTER_BOUND ( 'NONE', #6405, .T. ) ;
#1775 = CARTESIAN_POINT ( 'NONE',  ( -0.1300000000000000044, 0.05000000000000000278, -0.1925000000000000600 ) ) ;
#1776 = CARTESIAN_POINT ( 'NONE',  ( 0.1024999999999999939, 0.05999999999999999778, 0.03499999999999989231 ) ) ;
#1777 = AXIS2_PLACEMENT_3D ( 'NONE', #3326, #1770, #3908 ) ;
#1779 = DIRECTION ( 'NONE',  ( 1.000000000000000000, 8.936794954581332298E-15, 0.000000000000000000 ) ) ;
#1778 = DIRECTION ( 'NONE',  ( 3.484838268542467023E-15, 1.521513246882047243E-16, -1.000000000000000000 ) ) ;
#1780 = VECTOR ( 'NONE', #5868, 39.37007874015748143 ) ;
#1781 = ORIENTED_EDGE ( 'NONE', *, *, #3293, .F. ) ;
#1782 = VERTEX_POINT ( 'NONE', #6784 ) ;
#1783 = DIRECTION ( 'NONE',  ( -3.484838268542467023E-15, 1.521513246882047243E-16, 1.000000000000000000 ) ) ;
#1784 = CIRCLE ( 'NONE', #2559, 0.07999999999999990452 ) ;
#1785 = EDGE_CURVE ( 'NONE', #8927, #6186, #1695, .T. ) ;
#1786 = SURFACE_STYLE_FILL_AREA ( #9120 ) ;
#1787 = EDGE_CURVE ( 'NONE', #5070, #413, #4031, .T. ) ;
#1788 = VECTOR ( 'NONE', #6266, 39.37007874015748143 ) ;
#1789 = CARTESIAN_POINT ( 'NONE',  ( -0.01978650686557555105, 0.02500000000000260347, -0.03019685039370167273 ) ) ;
#1790 = MECHANICAL_DESIGN_GEOMETRIC_PRESENTATION_REPRESENTATION (  '', ( #4271 ), #2885 ) ;
#1791 = VERTEX_POINT ( 'NONE', #6164 ) ;
#1792 = EDGE_CURVE ( 'NONE', #5166, #3298, #7722, .T. ) ;
#1793 = ORIENTED_EDGE ( 'NONE', *, *, #8501, .F. ) ;
#1794 = AXIS2_PLACEMENT_3D ( 'NONE', #4186, #8699, #2725 ) ;
#1795 = CARTESIAN_POINT ( 'NONE',  ( 0.08250000000000003164, 0.000000000000000000, 0.1674999999999999545 ) ) ;
#1796 = VECTOR ( 'NONE', #2726, 39.37007874015748143 ) ;
#1797 = CARTESIAN_POINT ( 'NONE',  ( 0.02250000000000001305, 0.02500000000000000139, 0.05999999999999990064 ) ) ;
#1798 = ORIENTED_EDGE ( 'NONE', *, *, #1234, .T. ) ;
#1799 = DIRECTION ( 'NONE',  ( 0.000000000000000000, 0.000000000000000000, -1.000000000000000000 ) ) ;
#1800 = DIMENSIONAL_EXPONENTS ( 1.000000000000000000, 0.000000000000000000, 0.000000000000000000, 0.000000000000000000, 0.000000000000000000, 0.000000000000000000, 0.000000000000000000 ) ;
#1801 = EDGE_LOOP ( 'NONE', ( #5880, #9209, #4944, #3551 ) ) ;
#1802 = FACE_OUTER_BOUND ( 'NONE', #458, .T. ) ;
#1803 = EDGE_CURVE ( 'NONE', #649, #1431, #3888, .T. ) ;
#1804 = VECTOR ( 'NONE', #9355, 39.37007874015748143 ) ;
#1805 = DIRECTION ( 'NONE',  ( 0.000000000000000000, -1.000000000000000000, 0.000000000000000000 ) ) ;
#1806 = ORIENTED_EDGE ( 'NONE', *, *, #8683, .T. ) ;
#1807 = CARTESIAN_POINT ( 'NONE',  ( 0.02500000000000003955, 0.08250000000000000389, -0.06250000000000002776 ) ) ;
#1808 = VERTEX_POINT ( 'NONE', #3255 ) ;
#1809 = ORIENTED_EDGE ( 'NONE', *, *, #3297, .F. ) ;
#1810 = DIRECTION ( 'NONE',  ( 0.000000000000000000, -0.000000000000000000, 1.000000000000000000 ) ) ;
#1811 = DIRECTION ( 'NONE',  ( -0.000000000000000000, 1.000000000000000000, -0.000000000000000000 ) ) ;
#1812 = CARTESIAN_POINT ( 'NONE',  ( -0.02280479680351616203, 0.04448818897638057157, -0.05283464566929226003 ) ) ;
#1813 = CARTESIAN_POINT ( 'NONE',  ( -0.05999999999999998390, 0.05000000000000000278, -0.1649999999999999800 ) ) ;
#1814 = CIRCLE ( 'NONE', #8441, 0.002524478865958256196 ) ;
#1815 = CARTESIAN_POINT ( 'NONE',  ( 0.02250000000000000611, 0.06000000000000001166, 0.1249999999999999029 ) ) ;
#1816 = VECTOR ( 'NONE', #4841, 39.37007874015748854 ) ;
#1817 = DIRECTION ( 'NONE',  ( 1.000000000000000000, 0.000000000000000000, -3.414809992080327544E-16 ) ) ;
#1818 = CIRCLE ( 'NONE', #3833, 0.008233140283281080787 ) ;
#1819 = DIRECTION ( 'NONE',  ( -0.000000000000000000, -0.000000000000000000, 1.000000000000000000 ) ) ;
#1820 = ORIENTED_EDGE ( 'NONE', *, *, #9367, .T. ) ;
#1821 = LENGTH_MEASURE_WITH_UNIT ( LENGTH_MEASURE( 0.02539999999999999897 ), #8435 );
#1822 = ORIENTED_EDGE ( 'NONE', *, *, #1167, .F. ) ;
#1823 = CYLINDRICAL_SURFACE ( 'NONE', #7705, 0.03249999999999999417 ) ;
#1824 = EDGE_CURVE ( 'NONE', #2270, #2056, #1750, .T. ) ;
#1825 = CARTESIAN_POINT ( 'NONE',  ( 0.1674999999999999822, 0.02500000000000000139, 0.09499999999999990397 ) ) ;
#1826 = ADVANCED_FACE ( 'NONE', ( #4564 ), #9176, .T. ) ;
#1827 = DIRECTION ( 'NONE',  ( 0.000000000000000000, 1.000000000000000000, 0.000000000000000000 ) ) ;
#1828 = AXIS2_PLACEMENT_3D ( 'NONE', #4618, #7562, #941 ) ;
#1829 = ORIENTED_EDGE ( 'NONE', *, *, #145, .F. ) ;
#1830 = DIRECTION ( 'NONE',  ( 0.000000000000000000, 0.000000000000000000, 1.000000000000000000 ) ) ;
#1831 = VECTOR ( 'NONE', #2748, 39.37007874015748143 ) ;
#1832 = VECTOR ( 'NONE', #492, 39.37007874015748143 ) ;
#1833 = LINE ( 'NONE', #7731, #5546 ) ;
#1835 = DIRECTION ( 'NONE',  ( 8.936794954581332298E-15, -1.000000000000000000, 3.120265281298818799E-29 ) ) ;
#1834 = DIRECTION ( 'NONE',  ( 3.886975760670550640E-32, 1.000000000000000000, 1.138269997360109674E-16 ) ) ;
#1836 = AXIS2_PLACEMENT_3D ( 'NONE', #6214, #898, #2526 ) ;
#1837 = EDGE_LOOP ( 'NONE', ( #3362, #3388, #5035, #6808 ) ) ;
#1838 = VERTEX_POINT ( 'NONE', #1708 ) ;
#1839 = CARTESIAN_POINT ( 'NONE',  ( 0.1899999999999999467, 0.08250000000000003164, -0.2275000000000000633 ) ) ;
#1840 = DIRECTION ( 'NONE',  ( -1.000000000000000000, 0.000000000000000000, -3.381697939847988951E-15 ) ) ;
#1841 = AXIS2_PLACEMENT_3D ( 'NONE', #3594, #1410, #3638 ) ;
#1842 = CARTESIAN_POINT ( 'NONE',  ( -0.1999999999999999833, 0.02500000000000000139, 0.2499999999999998890 ) ) ;
#1843 = ORIENTED_EDGE ( 'NONE', *, *, #636, .F. ) ;
#1844 = EDGE_LOOP ( 'NONE', ( #7192, #1169, #8513, #5079, #4852, #1085, #3559, #9377, #7111, #3083, #2960, #5803 ) ) ;
#1845 = PLANE ( 'NONE',  #8252 ) ;
#1846 = DIRECTION ( 'NONE',  ( 0.000000000000000000, 1.000000000000000000, 0.000000000000000000 ) ) ;
#1847 = ADVANCED_FACE ( 'NONE', ( #6830 ), #7509, .F. ) ;
#1848 = ORIENTED_EDGE ( 'NONE', *, *, #5499, .T. ) ;
#1849 = LINE ( 'NONE', #1991, #5775 ) ;
#1850 = VERTEX_POINT ( 'NONE', #4706 ) ;
#1851 = DIRECTION ( 'NONE',  ( -0.04361938736532856853, 0.9990482215818581313, 0.000000000000000000 ) ) ;
#1852 = VECTOR ( 'NONE', #5437, 39.37007874015748143 ) ;
#1853 = EDGE_CURVE ( 'NONE', #2916, #2703, #6065, .T. ) ;
#1854 = DIRECTION ( 'NONE',  ( 0.000000000000000000, 1.000000000000000000, 0.000000000000000000 ) ) ;
#1855 = ORIENTED_EDGE ( 'NONE', *, *, #1096, .T. ) ;
#1856 = DIRECTION ( 'NONE',  ( -1.000000000000000000, 1.036909937941521043E-15, -4.147639751766084173E-15 ) ) ;
#1857 = VERTEX_POINT ( 'NONE', #7601 ) ;
#1858 = ORIENTED_EDGE ( 'NONE', *, *, #5613, .T. ) ;
#1859 = CARTESIAN_POINT ( 'NONE',  ( 0.000000000000000000, 0.06250000000000000000, 0.000000000000000000 ) ) ;
#1860 = DIRECTION ( 'NONE',  ( 0.000000000000000000, 1.000000000000000000, 0.000000000000000000 ) ) ;
#1861 = CARTESIAN_POINT ( 'NONE',  ( -0.02280479680351629734, 0.04448818897638057157, -0.01543307086614265425 ) ) ;
#1862 = DIRECTION ( 'NONE',  ( -0.000000000000000000, -1.000000000000000000, -0.000000000000000000 ) ) ;
#1863 =( NAMED_UNIT ( * ) SI_UNIT ( $, .STERADIAN. ) SOLID_ANGLE_UNIT ( ) );
#1864 = PLANE ( 'NONE',  #4217 ) ;
#1865 = DIRECTION ( 'NONE',  ( -0.000000000000000000, -1.000000000000000000, -0.000000000000000000 ) ) ;
#1866 = ORIENTED_EDGE ( 'NONE', *, *, #7407, .F. ) ;
#1867 =( LENGTH_UNIT ( ) NAMED_UNIT ( * ) SI_UNIT ( $, .METRE. ) );
#1868 = VECTOR ( 'NONE', #6267, 39.37007874015748143 ) ;
#1869 = CARTESIAN_POINT ( 'NONE',  ( -0.1549999999999999989, 0.02500000000000000139, -0.1575000000000000289 ) ) ;
#1870 = VERTEX_POINT ( 'NONE', #8413 ) ;
#1871 = CYLINDRICAL_SURFACE ( 'NONE', #3542, 0.002524478865958256196 ) ;
#1872 = CARTESIAN_POINT ( 'NONE',  ( -0.02850802484010548157, 0.04423918066268085758, -0.06759842519685133055 ) ) ;
#1873 = DIRECTION ( 'NONE',  ( -0.000000000000000000, -1.000000000000000000, -0.000000000000000000 ) ) ;
#1874 = AXIS2_PLACEMENT_3D ( 'NONE', #8995, #6941, #4769 ) ;
#1875 = ORIENTED_EDGE ( 'NONE', *, *, #2284, .F. ) ;
#1876 = ADVANCED_FACE ( 'NONE', ( #1802 ), #3846, .F. ) ;
#1877 = EDGE_CURVE ( 'NONE', #7899, #7625, #7170, .T. ) ;
#1878 = CARTESIAN_POINT ( 'NONE',  ( -0.02850802484010541218, 0.04423918066268085758, -0.09023622047244189703 ) ) ;
#1879 = VERTEX_POINT ( 'NONE', #1943 ) ;
#1880 = PLANE ( 'NONE',  #8917 ) ;
#1882 = PLANE ( 'NONE',  #5492 ) ;
#1881 = CARTESIAN_POINT ( 'NONE',  ( -0.01226377952755851493, 0.03070866141732550222, -0.03019685039370167273 ) ) ;
#1883 = EDGE_LOOP ( 'NONE', ( #5740, #8381, #8140, #4963 ) ) ;
#1884 = ORIENTED_EDGE ( 'NONE', *, *, #5613, .F. ) ;
#1885 = CARTESIAN_POINT ( 'NONE',  ( -0.1037336785659955657, 0.04665354330708929020, -0.09023622047244213296 ) ) ;
#1886 = ADVANCED_FACE ( 'NONE', ( #4905 ), #4178, .F. ) ;
#1887 = CARTESIAN_POINT ( 'NONE',  ( -0.009999999999999988065, 0.02500000000000000139, -0.2000000000000000111 ) ) ;
#1888 = CARTESIAN_POINT ( 'NONE',  ( -0.1149772726619825852, 0.02500000000000260347, -0.01543307086614300466 ) ) ;
#1889 = VECTOR ( 'NONE', #47, 39.37007874015748143 ) ;
#1890 = CARTESIAN_POINT ( 'NONE',  ( 0.1750000000000000722, 0.08250000000000000389, -0.06249999999999999306 ) ) ;
#1891 = VERTEX_POINT ( 'NONE', #7937 ) ;
#1892 = CARTESIAN_POINT ( 'NONE',  ( -0.1249999999999999445, 0.05999999999999999778, 0.07499999999999988620 ) ) ;
#1893 = ORIENTED_EDGE ( 'NONE', *, *, #912, .F. ) ;
#1894 = ORIENTED_EDGE ( 'NONE', *, *, #3173, .F. ) ;
#1895 = AXIS2_PLACEMENT_3D ( 'NONE', #6129, #3270, #1817 ) ;
#1896 = DIRECTION ( 'NONE',  ( 0.000000000000000000, 1.000000000000000000, 0.000000000000000000 ) ) ;
#1897 = DIRECTION ( 'NONE',  ( 0.000000000000000000, -0.000000000000000000, -1.000000000000000000 ) ) ;
#1898 = EDGE_CURVE ( 'NONE', #9005, #937, #8510, .T. ) ;
#1899 = ORIENTED_EDGE ( 'NONE', *, *, #3127, .T. ) ;
#1900 = DIRECTION ( 'NONE',  ( 0.000000000000000000, 0.000000000000000000, -1.000000000000000000 ) ) ;
#1901 = ORIENTED_EDGE ( 'NONE', *, *, #3105, .T. ) ;
#1902 = VERTEX_POINT ( 'NONE', #9320 ) ;
#1903 = FACE_OUTER_BOUND ( 'NONE', #4249, .T. ) ;
#1904 = DIRECTION ( 'NONE',  ( -0.000000000000000000, -1.000000000000000000, -0.000000000000000000 ) ) ;
#1905 = DIRECTION ( 'NONE',  ( 0.000000000000000000, 1.000000000000000000, 0.000000000000000000 ) ) ;
#1906 = PLANE ( 'NONE',  #5890 ) ;
#1907 = MECHANICAL_DESIGN_GEOMETRIC_PRESENTATION_REPRESENTATION (  '', ( #6241 ), #63 ) ;
#1908 = CARTESIAN_POINT ( 'NONE',  ( -0.1549999999999999989, 0.02500000000000000139, -0.1575000000000000289 ) ) ;
#1909 = LINE ( 'NONE', #2053, #8270 ) ;
#1910 = VECTOR ( 'NONE', #6973, 39.37007874015748143 ) ;
#1911 = ADVANCED_FACE ( 'NONE', ( #597 ), #6498, .F. ) ;
#1912 = ORIENTED_EDGE ( 'NONE', *, *, #8638, .T. ) ;
#1913 = ORIENTED_EDGE ( 'NONE', *, *, #2495, .T. ) ;
#1914 = CARTESIAN_POINT ( 'NONE',  ( -0.03103010096156192180, 0.05236220472441212304, -0.1050000000000009398 ) ) ;
#1915 = CARTESIAN_POINT ( 'NONE',  ( 0.1899999999999999467, 0.04250000000000002387, -0.2325000000000000400 ) ) ;
#1916 = EDGE_CURVE ( 'NONE', #2978, #6873, #6493, .T. ) ;
#1917 = EDGE_LOOP ( 'NONE', ( #7638, #6770, #6700, #5179 ) ) ;
#1918 = LINE ( 'NONE', #2110, #265 ) ;
#1919 = SURFACE_SIDE_STYLE ('',( #4982 ) ) ;
#1920 = ORIENTED_EDGE ( 'NONE', *, *, #3079, .F. ) ;
#1921 = UNCERTAINTY_MEASURE_WITH_UNIT (LENGTH_MEASURE( 1.000000000000000082E-05 ), #1416, 'distance_accuracy_value', 'NONE');
#1922 = ADVANCED_FACE ( 'NONE', ( #4808 ), #7893, .T. ) ;
#1923 = DIRECTION ( 'NONE',  ( 1.000000000000000000, 0.000000000000000000, -1.067128122525103097E-16 ) ) ;
#1924 = ORIENTED_EDGE ( 'NONE', *, *, #2851, .F. ) ;
#1925 = CARTESIAN_POINT ( 'NONE',  ( -0.01226377952755827554, 0.02500000000000265205, -0.09023622047244185540 ) ) ;
#1927 = CARTESIAN_POINT ( 'NONE',  ( -0.1999999999999999833, 0.02500000000000000139, 0.2499999999999998890 ) ) ;
#1926 = LINE ( 'NONE', #6908, #5987 ) ;
#1928 = DIMENSIONAL_EXPONENTS ( 1.000000000000000000, 0.000000000000000000, 0.000000000000000000, 0.000000000000000000, 0.000000000000000000, 0.000000000000000000, 0.000000000000000000 ) ;
#1929 = ORIENTED_EDGE ( 'NONE', *, *, #9252, .T. ) ;
#1930 = EDGE_CURVE ( 'NONE', #6873, #7098, #7846, .T. ) ;
#1931 = ORIENTED_EDGE ( 'NONE', *, *, #782, .F. ) ;
#1932 = DIRECTION ( 'NONE',  ( -1.000000000000000000, 1.690848969924005914E-15, -6.763395879696023657E-15 ) ) ;
#1933 =( GEOMETRIC_REPRESENTATION_CONTEXT ( 3 ) GLOBAL_UNCERTAINTY_ASSIGNED_CONTEXT ( ( #7150 ) ) GLOBAL_UNIT_ASSIGNED_CONTEXT ( ( #7045, #4639, #1686 ) ) REPRESENTATION_CONTEXT ( 'NONE', 'WORKASPACE' ) );
#1934 = CARTESIAN_POINT ( 'NONE',  ( -0.03640029181900442112, 0.05236220472441212304, -0.05283464566929230860 ) ) ;
#1935 = VERTEX_POINT ( 'NONE', #7749 ) ;
#1936 = EDGE_CURVE ( 'NONE', #7026, #6087, #4077, .T. ) ;
#1937 = CARTESIAN_POINT ( 'NONE',  ( -0.03539370078740091546, 0.04665354330708928327, -0.05283464566929230166 ) ) ;
#1938 = EDGE_CURVE ( 'NONE', #4660, #5160, #7795, .T. ) ;
#1939 = ORIENTED_EDGE ( 'NONE', *, *, #9086, .T. ) ;
#1940 = FILL_AREA_STYLE ('',( #8552 ) ) ;
#1941 = VECTOR ( 'NONE', #1657, 39.37007874015748143 ) ;
#1942 = ORIENTED_EDGE ( 'NONE', *, *, #5380, .F. ) ;
#1943 = CARTESIAN_POINT ( 'NONE',  ( -0.1449999999999999900, 0.02500000000000000139, 0.07499999999999988620 ) ) ;
#1944 = VECTOR ( 'NONE', #462, 39.37007874015748143 ) ;
#1945 = FACE_OUTER_BOUND ( 'NONE', #8637, .T. ) ;
#1946 = ORIENTED_EDGE ( 'NONE', *, *, #4208, .F. ) ;
#1947 = DIRECTION ( 'NONE',  ( -1.000000000000000000, -0.000000000000000000, -3.491481338843132961E-15 ) ) ;
#1948 = ADVANCED_FACE ( 'NONE', ( #3500 ), #2819, .F. ) ;
#1949 = VECTOR ( 'NONE', #750, 39.37007874015748143 ) ;
#1950 = ORIENTED_EDGE ( 'NONE', *, *, #4692, .F. ) ;
#1951 = ORIENTED_EDGE ( 'NONE', *, *, #925, .F. ) ;
#1952 = DIRECTION ( 'NONE',  ( 0.000000000000000000, -0.000000000000000000, 1.000000000000000000 ) ) ;
#1953 = CARTESIAN_POINT ( 'NONE',  ( 0.1524999999999999689, 0.05999999999999999778, 0.09499999999999990397 ) ) ;
#1954 = CARTESIAN_POINT ( 'NONE',  ( -0.03103010096156209180, 0.04665354330708929020, -0.05283464566929229472 ) ) ;
#1955 = FACE_OUTER_BOUND ( 'NONE', #1154, .T. ) ;
#1956 = AXIS2_PLACEMENT_3D ( 'NONE', #4775, #9099, #6890 ) ;
#1957 = CYLINDRICAL_SURFACE ( 'NONE', #6853, 0.002524478865958247956 ) ;
#1958 = ADVANCED_FACE ( 'NONE', ( #7125 ), #7021, .F. ) ;
#1959 = DIRECTION ( 'NONE',  ( -0.000000000000000000, -1.000000000000000000, -0.000000000000000000 ) ) ;
#1960 = AXIS2_PLACEMENT_3D ( 'NONE', #2354, #1591, #866 ) ;
#1961 = LINE ( 'NONE', #1193, #9349 ) ;
#1962 = ORIENTED_EDGE ( 'NONE', *, *, #7071, .F. ) ;
#1963 = ORIENTED_EDGE ( 'NONE', *, *, #5370, .F. ) ;
#1964 =( NAMED_UNIT ( * ) PLANE_ANGLE_UNIT ( ) SI_UNIT ( $, .RADIAN. ) );
#1965 = FACE_OUTER_BOUND ( 'NONE', #3441, .T. ) ;
#1966 = ORIENTED_EDGE ( 'NONE', *, *, #1414, .T. ) ;
#1967 = AXIS2_PLACEMENT_3D ( 'NONE', #711, #132, #8761 ) ;
#1968 = VECTOR ( 'NONE', #2120, 39.37007874015748143 ) ;
#1969 = PLANE ( 'NONE',  #2893 ) ;
#1970 = FILL_AREA_STYLE ('',( #477 ) ) ;
#1971 = EDGE_CURVE ( 'NONE', #2909, #5625, #405, .T. ) ;
#1972 = EDGE_CURVE ( 'NONE', #9077, #926, #499, .T. ) ;
#1973 = ORIENTED_EDGE ( 'NONE', *, *, #6534, .T. ) ;
#1974 = PRESENTATION_LAYER_ASSIGNMENT (  '', '', ( #8740 ) ) ;
#1975 = PLANE ( 'NONE',  #4429 ) ;
#1976 = EDGE_CURVE ( 'NONE', #7424, #2193, #8168, .T. ) ;
#1977 = ORIENTED_EDGE ( 'NONE', *, *, #3085, .T. ) ;
#1978 = VECTOR ( 'NONE', #1293, 39.37007874015748143 ) ;
#1980 = CARTESIAN_POINT ( 'NONE',  ( -0.1549999999999999989, 0.02500000000000000139, -0.1925000000000000600 ) ) ;
#1979 = CARTESIAN_POINT ( 'NONE',  ( 0.06250000000000001388, 0.02500000000000000139, 0.05999999999999990064 ) ) ;
#1981 = ORIENTED_EDGE ( 'NONE', *, *, #7079, .F. ) ;
#1982 = AXIS2_PLACEMENT_3D ( 'NONE', #1479, #8001, #4438 ) ;
#1983 = EDGE_LOOP ( 'NONE', ( #4931, #5353, #9238, #7855 ) ) ;
#1984 = FACE_OUTER_BOUND ( 'NONE', #7779, .T. ) ;
#1985 = CIRCLE ( 'NONE', #5381, 0.01749999999999998432 ) ;
#1986 = DIRECTION ( 'NONE',  ( 1.000000000000000000, -0.000000000000000000, 0.000000000000000000 ) ) ;
#1987 = ORIENTED_EDGE ( 'NONE', *, *, #2985, .T. ) ;
#1988 = VECTOR ( 'NONE', #6189, 39.37007874015748143 ) ;
#1989 = LINE ( 'NONE', #2036, #4562 ) ;
#1990 = VERTEX_POINT ( 'NONE', #7078 ) ;
#1991 = CARTESIAN_POINT ( 'NONE',  ( -0.04499999999999998446, 0.02500000000000000139, 0.04499999999999989425 ) ) ;
#1992 = DIMENSIONAL_EXPONENTS ( 1.000000000000000000, 0.000000000000000000, 0.000000000000000000, 0.000000000000000000, 0.000000000000000000, 0.000000000000000000, 0.000000000000000000 ) ;
#1993 = VERTEX_POINT ( 'NONE', #2766 ) ;
#1994 = DIRECTION ( 'NONE',  ( -1.000000000000000000, 0.000000000000000000, -3.381697939847988951E-15 ) ) ;
#1995 = CIRCLE ( 'NONE', #7399, 0.002524478865958239282 ) ;
#1996 = LINE ( 'NONE', #7220, #4999 ) ;
#1997 = EDGE_CURVE ( 'NONE', #1260, #7655, #3566, .T. ) ;
#1998 = DIRECTION ( 'NONE',  ( 1.000000000000000000, -5.440851228479147062E-32, 1.365120289045977339E-16 ) ) ;
#1999 = ORIENTED_EDGE ( 'NONE', *, *, #4516, .F. ) ;
#2000 = LINE ( 'NONE', #4084, #608 ) ;
#2001 = VERTEX_POINT ( 'NONE', #5622 ) ;
#2002 = ORIENTED_EDGE ( 'NONE', *, *, #5260, .T. ) ;
#2003 = PLANE ( 'NONE',  #8426 ) ;
#2004 = CARTESIAN_POINT ( 'NONE',  ( 0.02875000000000003594, 0.04249999999999999611, -0.05749999999999997474 ) ) ;
#2005 = CARTESIAN_POINT ( 'NONE',  ( -0.1149772726619823771, 0.03323314028328368253, -0.05283464566929257922 ) ) ;
#2006 = CARTESIAN_POINT ( 'NONE',  ( -0.01226377952755858258, 0.03070866141732550222, -0.01543307086614261088 ) ) ;
#2007 = VECTOR ( 'NONE', #7593, 39.37007874015748143 ) ;
#2008 = VECTOR ( 'NONE', #5479, 39.37007874015748143 ) ;
#2009 = CARTESIAN_POINT ( 'NONE',  ( 0.1024999999999999939, 0.05999999999999999778, 0.03499999999999989231 ) ) ;
#2010 =( CONVERSION_BASED_UNIT ( 'INCH', #334 ) LENGTH_UNIT ( ) NAMED_UNIT ( #2285 ) );
#2011 = LINE ( 'NONE', #7908, #1978 ) ;
#2012 = EDGE_LOOP ( 'NONE', ( #6027, #5777, #5003, #4147 ) ) ;
#2013 = ORIENTED_EDGE ( 'NONE', *, *, #9457, .T. ) ;
#2014 = DIRECTION ( 'NONE',  ( -1.000000000000000000, 0.000000000000000000, -3.381697939847988951E-15 ) ) ;
#2015 = CARTESIAN_POINT ( 'NONE',  ( -0.02850802484010561688, 0.04423918066268087146, -0.03019685039370173171 ) ) ;
#2016 = ORIENTED_EDGE ( 'NONE', *, *, #3383, .T. ) ;
#2017 = CARTESIAN_POINT ( 'NONE',  ( -0.03539370078740091546, 0.04665354330708928327, -0.06759842519685135831 ) ) ;
#2018 =( NAMED_UNIT ( * ) SI_UNIT ( $, .STERADIAN. ) SOLID_ANGLE_UNIT ( ) );
#2019 = ORIENTED_EDGE ( 'NONE', *, *, #529, .T. ) ;
#2020 = UNCERTAINTY_MEASURE_WITH_UNIT (LENGTH_MEASURE( 1.000000000000000082E-05 ), #7561, 'distance_accuracy_value', 'NONE');
#2021 = CARTESIAN_POINT ( 'NONE',  ( 0.1674999999999999822, 0.02500000000000000139, 0.03499999999999989231 ) ) ;
#2022 = ORIENTED_EDGE ( 'NONE', *, *, #9205, .T. ) ;
#2023 = EDGE_CURVE ( 'NONE', #2909, #281, #8554, .T. ) ;
#2024 = LINE ( 'NONE', #4989, #3062 ) ;
#2026 = CARTESIAN_POINT ( 'NONE',  ( -0.1499999999999999667, 0.000000000000000000, 0.1674999999999999545 ) ) ;
#2025 = CARTESIAN_POINT ( 'NONE',  ( 0.1366938691117163263, 0.02500000000000000139, 0.000000000000000000 ) ) ;
#2027 = VECTOR ( 'NONE', #3876, 39.37007874015748143 ) ;
#2028 = ORIENTED_EDGE ( 'NONE', *, *, #5405, .T. ) ;
#2029 = ORIENTED_EDGE ( 'NONE', *, *, #6653, .F. ) ;
#2030 = EDGE_CURVE ( 'NONE', #8042, #4993, #26, .T. ) ;
#2032 = DIRECTION ( 'NONE',  ( -3.414809992080329516E-16, 0.000000000000000000, -1.000000000000000000 ) ) ;
#2031 = VECTOR ( 'NONE', #5433, 39.37007874015748143 ) ;
#2033 = CARTESIAN_POINT ( 'NONE',  ( -0.04999999999999996808, 0.04999999999999999584, -0.1399999999999999856 ) ) ;
#2034 = PLANE ( 'NONE',  #7876 ) ;
#2035 = LINE ( 'NONE', #6635, #1191 ) ;
#2036 = CARTESIAN_POINT ( 'NONE',  ( -0.1037336785659956351, 0.05236220472441212304, -0.09023622047244214683 ) ) ;
#2037 = CLOSED_SHELL ( 'NONE', ( #6396, #2376, #7848, #2809, #7599, #4631 ) ) ;
#2038 = ORIENTED_EDGE ( 'NONE', *, *, #6096, .F. ) ;
#2039 = CARTESIAN_POINT ( 'NONE',  ( 0.1900000000000000300, 0.02500000000000001180, -0.07625000000000008160 ) ) ;
#2040 = ORIENTED_EDGE ( 'NONE', *, *, #5823, .T. ) ;
#2041 = DIRECTION ( 'NONE',  ( 0.000000000000000000, 0.000000000000000000, 1.000000000000000000 ) ) ;
#2042 = LINE ( 'NONE', #9321, #7151 ) ;
#2043 =( NAMED_UNIT ( * ) PLANE_ANGLE_UNIT ( ) SI_UNIT ( $, .RADIAN. ) );
#2044 = DIRECTION ( 'NONE',  ( 1.000000000000000000, 0.000000000000000000, 0.000000000000000000 ) ) ;
#2045 = ORIENTED_EDGE ( 'NONE', *, *, #765, .T. ) ;
#2046 = VERTEX_POINT ( 'NONE', #7354 ) ;
#2047 = CARTESIAN_POINT ( 'NONE',  ( -0.01749999999999998779, 0.02500000000000000139, -0.2250000000000000333 ) ) ;
#2048 = CARTESIAN_POINT ( 'NONE',  ( -0.1119589827240415891, 0.04448818897638057157, -0.06759842519685162199 ) ) ;
#2049 = CARTESIAN_POINT ( 'NONE',  ( -0.1037336785659957600, 0.05236220472441212304, -0.05283464566929253758 ) ) ;
#2050 = CARTESIAN_POINT ( 'NONE',  ( -0.01999999999999998307, 0.02500000000000000139, -0.1649999999999999800 ) ) ;
#2051 = SURFACE_SIDE_STYLE ('',( #4870 ) ) ;
#2052 = DIRECTION ( 'NONE',  ( 0.000000000000000000, 0.000000000000000000, 1.000000000000000000 ) ) ;
#2053 = CARTESIAN_POINT ( 'NONE',  ( 0.1500000000000000500, 0.000000000000000000, 0.1824999999999999678 ) ) ;
#2054 = VERTEX_POINT ( 'NONE', #62 ) ;
#2055 = PRESENTATION_LAYER_ASSIGNMENT (  '', '', ( #3765 ) ) ;
#2056 = VERTEX_POINT ( 'NONE', #7405 ) ;
#2057 = FILL_AREA_STYLE ('',( #8669 ) ) ;
#2058 = DIRECTION ( 'NONE',  ( 0.000000000000000000, 0.000000000000000000, 1.000000000000000000 ) ) ;
#2059 = ORIENTED_EDGE ( 'NONE', *, *, #11, .T. ) ;
#2060 = DIRECTION ( 'NONE',  ( -0.000000000000000000, 1.000000000000000000, -0.000000000000000000 ) ) ;
#2061 = PRESENTATION_STYLE_ASSIGNMENT (( #3474 ) ) ;
#2062 = ADVANCED_FACE ( 'NONE', ( #8166 ), #4316, .T. ) ;
#2063 = PRESENTATION_LAYER_ASSIGNMENT (  '', '', ( #5925 ) ) ;
#2064 = CARTESIAN_POINT ( 'NONE',  ( -0.1249999999999999445, 0.06000000000000001166, 0.07499999999999988620 ) ) ;
#2065 = ORIENTED_EDGE ( 'NONE', *, *, #8397, .F. ) ;
#2066 = EDGE_CURVE ( 'NONE', #697, #8553, #2940, .T. ) ;
#2067 = DIRECTION ( 'NONE',  ( 1.000000000000000000, 0.000000000000000000, 0.000000000000000000 ) ) ;
#2068 = EDGE_CURVE ( 'NONE', #7129, #8884, #837, .T. ) ;
#2069 = EDGE_CURVE ( 'NONE', #8164, #1857, #4791, .T. ) ;
#2071 = LINE ( 'NONE', #7968, #7276 ) ;
#2070 = FACE_OUTER_BOUND ( 'NONE', #5935, .T. ) ;
#2072 = VECTOR ( 'NONE', #5435, 39.37007874015748143 ) ;
#2073 = ORIENTED_EDGE ( 'NONE', *, *, #4687, .F. ) ;
#2074 = ORIENTED_EDGE ( 'NONE', *, *, #676, .T. ) ;
#2075 = EDGE_CURVE ( 'NONE', #6860, #2054, #5180, .T. ) ;
#2076 = CARTESIAN_POINT ( 'NONE',  ( -0.03539370078740084608, 0.04665354330708928327, -0.09023622047244191091 ) ) ;
#2077 = EDGE_LOOP ( 'NONE', ( #624, #42, #1113, #6924 ) ) ;
#2078 = CYLINDRICAL_SURFACE ( 'NONE', #8315, 0.008233140283281080787 ) ;
#2079 = CYLINDRICAL_SURFACE ( 'NONE', #9502, 0.008233140283281080787 ) ;
#2080 =( CONVERSION_BASED_UNIT ( 'INCH', #4361 ) LENGTH_UNIT ( ) NAMED_UNIT ( #2602 ) );
#2081 = ORIENTED_EDGE ( 'NONE', *, *, #656, .T. ) ;
#2082 = EDGE_LOOP ( 'NONE', ( #5910, #878, #724, #7490 ) ) ;
#2083 = ADVANCED_FACE ( 'NONE', ( #7982 ), #1509, .F. ) ;
#2084 = CARTESIAN_POINT ( 'NONE',  ( -0.1549999999999999989, 0.05000000000000000278, 0.000000000000000000 ) ) ;
#2085 = AXIS2_PLACEMENT_3D ( 'NONE', #3281, #7775, #6336 ) ;
#2086 = ADVANCED_FACE ( 'NONE', ( #6640 ), #3741, .F. ) ;
#2087 = EDGE_CURVE ( 'NONE', #3250, #2194, #5904, .T. ) ;
#2088 = DIRECTION ( 'NONE',  ( -1.000000000000000000, 0.000000000000000000, -0.000000000000000000 ) ) ;
#2089 = AXIS2_PLACEMENT_3D ( 'NONE', #5791, #4254, #9405 ) ;
#2090 = ORIENTED_EDGE ( 'NONE', *, *, #6092, .T. ) ;
#2091 = VERTEX_POINT ( 'NONE', #5951 ) ;
#2092 = DIRECTION ( 'NONE',  ( -4.268512490100413374E-16, 0.000000000000000000, -1.000000000000000000 ) ) ;
#2093 = CARTESIAN_POINT ( 'NONE',  ( -0.01749999999999998779, 0.04999999999999999584, -0.2250000000000000333 ) ) ;
#2094 = DIRECTION ( 'NONE',  ( 9.782089697649614194E-16, 1.000000000000000000, 3.415398363423329871E-30 ) ) ;
#2095 = VECTOR ( 'NONE', #5553, 39.37007874015748143 ) ;
#2096 = DIRECTION ( 'NONE',  ( 3.491481338843133355E-15, 0.000000000000000000, -1.000000000000000000 ) ) ;
#2097 =( NAMED_UNIT ( * ) SI_UNIT ( $, .STERADIAN. ) SOLID_ANGLE_UNIT ( ) );
#2098 = DIRECTION ( 'NONE',  ( 3.533614327882317320E-32, 1.000000000000000000, 1.034790906691008358E-16 ) ) ;
#2099 = ADVANCED_FACE ( 'NONE', ( #110 ), #2912, .F. ) ;
#2100 = FILL_AREA_STYLE ('',( #3466 ) ) ;
#2101 = AXIS2_PLACEMENT_3D ( 'NONE', #180, #6220, #3124 ) ;
#2102 = DIRECTION ( 'NONE',  ( 1.000000000000000000, 0.000000000000000000, -2.134256245050206194E-16 ) ) ;
#2103 = EDGE_LOOP ( 'NONE', ( #5476, #3360, #8516, #3910 ) ) ;
#2104 = ORIENTED_EDGE ( 'NONE', *, *, #2805, .T. ) ;
#2105 = CARTESIAN_POINT ( 'NONE',  ( -0.1149772726619821689, 0.03323314028328368253, -0.1050000000000012312 ) ) ;
#2106 = CARTESIAN_POINT ( 'NONE',  ( -0.1037336785659956906, 0.05236220472441212304, -0.06759842519685159423 ) ) ;
#2107 = ORIENTED_EDGE ( 'NONE', *, *, #5620, .F. ) ;
#2108 = VECTOR ( 'NONE', #5604, 39.37007874015748143 ) ;
#2109 = COLOUR_RGB ( '',1.000000000000000000, 1.000000000000000000, 1.000000000000000000 ) ;
#2110 = CARTESIAN_POINT ( 'NONE',  ( -0.07499999999999996947, 0.02500000000000000139, 0.01999999999999989286 ) ) ;
#2111 = VECTOR ( 'NONE', #9241, 39.37007874015748143 ) ;
#2112 =( LENGTH_UNIT ( ) NAMED_UNIT ( * ) SI_UNIT ( $, .METRE. ) );
#2113 = UNCERTAINTY_MEASURE_WITH_UNIT (LENGTH_MEASURE( 1.000000000000000082E-05 ), #7122, 'distance_accuracy_value', 'NONE');
#2114 = CARTESIAN_POINT ( 'NONE',  ( 0.06250000000000001388, 0.06000000000000001166, 0.04499999999999989425 ) ) ;
#2115 = VERTEX_POINT ( 'NONE', #6682 ) ;
#2116 = EDGE_CURVE ( 'NONE', #3750, #5517, #3049, .T. ) ;
#2117 = VECTOR ( 'NONE', #5745, 39.37007874015748143 ) ;
#2118 = ADVANCED_FACE ( 'NONE', ( #2859 ), #6545, .F. ) ;
#2119 = LINE ( 'NONE', #6572, #5081 ) ;
#2121 = CARTESIAN_POINT ( 'NONE',  ( 0.08750000000000000833, 0.2541640786499874127, 0.03499999999999990619 ) ) ;
#2120 = DIRECTION ( 'NONE',  ( -0.000000000000000000, -0.000000000000000000, 1.000000000000000000 ) ) ;
#2122 = ORIENTED_EDGE ( 'NONE', *, *, #463, .F. ) ;
#2123 = ORIENTED_EDGE ( 'NONE', *, *, #7809, .F. ) ;
#2124 = CARTESIAN_POINT ( 'NONE',  ( 0.1000000000000000056, 0.08250000000000003164, -0.1449999999999999900 ) ) ;
#2125 = VECTOR ( 'NONE', #7769, 39.37007874015748143 ) ;
#2126 = FILL_AREA_STYLE ('',( #8243 ) ) ;
#2127 = DIRECTION ( 'NONE',  ( -0.000000000000000000, -1.000000000000000000, -0.000000000000000000 ) ) ;
#2128 = DIRECTION ( 'NONE',  ( 0.000000000000000000, 0.000000000000000000, 1.000000000000000000 ) ) ;
#2129 =( CONVERSION_BASED_UNIT ( 'INCH', #3596 ) LENGTH_UNIT ( ) NAMED_UNIT ( #9318 ) );
#2130 = ORIENTED_EDGE ( 'NONE', *, *, #6697, .T. ) ;
#2131 = AXIS2_PLACEMENT_3D ( 'NONE', #2624, #7707, #457 ) ;
#2132 = ORIENTED_EDGE ( 'NONE', *, *, #8195, .F. ) ;
#2133 = DIRECTION ( 'NONE',  ( 0.000000000000000000, 1.000000000000000000, 0.000000000000000000 ) ) ;
#2134 = DIRECTION ( 'NONE',  ( 3.902639990948947455E-16, -1.463489996605855296E-16, 1.000000000000000000 ) ) ;
#2135 = VECTOR ( 'NONE', #6432, 39.37007874015748143 ) ;
#2136 = DIRECTION ( 'NONE',  ( -7.477256361968997021E-15, -1.000000000000000000, -0.000000000000000000 ) ) ;
#2137 =( GEOMETRIC_REPRESENTATION_CONTEXT ( 3 ) GLOBAL_UNCERTAINTY_ASSIGNED_CONTEXT ( ( #8099 ) ) GLOBAL_UNIT_ASSIGNED_CONTEXT ( ( #7740, #2608, #5569 ) ) REPRESENTATION_CONTEXT ( 'NONE', 'WORKASPACE' ) );
#2138 = ORIENTED_EDGE ( 'NONE', *, *, #8338, .F. ) ;
#2139 = EDGE_LOOP ( 'NONE', ( #220, #7776, #7554, #7498 ) ) ;
#2140 = EDGE_CURVE ( 'NONE', #6097, #9373, #778, .T. ) ;
#2141 = CARTESIAN_POINT ( 'NONE',  ( 0.01750000000000003636, 0.02500000000000000139, 0.1674999999999999545 ) ) ;
#2142 = CARTESIAN_POINT ( 'NONE',  ( -0.1149772726619825158, 0.03323314028328368253, -0.01543307086614296997 ) ) ;
#2143 = AXIS2_PLACEMENT_3D ( 'NONE', #7398, #7303, #5089 ) ;
#2144 = CARTESIAN_POINT ( 'NONE',  ( 0.1024999999999999939, 0.05999999999999999778, 0.07499999999999988620 ) ) ;
#2145 = CARTESIAN_POINT ( 'NONE',  ( -0.05250000000000000500, 0.02500000000000000139, -0.2000000000000000111 ) ) ;
#2146 = VECTOR ( 'NONE', #8278, 39.37007874015748143 ) ;
#2147 = CARTESIAN_POINT ( 'NONE',  ( -0.1037336785659958294, 0.04412906444113104398, -0.03019685039370197804 ) ) ;
#2148 = EDGE_CURVE ( 'NONE', #2992, #6365, #4501, .T. ) ;
#2149 = DIRECTION ( 'NONE',  ( -0.9848077530122087975, 0.1736481776669266952, 0.000000000000000000 ) ) ;
#2150 = PLANE ( 'NONE',  #5076 ) ;
#2151 = EDGE_LOOP ( 'NONE', ( #981, #7312, #1406, #6680 ) ) ;
#2152 = ORIENTED_EDGE ( 'NONE', *, *, #6861, .T. ) ;
#2153 = DIRECTION ( 'NONE',  ( 0.000000000000000000, -1.000000000000000000, -1.951319995474473727E-15 ) ) ;
#2154 = PLANE ( 'NONE',  #7368 ) ;
#2155 = ORIENTED_EDGE ( 'NONE', *, *, #4519, .F. ) ;
#2156 = AXIS2_PLACEMENT_3D ( 'NONE', #9410, #8065, #5133 ) ;
#2157 = CARTESIAN_POINT ( 'NONE',  ( 0.1024999999999999800, 0.02500000000000000139, 0.09499999999999990397 ) ) ;
#2158 = PLANE ( 'NONE',  #4125 ) ;
#2159 =( NAMED_UNIT ( * ) SI_UNIT ( $, .STERADIAN. ) SOLID_ANGLE_UNIT ( ) );
#2160 = LINE ( 'NONE', #8051, #9016 ) ;
#2161 = VERTEX_POINT ( 'NONE', #3699 ) ;
#2162 = DIRECTION ( 'NONE',  ( -1.000000000000000000, -7.477256361968976511E-15, -3.491481338843132961E-15 ) ) ;
#2163 = DIRECTION ( 'NONE',  ( 0.000000000000000000, -1.000000000000000000, 0.000000000000000000 ) ) ;
#2164 = EDGE_CURVE ( 'NONE', #578, #3001, #3587, .T. ) ;
#2165 = ORIENTED_EDGE ( 'NONE', *, *, #4331, .T. ) ;
#2166 = ORIENTED_EDGE ( 'NONE', *, *, #5726, .T. ) ;
#2167 = LINE ( 'NONE', #8967, #246 ) ;
#2168 = VERTEX_POINT ( 'NONE', #694 ) ;
#2169 = CARTESIAN_POINT ( 'NONE',  ( -0.03539370078740108200, 0.04665354330708928327, -0.01543307086614269762 ) ) ;
#2170 = AXIS2_PLACEMENT_3D ( 'NONE', #5234, #8073, #8739 ) ;
#2172 = DIRECTION ( 'NONE',  ( 3.491481338843132961E-15, 0.000000000000000000, -1.000000000000000000 ) ) ;
#2171 = FACE_OUTER_BOUND ( 'NONE', #9370, .T. ) ;
#2173 = CARTESIAN_POINT ( 'NONE',  ( 0.08750000000000000833, 0.2541640786499874127, 0.1349999999999998979 ) ) ;
#2174 = ORIENTED_EDGE ( 'NONE', *, *, #8934, .F. ) ;
#2175 = SHAPE_DEFINITION_REPRESENTATION ( #1501, #6739 ) ;
#2176 = VECTOR ( 'NONE', #3268, 39.37007874015748143 ) ;
#2177 = ADVANCED_FACE ( 'NONE', ( #3246 ), #6195, .F. ) ;
#2178 = ORIENTED_EDGE ( 'NONE', *, *, #7790, .F. ) ;
#2179 = DIRECTION ( 'NONE',  ( 1.000000000000000000, -0.000000000000000000, 0.000000000000000000 ) ) ;
#2180 = LINE ( 'NONE', #7358, #3860 ) ;
#2181 = ADVANCED_FACE ( 'NONE', ( #4695 ), #9071, .F. ) ;
#2182 = ORIENTED_EDGE ( 'NONE', *, *, #7369, .F. ) ;
#2183 = ORIENTED_EDGE ( 'NONE', *, *, #7698, .F. ) ;
#2184 = CARTESIAN_POINT ( 'NONE',  ( 0.000000000000000000, 0.02500000000000000139, 0.000000000000000000 ) ) ;
#2185 = LINE ( 'NONE', #2919, #4724 ) ;
#2186 = ADVANCED_FACE ( 'NONE', ( #6151 ), #4745, .F. ) ;
#2187 = LINE ( 'NONE', #652, #7207 ) ;
#2188 = CARTESIAN_POINT ( 'NONE',  ( -0.03539370078740097791, 0.04665354330708928327, -0.05283464566929230166 ) ) ;
#2189 = ORIENTED_EDGE ( 'NONE', *, *, #9359, .F. ) ;
#2190 = CARTESIAN_POINT ( 'NONE',  ( -0.02280479680351606142, 0.04448818897638057157, -0.09023622047244185540 ) ) ;
#2191 = LENGTH_MEASURE_WITH_UNIT ( LENGTH_MEASURE( 0.02539999999999999897 ), #3661 );
#2192 = FACE_OUTER_BOUND ( 'NONE', #1917, .T. ) ;
#2193 = VERTEX_POINT ( 'NONE', #7548 ) ;
#2194 = VERTEX_POINT ( 'NONE', #1738 ) ;
#2195 = LINE ( 'NONE', #5829, #456 ) ;
#2196 = PLANE ( 'NONE',  #5695 ) ;
#2197 = EDGE_LOOP ( 'NONE', ( #6518, #1670, #7999, #3558 ) ) ;
#2198 = CARTESIAN_POINT ( 'NONE',  ( 0.1024999999999999800, 0.05999999999999999778, 0.1349999999999998701 ) ) ;
#2199 = DIRECTION ( 'NONE',  ( -1.000000000000000000, 0.000000000000000000, -3.110729813824563327E-15 ) ) ;
#2200 = MANIFOLD_SOLID_BREP ( 'Cut-Extrude1[2]', #6212 ) ;
#2201 = SURFACE_STYLE_USAGE ( .BOTH. , #6752 ) ;
#2202 = ADVANCED_FACE ( 'NONE', ( #299 ), #7591, .T. ) ;
#2203 = UNCERTAINTY_MEASURE_WITH_UNIT (LENGTH_MEASURE( 1.000000000000000082E-05 ), #8160, 'distance_accuracy_value', 'NONE');
#2204 = STYLED_ITEM ( 'NONE', ( #4616 ), #2762 ) ;
#2205 = DIRECTION ( 'NONE',  ( -0.1736481776669318300, 0.9848077530122077983, 0.000000000000000000 ) ) ;
#2206 = EDGE_CURVE ( 'NONE', #4153, #3475, #6819, .T. ) ;
#2207 = ORIENTED_EDGE ( 'NONE', *, *, #2030, .F. ) ;
#2208 = EDGE_CURVE ( 'NONE', #8949, #8505, #1068, .T. ) ;
#2209 = FACE_OUTER_BOUND ( 'NONE', #9343, .T. ) ;
#2210 = DIRECTION ( 'NONE',  ( 0.000000000000000000, 1.000000000000000000, 0.000000000000000000 ) ) ;
#2211 = MECHANICAL_DESIGN_GEOMETRIC_PRESENTATION_REPRESENTATION (  '', ( #6398 ), #4850 ) ;
#2212 = ORIENTED_EDGE ( 'NONE', *, *, #5084, .T. ) ;
#2213 = EDGE_CURVE ( 'NONE', #2056, #3396, #4021, .T. ) ;
#2214 = EDGE_LOOP ( 'NONE', ( #3785, #6441, #8575, #959 ) ) ;
#2215 = LINE ( 'NONE', #6626, #2806 ) ;
#2216 = FACE_OUTER_BOUND ( 'NONE', #4699, .T. ) ;
#2217 = COLOUR_RGB ( '',0.2509803921568627416, 0.2509803921568627416, 0.2509803921568627416 ) ;
#2218 = CARTESIAN_POINT ( 'NONE',  ( -0.08499999999999996447, 0.05000000000000000278, 0.01999999999999989286 ) ) ;
#2220 = CARTESIAN_POINT ( 'NONE',  ( 0.1000000000000000194, 0.06950960878969847379, -0.2835768703175861605 ) ) ;
#2219 =( NAMED_UNIT ( * ) SI_UNIT ( $, .STERADIAN. ) SOLID_ANGLE_UNIT ( ) );
#2221 = EDGE_CURVE ( 'NONE', #9373, #7625, #343, .T. ) ;
#2222 = FILL_AREA_STYLE ('',( #593 ) ) ;
#2223 = ORIENTED_EDGE ( 'NONE', *, *, #780, .F. ) ;
#2224 = EDGE_LOOP ( 'NONE', ( #3415, #5297 ) ) ;
#2225 = DIRECTION ( 'NONE',  ( -3.484838268542467023E-15, 1.521513246882047243E-16, 1.000000000000000000 ) ) ;
#2226 = CARTESIAN_POINT ( 'NONE',  ( -0.1119589827240417973, 0.04448818897638057157, -0.01543307086614296129 ) ) ;
#2227 = EDGE_CURVE ( 'NONE', #3161, #267, #3832, .T. ) ;
#2228 = EDGE_LOOP ( 'NONE', ( #6161, #5558, #6394, #6576 ) ) ;
#2229 = ORIENTED_EDGE ( 'NONE', *, *, #6077, .T. ) ;
#2230 = LINE ( 'NONE', #841, #7960 ) ;
#2231 = EDGE_CURVE ( 'NONE', #8946, #1257, #3101, .T. ) ;
#2232 = DIRECTION ( 'NONE',  ( 3.491481338843133355E-15, 0.000000000000000000, -1.000000000000000000 ) ) ;
#2233 = PLANE ( 'NONE',  #7046 ) ;
#2234 = CARTESIAN_POINT ( 'NONE',  ( -0.05999999999999999084, 0.05000000000000000278, -0.2250000000000000333 ) ) ;
#2235 = DIRECTION ( 'NONE',  ( 0.000000000000000000, 1.000000000000000000, 0.000000000000000000 ) ) ;
#2236 = EDGE_LOOP ( 'NONE', ( #3039, #1798, #346, #381, #6824, #3225, #8551, #8324, #5888, #3917, #5587, #5549 ) ) ;
#2237 = CARTESIAN_POINT ( 'NONE',  ( -0.1300000000000000044, 0.02500000000000000139, -0.1925000000000000600 ) ) ;
#2238 = SURFACE_SIDE_STYLE ('',( #4565 ) ) ;
#2239 = DIRECTION ( 'NONE',  ( 1.000000000000000000, 0.000000000000000000, 0.000000000000000000 ) ) ;
#2240 = ORIENTED_EDGE ( 'NONE', *, *, #7663, .T. ) ;
#2241 = ORIENTED_EDGE ( 'NONE', *, *, #6651, .F. ) ;
#2242 = DIRECTION ( 'NONE',  ( -1.000000000000000000, 0.000000000000000000, -6.763395879695977903E-15 ) ) ;
#2243 = AXIS2_PLACEMENT_3D ( 'NONE', #4803, #4898, #4220 ) ;
#2244 = CARTESIAN_POINT ( 'NONE',  ( -0.03640029181900428928, 0.05236220472441212304, -0.09023622047244191091 ) ) ;
#2245 = ORIENTED_EDGE ( 'NONE', *, *, #1971, .F. ) ;
#2246 = DIRECTION ( 'NONE',  ( 0.04361938736532856853, -0.9990482215818581313, 0.000000000000000000 ) ) ;
#2247 = VECTOR ( 'NONE', #7145, 39.37007874015748143 ) ;
#2248 = CARTESIAN_POINT ( 'NONE',  ( 0.1712499999999999578, 0.02500000000000000486, -0.05750000000000004413 ) ) ;
#2249 = EDGE_CURVE ( 'NONE', #3099, #7327, #1650, .T. ) ;
#2250 = DIRECTION ( 'NONE',  ( 8.758115402030106693E-47, -1.000000000000000000, -1.463489996605855394E-15 ) ) ;
#2251 = EDGE_LOOP ( 'NONE', ( #5117, #7595, #1405, #2864, #1393, #7785, #6393, #4290 ) ) ;
#2252 = AXIS2_PLACEMENT_3D ( 'NONE', #7804, #6583, #2905 ) ;
#2253 = AXIS2_PLACEMENT_3D ( 'NONE', #4591, #3772, #6141 ) ;
#2254 = CARTESIAN_POINT ( 'NONE',  ( 0.1525000000000000244, 0.02500000000000000139, 0.07499999999999988620 ) ) ;
#2255 = CIRCLE ( 'NONE', #3507, 0.03249999999999999417 ) ;
#2256 = EDGE_CURVE ( 'NONE', #7625, #4520, #7431, .T. ) ;
#2257 = DIRECTION ( 'NONE',  ( 0.000000000000000000, 1.000000000000000000, 0.000000000000000000 ) ) ;
#2258 = ADVANCED_FACE ( 'NONE', ( #8640, #7205 ), #444, .F. ) ;
#2259 = VECTOR ( 'NONE', #8332, 39.37007874015748143 ) ;
#2260 = ORIENTED_EDGE ( 'NONE', *, *, #1323, .T. ) ;
#2261 = ADVANCED_FACE ( 'NONE', ( #9216 ), #6395, .T. ) ;
#2262 = VECTOR ( 'NONE', #4006, 39.37007874015748143 ) ;
#2263 = DIRECTION ( 'NONE',  ( 1.000000000000000000, 0.000000000000000000, 3.491481338843132961E-15 ) ) ;
#2264 = CYLINDRICAL_SURFACE ( 'NONE', #2621, 0.01749999999999998432 ) ;
#2266 = CARTESIAN_POINT ( 'NONE',  ( -0.04499999999999999140, 0.02500000000000000139, 0.1349999999999998979 ) ) ;
#2265 = DIRECTION ( 'NONE',  ( 0.000000000000000000, -0.000000000000000000, 1.000000000000000000 ) ) ;
#2267 = VECTOR ( 'NONE', #7326, 39.37007874015748143 ) ;
#2268 = FILL_AREA_STYLE_COLOUR ( '', #7484 ) ;
#2269 = AXIS2_PLACEMENT_3D ( 'NONE', #5607, #440, #3392 ) ;
#2270 = VERTEX_POINT ( 'NONE', #9309 ) ;
#2271 = ORIENTED_EDGE ( 'NONE', *, *, #5656, .F. ) ;
#2272 = DIRECTION ( 'NONE',  ( 0.000000000000000000, 0.000000000000000000, 1.000000000000000000 ) ) ;
#2273 =( GEOMETRIC_REPRESENTATION_CONTEXT ( 3 ) GLOBAL_UNCERTAINTY_ASSIGNED_CONTEXT ( ( #2303 ) ) GLOBAL_UNIT_ASSIGNED_CONTEXT ( ( #5086, #7974, #9455 ) ) REPRESENTATION_CONTEXT ( 'NONE', 'WORKASPACE' ) );
#2274 = FILL_AREA_STYLE ('',( #6153 ) ) ;
#2275 = DIRECTION ( 'NONE',  ( 1.000000000000000000, 0.000000000000000000, 3.491481338843132961E-15 ) ) ;
#2276 = VERTEX_POINT ( 'NONE', #3340 ) ;
#2277 = ORIENTED_EDGE ( 'NONE', *, *, #7223, .T. ) ;
#2278 = CARTESIAN_POINT ( 'NONE',  ( 0.2000000000000000389, 0.02500000000000000139, -0.2500000000000000555 ) ) ;
#2279 = AXIS2_PLACEMENT_3D ( 'NONE', #6408, #6977, #3359 ) ;
#2280 = DIRECTION ( 'NONE',  ( 0.000000000000000000, -1.000000000000000000, 0.000000000000000000 ) ) ;
#2281 = LINE ( 'NONE', #3654, #1949 ) ;
#2282 = PLANE ( 'NONE',  #1589 ) ;
#2283 = DIRECTION ( 'NONE',  ( 0.04361938736532856853, -0.9990482215818581313, 0.000000000000000000 ) ) ;
#2284 = EDGE_CURVE ( 'NONE', #6009, #7214, #1118, .T. ) ;
#2285 = DIMENSIONAL_EXPONENTS ( 1.000000000000000000, 0.000000000000000000, 0.000000000000000000, 0.000000000000000000, 0.000000000000000000, 0.000000000000000000, 0.000000000000000000 ) ;
#2286 = ORIENTED_EDGE ( 'NONE', *, *, #8310, .T. ) ;
#2287 = DIRECTION ( 'NONE',  ( 0.000000000000000000, 0.000000000000000000, 1.000000000000000000 ) ) ;
#2288 = ADVANCED_FACE ( 'NONE', ( #6349 ), #2704, .T. ) ;
#2289 = CARTESIAN_POINT ( 'NONE',  ( -0.01226377952755827554, 0.02500000000000265205, -0.1050000000000008843 ) ) ;
#2290 = PRESENTATION_LAYER_ASSIGNMENT (  '', '', ( #1526 ) ) ;
#2291 = CARTESIAN_POINT ( 'NONE',  ( -0.03103010096156195649, 0.05236220472441212304, -0.09023622047244189703 ) ) ;
#2292 = ORIENTED_EDGE ( 'NONE', *, *, #4940, .T. ) ;
#2293 = ORIENTED_EDGE ( 'NONE', *, *, #3672, .F. ) ;
#2295 = CIRCLE ( 'NONE', #8915, 0.01749999999999998432 ) ;
#2294 = CARTESIAN_POINT ( 'NONE',  ( 0.000000000000000000, 0.05999999999999999778, 0.000000000000000000 ) ) ;
#2296 = CARTESIAN_POINT ( 'NONE',  ( -0.04499999999999998446, 0.02500000000000000139, 0.04499999999999989425 ) ) ;
#2297 = ORIENTED_EDGE ( 'NONE', *, *, #2786, .T. ) ;
#2298 = DIRECTION ( 'NONE',  ( -1.000000000000000000, 0.000000000000000000, -4.147639751766084173E-15 ) ) ;
#2299 = CARTESIAN_POINT ( 'NONE',  ( -0.05999999999999999084, 0.02500000000000000139, -0.2250000000000000333 ) ) ;
#2300 = PLANE ( 'NONE',  #6897 ) ;
#2301 = CIRCLE ( 'NONE', #1375, 0.008233140283281080787 ) ;
#2302 =( NAMED_UNIT ( * ) PLANE_ANGLE_UNIT ( ) SI_UNIT ( $, .RADIAN. ) );
#2303 = UNCERTAINTY_MEASURE_WITH_UNIT (LENGTH_MEASURE( 1.000000000000000082E-05 ), #5086, 'distance_accuracy_value', 'NONE');
#2304 = LINE ( 'NONE', #4536, #2398 ) ;
#2305 = AXIS2_PLACEMENT_3D ( 'NONE', #9324, #7852, #7754 ) ;
#2306 = ORIENTED_EDGE ( 'NONE', *, *, #3946, .F. ) ;
#2307 = LINE ( 'NONE', #1103, #5706 ) ;
#2308 = LINE ( 'NONE', #4539, #3358 ) ;
#2309 = VECTOR ( 'NONE', #6350, 39.37007874015748854 ) ;
#2310 = EDGE_LOOP ( 'NONE', ( #1866, #2122, #1409, #1843 ) ) ;
#2311 = VECTOR ( 'NONE', #5858, 39.37007874015748143 ) ;
#2312 = PLANE ( 'NONE',  #8271 ) ;
#2313 = LINE ( 'NONE', #7441, #5339 ) ;
#2314 = EDGE_CURVE ( 'NONE', #7424, #7166, #9361, .T. ) ;
#2315 = DIRECTION ( 'NONE',  ( -0.7071067811865495711, 8.048784339545252665E-17, -0.7071067811865454633 ) ) ;
#2317 = DIRECTION ( 'NONE',  ( 0.000000000000000000, -0.000000000000000000, 1.000000000000000000 ) ) ;
#2316 = DIRECTION ( 'NONE',  ( -3.491481338843133355E-15, -0.000000000000000000, 1.000000000000000000 ) ) ;
#2318 = EDGE_CURVE ( 'NONE', #6355, #4385, #2607, .T. ) ;
#2319 = ORIENTED_EDGE ( 'NONE', *, *, #7552, .T. ) ;
#2320 = VERTEX_POINT ( 'NONE', #4117 ) ;
#2321 = SURFACE_STYLE_USAGE ( .BOTH. , #7688 ) ;
#2322 = VECTOR ( 'NONE', #6795, 39.37007874015748143 ) ;
#2323 =( LENGTH_UNIT ( ) NAMED_UNIT ( * ) SI_UNIT ( $, .METRE. ) );
#2324 = CARTESIAN_POINT ( 'NONE',  ( -0.1549999999999999989, 0.04999999999999999584, -0.1925000000000000600 ) ) ;
#2325 = ORIENTED_EDGE ( 'NONE', *, *, #817, .F. ) ;
#2326 = EDGE_LOOP ( 'NONE', ( #6589, #4853, #53, #2107 ) ) ;
#2327 = LINE ( 'NONE', #4608, #1941 ) ;
#2328 = AXIS2_PLACEMENT_3D ( 'NONE', #2581, #6842, #321 ) ;
#2329 = DIRECTION ( 'NONE',  ( 1.000000000000000000, -0.000000000000000000, 0.000000000000000000 ) ) ;
#2330 = LINE ( 'NONE', #8133, #6200 ) ;
#2331 = AXIS2_PLACEMENT_3D ( 'NONE', #4417, #4364, #790 ) ;
#2332 = ORIENTED_EDGE ( 'NONE', *, *, #7932, .T. ) ;
#2333 = DIRECTION ( 'NONE',  ( 0.000000000000000000, 0.000000000000000000, -1.000000000000000000 ) ) ;
#2334 = CARTESIAN_POINT ( 'NONE',  ( -0.1299999999999999767, 0.05000000000000000278, -0.2000000000000000389 ) ) ;
#2335 = AXIS2_PLACEMENT_3D ( 'NONE', #3806, #713, #5203 ) ;
#2336 = CARTESIAN_POINT ( 'NONE',  ( 0.1525000000000000244, 0.06000000000000001166, 0.07499999999999988620 ) ) ;
#2337 = VERTEX_POINT ( 'NONE', #7738 ) ;
#2338 = ORIENTED_EDGE ( 'NONE', *, *, #7071, .T. ) ;
#2339 = CARTESIAN_POINT ( 'NONE',  ( 0.1674999999999999822, 0.2541640786499874127, 0.03499999999999989231 ) ) ;
#2340 = EDGE_LOOP ( 'NONE', ( #329, #4315, #2424, #753 ) ) ;
#2341 = ORIENTED_EDGE ( 'NONE', *, *, #3933, .T. ) ;
#2342 = CARTESIAN_POINT ( 'NONE',  ( -0.05999999999999999084, 0.05000000000000000278, -0.2250000000000000333 ) ) ;
#2343 = CARTESIAN_POINT ( 'NONE',  ( -0.1149772726619823771, 0.03323314028328368253, -0.05283464566929257922 ) ) ;
#2344 = DIRECTION ( 'NONE',  ( -1.000000000000000000, 0.000000000000000000, 0.000000000000000000 ) ) ;
#2345 = CARTESIAN_POINT ( 'NONE',  ( 0.1524999999999999689, 0.02500000000000000139, 0.09499999999999990397 ) ) ;
#2346 = ADVANCED_FACE ( 'NONE', ( #4064 ), #1570, .F. ) ;
#2347 = CLOSED_SHELL ( 'NONE', ( #8489, #2952, #7987, #6798, #69, #4009 ) ) ;
#2348 = LINE ( 'NONE', #1678, #7355 ) ;
#2349 = ORIENTED_EDGE ( 'NONE', *, *, #8016, .T. ) ;
#2350 = PLANE ( 'NONE',  #4296 ) ;
#2351 = VECTOR ( 'NONE', #3058, 39.37007874015748143 ) ;
#2352 = LINE ( 'NONE', #230, #8004 ) ;
#2353 = ADVANCED_FACE ( 'NONE', ( #1984 ), #7113, .T. ) ;
#2354 = CARTESIAN_POINT ( 'NONE',  ( 0.05000000000000004441, 0.000000000000000000, 0.1999999999999999556 ) ) ;
#2355 = ORIENTED_EDGE ( 'NONE', *, *, #3257, .F. ) ;
#2356 = EDGE_CURVE ( 'NONE', #169, #6744, #2658, .T. ) ;
#2357 = LINE ( 'NONE', #2831, #4584 ) ;
#2358 = EDGE_CURVE ( 'NONE', #9463, #2834, #8592, .T. ) ;
#2359 = DIRECTION ( 'NONE',  ( 0.000000000000000000, 0.000000000000000000, 1.000000000000000000 ) ) ;
#2360 = EDGE_CURVE ( 'NONE', #4421, #3142, #7837, .T. ) ;
#2361 = ADVANCED_FACE ( 'NONE', ( #7160 ), #7010, .F. ) ;
#2362 = DIRECTION ( 'NONE',  ( 0.000000000000000000, 0.000000000000000000, 1.000000000000000000 ) ) ;
#2363 = DIRECTION ( 'NONE',  ( 1.000000000000000000, 0.000000000000000000, 0.000000000000000000 ) ) ;
#2364 = COLOUR_RGB ( '',0.7921568627450980005, 0.8196078431372548767, 0.9333333333333333481 ) ;
#2365 = EDGE_CURVE ( 'NONE', #7066, #3148, #7927, .T. ) ;
#2366 = ORIENTED_EDGE ( 'NONE', *, *, #2391, .F. ) ;
#2367 = EDGE_LOOP ( 'NONE', ( #81, #8823, #8192, #2962 ) ) ;
#2368 = CARTESIAN_POINT ( 'NONE',  ( -0.1249999999999999445, 0.05999999999999999778, 0.1349999999999998979 ) ) ;
#2369 =( GEOMETRIC_REPRESENTATION_CONTEXT ( 3 ) GLOBAL_UNCERTAINTY_ASSIGNED_CONTEXT ( ( #3476 ) ) GLOBAL_UNIT_ASSIGNED_CONTEXT ( ( #7905, #4093, #2097 ) ) REPRESENTATION_CONTEXT ( 'NONE', 'WORKASPACE' ) );
#2370 = CYLINDRICAL_SURFACE ( 'NONE', #776, 0.008233140283281080787 ) ;
#2371 = ORIENTED_EDGE ( 'NONE', *, *, #6229, .F. ) ;
#2372 = ORIENTED_EDGE ( 'NONE', *, *, #5960, .T. ) ;
#2373 = CARTESIAN_POINT ( 'NONE',  ( -0.08559055118110156513, 0.06240157480315226129, -0.1084448818897649075 ) ) ;
#2374 = FILL_AREA_STYLE_COLOUR ( '', #423 ) ;
#2375 = CARTESIAN_POINT ( 'NONE',  ( 0.02250000000000000611, 0.06000000000000001166, 0.1249999999999999029 ) ) ;
#2376 = ADVANCED_FACE ( 'NONE', ( #1312 ), #4257, .F. ) ;
#2377 = DIRECTION ( 'NONE',  ( 1.000000000000000000, -0.000000000000000000, 3.491481338843132961E-15 ) ) ;
#2378 = EDGE_CURVE ( 'NONE', #8599, #6297, #630, .T. ) ;
#2379 = ORIENTED_EDGE ( 'NONE', *, *, #7885, .T. ) ;
#2380 = CARTESIAN_POINT ( 'NONE',  ( 0.1500000000000000500, 0.000000000000000000, 0.1999999999999999556 ) ) ;
#2381 = EDGE_CURVE ( 'NONE', #7421, #6728, #2215, .T. ) ;
#2382 = DIRECTION ( 'NONE',  ( -0.000000000000000000, -1.000000000000000000, -0.000000000000000000 ) ) ;
#2383 = EDGE_LOOP ( 'NONE', ( #6341, #3606, #8309, #3571 ) ) ;
#2384 = FACE_OUTER_BOUND ( 'NONE', #3147, .T. ) ;
#2385 = ORIENTED_EDGE ( 'NONE', *, *, #8619, .F. ) ;
#2386 = ORIENTED_EDGE ( 'NONE', *, *, #3577, .F. ) ;
#2387 = LINE ( 'NONE', #7656, #4270 ) ;
#2388 = CARTESIAN_POINT ( 'NONE',  ( -0.1037336785659958988, 0.04412906444113104398, -0.01543307086614293527 ) ) ;
#2389 = DIRECTION ( 'NONE',  ( 0.000000000000000000, 1.000000000000000000, 0.000000000000000000 ) ) ;
#2390 = LINE ( 'NONE', #7659, #2176 ) ;
#2391 = EDGE_CURVE ( 'NONE', #3131, #1743, #726, .T. ) ;
#2392 = VECTOR ( 'NONE', #8550, 39.37007874015748143 ) ;
#2393 = PLANE ( 'NONE',  #4441 ) ;
#2394 = VERTEX_POINT ( 'NONE', #4407 ) ;
#2395 = PLANE ( 'NONE',  #3847 ) ;
#2396 = CARTESIAN_POINT ( 'NONE',  ( -0.04999999999999996114, 0.02500000000000000139, 0.1999999999999999556 ) ) ;
#2397 = ORIENTED_EDGE ( 'NONE', *, *, #6651, .T. ) ;
#2398 = VECTOR ( 'NONE', #4344, 39.37007874015748143 ) ;
#2399 = CARTESIAN_POINT ( 'NONE',  ( -0.03103010096156209180, 0.04412906444113104398, -0.05283464566929229472 ) ) ;
#2400 = ADVANCED_FACE ( 'NONE', ( #18 ), #2951, .F. ) ;
#2401 = DIRECTION ( 'NONE',  ( 1.000000000000000000, 0.000000000000000000, 3.491481338843132961E-15 ) ) ;
#2402 = VECTOR ( 'NONE', #9187, 39.37007874015748143 ) ;
#2403 = PLANE ( 'NONE',  #5559 ) ;
#2404 = DIRECTION ( 'NONE',  ( 1.000000000000000000, 0.000000000000000000, 0.000000000000000000 ) ) ;
#2405 = AXIS2_PLACEMENT_3D ( 'NONE', #7666, #5307, #2489 ) ;
#2406 = ORIENTED_EDGE ( 'NONE', *, *, #5509, .F. ) ;
#2407 = VECTOR ( 'NONE', #7292, 39.37007874015748143 ) ;
#2408 = AXIS2_PLACEMENT_3D ( 'NONE', #8971, #5321, #2317 ) ;
#2409 = ORIENTED_EDGE ( 'NONE', *, *, #4206, .T. ) ;
#2410 = FILL_AREA_STYLE ('',( #5424 ) ) ;
#2411 = DIRECTION ( 'NONE',  ( 0.000000000000000000, 0.000000000000000000, 1.000000000000000000 ) ) ;
#2412 = DIRECTION ( 'NONE',  ( 0.000000000000000000, 0.000000000000000000, -1.000000000000000000 ) ) ;
#2413 = AXIS2_PLACEMENT_3D ( 'NONE', #4059, #7781, #9260 ) ;
#2414 = ORIENTED_EDGE ( 'NONE', *, *, #5932, .F. ) ;
#2415 = ORIENTED_EDGE ( 'NONE', *, *, #1971, .T. ) ;
#2416 = LINE ( 'NONE', #5379, #8113 ) ;
#2417 = FACE_OUTER_BOUND ( 'NONE', #8738, .T. ) ;
#2418 = DIRECTION ( 'NONE',  ( -1.000000000000000000, 0.000000000000000000, -3.491481338843132961E-15 ) ) ;
#2419 = DIRECTION ( 'NONE',  ( -0.000000000000000000, -1.000000000000000000, -0.000000000000000000 ) ) ;
#2420 = ORIENTED_EDGE ( 'NONE', *, *, #7636, .T. ) ;
#2421 = PLANE ( 'NONE',  #7406 ) ;
#2422 = CARTESIAN_POINT ( 'NONE',  ( -0.03103010096156192180, 0.04412906444113104398, -0.1050000000000009398 ) ) ;
#2423 = ADVANCED_FACE ( 'NONE', ( #3633 ), #7296, .T. ) ;
#2424 = ORIENTED_EDGE ( 'NONE', *, *, #3600, .F. ) ;
#2425 = CARTESIAN_POINT ( 'NONE',  ( 0.02500000000000005690, 0.08250000000000003164, -0.1728388218141499455 ) ) ;
#2426 = VECTOR ( 'NONE', #5675, 39.37007874015748143 ) ;
#2427 = ORIENTED_EDGE ( 'NONE', *, *, #1620, .F. ) ;
#2428 = ORIENTED_EDGE ( 'NONE', *, *, #8764, .F. ) ;
#2429 = DIRECTION ( 'NONE',  ( 0.000000000000000000, 0.000000000000000000, 1.000000000000000000 ) ) ;
#2430 = CARTESIAN_POINT ( 'NONE',  ( 0.1500000000000000500, 0.000000000000000000, 0.2324999999999999567 ) ) ;
#2431 = CARTESIAN_POINT ( 'NONE',  ( 0.1674999999999999822, 0.06000000000000001166, 0.07499999999999988620 ) ) ;
#2432 = CARTESIAN_POINT ( 'NONE',  ( -0.05250000000000000500, 0.02500000000000000139, -0.2250000000000000333 ) ) ;
#2433 = DIRECTION ( 'NONE',  ( 0.000000000000000000, 0.000000000000000000, 1.000000000000000000 ) ) ;
#2434 = CIRCLE ( 'NONE', #7849, 0.07857687031758617269 ) ;
#2435 = EDGE_CURVE ( 'NONE', #7168, #7166, #4196, .T. ) ;
#2436 = VECTOR ( 'NONE', #4697, 39.37007874015748143 ) ;
#2437 = LINE ( 'NONE', #8331, #513 ) ;
#2438 = CARTESIAN_POINT ( 'NONE',  ( -0.1037336785659957600, 0.04412906444113104398, -0.05283464566929253758 ) ) ;
#2439 = ORIENTED_EDGE ( 'NONE', *, *, #3085, .F. ) ;
#2440 = AXIS2_PLACEMENT_3D ( 'NONE', #1207, #1157, #8585 ) ;
#2441 = DIRECTION ( 'NONE',  ( 0.000000000000000000, 1.000000000000000000, 0.000000000000000000 ) ) ;
#2442 = VECTOR ( 'NONE', #7161, 39.37007874015748143 ) ;
#2443 = CARTESIAN_POINT ( 'NONE',  ( -0.1549999999999999989, 0.05000000000000000278, -0.2000000000000000111 ) ) ;
#2444 = DIRECTION ( 'NONE',  ( 0.000000000000000000, 0.000000000000000000, 1.000000000000000000 ) ) ;
#2445 = VECTOR ( 'NONE', #539, 39.37007874015748143 ) ;
#2446 = VERTEX_POINT ( 'NONE', #6490 ) ;
#2447 = CLOSED_SHELL ( 'NONE', ( #1653, #2678, #4798, #4107, #2083, #8323 ) ) ;
#2448 = VECTOR ( 'NONE', #4508, 39.37007874015748854 ) ;
#2449 = CARTESIAN_POINT ( 'NONE',  ( -0.05999999999999997696, 0.02500000000000000139, -0.1399999999999999856 ) ) ;
#2450 = CARTESIAN_POINT ( 'NONE',  ( -0.07499999999999995559, 0.02500000000000000139, 0.04499999999999990119 ) ) ;
#2451 = PLANE ( 'NONE',  #8019 ) ;
#2453 = CARTESIAN_POINT ( 'NONE',  ( -0.1124551965405257703, 0.03312302406173385505, -0.05283464566929257228 ) ) ;
#2452 = LINE ( 'NONE', #9064, #7371 ) ;
#2454 = VECTOR ( 'NONE', #2854, 39.37007874015748143 ) ;
#2455 = VECTOR ( 'NONE', #8692, 39.37007874015748143 ) ;
#2456 = EDGE_CURVE ( 'NONE', #3475, #8504, #6285, .T. ) ;
#2457 = EDGE_LOOP ( 'NONE', ( #6792, #7334, #2277, #8832 ) ) ;
#2458 = ORIENTED_EDGE ( 'NONE', *, *, #3809, .T. ) ;
#2459 = CARTESIAN_POINT ( 'NONE',  ( -0.1062557546874521724, 0.04423918066268085758, -0.09023622047244216071 ) ) ;
#2460 = DIRECTION ( 'NONE',  ( 0.000000000000000000, 0.000000000000000000, -1.000000000000000000 ) ) ;
#2461 = MANIFOLD_SOLID_BREP ( '<LT1806CS6#PBF>-<Body-Move/Copy1[5]>', #6979 ) ;
#2462 = CARTESIAN_POINT ( 'NONE',  ( -0.1149772726619822383, 0.02500000000000260347, -0.1050000000000012312 ) ) ;
#2463 = ORIENTED_EDGE ( 'NONE', *, *, #6894, .T. ) ;
#2464 = ORIENTED_EDGE ( 'NONE', *, *, #1558, .T. ) ;
#2465 = EDGE_CURVE ( 'NONE', #6473, #3651, #8018, .T. ) ;
#2466 = DIRECTION ( 'NONE',  ( 0.000000000000000000, 1.000000000000000000, 0.000000000000000000 ) ) ;
#2467 = CARTESIAN_POINT ( 'NONE',  ( 0.04496320343559635085, 0.08250000000000003164, -0.2274999999999999245 ) ) ;
#2468 = VERTEX_POINT ( 'NONE', #5037 ) ;
#2469 = LINE ( 'NONE', #9081, #1145 ) ;
#2470 = EDGE_LOOP ( 'NONE', ( #2823, #4757, #443, #8071 ) ) ;
#2471 = CARTESIAN_POINT ( 'NONE',  ( -0.01226377952755844727, 0.03070866141732550222, -0.05283464566929222533 ) ) ;
#2472 = FACE_OUTER_BOUND ( 'NONE', #2641, .T. ) ;
#2473 = EDGE_CURVE ( 'NONE', #8762, #9275, #7395, .T. ) ;
#2474 = DIRECTION ( 'NONE',  ( 0.000000000000000000, 1.000000000000000000, 0.000000000000000000 ) ) ;
#2475 = EDGE_LOOP ( 'NONE', ( #7095, #7304, #5712, #9168 ) ) ;
#2476 = EDGE_CURVE ( 'NONE', #5761, #497, #3591, .T. ) ;
#2477 = FACE_OUTER_BOUND ( 'NONE', #8744, .T. ) ;
#2478 = EDGE_CURVE ( 'NONE', #685, #4146, #1018, .T. ) ;
#2479 = ORIENTED_EDGE ( 'NONE', *, *, #5163, .F. ) ;
#2480 = EDGE_LOOP ( 'NONE', ( #4529, #6068, #1296, #942 ) ) ;
#2481 = PLANE ( 'NONE',  #6737 ) ;
#2482 = AXIS2_PLACEMENT_3D ( 'NONE', #4947, #7786, #5658 ) ;
#2483 = LINE ( 'NONE', #5445, #6958 ) ;
#2484 = CARTESIAN_POINT ( 'NONE',  ( 0.1674999999999999822, 0.02500000000000000139, 0.09499999999999990397 ) ) ;
#2485 = CARTESIAN_POINT ( 'NONE',  ( 0.1000000000000000056, 0.06950960878969845991, -0.1449999999999999900 ) ) ;
#2486 = CARTESIAN_POINT ( 'NONE',  ( 0.02500000000000009159, 0.1000000000000000194, -0.2075367965644036305 ) ) ;
#2487 = VECTOR ( 'NONE', #1077, 39.37007874015748143 ) ;
#2488 = FACE_OUTER_BOUND ( 'NONE', #4682, .T. ) ;
#2489 = DIRECTION ( 'NONE',  ( 0.000000000000000000, 0.000000000000000000, 1.000000000000000000 ) ) ;
#2490 = EDGE_LOOP ( 'NONE', ( #985, #9034, #6024, #4861 ) ) ;
#2491 = CARTESIAN_POINT ( 'NONE',  ( -0.1037336785659957600, 0.04412906444113104398, -0.05283464566929253758 ) ) ;
#2492 = ORIENTED_EDGE ( 'NONE', *, *, #147, .F. ) ;
#2493 = CARTESIAN_POINT ( 'NONE',  ( -0.1062557546874524500, 0.04423918066268085758, -0.01543307086614294395 ) ) ;
#2494 = CARTESIAN_POINT ( 'NONE',  ( -0.1149772726619825852, 0.02500000000000260347, -0.01543307086614296997 ) ) ;
#2495 = EDGE_CURVE ( 'NONE', #4416, #1431, #4353, .T. ) ;
#2496 = ORIENTED_EDGE ( 'NONE', *, *, #9208, .T. ) ;
#2497 = ADVANCED_FACE ( 'NONE', ( #5995 ), #2312, .F. ) ;
#2498 = DIRECTION ( 'NONE',  ( 0.000000000000000000, 1.000000000000000000, 0.000000000000000000 ) ) ;
#2499 = FACE_OUTER_BOUND ( 'NONE', #3494, .T. ) ;
#2500 = ADVANCED_FACE ( 'NONE', ( #4684 ), #5417, .T. ) ;
#2501 = DIRECTION ( 'NONE',  ( 0.000000000000000000, 0.000000000000000000, 1.000000000000000000 ) ) ;
#2503 = CARTESIAN_POINT ( 'NONE',  ( -0.1499999999999999667, 0.02500000000000000139, 0.1824999999999999678 ) ) ;
#2502 = CARTESIAN_POINT ( 'NONE',  ( -0.09624617553862874209, 0.02893700787401839308, -0.1141792464047724637 ) ) ;
#2504 = CIRCLE ( 'NONE', #5609, 0.004921259842519689308 ) ;
#2505 = ORIENTED_EDGE ( 'NONE', *, *, #1803, .F. ) ;
#2506 = EDGE_CURVE ( 'NONE', #8946, #5485, #9058, .T. ) ;
#2507 = VERTEX_POINT ( 'NONE', #5269 ) ;
#2508 =( CONVERSION_BASED_UNIT ( 'INCH', #1013 ) LENGTH_UNIT ( ) NAMED_UNIT ( #75 ) );
#2509 = MECHANICAL_DESIGN_GEOMETRIC_PRESENTATION_REPRESENTATION (  '', ( #7157 ), #831 ) ;
#2510 = CARTESIAN_POINT ( 'NONE',  ( -0.1999999999999999833, 0.02500000000000000139, 0.2499999999999998890 ) ) ;
#2511 = CARTESIAN_POINT ( 'NONE',  ( -0.1499999999999999667, 0.02500000000000000139, 0.1999999999999999556 ) ) ;
#2512 = ORIENTED_EDGE ( 'NONE', *, *, #498, .F. ) ;
#2513 = ORIENTED_EDGE ( 'NONE', *, *, #5912, .F. ) ;
#2514 = FACE_BOUND ( 'NONE', #8790, .T. ) ;
#2515 = CARTESIAN_POINT ( 'NONE',  ( -0.09937007874015674203, 0.04665354330708929714, -0.09023622047244213296 ) ) ;
#2516 = ORIENTED_EDGE ( 'NONE', *, *, #5209, .F. ) ;
#2517 = DIRECTION ( 'NONE',  ( 0.000000000000000000, 0.000000000000000000, 1.000000000000000000 ) ) ;
#2518 = VERTEX_POINT ( 'NONE', #4542 ) ;
#2519 = COLOUR_RGB ( '',0.7921568627450980005, 0.8196078431372548767, 0.9333333333333333481 ) ;
#2520 = DIRECTION ( 'NONE',  ( -1.000000000000000000, 0.000000000000000000, -0.000000000000000000 ) ) ;
#2521 = CYLINDRICAL_SURFACE ( 'NONE', #4535, 0.03249999999999999417 ) ;
#2522 = EDGE_CURVE ( 'NONE', #1257, #345, #869, .T. ) ;
#2523 = LINE ( 'NONE', #3890, #595 ) ;
#2524 = ORIENTED_EDGE ( 'NONE', *, *, #1549, .T. ) ;
#2525 = ADVANCED_FACE ( 'NONE', ( #1774 ), #3870, .T. ) ;
#2526 = DIRECTION ( 'NONE',  ( -1.000000000000000000, 9.782089697649614194E-16, 0.000000000000000000 ) ) ;
#2527 = EDGE_LOOP ( 'NONE', ( #6699, #2074, #7158, #1422 ) ) ;
#2528 = PRESENTATION_LAYER_ASSIGNMENT (  '', '', ( #5931 ) ) ;
#2529 = ORIENTED_EDGE ( 'NONE', *, *, #5784, .F. ) ;
#2530 = DIRECTION ( 'NONE',  ( 0.000000000000000000, 0.000000000000000000, 1.000000000000000000 ) ) ;
#2531 = CARTESIAN_POINT ( 'NONE',  ( -0.04999999999999996808, 0.05000000000000000278, -0.1649999999999999800 ) ) ;
#2532 = CARTESIAN_POINT ( 'NONE',  ( -0.1299999999999999767, 0.02500000000000000139, -0.1500000000000000500 ) ) ;
#2533 = CARTESIAN_POINT ( 'NONE',  ( -0.1037336785659958294, 0.04665354330708929020, -0.03019685039370197804 ) ) ;
#2534 = CARTESIAN_POINT ( 'NONE',  ( 0.09999999999999999167, 0.08250000000000000389, -0.2249999999999998945 ) ) ;
#2535 = FILL_AREA_STYLE_COLOUR ( '', #3289 ) ;
#2536 = ADVANCED_FACE ( 'NONE', ( #4643 ), #236, .T. ) ;
#2537 = DIRECTION ( 'NONE',  ( -0.000000000000000000, 1.000000000000000000, -0.000000000000000000 ) ) ;
#2538 = DIMENSIONAL_EXPONENTS ( 1.000000000000000000, 0.000000000000000000, 0.000000000000000000, 0.000000000000000000, 0.000000000000000000, 0.000000000000000000, 0.000000000000000000 ) ;
#2539 = ORIENTED_EDGE ( 'NONE', *, *, #8204, .F. ) ;
#2540 = CARTESIAN_POINT ( 'NONE',  ( -0.03539370078740077669, 0.04665354330708928327, -0.09023622047244191091 ) ) ;
#2541 = ORIENTED_EDGE ( 'NONE', *, *, #8895, .T. ) ;
#2542 = LINE ( 'NONE', #7042, #8455 ) ;
#2543 = DIRECTION ( 'NONE',  ( 3.886975760670550640E-32, 1.000000000000000000, 1.138269997360109674E-16 ) ) ;
#2544 = FACE_OUTER_BOUND ( 'NONE', #1359, .T. ) ;
#2545 = ORIENTED_EDGE ( 'NONE', *, *, #3243, .T. ) ;
#2546 = AXIS2_PLACEMENT_3D ( 'NONE', #4101, #433, #2444 ) ;
#2547 = DIRECTION ( 'NONE',  ( 0.000000000000000000, -0.9848077530122080203, -0.1736481776669307198 ) ) ;
#2548 = AXIS2_PLACEMENT_3D ( 'NONE', #1061, #5608, #441 ) ;
#2549 = ADVANCED_FACE ( 'NONE', ( #7626 ), #826, .F. ) ;
#2550 = EDGE_CURVE ( 'NONE', #893, #5901, #7440, .T. ) ;
#2551 = PLANE ( 'NONE',  #4771 ) ;
#2552 = VECTOR ( 'NONE', #8698, 39.37007874015748143 ) ;
#2554 = FACE_OUTER_BOUND ( 'NONE', #5876, .T. ) ;
#2553 = DIRECTION ( 'NONE',  ( 0.000000000000000000, 0.000000000000000000, 1.000000000000000000 ) ) ;
#2555 = EDGE_CURVE ( 'NONE', #9481, #9136, #8342, .T. ) ;
#2556 = ORIENTED_EDGE ( 'NONE', *, *, #8025, .F. ) ;
#2557 = VERTEX_POINT ( 'NONE', #3136 ) ;
#2558 = CARTESIAN_POINT ( 'NONE',  ( -0.03103010096156192180, 0.04412906444113104398, -0.1050000000000009398 ) ) ;
#2559 = AXIS2_PLACEMENT_3D ( 'NONE', #7583, #6286, #9156 ) ;
#2560 = VECTOR ( 'NONE', #2429, 39.37007874015748143 ) ;
#2561 = CARTESIAN_POINT ( 'NONE',  ( -0.01978650686557538105, 0.02500000000000262776, -0.06759842519685130280 ) ) ;
#2562 = COLOUR_RGB ( '',0.7921568627450980005, 0.8196078431372548767, 0.9333333333333333481 ) ;
#2563 = CARTESIAN_POINT ( 'NONE',  ( -0.07499999999999995559, 0.02500000000000000139, 0.04499999999999990119 ) ) ;
#2564 = VERTEX_POINT ( 'NONE', #1005 ) ;
#2565 = CARTESIAN_POINT ( 'NONE',  ( 0.1000000000000000056, 0.06950960878969847379, -0.1449999999999999900 ) ) ;
#2566 = VECTOR ( 'NONE', #6202, 39.37007874015748143 ) ;
#2567 = PLANE ( 'NONE',  #6671 ) ;
#2568 = VERTEX_POINT ( 'NONE', #3960 ) ;
#2569 = EDGE_LOOP ( 'NONE', ( #8242, #4506, #5129, #5300 ) ) ;
#2570 = DIRECTION ( 'NONE',  ( 0.000000000000000000, 1.000000000000000000, 0.000000000000000000 ) ) ;
#2571 = VECTOR ( 'NONE', #2210, 39.37007874015748143 ) ;
#2572 = DIRECTION ( 'NONE',  ( 0.000000000000000000, -0.000000000000000000, 1.000000000000000000 ) ) ;
#2573 = EDGE_LOOP ( 'NONE', ( #1711, #115, #945, #1557 ) ) ;
#2574 = LINE ( 'NONE', #4962, #8162 ) ;
#2575 = EDGE_LOOP ( 'NONE', ( #3327, #4601 ) ) ;
#2576 = VERTEX_POINT ( 'NONE', #8918 ) ;
#2577 = FACE_OUTER_BOUND ( 'NONE', #8478, .T. ) ;
#2578 = EDGE_CURVE ( 'NONE', #868, #1418, #8428, .T. ) ;
#2579 = DIRECTION ( 'NONE',  ( 0.000000000000000000, -0.000000000000000000, 1.000000000000000000 ) ) ;
#2580 = FACE_OUTER_BOUND ( 'NONE', #3918, .T. ) ;
#2581 = CARTESIAN_POINT ( 'NONE',  ( -0.03640029181900428928, 0.05236220472441212304, -0.09023622047244191091 ) ) ;
#2582 = CIRCLE ( 'NONE', #4294, 0.03249999999999999417 ) ;
#2583 = FACE_OUTER_BOUND ( 'NONE', #2151, .T. ) ;
#2584 = EDGE_CURVE ( 'NONE', #2673, #2576, #3823, .T. ) ;
#2585 = DIRECTION ( 'NONE',  ( 1.000000000000000000, 0.000000000000000000, 3.491481338843132961E-15 ) ) ;
#2586 = CIRCLE ( 'NONE', #7989, 0.002524478865958256196 ) ;
#2587 = LINE ( 'NONE', #4921, #5204 ) ;
#2588 = ORIENTED_EDGE ( 'NONE', *, *, #1613, .F. ) ;
#2589 = LINE ( 'NONE', #2540, #5530 ) ;
#2590 = ORIENTED_EDGE ( 'NONE', *, *, #6502, .T. ) ;
#2591 = DIRECTION ( 'NONE',  ( -0.000000000000000000, 1.000000000000000000, -0.000000000000000000 ) ) ;
#2592 = DIRECTION ( 'NONE',  ( -1.000000000000000000, -2.934626909294889977E-15, 0.000000000000000000 ) ) ;
#2593 = PLANE ( 'NONE',  #2546 ) ;
#2594 = VECTOR ( 'NONE', #5439, 39.37007874015748143 ) ;
#2595 = ORIENTED_EDGE ( 'NONE', *, *, #8920, .F. ) ;
#2596 = CARTESIAN_POINT ( 'NONE',  ( -0.03499999999999997558, 0.05000000000000000278, 0.01999999999999989286 ) ) ;
#2597 = VECTOR ( 'NONE', #2067, 39.37007874015748143 ) ;
#2598 = EDGE_LOOP ( 'NONE', ( #1181, #2595, #6081, #5044 ) ) ;
#2599 = CARTESIAN_POINT ( 'NONE',  ( -0.1249999999999999445, 0.02500000000000000139, 0.1349999999999998979 ) ) ;
#2601 = PLANE ( 'NONE',  #5038 ) ;
#2600 = PLANE ( 'NONE',  #7835 ) ;
#2602 = DIMENSIONAL_EXPONENTS ( 1.000000000000000000, 0.000000000000000000, 0.000000000000000000, 0.000000000000000000, 0.000000000000000000, 0.000000000000000000, 0.000000000000000000 ) ;
#2603 = CIRCLE ( 'NONE', #5245, 0.03249999999999999417 ) ;
#2604 = VERTEX_POINT ( 'NONE', #6902 ) ;
#2605 = ORIENTED_EDGE ( 'NONE', *, *, #8673, .T. ) ;
#2606 = EDGE_CURVE ( 'NONE', #1480, #6216, #9006, .T. ) ;
#2607 = LINE ( 'NONE', #1839, #801 ) ;
#2608 =( NAMED_UNIT ( * ) PLANE_ANGLE_UNIT ( ) SI_UNIT ( $, .RADIAN. ) );
#2609 = AXIS2_PLACEMENT_3D ( 'NONE', #4645, #7586, #293 ) ;
#2610 = DIRECTION ( 'NONE',  ( 6.829619984160656074E-16, 0.000000000000000000, 1.000000000000000000 ) ) ;
#2611 = LINE ( 'NONE', #5853, #880 ) ;
#2612 = ORIENTED_EDGE ( 'NONE', *, *, #6990, .T. ) ;
#2613 = ADVANCED_FACE ( 'NONE', ( #3234, #6187 ), #6039, .T. ) ;
#2614 = CARTESIAN_POINT ( 'NONE',  ( 0.02250000000000001305, 0.02500000000000000139, 0.05999999999999990064 ) ) ;
#2615 = MANIFOLD_SOLID_BREP ( 'Cut-Extrude1[3]', #7442 ) ;
#2616 = LINE ( 'NONE', #5574, #8654 ) ;
#2617 = VERTEX_POINT ( 'NONE', #6467 ) ;
#2618 = PLANE ( 'NONE',  #7169 ) ;
#2619 = ORIENTED_EDGE ( 'NONE', *, *, #8636, .T. ) ;
#2620 = EDGE_CURVE ( 'NONE', #267, #6244, #2357, .T. ) ;
#2621 = AXIS2_PLACEMENT_3D ( 'NONE', #8159, #239, #3184 ) ;
#2622 = CARTESIAN_POINT ( 'NONE',  ( -0.1037336785659955657, 0.04412906444113104398, -0.1050000000000012035 ) ) ;
#2623 = EDGE_CURVE ( 'NONE', #1870, #9154, #9155, .T. ) ;
#2624 = CARTESIAN_POINT ( 'NONE',  ( 0.000000000000000000, 0.05000000000000000278, 0.000000000000000000 ) ) ;
#2625 = ORIENTED_EDGE ( 'NONE', *, *, #2550, .F. ) ;
#2626 = CARTESIAN_POINT ( 'NONE',  ( 0.1674999999999999822, 0.2541640786499874127, 0.1349999999999998979 ) ) ;
#2627 = VERTEX_POINT ( 'NONE', #3568 ) ;
#2628 = ORIENTED_EDGE ( 'NONE', *, *, #7384, .F. ) ;
#2629 = DIRECTION ( 'NONE',  ( -0.000000000000000000, 1.000000000000000000, -0.000000000000000000 ) ) ;
#2630 = CARTESIAN_POINT ( 'NONE',  ( 0.1400000000000000411, 0.04375000000000035111, 0.004999999999999895153 ) ) ;
#2631 = CARTESIAN_POINT ( 'NONE',  ( -0.04999999999999996114, 0.02500000000000000139, 0.1999999999999999556 ) ) ;
#2632 = LINE ( 'NONE', #2778, #7585 ) ;
#2633 = PRESENTATION_STYLE_ASSIGNMENT (( #1141 ) ) ;
#2634 = EDGE_CURVE ( 'NONE', #1628, #8232, #8703, .T. ) ;
#2635 = DIRECTION ( 'NONE',  ( 3.491481338843133355E-15, 0.000000000000000000, -1.000000000000000000 ) ) ;
#2636 = MANIFOLD_SOLID_BREP ( 'Cut-Extrude1[15]', #3712 ) ;
#2637 = CARTESIAN_POINT ( 'NONE',  ( -0.04999999999999996808, 0.02500000000000000139, -0.1399999999999999856 ) ) ;
#2638 = EDGE_LOOP ( 'NONE', ( #5865, #7747, #9323, #6256 ) ) ;
#2639 =( NAMED_UNIT ( * ) PLANE_ANGLE_UNIT ( ) SI_UNIT ( $, .RADIAN. ) );
#2640 = CARTESIAN_POINT ( 'NONE',  ( -0.05999999999999998390, 0.05000000000000000278, -0.1649999999999999800 ) ) ;
#2641 = EDGE_LOOP ( 'NONE', ( #4001, #4467, #9255, #5443 ) ) ;
#2642 = EDGE_CURVE ( 'NONE', #3244, #2722, #5688, .T. ) ;
#2643 = DIRECTION ( 'NONE',  ( 0.000000000000000000, 1.000000000000000000, 0.000000000000000000 ) ) ;
#2644 = SURFACE_STYLE_FILL_AREA ( #7874 ) ;
#2645 = AXIS2_PLACEMENT_3D ( 'NONE', #7859, #3563, #9428 ) ;
#2646 = VERTEX_POINT ( 'NONE', #5018 ) ;
#2647 = CARTESIAN_POINT ( 'NONE',  ( 0.1674999999999999822, 0.2541640786499874127, 0.03499999999999989231 ) ) ;
#2648 = ORIENTED_EDGE ( 'NONE', *, *, #2208, .F. ) ;
#2649 = ADVANCED_FACE ( 'NONE', ( #7232 ), #4191, .T. ) ;
#2650 = MANIFOLD_SOLID_BREP ( 'Cut-Extrude1[6]', #2037 ) ;
#2651 = ADVANCED_FACE ( 'NONE', ( #7320, #7372 ), #5825, .T. ) ;
#2652 = CARTESIAN_POINT ( 'NONE',  ( -0.04999999999999996114, 0.000000000000000000, 0.1999999999999999556 ) ) ;
#2654 = DIRECTION ( 'NONE',  ( -1.000000000000000000, -0.000000000000000000, -0.000000000000000000 ) ) ;
#2653 = CARTESIAN_POINT ( 'NONE',  ( -0.1499999999999999667, 0.000000000000000000, 0.1674999999999999545 ) ) ;
#2655 = ORIENTED_EDGE ( 'NONE', *, *, #8137, .T. ) ;
#2656 = ORIENTED_EDGE ( 'NONE', *, *, #8753, .F. ) ;
#2657 = EDGE_CURVE ( 'NONE', #4025, #4221, #4432, .T. ) ;
#2658 = LINE ( 'NONE', #1162, #5886 ) ;
#2659 = CARTESIAN_POINT ( 'NONE',  ( -0.1224999999999993733, 0.02500000000000265205, -0.05283464566929257922 ) ) ;
#2660 = LINE ( 'NONE', #4895, #2309 ) ;
#2661 = VECTOR ( 'NONE', #4533, 39.37007874015748143 ) ;
#2662 = DIRECTION ( 'NONE',  ( 3.902639990948947455E-16, -1.463489996605855296E-16, 1.000000000000000000 ) ) ;
#2663 = ORIENTED_EDGE ( 'NONE', *, *, #802, .F. ) ;
#2664 = EDGE_CURVE ( 'NONE', #3570, #3593, #756, .T. ) ;
#2665 = DIRECTION ( 'NONE',  ( -1.000000000000000000, 0.000000000000000000, 0.000000000000000000 ) ) ;
#2666 = ORIENTED_EDGE ( 'NONE', *, *, #3293, .T. ) ;
#2667 = APPLICATION_PROTOCOL_DEFINITION ( 'draft international standard', 'automotive_design', 1998, #3486 ) ;
#2668 = VERTEX_POINT ( 'NONE', #1429 ) ;
#2669 = PRESENTATION_LAYER_ASSIGNMENT (  '', '', ( #8822 ) ) ;
#2670 = DIRECTION ( 'NONE',  ( -0.000000000000000000, 1.000000000000000000, -0.000000000000000000 ) ) ;
#2671 = DIRECTION ( 'NONE',  ( 0.000000000000000000, 1.000000000000000000, 0.000000000000000000 ) ) ;
#2672 = PLANE ( 'NONE',  #6468 ) ;
#2673 = VERTEX_POINT ( 'NONE', #7463 ) ;
#2674 = CARTESIAN_POINT ( 'NONE',  ( -0.05250000000000000500, 0.02500000000000000139, -0.2000000000000000111 ) ) ;
#2675 = EDGE_CURVE ( 'NONE', #8171, #4741, #6021, .T. ) ;
#2676 = ORIENTED_EDGE ( 'NONE', *, *, #4373, .F. ) ;
#2677 = EDGE_LOOP ( 'NONE', ( #7516, #5291, #6497, #5102 ) ) ;
#2678 = ADVANCED_FACE ( 'NONE', ( #3797 ), #8943, .F. ) ;
#2679 = DIRECTION ( 'NONE',  ( 0.000000000000000000, 1.000000000000000000, 0.000000000000000000 ) ) ;
#2680 = CARTESIAN_POINT ( 'NONE',  ( -0.02801181102362151551, 0.03287401574803415494, -0.01543307086614267160 ) ) ;
#2681 = CARTESIAN_POINT ( 'NONE',  ( 0.1024999999999999800, 0.02500000000000000139, 0.09499999999999990397 ) ) ;
#2682 = CARTESIAN_POINT ( 'NONE',  ( 0.1900000000000000577, 0.04249999999999999611, -0.07625000000000008160 ) ) ;
#2683 = ADVANCED_FACE ( 'NONE', ( #4381 ), #3752, .F. ) ;
#2684 = EDGE_CURVE ( 'NONE', #9535, #3750, #8804, .T. ) ;
#2685 = DIRECTION ( 'NONE',  ( 1.000000000000000000, 0.000000000000000000, -0.000000000000000000 ) ) ;
#2686 = MANIFOLD_SOLID_BREP ( 'NONE', #7 ) ;
#2687 = CARTESIAN_POINT ( 'NONE',  ( -0.01749999999999998779, 0.02500000000000000139, -0.2250000000000000333 ) ) ;
#2688 = MECHANICAL_DESIGN_GEOMETRIC_PRESENTATION_REPRESENTATION (  '', ( #6406 ), #5319 ) ;
#2689 = ORIENTED_EDGE ( 'NONE', *, *, #5874, .F. ) ;
#2690 = ORIENTED_EDGE ( 'NONE', *, *, #3245, .T. ) ;
#2691 = CARTESIAN_POINT ( 'NONE',  ( 0.1024999999999999939, 0.02500000000000000139, 0.03499999999999989231 ) ) ;
#2692 = ORIENTED_EDGE ( 'NONE', *, *, #7494, .F. ) ;
#2693 = DIRECTION ( 'NONE',  ( 3.491481338843133355E-15, 0.000000000000000000, -1.000000000000000000 ) ) ;
#2694 = PRESENTATION_STYLE_ASSIGNMENT (( #6381 ) ) ;
#2695 = ORIENTED_EDGE ( 'NONE', *, *, #6114, .F. ) ;
#2696 = PLANE ( 'NONE',  #569 ) ;
#2697 = VERTEX_POINT ( 'NONE', #2289 ) ;
#2698 = DIRECTION ( 'NONE',  ( 0.000000000000000000, 1.000000000000000000, 0.000000000000000000 ) ) ;
#2700 = CARTESIAN_POINT ( 'NONE',  ( -0.03499999999999997558, 0.05000000000000000278, 0.04499999999999989425 ) ) ;
#2699 = DIRECTION ( 'NONE',  ( 1.000000000000000000, 0.000000000000000000, 0.000000000000000000 ) ) ;
#2701 = VERTEX_POINT ( 'NONE', #213 ) ;
#2702 = ADVANCED_FACE ( 'NONE', ( #2472 ), #2521, .T. ) ;
#2703 = VERTEX_POINT ( 'NONE', #8465 ) ;
#2704 = CYLINDRICAL_SURFACE ( 'NONE', #4978, 0.008233140283281080787 ) ;
#2706 = SURFACE_STYLE_USAGE ( .BOTH. , #8547 ) ;
#2705 = AXIS2_PLACEMENT_3D ( 'NONE', #2565, #1124, #7120 ) ;
#2707 = VECTOR ( 'NONE', #3376, 39.37007874015748143 ) ;
#2708 = LINE ( 'NONE', #1120, #6946 ) ;
#2709 = VERTEX_POINT ( 'NONE', #264 ) ;
#2710 = DIRECTION ( 'NONE',  ( 0.000000000000000000, 0.000000000000000000, 1.000000000000000000 ) ) ;
#2711 = ORIENTED_EDGE ( 'NONE', *, *, #7343, .T. ) ;
#2712 = DIRECTION ( 'NONE',  ( 0.000000000000000000, 1.000000000000000000, -0.000000000000000000 ) ) ;
#2713 = AXIS2_PLACEMENT_3D ( 'NONE', #117, #3055, #4469 ) ;
#2714 = ORIENTED_EDGE ( 'NONE', *, *, #463, .T. ) ;
#2715 = DIRECTION ( 'NONE',  ( 1.000000000000000000, -0.000000000000000000, 0.000000000000000000 ) ) ;
#2716 = AXIS2_PLACEMENT_3D ( 'NONE', #7027, #4913, #9507 ) ;
#2717 = COLOUR_RGB ( '',0.7921568627450980005, 0.8196078431372548767, 0.9333333333333333481 ) ;
#2718 = DIRECTION ( 'NONE',  ( 0.000000000000000000, 1.000000000000000000, 0.000000000000000000 ) ) ;
#2719 = ORIENTED_EDGE ( 'NONE', *, *, #9446, .F. ) ;
#2720 = LINE ( 'NONE', #1133, #8925 ) ;
#2721 = AXIS2_PLACEMENT_3D ( 'NONE', #9242, #8520, #510 ) ;
#2722 = VERTEX_POINT ( 'NONE', #3987 ) ;
#2723 = ORIENTED_EDGE ( 'NONE', *, *, #1938, .F. ) ;
#2724 = CARTESIAN_POINT ( 'NONE',  ( 0.1000000000000000056, 0.04250000000000002387, -0.1449999999999999900 ) ) ;
#2725 = DIRECTION ( 'NONE',  ( 5.711474587107752758E-31, -1.000000000000000000, -1.950360048956841636E-46 ) ) ;
#2726 = DIRECTION ( 'NONE',  ( -0.000000000000000000, -0.000000000000000000, -1.000000000000000000 ) ) ;
#2727 = DIRECTION ( 'NONE',  ( 1.000000000000000000, 0.000000000000000000, -4.268512490100411895E-16 ) ) ;
#2728 = VECTOR ( 'NONE', #471, 39.37007874015748143 ) ;
#2729 = DIRECTION ( 'NONE',  ( 0.1710878697460362086, -0.9702875252478136980, -0.1710878697460355147 ) ) ;
#2730 = DIRECTION ( 'NONE',  ( 1.000000000000000000, -0.000000000000000000, 0.000000000000000000 ) ) ;
#2731 = AXIS2_PLACEMENT_3D ( 'NONE', #3087, #8104, #914 ) ;
#2732 = PRODUCT_RELATED_PRODUCT_CATEGORY ( 'part', '', ( #2972 ) ) ;
#2733 = PRESENTATION_STYLE_ASSIGNMENT (( #8664 ) ) ;
#2734 = LINE ( 'NONE', #372, #5661 ) ;
#2735 = ORIENTED_EDGE ( 'NONE', *, *, #6989, .F. ) ;
#2736 = VERTEX_POINT ( 'NONE', #4810 ) ;
#2737 = PRESENTATION_STYLE_ASSIGNMENT (( #1341 ) ) ;
#2738 = CARTESIAN_POINT ( 'NONE',  ( -0.01978650686557555105, 0.03323314028328368253, -0.03019685039370169702 ) ) ;
#2739 = ORIENTED_EDGE ( 'NONE', *, *, #3245, .F. ) ;
#2740 = VECTOR ( 'NONE', #5017, 39.37007874015748143 ) ;
#2741 = COLOUR_RGB ( '',0.000000000000000000, 0.5019607843137254832, 0.000000000000000000 ) ;
#2742 = LINE ( 'NONE', #3623, #4286 ) ;
#2743 = EDGE_CURVE ( 'NONE', #5572, #1656, #5151, .T. ) ;
#2744 = ORIENTED_EDGE ( 'NONE', *, *, #2465, .T. ) ;
#2745 = PRESENTATION_LAYER_ASSIGNMENT (  '', '', ( #1204 ) ) ;
#2746 = DIRECTION ( 'NONE',  ( -0.000000000000000000, -1.000000000000000000, -0.000000000000000000 ) ) ;
#2747 = ORIENTED_EDGE ( 'NONE', *, *, #4012, .T. ) ;
#2748 = DIRECTION ( 'NONE',  ( -1.000000000000000000, 0.000000000000000000, 1.067128122525103097E-16 ) ) ;
#2749 = AXIS2_PLACEMENT_3D ( 'NONE', #8704, #6657, #8139 ) ;
#2751 = CARTESIAN_POINT ( 'NONE',  ( -0.1499999999999999667, 0.000000000000000000, 0.2324999999999999567 ) ) ;
#2750 = DIRECTION ( 'NONE',  ( 0.000000000000000000, -0.000000000000000000, 1.000000000000000000 ) ) ;
#2752 = ORIENTED_EDGE ( 'NONE', *, *, #8483, .T. ) ;
#2753 = VECTOR ( 'NONE', #83, 39.37007874015748143 ) ;
#2754 = ORIENTED_EDGE ( 'NONE', *, *, #5756, .T. ) ;
#2755 = CARTESIAN_POINT ( 'NONE',  ( -0.05999999999999997696, 0.05000000000000000278, -0.1399999999999999856 ) ) ;
#2756 = AXIS2_PLACEMENT_3D ( 'NONE', #1029, #7648, #212 ) ;
#2757 = CARTESIAN_POINT ( 'NONE',  ( -0.1062557546874522418, 0.04423918066268085758, -0.06759842519685159423 ) ) ;
#2758 = LINE ( 'NONE', #4851, #5253 ) ;
#2759 = DIRECTION ( 'NONE',  ( -3.491481338843133355E-15, -0.000000000000000000, 1.000000000000000000 ) ) ;
#2760 = VECTOR ( 'NONE', #7389, 39.37007874015748143 ) ;
#2761 = LINE ( 'NONE', #1076, #7807 ) ;
#2762 = MANIFOLD_SOLID_BREP ( '<LT1806CS6#PBF>-<Body-Move/Copy1[6]>', #3391 ) ;
#2763 = ORIENTED_EDGE ( 'NONE', *, *, #4070, .T. ) ;
#2764 = PRESENTATION_STYLE_ASSIGNMENT (( #4902 ) ) ;
#2765 = ORIENTED_EDGE ( 'NONE', *, *, #5229, .T. ) ;
#2766 = CARTESIAN_POINT ( 'NONE',  ( 0.08250000000000003164, 0.000000000000000000, 0.1674999999999999545 ) ) ;
#2767 = AXIS2_PLACEMENT_3D ( 'NONE', #7024, #505, #1856 ) ;
#2768 = FILL_AREA_STYLE_COLOUR ( '', #200 ) ;
#2769 = FILL_AREA_STYLE_COLOUR ( '', #8747 ) ;
#2770 = ORIENTED_EDGE ( 'NONE', *, *, #1930, .F. ) ;
#2771 = DIRECTION ( 'NONE',  ( 1.000000000000000000, -0.000000000000000000, 0.000000000000000000 ) ) ;
#2772 = ADVANCED_FACE ( 'NONE', ( #939 ), #5533, .F. ) ;
#2773 = ORIENTED_EDGE ( 'NONE', *, *, #3271, .T. ) ;
#2774 = EDGE_LOOP ( 'NONE', ( #5611, #6936, #4035, #7589, #3178, #8655, #2516, #5323 ) ) ;
#2775 = CARTESIAN_POINT ( 'NONE',  ( -0.1499999999999999667, 0.000000000000000000, 0.1999999999999999556 ) ) ;
#2776 = CARTESIAN_POINT ( 'NONE',  ( -0.04999999999999996114, 0.000000000000000000, 0.1824999999999999678 ) ) ;
#2777 = CARTESIAN_POINT ( 'NONE',  ( -0.1299999999999999767, 0.05000000000000000278, -0.2000000000000000389 ) ) ;
#2778 = CARTESIAN_POINT ( 'NONE',  ( -0.04999999999999996114, 0.000000000000000000, 0.1674999999999999545 ) ) ;
#2779 = VECTOR ( 'NONE', #1986, 39.37007874015748143 ) ;
#2780 = CARTESIAN_POINT ( 'NONE',  ( -0.03103010096156209180, 0.04412906444113104398, -0.05283464566929229472 ) ) ;
#2781 = AXIS2_PLACEMENT_3D ( 'NONE', #6929, #9084, #5335 ) ;
#2782 = ADVANCED_FACE ( 'NONE', ( #6115 ), #5390, .T. ) ;
#2783 = DIRECTION ( 'NONE',  ( -1.000000000000000000, -0.000000000000000000, -0.000000000000000000 ) ) ;
#2784 = MANIFOLD_SOLID_BREP ( 'Boss-Extrude4[2]', #769 ) ;
#2785 = SURFACE_STYLE_FILL_AREA ( #2100 ) ;
#2786 = EDGE_CURVE ( 'NONE', #4668, #1993, #1996, .T. ) ;
#2787 = CARTESIAN_POINT ( 'NONE',  ( -0.04499999999999999140, 0.05999999999999999778, 0.1349999999999998979 ) ) ;
#2788 = ORIENTED_EDGE ( 'NONE', *, *, #3672, .T. ) ;
#2789 = ORIENTED_EDGE ( 'NONE', *, *, #5090, .F. ) ;
#2790 = DIRECTION ( 'NONE',  ( -1.000000000000000000, 0.000000000000000000, -4.147639751766084173E-15 ) ) ;
#2791 = PLANE ( 'NONE',  #4459 ) ;
#2792 = ORIENTED_EDGE ( 'NONE', *, *, #5643, .F. ) ;
#2793 = CARTESIAN_POINT ( 'NONE',  ( -0.1249999999999999445, 0.02500000000000000139, 0.07499999999999988620 ) ) ;
#2794 = EDGE_CURVE ( 'NONE', #3298, #5166, #2504, .T. ) ;
#2795 =( NAMED_UNIT ( * ) SI_UNIT ( $, .STERADIAN. ) SOLID_ANGLE_UNIT ( ) );
#2796 = UNCERTAINTY_MEASURE_WITH_UNIT (LENGTH_MEASURE( 1.000000000000000082E-05 ), #8334, 'distance_accuracy_value', 'NONE');
#2797 = AXIS2_PLACEMENT_3D ( 'NONE', #3164, #1860, #2579 ) ;
#2798 = FACE_OUTER_BOUND ( 'NONE', #8802, .T. ) ;
#2799 = ORIENTED_EDGE ( 'NONE', *, *, #9204, .F. ) ;
#2800 = EDGE_CURVE ( 'NONE', #1286, #787, #3556, .T. ) ;
#2801 = MANIFOLD_SOLID_BREP ( 'Chamfer1', #4053 ) ;
#2802 = CARTESIAN_POINT ( 'NONE',  ( -0.02280479680351616203, 0.04448818897638057157, -0.05283464566929226003 ) ) ;
#2804 = DIRECTION ( 'NONE',  ( -1.000000000000000000, 0.000000000000000000, -3.110729813824563327E-15 ) ) ;
#2803 = DIRECTION ( 'NONE',  ( -1.000000000000000000, 0.000000000000000000, 5.335640612625515485E-17 ) ) ;
#2805 = EDGE_CURVE ( 'NONE', #5371, #3468, #5302, .T. ) ;
#2806 = VECTOR ( 'NONE', #8867, 39.37007874015748143 ) ;
#2807 = EDGE_CURVE ( 'NONE', #8447, #8488, #2042, .T. ) ;
#2808 = ORIENTED_EDGE ( 'NONE', *, *, #6142, .F. ) ;
#2809 = ADVANCED_FACE ( 'NONE', ( #5763 ), #1321, .T. ) ;
#2810 = ORIENTED_EDGE ( 'NONE', *, *, #2522, .F. ) ;
#2812 = CARTESIAN_POINT ( 'NONE',  ( -0.09937007874015701958, 0.04665354330708929714, -0.01543307086614291966 ) ) ;
#2811 = AXIS2_PLACEMENT_3D ( 'NONE', #8950, #8047, #3760 ) ;
#2813 = DIRECTION ( 'NONE',  ( -0.000000000000000000, -1.000000000000000000, 0.000000000000000000 ) ) ;
#2814 = CARTESIAN_POINT ( 'NONE',  ( 0.1024999999999999800, 0.02500000000000000139, 0.1349999999999998701 ) ) ;
#2815 = MANIFOLD_SOLID_BREP ( 'Cut-Extrude2[4]', #2816 ) ;
#2816 = CLOSED_SHELL ( 'NONE', ( #2353, #4910, #8772, #1462, #5837, #5782 ) ) ;
#2817 = EDGE_LOOP ( 'NONE', ( #4173, #2792, #1987, #2240 ) ) ;
#2818 = ORIENTED_EDGE ( 'NONE', *, *, #5281, .F. ) ;
#2819 = PLANE ( 'NONE',  #6949 ) ;
#2820 = AXIS2_PLACEMENT_3D ( 'NONE', #4515, #3711, #6650 ) ;
#2821 = PLANE ( 'NONE',  #919 ) ;
#2822 = VERTEX_POINT ( 'NONE', #4826 ) ;
#2823 = ORIENTED_EDGE ( 'NONE', *, *, #2314, .T. ) ;
#2824 = CARTESIAN_POINT ( 'NONE',  ( -0.04999999999999996114, 0.000000000000000000, 0.2324999999999999567 ) ) ;
#2825 = CARTESIAN_POINT ( 'NONE',  ( -0.02801181102362148082, 0.03287401574803416188, -0.03019685039370173171 ) ) ;
#2826 = LINE ( 'NONE', #6690, #3662 ) ;
#2827 = CARTESIAN_POINT ( 'NONE',  ( -0.1549999999999999989, 0.02500000000000000139, -0.1925000000000000600 ) ) ;
#2828 = MECHANICAL_DESIGN_GEOMETRIC_PRESENTATION_REPRESENTATION (  '', ( #4531 ), #6226 ) ;
#2829 = DIRECTION ( 'NONE',  ( -3.491481338843132961E-15, 0.000000000000000000, 1.000000000000000000 ) ) ;
#2830 = EDGE_CURVE ( 'NONE', #8530, #4406, #4318, .T. ) ;
#2831 = CARTESIAN_POINT ( 'NONE',  ( -0.01226377952755841258, 0.02500000000000265205, -0.05283464566929224615 ) ) ;
#2832 = ADVANCED_FACE ( 'NONE', ( #227 ), #3129, .F. ) ;
#2833 = DIRECTION ( 'NONE',  ( 0.04361938736532777749, 0.9990482215818581313, 0.000000000000000000 ) ) ;
#2834 = VERTEX_POINT ( 'NONE', #3900 ) ;
#2835 = VERTEX_POINT ( 'NONE', #5449 ) ;
#2836 = SURFACE_STYLE_FILL_AREA ( #7954 ) ;
#2837 = DIRECTION ( 'NONE',  ( -0.000000000000000000, 1.000000000000000000, -0.000000000000000000 ) ) ;
#2838 = ORIENTED_EDGE ( 'NONE', *, *, #5989, .F. ) ;
#2839 = DIRECTION ( 'NONE',  ( -1.000000000000000000, 0.000000000000000000, -3.491481338843132961E-15 ) ) ;
#2840 = CARTESIAN_POINT ( 'NONE',  ( 0.01750000000000003636, 0.000000000000000000, 0.2324999999999999567 ) ) ;
#2841 = MECHANICAL_DESIGN_GEOMETRIC_PRESENTATION_REPRESENTATION (  '', ( #5925 ), #3620 ) ;
#2842 = CARTESIAN_POINT ( 'NONE',  ( 0.1900000000000000300, 0.04249999999999999611, -0.05750000000000003025 ) ) ;
#2843 = VERTEX_POINT ( 'NONE', #8997 ) ;
#2844 = LINE ( 'NONE', #3479, #448 ) ;
#2846 = CARTESIAN_POINT ( 'NONE',  ( 0.06250000000000001388, 0.05999999999999999778, 0.1099999999999999034 ) ) ;
#2845 = PLANE ( 'NONE',  #4592 ) ;
#2847 =( GEOMETRIC_REPRESENTATION_CONTEXT ( 3 ) GLOBAL_UNCERTAINTY_ASSIGNED_CONTEXT ( ( #7429 ) ) GLOBAL_UNIT_ASSIGNED_CONTEXT ( ( #6652, #5150, #7993 ) ) REPRESENTATION_CONTEXT ( 'NONE', 'WORKASPACE' ) );
#2848 = VERTEX_POINT ( 'NONE', #3223 ) ;
#2849 = ORIENTED_EDGE ( 'NONE', *, *, #9208, .F. ) ;
#2850 = DIRECTION ( 'NONE',  ( -6.950840520229924419E-15, -1.000000000000000000, -2.426872996565747488E-29 ) ) ;
#2851 = EDGE_CURVE ( 'NONE', #8434, #5371, #2437, .T. ) ;
#2852 = PRESENTATION_STYLE_ASSIGNMENT (( #6537 ) ) ;
#2853 = EDGE_LOOP ( 'NONE', ( #6710, #2409, #2628, #5637 ) ) ;
#2854 = DIRECTION ( 'NONE',  ( 1.000000000000000000, 0.000000000000000000, 0.000000000000000000 ) ) ;
#2855 = DIRECTION ( 'NONE',  ( -0.000000000000000000, -0.000000000000000000, -1.000000000000000000 ) ) ;
#2856 = LINE ( 'NONE', #8874, #3019 ) ;
#2857 = EDGE_LOOP ( 'NONE', ( #5328, #6891, #5467, #4807 ) ) ;
#2858 = EDGE_LOOP ( 'NONE', ( #9438, #7743, #6227, #1319 ) ) ;
#2859 = FACE_OUTER_BOUND ( 'NONE', #5440, .T. ) ;
#2860 = MECHANICAL_DESIGN_GEOMETRIC_PRESENTATION_REPRESENTATION (  '', ( #4721 ), #7338 ) ;
#2861 = DIRECTION ( 'NONE',  ( 0.000000000000000000, 0.000000000000000000, 1.000000000000000000 ) ) ;
#2862 = AXIS2_PLACEMENT_3D ( 'NONE', #5033, #8951, #3807 ) ;
#2863 = ORIENTED_EDGE ( 'NONE', *, *, #7790, .T. ) ;
#2864 = ORIENTED_EDGE ( 'NONE', *, *, #6995, .T. ) ;
#2865 = CARTESIAN_POINT ( 'NONE',  ( -0.05999999999999999084, 0.05000000000000000278, -0.2250000000000000333 ) ) ;
#2866 = LINE ( 'NONE', #3789, #5953 ) ;
#2867 = CARTESIAN_POINT ( 'NONE',  ( -0.1499999999999999667, 0.000000000000000000, 0.2174999999999999434 ) ) ;
#2868 = AXIS2_PLACEMENT_3D ( 'NONE', #9103, #1767, #4727 ) ;
#2869 = CARTESIAN_POINT ( 'NONE',  ( 0.1750000000000000167, 0.08250000000000003164, -0.1171611781858501872 ) ) ;
#2870 = CARTESIAN_POINT ( 'NONE',  ( -0.1499999999999999667, 0.02500000000000000139, 0.1999999999999999556 ) ) ;
#2871 = VECTOR ( 'NONE', #6317, 39.37007874015748143 ) ;
#2872 = DIRECTION ( 'NONE',  ( 0.000000000000000000, 0.000000000000000000, 1.000000000000000000 ) ) ;
#2873 = MANIFOLD_SOLID_BREP ( 'Revolve1', #3745 ) ;
#2874 = DIRECTION ( 'NONE',  ( 1.000000000000000000, 0.000000000000000000, -0.000000000000000000 ) ) ;
#2875 = VECTOR ( 'NONE', #606, 39.37007874015748143 ) ;
#2876 = CARTESIAN_POINT ( 'NONE',  ( -0.1999999999999999833, 0.02500000000000000139, -0.2500000000000000555 ) ) ;
#2877 = ORIENTED_EDGE ( 'NONE', *, *, #4642, .T. ) ;
#2878 = ADVANCED_FACE ( 'NONE', ( #5490 ), #5404, .T. ) ;
#2879 = ORIENTED_EDGE ( 'NONE', *, *, #6107, .F. ) ;
#2880 = CARTESIAN_POINT ( 'NONE',  ( 0.02250000000000001305, 0.05999999999999999778, 0.05999999999999990064 ) ) ;
#2881 = DIRECTION ( 'NONE',  ( -1.000000000000000000, 0.000000000000000000, -0.000000000000000000 ) ) ;
#2882 = ORIENTED_EDGE ( 'NONE', *, *, #4345, .T. ) ;
#2883 = PLANE ( 'NONE',  #4046 ) ;
#2884 = AXIS2_PLACEMENT_3D ( 'NONE', #6275, #1250, #563 ) ;
#2885 =( GEOMETRIC_REPRESENTATION_CONTEXT ( 3 ) GLOBAL_UNCERTAINTY_ASSIGNED_CONTEXT ( ( #5211 ) ) GLOBAL_UNIT_ASSIGNED_CONTEXT ( ( #5130, #589, #4495 ) ) REPRESENTATION_CONTEXT ( 'NONE', 'WORKASPACE' ) );
#2886 = ADVANCED_FACE ( 'NONE', ( #2488 ), #7664, .F. ) ;
#2887 = CARTESIAN_POINT ( 'NONE',  ( -0.09836348770855343759, 0.05236220472441212304, -0.05283464566929252371 ) ) ;
#2888 = AXIS2_PLACEMENT_3D ( 'NONE', #2887, #5071, #7242 ) ;
#2889 = VECTOR ( 'NONE', #3595, 39.37007874015748143 ) ;
#2890 = UNCERTAINTY_MEASURE_WITH_UNIT (LENGTH_MEASURE( 1.000000000000000082E-05 ), #2080, 'distance_accuracy_value', 'NONE');
#2891 = CARTESIAN_POINT ( 'NONE',  ( -0.01978650686557527696, 0.02500000000000260347, -0.09023622047244185540 ) ) ;
#2892 = ORIENTED_EDGE ( 'NONE', *, *, #9396, .T. ) ;
#2893 = AXIS2_PLACEMENT_3D ( 'NONE', #4928, #9345, #3671 ) ;
#2894 = CARTESIAN_POINT ( 'NONE',  ( 0.01000000000000004011, 0.04249999999999999611, -0.07625000000000001221 ) ) ;
#2895 = ADVANCED_FACE ( 'NONE', ( #4773 ), #1864, .F. ) ;
#2896 = PLANE ( 'NONE',  #6449 ) ;
#2897 =( GEOMETRIC_REPRESENTATION_CONTEXT ( 3 ) GLOBAL_UNCERTAINTY_ASSIGNED_CONTEXT ( ( #3578 ) ) GLOBAL_UNIT_ASSIGNED_CONTEXT ( ( #7144, #1964, #7186 ) ) REPRESENTATION_CONTEXT ( 'NONE', 'WORKASPACE' ) );
#2898 = ORIENTED_EDGE ( 'NONE', *, *, #380, .T. ) ;
#2899 = VERTEX_POINT ( 'NONE', #8286 ) ;
#2900 = DIRECTION ( 'NONE',  ( -1.000000000000000000, 0.000000000000000000, -3.381697939848011828E-15 ) ) ;
#2901 = CIRCLE ( 'NONE', #4919, 0.008233140283281080787 ) ;
#2902 = EDGE_CURVE ( 'NONE', #6473, #3718, #1676, .T. ) ;
#2903 = EDGE_LOOP ( 'NONE', ( #5152, #4062, #7019, #8420 ) ) ;
#2904 = LINE ( 'NONE', #56, #6339 ) ;
#2906 = DIRECTION ( 'NONE',  ( 1.000000000000000000, -9.782089697649614194E-16, -0.000000000000000000 ) ) ;
#2905 = DIRECTION ( 'NONE',  ( 0.000000000000000000, -0.000000000000000000, 1.000000000000000000 ) ) ;
#2907 = DIRECTION ( 'NONE',  ( 0.000000000000000000, 1.000000000000000000, 0.000000000000000000 ) ) ;
#2908 = ADVANCED_FACE ( 'NONE', ( #9047 ), #4675, .F. ) ;
#2909 = VERTEX_POINT ( 'NONE', #278 ) ;
#2910 = VECTOR ( 'NONE', #1070, 39.37007874015748143 ) ;
#2911 = ORIENTED_EDGE ( 'NONE', *, *, #8200, .T. ) ;
#2912 = PLANE ( 'NONE',  #9085 ) ;
#2913 = CARTESIAN_POINT ( 'NONE',  ( 0.1524999999999999689, 0.02500000000000000139, 0.1349999999999998701 ) ) ;
#2914 = VECTOR ( 'NONE', #8862, 39.37007874015748143 ) ;
#2915 = FACE_OUTER_BOUND ( 'NONE', #2197, .T. ) ;
#2916 = VERTEX_POINT ( 'NONE', #6177 ) ;
#2917 = EDGE_LOOP ( 'NONE', ( #162, #107, #5334, #3249 ) ) ;
#2918 = DIRECTION ( 'NONE',  ( 0.000000000000000000, 0.000000000000000000, 1.000000000000000000 ) ) ;
#2919 = CARTESIAN_POINT ( 'NONE',  ( -0.09937007874015701958, 0.04665354330708926245, -0.003129921259843695090 ) ) ;
#2920 = AXIS2_PLACEMENT_3D ( 'NONE', #2220, #5176, #7210 ) ;
#2921 = FACE_OUTER_BOUND ( 'NONE', #8580, .T. ) ;
#2922 = FACE_OUTER_BOUND ( 'NONE', #8359, .T. ) ;
#2923 = EDGE_CURVE ( 'NONE', #5430, #8676, #5758, .T. ) ;
#2924 = FILL_AREA_STYLE_COLOUR ( '', #7011 ) ;
#2925 = EDGE_CURVE ( 'NONE', #5430, #8860, #8922, .T. ) ;
#2926 = ORIENTED_EDGE ( 'NONE', *, *, #2925, .F. ) ;
#2927 = CIRCLE ( 'NONE', #8009, 0.01749999999999998432 ) ;
#2928 = LINE ( 'NONE', #1572, #5702 ) ;
#2929 = MANIFOLD_SOLID_BREP ( 'Boss-Extrude5[3]', #4511 ) ;
#2930 =( CONVERSION_BASED_UNIT ( 'INCH', #8894 ) LENGTH_UNIT ( ) NAMED_UNIT ( #7667 ) );
#2931 = LINE ( 'NONE', #5065, #3991 ) ;
#2932 = ORIENTED_EDGE ( 'NONE', *, *, #5370, .T. ) ;
#2933 = ORIENTED_EDGE ( 'NONE', *, *, #3529, .T. ) ;
#2934 = CARTESIAN_POINT ( 'NONE',  ( -0.1449999999999999900, 0.02500000000000000139, 0.07499999999999988620 ) ) ;
#2935 = DIRECTION ( 'NONE',  ( 3.491481338843132961E-15, 0.000000000000000000, -1.000000000000000000 ) ) ;
#2936 = ORIENTED_EDGE ( 'NONE', *, *, #2116, .F. ) ;
#2937 = VECTOR ( 'NONE', #9166, 39.37007874015748143 ) ;
#2938 = CARTESIAN_POINT ( 'NONE',  ( -0.01978650686557544697, 0.03070866141732543284, -0.06759842519685130280 ) ) ;
#2939 = EDGE_CURVE ( 'NONE', #1203, #2446, #8828, .T. ) ;
#2940 = CIRCLE ( 'NONE', #8317, 0.01749999999999998432 ) ;
#2941 = CARTESIAN_POINT ( 'NONE',  ( -0.1499999999999999667, 0.000000000000000000, 0.1824999999999999678 ) ) ;
#2942 = SURFACE_STYLE_FILL_AREA ( #5929 ) ;
#2943 = CARTESIAN_POINT ( 'NONE',  ( -0.1549999999999999989, 0.05000000000000000278, -0.2000000000000000111 ) ) ;
#2944 = VERTEX_POINT ( 'NONE', #5273 ) ;
#2945 = EDGE_CURVE ( 'NONE', #9223, #9402, #4597, .T. ) ;
#2946 = MANIFOLD_SOLID_BREP ( 'Cut-Extrude3', #9073 ) ;
#2947 = CARTESIAN_POINT ( 'NONE',  ( -0.05999999999999998390, 0.05000000000000000278, -0.1649999999999999800 ) ) ;
#2948 = DIRECTION ( 'NONE',  ( 0.000000000000000000, -1.000000000000000000, 0.000000000000000000 ) ) ;
#2949 = EDGE_LOOP ( 'NONE', ( #552, #1963 ) ) ;
#2950 = ORIENTED_EDGE ( 'NONE', *, *, #2664, .F. ) ;
#2951 = PLANE ( 'NONE',  #1265 ) ;
#2952 = ADVANCED_FACE ( 'NONE', ( #5899 ), #6678, .T. ) ;
#2953 = DIRECTION ( 'NONE',  ( 1.092096231236781871E-15, 0.000000000000000000, 1.000000000000000000 ) ) ;
#2954 = EDGE_CURVE ( 'NONE', #4613, #3414, #3776, .T. ) ;
#2955 = CARTESIAN_POINT ( 'NONE',  ( -0.04999999999999996808, 0.02500000000000000139, -0.1649999999999999800 ) ) ;
#2956 = AXIS2_PLACEMENT_3D ( 'NONE', #2459, #6862, #7633 ) ;
#2958 = FACE_OUTER_BOUND ( 'NONE', #6981, .T. ) ;
#2957 = SURFACE_STYLE_FILL_AREA ( #8253 ) ;
#2959 =( NAMED_UNIT ( * ) SI_UNIT ( $, .STERADIAN. ) SOLID_ANGLE_UNIT ( ) );
#2960 = ORIENTED_EDGE ( 'NONE', *, *, #1588, .F. ) ;
#2961 = VECTOR ( 'NONE', #6749, 39.37007874015748143 ) ;
#2962 = ORIENTED_EDGE ( 'NONE', *, *, #7235, .F. ) ;
#2963 = DIRECTION ( 'NONE',  ( 0.000000000000000000, 0.000000000000000000, 1.000000000000000000 ) ) ;
#2964 = EDGE_CURVE ( 'NONE', #3067, #1019, #1158, .T. ) ;
#2965 = LINE ( 'NONE', #3605, #1384 ) ;
#2966 = EDGE_LOOP ( 'NONE', ( #3384, #8737, #2656, #7643 ) ) ;
#2967 = ORIENTED_EDGE ( 'NONE', *, *, #8310, .F. ) ;
#2968 = DIRECTION ( 'NONE',  ( 0.000000000000000000, -0.000000000000000000, 1.000000000000000000 ) ) ;
#2969 = DIRECTION ( 'NONE',  ( 0.000000000000000000, 1.000000000000000000, 0.000000000000000000 ) ) ;
#2970 = CARTESIAN_POINT ( 'NONE',  ( 0.02874999999999996655, 0.04250000000000002387, -0.2324999999999999845 ) ) ;
#2971 = CARTESIAN_POINT ( 'NONE',  ( -0.07499999999999996947, 0.02500000000000000139, 0.01999999999999989286 ) ) ;
#2972 = PRODUCT ( 'STEP-DOWN VOLTAGE REGULATOR D24V6F3', 'STEP-DOWN VOLTAGE REGULATOR D24V6F3', '', ( #7447 ) ) ;
#2973 = ORIENTED_EDGE ( 'NONE', *, *, #3496, .F. ) ;
#2974 = FACE_OUTER_BOUND ( 'NONE', #5729, .T. ) ;
#2975 = FACE_OUTER_BOUND ( 'NONE', #5454, .T. ) ;
#2976 = ADVANCED_FACE ( 'NONE', ( #8395 ), #7059, .F. ) ;
#2977 = EDGE_CURVE ( 'NONE', #7845, #2617, #2452, .T. ) ;
#2978 = VERTEX_POINT ( 'NONE', #3238 ) ;
#2979 = EDGE_LOOP ( 'NONE', ( #3697, #5760, #2723, #1266, #4203, #2223 ) ) ;
#2980 = CARTESIAN_POINT ( 'NONE',  ( -0.1224999999999992345, 0.02500000000000265205, -0.09023622047244218847 ) ) ;
#2981 = DIRECTION ( 'NONE',  ( -1.000000000000000000, 0.000000000000000000, -3.491481338843132961E-15 ) ) ;
#2982 = VERTEX_POINT ( 'NONE', #6344 ) ;
#2983 = PLANE ( 'NONE',  #646 ) ;
#2984 = LINE ( 'NONE', #6706, #7056 ) ;
#2985 = EDGE_CURVE ( 'NONE', #6297, #5871, #387, .T. ) ;
#2986 = UNCERTAINTY_MEASURE_WITH_UNIT (LENGTH_MEASURE( 1.000000000000000082E-05 ), #6799, 'distance_accuracy_value', 'NONE');
#2987 = CARTESIAN_POINT ( 'NONE',  ( -0.1149772726619824464, 0.03323314028328368253, -0.03019685039370203009 ) ) ;
#2988 = ORIENTED_EDGE ( 'NONE', *, *, #8830, .F. ) ;
#2989 = CARTESIAN_POINT ( 'NONE',  ( -0.01749999999999998779, 0.02500000000000000139, -0.2250000000000000333 ) ) ;
#2990 = CARTESIAN_POINT ( 'NONE',  ( -0.08559055118110156513, 0.06437007874016013875, -0.09860236220472552715 ) ) ;
#2991 =( GEOMETRIC_REPRESENTATION_CONTEXT ( 3 ) GLOBAL_UNCERTAINTY_ASSIGNED_CONTEXT ( ( #2986 ) ) GLOBAL_UNIT_ASSIGNED_CONTEXT ( ( #6799, #6175, #1863 ) ) REPRESENTATION_CONTEXT ( 'NONE', 'WORKASPACE' ) );
#2992 = VERTEX_POINT ( 'NONE', #338 ) ;
#2993 = DIRECTION ( 'NONE',  ( 0.000000000000000000, 0.000000000000000000, -1.000000000000000000 ) ) ;
#2994 = DIRECTION ( 'NONE',  ( -0.000000000000000000, 1.000000000000000000, -0.000000000000000000 ) ) ;
#2995 = VECTOR ( 'NONE', #4806, 39.37007874015748143 ) ;
#2996 = EDGE_CURVE ( 'NONE', #5378, #964, #5464, .T. ) ;
#2997 = CARTESIAN_POINT ( 'NONE',  ( -0.08499999999999997835, 0.05000000000000000278, 0.04499999999999989425 ) ) ;
#2998 = DIRECTION ( 'NONE',  ( 0.000000000000000000, 0.000000000000000000, -1.000000000000000000 ) ) ;
#2999 = ADVANCED_FACE ( 'NONE', ( #5563 ), #7006, .T. ) ;
#3000 = DIRECTION ( 'NONE',  ( 1.000000000000000000, -0.000000000000000000, 0.000000000000000000 ) ) ;
#3001 = VERTEX_POINT ( 'NONE', #2653 ) ;
#3002 = ORIENTED_EDGE ( 'NONE', *, *, #7672, .F. ) ;
#3003 = CARTESIAN_POINT ( 'NONE',  ( -0.1499999999999999667, 0.000000000000000000, 0.1999999999999999556 ) ) ;
#3004 = CARTESIAN_POINT ( 'NONE',  ( -0.03539370078740081138, 0.04665354330708926245, -0.1173031496063001861 ) ) ;
#3005 = ORIENTED_EDGE ( 'NONE', *, *, #3955, .F. ) ;
#3006 = ORIENTED_EDGE ( 'NONE', *, *, #2140, .T. ) ;
#3007 = CARTESIAN_POINT ( 'NONE',  ( -0.1037336785659956906, 0.04665354330708928327, -0.06759842519685159423 ) ) ;
#3008 = CARTESIAN_POINT ( 'NONE',  ( 0.000000000000000000, 0.02500000000000000139, 0.000000000000000000 ) ) ;
#3009 = DIRECTION ( 'NONE',  ( 0.000000000000000000, 1.000000000000000000, 0.000000000000000000 ) ) ;
#3010 = LINE ( 'NONE', #8843, #5754 ) ;
#3011 = LENGTH_MEASURE_WITH_UNIT ( LENGTH_MEASURE( 0.02539999999999999897 ), #1520 );
#3012 = EDGE_LOOP ( 'NONE', ( #663, #4563, #3054, #7107 ) ) ;
#3013 = CARTESIAN_POINT ( 'NONE',  ( 0.1525000000000000244, 0.05999999999999999778, 0.07499999999999988620 ) ) ;
#3014 = VECTOR ( 'NONE', #1159, 39.37007874015748143 ) ;
#3015 = DIRECTION ( 'NONE',  ( -1.000000000000000000, 0.000000000000000000, 0.000000000000000000 ) ) ;
#3016 = EDGE_LOOP ( 'NONE', ( #8732, #2612, #8758, #7979, #4370, #8875, #1267, #9303 ) ) ;
#3017 = ORIENTED_EDGE ( 'NONE', *, *, #7948, .T. ) ;
#3018 = LINE ( 'NONE', #3666, #4474 ) ;
#3019 = VECTOR ( 'NONE', #1456, 39.37007874015748143 ) ;
#3020 = FACE_OUTER_BOUND ( 'NONE', #5957, .T. ) ;
#3021 = EDGE_LOOP ( 'NONE', ( #6854, #229, #4761, #6961 ) ) ;
#3022 = DIRECTION ( 'NONE',  ( -1.000000000000000000, 0.000000000000000000, -0.000000000000000000 ) ) ;
#3023 = VECTOR ( 'NONE', #9295, 39.37007874015748143 ) ;
#3024 = CARTESIAN_POINT ( 'NONE',  ( -0.03640029181900442112, 0.05236220472441212304, -0.05283464566929229472 ) ) ;
#3025 = DIRECTION ( 'NONE',  ( -0.000000000000000000, 0.000000000000000000, -1.000000000000000000 ) ) ;
#3026 =( NAMED_UNIT ( * ) PLANE_ANGLE_UNIT ( ) SI_UNIT ( $, .RADIAN. ) );
#3027 = EDGE_CURVE ( 'NONE', #2843, #1257, #7683, .T. ) ;
#3028 = AXIS2_PLACEMENT_3D ( 'NONE', #5057, #1515, #2918 ) ;
#3029 = DIRECTION ( 'NONE',  ( -6.950840520229924419E-15, 1.000000000000000000, -2.426872996565747488E-29 ) ) ;
#3030 = DIMENSIONAL_EXPONENTS ( 1.000000000000000000, 0.000000000000000000, 0.000000000000000000, 0.000000000000000000, 0.000000000000000000, 0.000000000000000000, 0.000000000000000000 ) ;
#3031 = ORIENTED_EDGE ( 'NONE', *, *, #6411, .F. ) ;
#3032 = AXIS2_PLACEMENT_3D ( 'NONE', #4089, #4358, #687 ) ;
#3033 = AXIS2_PLACEMENT_3D ( 'NONE', #8199, #3180, #8966 ) ;
#3034 = EDGE_CURVE ( 'NONE', #2518, #4385, #9212, .T. ) ;
#3035 = AXIS2_PLACEMENT_3D ( 'NONE', #7945, #4139, #1329 ) ;
#3036 = DIRECTION ( 'NONE',  ( 0.000000000000000000, -0.000000000000000000, -1.000000000000000000 ) ) ;
#3037 = AXIS2_PLACEMENT_3D ( 'NONE', #3748, #2094, #72 ) ;
#3038 = LINE ( 'NONE', #1769, #9031 ) ;
#3039 = ORIENTED_EDGE ( 'NONE', *, *, #4202, .T. ) ;
#3040 = CARTESIAN_POINT ( 'NONE',  ( -0.1449999999999999900, 0.2541640786499874127, 0.1349999999999998979 ) ) ;
#3041 = VECTOR ( 'NONE', #331, 39.37007874015748143 ) ;
#3042 = DIRECTION ( 'NONE',  ( 0.1710878697460350706, 0.9702875252478139201, 0.1710878697460364584 ) ) ;
#3043 = PLANE ( 'NONE',  #3088 ) ;
#3045 = CARTESIAN_POINT ( 'NONE',  ( -0.09836348770855322943, 0.05236220472441210916, -0.1050000000000011896 ) ) ;
#3044 =( LENGTH_UNIT ( ) NAMED_UNIT ( * ) SI_UNIT ( $, .METRE. ) );
#3046 = AXIS2_PLACEMENT_3D ( 'NONE', #6019, #8942, #2333 ) ;
#3047 = ORIENTED_EDGE ( 'NONE', *, *, #7915, .T. ) ;
#3048 = ORIENTED_EDGE ( 'NONE', *, *, #1067, .F. ) ;
#3049 = LINE ( 'NONE', #641, #2455 ) ;
#3050 = VECTOR ( 'NONE', #4924, 39.37007874015748143 ) ;
#3051 =( CONVERSION_BASED_UNIT ( 'INCH', #111 ) LENGTH_UNIT ( ) NAMED_UNIT ( #7061 ) );
#3052 = DIRECTION ( 'NONE',  ( 1.000000000000000000, -6.950840520229924419E-15, 0.000000000000000000 ) ) ;
#3053 = EDGE_LOOP ( 'NONE', ( #1160, #8301, #4750, #6374 ) ) ;
#3054 = ORIENTED_EDGE ( 'NONE', *, *, #226, .T. ) ;
#3055 = DIRECTION ( 'NONE',  ( 0.000000000000000000, 1.000000000000000000, 0.000000000000000000 ) ) ;
#3056 = VECTOR ( 'NONE', #8320, 39.37007874015748143 ) ;
#3057 = CYLINDRICAL_SURFACE ( 'NONE', #879, 0.008233140283281080787 ) ;
#3058 = DIRECTION ( 'NONE',  ( -1.000000000000000000, -0.000000000000000000, 3.414809992080327544E-16 ) ) ;
#3059 = DIRECTION ( 'NONE',  ( 3.006875982979155331E-44, -1.024619509027000853E-29, -1.000000000000000000 ) ) ;
#3060 = ORIENTED_EDGE ( 'NONE', *, *, #9317, .T. ) ;
#3061 = CARTESIAN_POINT ( 'NONE',  ( 0.1000000000000000056, 0.06950960878969847379, -0.006423129682413841225 ) ) ;
#3062 = VECTOR ( 'NONE', #7921, 39.37007874015748143 ) ;
#3063 = CARTESIAN_POINT ( 'NONE',  ( 0.000000000000000000, 0.000000000000000000, 0.000000000000000000 ) ) ;
#3064 =( GEOMETRIC_REPRESENTATION_CONTEXT ( 3 ) GLOBAL_UNCERTAINTY_ASSIGNED_CONTEXT ( ( #8768 ) ) GLOBAL_UNIT_ASSIGNED_CONTEXT ( ( #3051, #8259, #4604 ) ) REPRESENTATION_CONTEXT ( 'NONE', 'WORKASPACE' ) );
#3065 = ADVANCED_FACE ( 'NONE', ( #6190 ), #2600, .F. ) ;
#3066 = LINE ( 'NONE', #4708, #7385 ) ;
#3067 = VERTEX_POINT ( 'NONE', #1881 ) ;
#3068 = ORIENTED_EDGE ( 'NONE', *, *, #5636, .T. ) ;
#3069 = DIRECTION ( 'NONE',  ( 1.000000000000000000, 0.000000000000000000, 0.000000000000000000 ) ) ;
#3070 = FACE_OUTER_BOUND ( 'NONE', #41, .T. ) ;
#3071 = ORIENTED_EDGE ( 'NONE', *, *, #2996, .T. ) ;
#3072 = DIRECTION ( 'NONE',  ( 1.000000000000000000, 0.000000000000000000, -0.000000000000000000 ) ) ;
#3073 = FACE_OUTER_BOUND ( 'NONE', #1435, .T. ) ;
#3074 = CARTESIAN_POINT ( 'NONE',  ( 0.01750000000000003636, 0.000000000000000000, 0.2324999999999999567 ) ) ;
#3075 = EDGE_CURVE ( 'NONE', #5252, #3469, #1926, .T. ) ;
#3076 = VECTOR ( 'NONE', #27, 39.37007874015748143 ) ;
#3077 =( LENGTH_UNIT ( ) NAMED_UNIT ( * ) SI_UNIT ( $, .METRE. ) );
#3078 = EDGE_CURVE ( 'NONE', #685, #5779, #3527, .T. ) ;
#3079 = EDGE_CURVE ( 'NONE', #7124, #9452, #9159, .T. ) ;
#3080 = ADVANCED_FACE ( 'NONE', ( #3286 ), #1209, .T. ) ;
#3081 = CARTESIAN_POINT ( 'NONE',  ( 0.02500000000000007425, 0.04249999999999999611, -0.08246320343559628008 ) ) ;
#3082 = AXIS2_PLACEMENT_3D ( 'NONE', #3094, #4595, #2362 ) ;
#3083 = ORIENTED_EDGE ( 'NONE', *, *, #930, .F. ) ;
#3084 = FACE_BOUND ( 'NONE', #698, .T. ) ;
#3085 = EDGE_CURVE ( 'NONE', #2701, #9282, #8445, .T. ) ;
#3086 = LINE ( 'NONE', #6670, #296 ) ;
#3087 = CARTESIAN_POINT ( 'NONE',  ( -0.1499999999999999667, 0.000000000000000000, 0.1999999999999999556 ) ) ;
#3088 = AXIS2_PLACEMENT_3D ( 'NONE', #8921, #2315, #5271 ) ;
#3089 = ORIENTED_EDGE ( 'NONE', *, *, #705, .F. ) ;
#3090 = VECTOR ( 'NONE', #6975, 39.37007874015748143 ) ;
#3091 = DIRECTION ( 'NONE',  ( 0.000000000000000000, -0.000000000000000000, 1.000000000000000000 ) ) ;
#3092 = CYLINDRICAL_SURFACE ( 'NONE', #8569, 0.03249999999999999417 ) ;
#3093 = EDGE_CURVE ( 'NONE', #9148, #1870, #7629, .T. ) ;
#3094 = CARTESIAN_POINT ( 'NONE',  ( -0.08559055118110156513, 0.06240157480315226129, -0.1035236220472452173 ) ) ;
#3096 = CARTESIAN_POINT ( 'NONE',  ( -0.1062557546874524500, 0.04423918066268085758, -0.01543307086614294395 ) ) ;
#3095 =( NAMED_UNIT ( * ) PLANE_ANGLE_UNIT ( ) SI_UNIT ( $, .RADIAN. ) );
#3097 = EDGE_CURVE ( 'NONE', #333, #4256, #3964, .T. ) ;
#3098 = EDGE_CURVE ( 'NONE', #8682, #9406, #9112, .T. ) ;
#3099 = VERTEX_POINT ( 'NONE', #4253 ) ;
#3100 = VERTEX_POINT ( 'NONE', #1262 ) ;
#3101 = LINE ( 'NONE', #5324, #6045 ) ;
#3102 = VECTOR ( 'NONE', #7611, 39.37007874015748143 ) ;
#3103 = PRESENTATION_STYLE_ASSIGNMENT (( #1561 ) ) ;
#3104 = PLANE ( 'NONE',  #4949 ) ;
#3105 = EDGE_CURVE ( 'NONE', #5128, #2848, #5790, .T. ) ;
#3106 = EDGE_LOOP ( 'NONE', ( #8361, #3002, #5213, #374 ) ) ;
#3107 = ORIENTED_EDGE ( 'NONE', *, *, #1374, .T. ) ;
#3108 = DIRECTION ( 'NONE',  ( 3.491481338843132961E-15, 0.000000000000000000, -1.000000000000000000 ) ) ;
#3109 = CIRCLE ( 'NONE', #8059, 0.07857687031758617269 ) ;
#3110 = CARTESIAN_POINT ( 'NONE',  ( -0.04999999999999996808, 0.05000000000000000278, 0.000000000000000000 ) ) ;
#3111 =( CONVERSION_BASED_UNIT ( 'INCH', #120 ) LENGTH_UNIT ( ) NAMED_UNIT ( #1128 ) );
#3112 = DIRECTION ( 'NONE',  ( -3.414809992080328037E-16, -0.000000000000000000, -1.000000000000000000 ) ) ;
#3113 = PLANE ( 'NONE',  #4546 ) ;
#3114 = ORIENTED_EDGE ( 'NONE', *, *, #8524, .F. ) ;
#3115 = DIRECTION ( 'NONE',  ( 1.000000000000000000, 0.000000000000000000, 0.000000000000000000 ) ) ;
#3116 = SURFACE_STYLE_USAGE ( .BOTH. , #172 ) ;
#3117 = LINE ( 'NONE', #3988, #1208 ) ;
#3118 = VERTEX_POINT ( 'NONE', #7155 ) ;
#3119 = DIRECTION ( 'NONE',  ( -1.000000000000000000, 0.000000000000000000, 0.000000000000000000 ) ) ;
#3120 = ORIENTED_EDGE ( 'NONE', *, *, #1916, .T. ) ;
#3121 = ORIENTED_EDGE ( 'NONE', *, *, #4360, .T. ) ;
#3122 = CARTESIAN_POINT ( 'NONE',  ( 0.1024999999999999800, 0.02500000000000000139, 0.09499999999999990397 ) ) ;
#3123 = LINE ( 'NONE', #2430, #1100 ) ;
#3124 = DIRECTION ( 'NONE',  ( -3.902639990948947455E-16, 0.000000000000000000, -1.000000000000000000 ) ) ;
#3125 = CARTESIAN_POINT ( 'NONE',  ( 0.1376583152660612042, 0.03046964594113651947, -0.03265831526606128438 ) ) ;
#3126 = CARTESIAN_POINT ( 'NONE',  ( -0.03103010096156195649, 0.04412906444113104398, -0.09023622047244189703 ) ) ;
#3127 = EDGE_CURVE ( 'NONE', #594, #937, #3438, .T. ) ;
#3128 = ADVANCED_FACE ( 'NONE', ( #8721 ), #8633, .T. ) ;
#3129 = PLANE ( 'NONE',  #8057 ) ;
#3130 = CARTESIAN_POINT ( 'NONE',  ( -0.1549999999999999989, 0.02500000000000000139, -0.1925000000000000600 ) ) ;
#3131 = VERTEX_POINT ( 'NONE', #1979 ) ;
#3132 = AXIS2_PLACEMENT_3D ( 'NONE', #9381, #8614, #7992 ) ;
#3133 = CARTESIAN_POINT ( 'NONE',  ( 0.1524999999999999689, 0.02500000000000000139, 0.1349999999999998701 ) ) ;
#3134 = CARTESIAN_POINT ( 'NONE',  ( -0.08499999999999996447, 0.05000000000000000278, 0.01999999999999989286 ) ) ;
#3135 = ORIENTED_EDGE ( 'NONE', *, *, #3840, .F. ) ;
#3136 = CARTESIAN_POINT ( 'NONE',  ( -0.09624617553862900576, 0.06437007874016012487, -0.006253824461371620437 ) ) ;
#3137 = CARTESIAN_POINT ( 'NONE',  ( -0.009999999999999988065, 0.05000000000000000278, -0.2000000000000000111 ) ) ;
#3138 = DIRECTION ( 'NONE',  ( 0.000000000000000000, -0.000000000000000000, 1.000000000000000000 ) ) ;
#3139 = DIRECTION ( 'NONE',  ( -1.000000000000000000, 0.000000000000000000, -3.110729813824563327E-15 ) ) ;
#3140 = AXIS2_PLACEMENT_3D ( 'NONE', #767, #8954, #7330 ) ;
#3141 = ORIENTED_EDGE ( 'NONE', *, *, #5664, .F. ) ;
#3142 = VERTEX_POINT ( 'NONE', #5709 ) ;
#3143 = EDGE_CURVE ( 'NONE', #9532, #2722, #8774, .T. ) ;
#3144 = DIRECTION ( 'NONE',  ( -0.000000000000000000, 0.000000000000000000, 1.000000000000000000 ) ) ;
#3145 =( GEOMETRIC_REPRESENTATION_CONTEXT ( 3 ) GLOBAL_UNCERTAINTY_ASSIGNED_CONTEXT ( ( #1540 ) ) GLOBAL_UNIT_ASSIGNED_CONTEXT ( ( #3514, #4142, #9382 ) ) REPRESENTATION_CONTEXT ( 'NONE', 'WORKASPACE' ) );
#3146 = DIRECTION ( 'NONE',  ( -1.000000000000000000, 0.000000000000000000, -4.147639751766084173E-15 ) ) ;
#3147 = EDGE_LOOP ( 'NONE', ( #4103, #988, #1206, #2754 ) ) ;
#3148 = VERTEX_POINT ( 'NONE', #4210 ) ;
#3149 = CARTESIAN_POINT ( 'NONE',  ( -0.02850802484010551627, 0.04423918066268085758, -0.05283464566929228085 ) ) ;
#3150 = EDGE_CURVE ( 'NONE', #309, #7004, #5077, .T. ) ;
#3151 = DIRECTION ( 'NONE',  ( -4.878299988686180374E-16, 0.000000000000000000, -1.000000000000000000 ) ) ;
#3152 = DIRECTION ( 'NONE',  ( 0.000000000000000000, 0.000000000000000000, 1.000000000000000000 ) ) ;
#3153 = PRESENTATION_LAYER_ASSIGNMENT (  '', '', ( #4401 ) ) ;
#3154 = CARTESIAN_POINT ( 'NONE',  ( -0.03103010096156192180, 0.03070866141732543284, -0.1050000000000009398 ) ) ;
#3155 = ORIENTED_EDGE ( 'NONE', *, *, #2807, .F. ) ;
#3156 = CARTESIAN_POINT ( 'NONE',  ( -0.1300000000000000044, 0.02500000000000000139, -0.1925000000000000600 ) ) ;
#3157 = DIRECTION ( 'NONE',  ( 0.000000000000000000, 0.000000000000000000, -1.000000000000000000 ) ) ;
#3158 = CARTESIAN_POINT ( 'NONE',  ( 0.06250000000000001388, 0.2541640786499874127, 0.1249999999999999029 ) ) ;
#3159 = ORIENTED_EDGE ( 'NONE', *, *, #30, .T. ) ;
#3160 = DIRECTION ( 'NONE',  ( -3.491481338843133355E-15, -0.000000000000000000, 1.000000000000000000 ) ) ;
#3161 = VERTEX_POINT ( 'NONE', #531 ) ;
#3162 = EDGE_LOOP ( 'NONE', ( #1587, #3852, #1528, #9163 ) ) ;
#3163 = FACE_OUTER_BOUND ( 'NONE', #3106, .T. ) ;
#3164 = CARTESIAN_POINT ( 'NONE',  ( 0.000000000000000000, 0.05999999999999999778, 0.000000000000000000 ) ) ;
#3165 = CARTESIAN_POINT ( 'NONE',  ( -0.1149772726619822383, 0.03323314028328368253, -0.09023622047244218847 ) ) ;
#3166 = LINE ( 'NONE', #3218, #4056 ) ;
#3167 =( LENGTH_UNIT ( ) NAMED_UNIT ( * ) SI_UNIT ( $, .METRE. ) );
#3168 = LENGTH_MEASURE_WITH_UNIT ( LENGTH_MEASURE( 0.02539999999999999897 ), #8378 );
#3169 = ADVANCED_FACE ( 'NONE', ( #4301 ), #5651, .F. ) ;
#3170 = VECTOR ( 'NONE', #379, 39.37007874015748143 ) ;
#3171 = CARTESIAN_POINT ( 'NONE',  ( 0.1674999999999999822, 0.2541640786499874127, 0.09499999999999990397 ) ) ;
#3172 = ORIENTED_EDGE ( 'NONE', *, *, #3646, .F. ) ;
#3173 = EDGE_CURVE ( 'NONE', #396, #594, #8586, .T. ) ;
#3174 = CARTESIAN_POINT ( 'NONE',  ( -0.1149772726619825158, 0.03070866141732543284, -0.01543307086614296997 ) ) ;
#3175 = CARTESIAN_POINT ( 'NONE',  ( -0.1224999999999992345, 0.04412906444113104398, -0.09023622047244221622 ) ) ;
#3176 = CARTESIAN_POINT ( 'NONE',  ( 0.02250000000000000611, 0.02500000000000000139, 0.04499999999999989425 ) ) ;
#3177 = VECTOR ( 'NONE', #2263, 39.37007874015748143 ) ;
#3178 = ORIENTED_EDGE ( 'NONE', *, *, #8683, .F. ) ;
#3179 = VECTOR ( 'NONE', #3533, 39.37007874015748143 ) ;
#3180 = DIRECTION ( 'NONE',  ( 0.000000000000000000, 1.000000000000000000, 0.000000000000000000 ) ) ;
#3181 = PLANE ( 'NONE',  #8121 ) ;
#3182 = ADVANCED_FACE ( 'NONE', ( #2070 ), #9404, .F. ) ;
#3183 = VECTOR ( 'NONE', #8700, 39.37007874015748854 ) ;
#3184 = DIRECTION ( 'NONE',  ( 0.000000000000000000, 0.000000000000000000, 1.000000000000000000 ) ) ;
#3186 = DIRECTION ( 'NONE',  ( 0.04361938736532856853, 0.9990482215818581313, -0.000000000000000000 ) ) ;
#3185 = DIRECTION ( 'NONE',  ( 2.788517102286658506E-43, -3.120265281298818799E-29, -1.000000000000000000 ) ) ;
#3187 = VECTOR ( 'NONE', #3224, 39.37007874015748143 ) ;
#3188 = ORIENTED_EDGE ( 'NONE', *, *, #6514, .F. ) ;
#3189 = EDGE_CURVE ( 'NONE', #7813, #1358, #3585, .T. ) ;
#3190 = VECTOR ( 'NONE', #6380, 39.37007874015748143 ) ;
#3191 = ORIENTED_EDGE ( 'NONE', *, *, #5196, .T. ) ;
#3192 = DIRECTION ( 'NONE',  ( -0.000000000000000000, 0.000000000000000000, 1.000000000000000000 ) ) ;
#3193 = EDGE_CURVE ( 'NONE', #9467, #2848, #1404, .T. ) ;
#3194 = CARTESIAN_POINT ( 'NONE',  ( 0.08250000000000003164, 0.000000000000000000, 0.2324999999999999567 ) ) ;
#3195 = VECTOR ( 'NONE', #3421, 39.37007874015748143 ) ;
#3196 = PLANE ( 'NONE',  #3240 ) ;
#3197 = STYLED_ITEM ( 'NONE', ( #4457 ), #2946 ) ;
#3198 = VERTEX_POINT ( 'NONE', #674 ) ;
#3199 = VERTEX_POINT ( 'NONE', #7881 ) ;
#3200 = SURFACE_STYLE_USAGE ( .BOTH. , #6922 ) ;
#3201 = DIRECTION ( 'NONE',  ( 0.000000000000000000, 0.000000000000000000, -1.000000000000000000 ) ) ;
#3202 = ORIENTED_EDGE ( 'NONE', *, *, #5994, .T. ) ;
#3203 = CARTESIAN_POINT ( 'NONE',  ( 0.06250000000000001388, 0.06000000000000001166, 0.1249999999999999029 ) ) ;
#3204 = AXIS2_PLACEMENT_3D ( 'NONE', #6746, #7376, #3802 ) ;
#3205 = ORIENTED_EDGE ( 'NONE', *, *, #859, .T. ) ;
#3206 = CARTESIAN_POINT ( 'NONE',  ( 0.06250000000000001388, 0.02500000000000000139, 0.04499999999999989425 ) ) ;
#3207 = CARTESIAN_POINT ( 'NONE',  ( -0.05999999999999999084, 0.05000000000000000278, -0.2250000000000000333 ) ) ;
#3208 = LINE ( 'NONE', #6166, #6765 ) ;
#3209 = VERTEX_POINT ( 'NONE', #9448 ) ;
#3210 = CYLINDRICAL_SURFACE ( 'NONE', #1542, 0.008233140283281080787 ) ;
#3211 = AXIS2_PLACEMENT_3D ( 'NONE', #5875, #9433, #2833 ) ;
#3212 = ORIENTED_EDGE ( 'NONE', *, *, #8780, .F. ) ;
#3213 = ORIENTED_EDGE ( 'NONE', *, *, #7801, .F. ) ;
#3214 = EDGE_CURVE ( 'NONE', #7327, #2709, #3629, .T. ) ;
#3215 = CARTESIAN_POINT ( 'NONE',  ( -0.08499999999999996447, 0.05000000000000000278, 0.01999999999999989286 ) ) ;
#3216 = DIRECTION ( 'NONE',  ( -3.491481338843132961E-15, 0.000000000000000000, 1.000000000000000000 ) ) ;
#3217 = LINE ( 'NONE', #1812, #9182 ) ;
#3218 = CARTESIAN_POINT ( 'NONE',  ( -0.03103010096156222711, 0.04665354330708929020, -0.01543307086614269762 ) ) ;
#3219 = ADVANCED_FACE ( 'NONE', ( #6573 ), #2845, .F. ) ;
#3220 = CARTESIAN_POINT ( 'NONE',  ( -0.1037336785659958294, 0.02500000000000265205, -0.03019685039370197804 ) ) ;
#3221 = VECTOR ( 'NONE', #4242, 39.37007874015748143 ) ;
#3222 = ADVANCED_FACE ( 'NONE', ( #1307 ), #2896, .T. ) ;
#3223 = CARTESIAN_POINT ( 'NONE',  ( -0.04499999999999998446, 0.05000000000000000278, 0.04499999999999989425 ) ) ;
#3224 = DIRECTION ( 'NONE',  ( 1.092096231236781871E-15, 0.000000000000000000, 1.000000000000000000 ) ) ;
#3225 = ORIENTED_EDGE ( 'NONE', *, *, #1539, .T. ) ;
#3226 = CYLINDRICAL_SURFACE ( 'NONE', #590, 0.03249999999999999417 ) ;
#3227 = VERTEX_POINT ( 'NONE', #7922 ) ;
#3228 = VECTOR ( 'NONE', #2092, 39.37007874015748143 ) ;
#3229 = CARTESIAN_POINT ( 'NONE',  ( -0.02280479680351606142, 0.04448818897638057157, -0.09023622047244185540 ) ) ;
#3230 = CARTESIAN_POINT ( 'NONE',  ( 0.1524999999999999689, 0.02500000000000000139, 0.09499999999999990397 ) ) ;
#3231 = CARTESIAN_POINT ( 'NONE',  ( -0.009999999999999995004, 0.02500000000000000139, -0.2250000000000000333 ) ) ;
#3232 = ORIENTED_EDGE ( 'NONE', *, *, #5636, .F. ) ;
#3233 = VECTOR ( 'NONE', #5338, 39.37007874015748143 ) ;
#3234 = FACE_BOUND ( 'NONE', #7828, .T. ) ;
#3235 = EDGE_CURVE ( 'NONE', #2518, #9215, #5127, .T. ) ;
#3236 = CARTESIAN_POINT ( 'NONE',  ( 0.06000000000000004635, 0.04375000000000035111, -0.03500000000000010048 ) ) ;
#3237 = LINE ( 'NONE', #1596, #6793 ) ;
#3239 = PLANE ( 'NONE',  #4900 ) ;
#3238 = CARTESIAN_POINT ( 'NONE',  ( -0.1499999999999999667, 0.000000000000000000, 0.2324999999999999567 ) ) ;
#3240 = AXIS2_PLACEMENT_3D ( 'NONE', #8213, #7495, #3052 ) ;
#3241 = AXIS2_PLACEMENT_3D ( 'NONE', #9028, #4614, #1851 ) ;
#3242 = ORIENTED_EDGE ( 'NONE', *, *, #3627, .F. ) ;
#3243 = EDGE_CURVE ( 'NONE', #9258, #839, #485, .T. ) ;
#3244 = VERTEX_POINT ( 'NONE', #8964 ) ;
#3245 = EDGE_CURVE ( 'NONE', #9078, #9351, #8914, .T. ) ;
#3246 = FACE_OUTER_BOUND ( 'NONE', #8778, .T. ) ;
#3247 = DIRECTION ( 'NONE',  ( -1.000000000000000000, 0.000000000000000000, 0.000000000000000000 ) ) ;
#3248 = FACE_OUTER_BOUND ( 'NONE', #8107, .T. ) ;
#3249 = ORIENTED_EDGE ( 'NONE', *, *, #6969, .F. ) ;
#3250 = VERTEX_POINT ( 'NONE', #8196 ) ;
#3251 = FACE_OUTER_BOUND ( 'NONE', #5022, .T. ) ;
#3252 = ORIENTED_EDGE ( 'NONE', *, *, #5667, .F. ) ;
#3253 = FACE_OUTER_BOUND ( 'NONE', #5949, .T. ) ;
#3254 = ORIENTED_EDGE ( 'NONE', *, *, #3796, .F. ) ;
#3255 = CARTESIAN_POINT ( 'NONE',  ( -0.03103010096156205710, 0.05236220472441212304, -0.06759842519685134443 ) ) ;
#3256 = VECTOR ( 'NONE', #3314, 39.37007874015748143 ) ;
#3257 = EDGE_CURVE ( 'NONE', #3472, #7721, #7337, .T. ) ;
#3258 = LENGTH_MEASURE_WITH_UNIT ( LENGTH_MEASURE( 0.02539999999999999897 ), #1751 );
#3259 = CARTESIAN_POINT ( 'NONE',  ( -1.691070952037113193E-18, 0.02500000000000000139, -0.03169386911171638566 ) ) ;
#3260 = EDGE_LOOP ( 'NONE', ( #1781, #5171, #4765, #8928 ) ) ;
#3261 = LINE ( 'NONE', #2339, #2146 ) ;
#3262 = ORIENTED_EDGE ( 'NONE', *, *, #6969, .T. ) ;
#3263 = EDGE_LOOP ( 'NONE', ( #1577, #4783, #7854, #1529, #3412, #4607, #6149, #2752, #9175, #4751, #932, #9221 ) ) ;
#3264 = DIRECTION ( 'NONE',  ( -0.000000000000000000, 1.000000000000000000, -0.000000000000000000 ) ) ;
#3265 = AXIS2_PLACEMENT_3D ( 'NONE', #8824, #54, #6577 ) ;
#3266 = CARTESIAN_POINT ( 'NONE',  ( -0.03499999999999997558, 0.02500000000000000139, 0.01999999999999989286 ) ) ;
#3267 = FACE_OUTER_BOUND ( 'NONE', #3893, .T. ) ;
#3268 = DIRECTION ( 'NONE',  ( -3.491481338843132961E-15, -0.000000000000000000, 1.000000000000000000 ) ) ;
#3269 = VECTOR ( 'NONE', #4611, 39.37007874015748143 ) ;
#3270 = DIRECTION ( 'NONE',  ( 3.414809992080327544E-16, 0.000000000000000000, 1.000000000000000000 ) ) ;
#3271 = EDGE_CURVE ( 'NONE', #4255, #1703, #5938, .T. ) ;
#3272 = ADVANCED_FACE ( 'NONE', ( #3681, #823 ), #8820, .T. ) ;
#3273 = CARTESIAN_POINT ( 'NONE',  ( -0.07499999999999995559, 0.02500000000000000139, 0.04499999999999990119 ) ) ;
#3274 = VERTEX_POINT ( 'NONE', #6085 ) ;
#3275 = SURFACE_SIDE_STYLE ('',( #7531 ) ) ;
#3276 = ADVANCED_FACE ( 'NONE', ( #7479 ), #3730, .F. ) ;
#3277 = VERTEX_POINT ( 'NONE', #6712 ) ;
#3278 = CARTESIAN_POINT ( 'NONE',  ( 0.1674999999999999822, 0.06000000000000001166, 0.09499999999999990397 ) ) ;
#3279 = CARTESIAN_POINT ( 'NONE',  ( -0.1549999999999999989, 0.02500000000000000139, -0.2000000000000000111 ) ) ;
#3280 = CLOSED_SHELL ( 'NONE', ( #8052, #1275, #5936, #4503, #3222, #2832 ) ) ;
#3281 = CARTESIAN_POINT ( 'NONE',  ( -0.1249999999999999445, 0.02500000000000000139, 0.1349999999999998979 ) ) ;
#3282 = ORIENTED_EDGE ( 'NONE', *, *, #4920, .F. ) ;
#3283 =( NAMED_UNIT ( * ) PLANE_ANGLE_UNIT ( ) SI_UNIT ( $, .RADIAN. ) );
#3284 = FACE_OUTER_BOUND ( 'NONE', #6103, .T. ) ;
#3285 = CARTESIAN_POINT ( 'NONE',  ( -0.03103010096156195649, 0.04412906444113104398, -0.09023622047244189703 ) ) ;
#3287 = LINE ( 'NONE', #7782, #4259 ) ;
#3286 = FACE_OUTER_BOUND ( 'NONE', #2598, .T. ) ;
#3288 = DIMENSIONAL_EXPONENTS ( 1.000000000000000000, 0.000000000000000000, 0.000000000000000000, 0.000000000000000000, 0.000000000000000000, 0.000000000000000000, 0.000000000000000000 ) ;
#3289 = COLOUR_RGB ( '',0.2509803921568627416, 0.2509803921568627416, 0.2509803921568627416 ) ;
#3290 = VERTEX_POINT ( 'NONE', #3134 ) ;
#3291 = VERTEX_POINT ( 'NONE', #5990 ) ;
#3292 = CARTESIAN_POINT ( 'NONE',  ( 0.02250000000000000611, 0.2541640786499874127, 0.1249999999999999029 ) ) ;
#3293 = EDGE_CURVE ( 'NONE', #9018, #7803, #2308, .T. ) ;
#3294 =( GEOMETRIC_REPRESENTATION_CONTEXT ( 3 ) GLOBAL_UNCERTAINTY_ASSIGNED_CONTEXT ( ( #5703 ) ) GLOBAL_UNIT_ASSIGNED_CONTEXT ( ( #2930, #8039, #806 ) ) REPRESENTATION_CONTEXT ( 'NONE', 'WORKASPACE' ) );
#3295 = CARTESIAN_POINT ( 'NONE',  ( -0.01749999999999998779, 0.02500000000000000139, -0.2250000000000000333 ) ) ;
#3296 = DIRECTION ( 'NONE',  ( -0.000000000000000000, -1.000000000000000000, -0.000000000000000000 ) ) ;
#3297 = EDGE_CURVE ( 'NONE', #5551, #3198, #579, .T. ) ;
#3298 = VERTEX_POINT ( 'NONE', #2990 ) ;
#3299 = ORIENTED_EDGE ( 'NONE', *, *, #3143, .F. ) ;
#3300 = CARTESIAN_POINT ( 'NONE',  ( -0.04499999999999999140, 0.02500000000000000139, 0.1349999999999998979 ) ) ;
#3301 = LINE ( 'NONE', #207, #7436 ) ;
#3302 = EDGE_LOOP ( 'NONE', ( #6776, #2496, #4386, #7574, #7461, #8197, #534, #980, #6470, #7590, #1655, #3932 ) ) ;
#3303 = CARTESIAN_POINT ( 'NONE',  ( 0.1366938691117163263, 0.06250000000000000000, 0.001693869111716179900 ) ) ;
#3304 = EDGE_LOOP ( 'NONE', ( #7506, #1669, #6625, #4298 ) ) ;
#3305 = COLOUR_RGB ( '',0.4862745098039215619, 0.2352941176470588203, 0.01568627450980392135 ) ;
#3306 = CARTESIAN_POINT ( 'NONE',  ( 0.1024999999999999939, 0.05999999999999999778, 0.07499999999999988620 ) ) ;
#3307 = FACE_OUTER_BOUND ( 'NONE', #4574, .T. ) ;
#3308 = ORIENTED_EDGE ( 'NONE', *, *, #6356, .T. ) ;
#3309 = DIRECTION ( 'NONE',  ( -1.000000000000000000, 0.000000000000000000, 5.335640612625515485E-17 ) ) ;
#3310 = ORIENTED_EDGE ( 'NONE', *, *, #943, .T. ) ;
#3311 = VECTOR ( 'NONE', #6781, 39.37007874015748143 ) ;
#3312 = VERTEX_POINT ( 'NONE', #5359 ) ;
#3313 = CARTESIAN_POINT ( 'NONE',  ( -0.06738188976377888773, 0.06437007874016013875, -0.06021653543307194795 ) ) ;
#3314 = DIRECTION ( 'NONE',  ( -1.000000000000000000, -0.000000000000000000, -3.491481338843132961E-15 ) ) ;
#3315 = CARTESIAN_POINT ( 'NONE',  ( -0.009999999999999979391, 0.05000000000000000278, -0.1649999999999999800 ) ) ;
#3316 = DIRECTION ( 'NONE',  ( -1.000000000000000000, 0.000000000000000000, -0.000000000000000000 ) ) ;
#3317 = DIRECTION ( 'NONE',  ( -1.000000000000000000, 0.000000000000000000, 0.000000000000000000 ) ) ;
#3318 = CARTESIAN_POINT ( 'NONE',  ( -0.01978650686557544697, 0.03070866141732543284, -0.05283464566929224615 ) ) ;
#3319 = LINE ( 'NONE', #5634, #2728 ) ;
#3320 = ORIENTED_EDGE ( 'NONE', *, *, #6436, .F. ) ;
#3321 = CARTESIAN_POINT ( 'NONE',  ( -0.05999999999999999084, 0.05000000000000000278, -0.2250000000000000333 ) ) ;
#3322 = ORIENTED_EDGE ( 'NONE', *, *, #2206, .F. ) ;
#3323 = DIRECTION ( 'NONE',  ( -8.758115402030106693E-47, 1.000000000000000000, 1.463489996605855394E-15 ) ) ;
#3324 = LINE ( 'NONE', #6280, #5063 ) ;
#3325 = EDGE_CURVE ( 'NONE', #3227, #9077, #8863, .T. ) ;
#3326 = CARTESIAN_POINT ( 'NONE',  ( -0.1037336785659957600, 0.04412906444113104398, -0.05283464566929253758 ) ) ;
#3327 = ORIENTED_EDGE ( 'NONE', *, *, #1785, .F. ) ;
#3328 = VECTOR ( 'NONE', #5527, 39.37007874015748143 ) ;
#3329 = CARTESIAN_POINT ( 'NONE',  ( 0.000000000000000000, 0.02500000000000000139, 0.000000000000000000 ) ) ;
#3330 = ORIENTED_EDGE ( 'NONE', *, *, #211, .T. ) ;
#3331 = EDGE_CURVE ( 'NONE', #3750, #1628, #5169, .T. ) ;
#3332 = VECTOR ( 'NONE', #2654, 39.37007874015748143 ) ;
#3333 = CYLINDRICAL_SURFACE ( 'NONE', #2440, 0.03249999999999999417 ) ;
#3334 = AXIS2_PLACEMENT_3D ( 'NONE', #9007, #3913, #2547 ) ;
#3336 = DIRECTION ( 'NONE',  ( -0.04361938736532856853, -0.9990482215818581313, 0.000000000000000000 ) ) ;
#3335 = DIRECTION ( 'NONE',  ( 7.477256361968976511E-15, -1.000000000000000000, 0.000000000000000000 ) ) ;
#3337 = ADVANCED_FACE ( 'NONE', ( #6760 ), #144, .F. ) ;
#3338 = ORIENTED_EDGE ( 'NONE', *, *, #9204, .T. ) ;
#3339 = ORIENTED_EDGE ( 'NONE', *, *, #4973, .T. ) ;
#3340 = CARTESIAN_POINT ( 'NONE',  ( 0.009999999999999984596, 0.04250000000000002387, -0.2137499999999998290 ) ) ;
#3341 = AXIS2_PLACEMENT_3D ( 'NONE', #5732, #6368, #8613 ) ;
#3342 = LINE ( 'NONE', #2510, #4930 ) ;
#3343 = AXIS2_PLACEMENT_3D ( 'NONE', #178, #5397, #1621 ) ;
#3344 = CARTESIAN_POINT ( 'NONE',  ( 0.000000000000000000, 0.05000000000000000278, -0.1925000000000000600 ) ) ;
#3345 = CARTESIAN_POINT ( 'NONE',  ( 0.05000000000000004441, 0.02500000000000000139, 0.1999999999999999556 ) ) ;
#3346 = EDGE_LOOP ( 'NONE', ( #897, #4961, #8454, #1931 ) ) ;
#3347 = VECTOR ( 'NONE', #4867, 39.37007874015748143 ) ;
#3348 = CARTESIAN_POINT ( 'NONE',  ( 0.06250000000000001388, 0.02500000000000000139, 0.05999999999999990064 ) ) ;
#3349 = AXIS2_PLACEMENT_3D ( 'NONE', #6779, #6060, #934 ) ;
#3350 = DIRECTION ( 'NONE',  ( -0.000000000000000000, -1.000000000000000000, -0.000000000000000000 ) ) ;
#3351 = AXIS2_PLACEMENT_3D ( 'NONE', #7445, #2363, #9011 ) ;
#3352 = ORIENTED_EDGE ( 'NONE', *, *, #1588, .T. ) ;
#3353 = LINE ( 'NONE', #7075, #1608 ) ;
#3354 = DIMENSIONAL_EXPONENTS ( 1.000000000000000000, 0.000000000000000000, 0.000000000000000000, 0.000000000000000000, 0.000000000000000000, 0.000000000000000000, 0.000000000000000000 ) ;
#3355 = ORIENTED_EDGE ( 'NONE', *, *, #1785, .T. ) ;
#3356 = CARTESIAN_POINT ( 'NONE',  ( -0.02230858298703188719, 0.03312302406173386199, -0.09023622047244185540 ) ) ;
#3357 = ADVANCED_FACE ( 'NONE', ( #3866 ), #6623, .F. ) ;
#3358 = VECTOR ( 'NONE', #97, 39.37007874015748143 ) ;
#3359 = DIRECTION ( 'NONE',  ( -1.000000000000000000, 0.000000000000000000, -0.000000000000000000 ) ) ;
#3360 = ORIENTED_EDGE ( 'NONE', *, *, #7079, .T. ) ;
#3361 = LINE ( 'NONE', #7082, #6006 ) ;
#3362 = ORIENTED_EDGE ( 'NONE', *, *, #4973, .F. ) ;
#3363 = ORIENTED_EDGE ( 'NONE', *, *, #6627, .F. ) ;
#3364 = DIRECTION ( 'NONE',  ( 1.000000000000000000, 0.000000000000000000, -2.845674993400276898E-16 ) ) ;
#3365 = COLOUR_RGB ( '',0.7921568627450980005, 0.8196078431372548767, 0.9333333333333333481 ) ;
#3366 = LINE ( 'NONE', #8612, #3347 ) ;
#3367 = CARTESIAN_POINT ( 'NONE',  ( -0.03103010096156216119, 0.04412906444113104398, -0.03019685039370173171 ) ) ;
#3368 = CARTESIAN_POINT ( 'NONE',  ( -0.05250000000000000500, 0.04999999999999999584, -0.2000000000000000111 ) ) ;
#3369 = CYLINDRICAL_SURFACE ( 'NONE', #6086, 0.008233140283281080787 ) ;
#3370 = CYLINDRICAL_SURFACE ( 'NONE', #5214, 0.01749999999999998432 ) ;
#3371 = ADVANCED_FACE ( 'NONE', ( #188 ), #8291, .F. ) ;
#3372 = VECTOR ( 'NONE', #7038, 39.37007874015748854 ) ;
#3373 = DIRECTION ( 'NONE',  ( 0.000000000000000000, 0.000000000000000000, -1.000000000000000000 ) ) ;
#3374 = ORIENTED_EDGE ( 'NONE', *, *, #1369, .T. ) ;
#3375 =( CONVERSION_BASED_UNIT ( 'INCH', #427 ) LENGTH_UNIT ( ) NAMED_UNIT ( #8461 ) );
#3376 = DIRECTION ( 'NONE',  ( -0.04361938736532856853, 0.9990482215818581313, 0.000000000000000000 ) ) ;
#3377 = ORIENTED_EDGE ( 'NONE', *, *, #5163, .T. ) ;
#3378 = DIRECTION ( 'NONE',  ( -1.686880716198101922E-43, -2.426872996565747488E-29, 1.000000000000000000 ) ) ;
#3379 = ADVANCED_FACE ( 'NONE', ( #3769, #775 ), #4450, .F. ) ;
#3380 = LINE ( 'NONE', #1685, #5208 ) ;
#3381 = PLANE ( 'NONE',  #2085 ) ;
#3382 = STYLED_ITEM ( 'NONE', ( #6360 ), #5846 ) ;
#3383 = EDGE_CURVE ( 'NONE', #6355, #5831, #3038, .T. ) ;
#3384 = ORIENTED_EDGE ( 'NONE', *, *, #6990, .F. ) ;
#3385 = CARTESIAN_POINT ( 'NONE',  ( 0.1524999999999999689, 0.02500000000000000139, 0.1349999999999998701 ) ) ;
#3386 = ADVANCED_FACE ( 'NONE', ( #1151 ), #5500, .T. ) ;
#3387 = VECTOR ( 'NONE', #3679, 39.37007874015748143 ) ;
#3388 = ORIENTED_EDGE ( 'NONE', *, *, #3520, .F. ) ;
#3389 = VECTOR ( 'NONE', #2134, 39.37007874015748143 ) ;
#3390 = CARTESIAN_POINT ( 'NONE',  ( -0.1999999999999999833, 0.02500000000000000139, 0.2499999999999998890 ) ) ;
#3391 = CLOSED_SHELL ( 'NONE', ( #1402, #3398, #9272, #8097, #2288, #670, #1772, #528, #7147, #7526, #2500, #1069, #4157, #7964 ) ) ;
#3393 = CARTESIAN_POINT ( 'NONE',  ( 0.1024999999999999939, 0.02500000000000000139, 0.03499999999999989231 ) ) ;
#3392 = DIRECTION ( 'NONE',  ( 0.000000000000000000, 0.000000000000000000, 1.000000000000000000 ) ) ;
#3394 = AXIS2_PLACEMENT_3D ( 'NONE', #7564, #944, #6835 ) ;
#3395 = ORIENTED_EDGE ( 'NONE', *, *, #6559, .T. ) ;
#3396 = VERTEX_POINT ( 'NONE', #1051 ) ;
#3397 = CARTESIAN_POINT ( 'NONE',  ( -0.04999999999999996114, 0.000000000000000000, 0.1999999999999999556 ) ) ;
#3398 = ADVANCED_FACE ( 'NONE', ( #3907 ), #8386, .F. ) ;
#3399 = LINE ( 'NONE', #3295, #3695 ) ;
#3400 = EDGE_CURVE ( 'NONE', #4600, #2194, #6998, .T. ) ;
#3401 = VECTOR ( 'NONE', #2127, 39.37007874015748143 ) ;
#3402 = CARTESIAN_POINT ( 'NONE',  ( -0.04499999999999999140, 0.02500000000000000139, 0.07499999999999988620 ) ) ;
#3403 = LINE ( 'NONE', #1890, #5 ) ;
#3404 = EDGE_CURVE ( 'NONE', #2944, #3274, #4100, .T. ) ;
#3405 = ORIENTED_EDGE ( 'NONE', *, *, #2606, .T. ) ;
#3406 = LINE ( 'NONE', #399, #8709 ) ;
#3407 = ORIENTED_EDGE ( 'NONE', *, *, #3150, .F. ) ;
#3408 = ORIENTED_EDGE ( 'NONE', *, *, #2578, .F. ) ;
#3409 = CARTESIAN_POINT ( 'NONE',  ( 0.1000000000000000056, 0.04250000000000002387, -0.1449999999999999900 ) ) ;
#3410 = DIRECTION ( 'NONE',  ( 0.000000000000000000, -0.000000000000000000, 1.000000000000000000 ) ) ;
#3411 = CARTESIAN_POINT ( 'NONE',  ( -0.1119589827240415197, 0.04448818897638057157, -0.1050000000000012312 ) ) ;
#3412 = ORIENTED_EDGE ( 'NONE', *, *, #8522, .F. ) ;
#3413 = PLANE ( 'NONE',  #6487 ) ;
#3414 = VERTEX_POINT ( 'NONE', #9105 ) ;
#3415 = ORIENTED_EDGE ( 'NONE', *, *, #2794, .F. ) ;
#3416 = CARTESIAN_POINT ( 'NONE',  ( 0.02874999999999996655, 0.04250000000000002387, -0.2324999999999999845 ) ) ;
#3417 = DIRECTION ( 'NONE',  ( 3.491481338843133355E-15, 0.000000000000000000, -1.000000000000000000 ) ) ;
#3418 = CARTESIAN_POINT ( 'NONE',  ( -0.07499999999999996947, 0.05000000000000000278, 0.01999999999999989633 ) ) ;
#3419 = LINE ( 'NONE', #6369, #5126 ) ;
#3420 = SURFACE_STYLE_USAGE ( .BOTH. , #4674 ) ;
#3421 = DIRECTION ( 'NONE',  ( -7.477256361968976511E-15, 1.000000000000000000, -0.000000000000000000 ) ) ;
#3422 = DIRECTION ( 'NONE',  ( -0.000000000000000000, 1.000000000000000000, -0.000000000000000000 ) ) ;
#3423 = DIMENSIONAL_EXPONENTS ( 1.000000000000000000, 0.000000000000000000, 0.000000000000000000, 0.000000000000000000, 0.000000000000000000, 0.000000000000000000, 0.000000000000000000 ) ;
#3424 = EDGE_LOOP ( 'NONE', ( #9082, #8436, #2695, #2892 ) ) ;
#3425 = ORIENTED_EDGE ( 'NONE', *, *, #7538, .T. ) ;
#3426 = CARTESIAN_POINT ( 'NONE',  ( -0.02280479680351616203, 0.04448818897638057157, -0.05283464566929226003 ) ) ;
#3427 = AXIS2_PLACEMENT_3D ( 'NONE', #2558, #3442, #5714 ) ;
#3428 = DIRECTION ( 'NONE',  ( -1.000000000000000000, -0.000000000000000000, 3.414809992080327544E-16 ) ) ;
#3429 = ORIENTED_EDGE ( 'NONE', *, *, #8517, .F. ) ;
#3430 = EDGE_CURVE ( 'NONE', #4668, #7868, #3324, .T. ) ;
#3431 = CARTESIAN_POINT ( 'NONE',  ( -0.1067519685039364785, 0.03287401574803415494, -0.05283464566929254452 ) ) ;
#3432 = SURFACE_STYLE_FILL_AREA ( #1970 ) ;
#3433 = VECTOR ( 'NONE', #8176, 39.37007874015748143 ) ;
#3434 = ORIENTED_EDGE ( 'NONE', *, *, #1212, .T. ) ;
#3435 = CARTESIAN_POINT ( 'NONE',  ( 0.1024999999999999939, 0.02500000000000000139, 0.07499999999999988620 ) ) ;
#3436 = ORIENTED_EDGE ( 'NONE', *, *, #9020, .T. ) ;
#3437 = CARTESIAN_POINT ( 'NONE',  ( -0.1037336785659958988, 0.04412906444113104398, -0.01543307086614293527 ) ) ;
#3439 = DIRECTION ( 'NONE',  ( 0.000000000000000000, 0.000000000000000000, -1.000000000000000000 ) ) ;
#3438 = LINE ( 'NONE', #4349, #737 ) ;
#3440 = VERTEX_POINT ( 'NONE', #3230 ) ;
#3441 = EDGE_LOOP ( 'NONE', ( #1565, #8810, #6242, #5895 ) ) ;
#3442 = DIRECTION ( 'NONE',  ( 3.491481338843132961E-15, 0.000000000000000000, -1.000000000000000000 ) ) ;
#3443 = DIRECTION ( 'NONE',  ( -0.000000000000000000, 1.000000000000000000, -0.000000000000000000 ) ) ;
#3444 = VECTOR ( 'NONE', #1097, 39.37007874015748143 ) ;
#3445 = ORIENTED_EDGE ( 'NONE', *, *, #6108, .T. ) ;
#3446 = LINE ( 'NONE', #7841, #2392 ) ;
#3447 = ORIENTED_EDGE ( 'NONE', *, *, #8857, .T. ) ;
#3448 = CARTESIAN_POINT ( 'NONE',  ( -0.1249999999999999445, 0.02500000000000000139, 0.07499999999999988620 ) ) ;
#3449 = EDGE_LOOP ( 'NONE', ( #7000, #8155, #2338, #1702 ) ) ;
#3450 = VECTOR ( 'NONE', #847, 39.37007874015748143 ) ;
#3451 = DIRECTION ( 'NONE',  ( -0.000000000000000000, -0.000000000000000000, 1.000000000000000000 ) ) ;
#3452 = DIRECTION ( 'NONE',  ( -0.000000000000000000, -1.000000000000000000, -0.000000000000000000 ) ) ;
#3453 = CARTESIAN_POINT ( 'NONE',  ( 0.01750000000000003636, 0.02500000000000000139, 0.2324999999999999567 ) ) ;
#3454 = ORIENTED_EDGE ( 'NONE', *, *, #8080, .F. ) ;
#3455 = EDGE_CURVE ( 'NONE', #2834, #821, #3954, .T. ) ;
#3456 = DIRECTION ( 'NONE',  ( 4.878299988686179388E-16, 0.000000000000000000, 1.000000000000000000 ) ) ;
#3457 = ORIENTED_EDGE ( 'NONE', *, *, #3817, .F. ) ;
#3458 = ORIENTED_EDGE ( 'NONE', *, *, #6531, .F. ) ;
#3459 = CYLINDRICAL_SURFACE ( 'NONE', #2716, 0.002524478865958247956 ) ;
#3460 = PLANE ( 'NONE',  #7054 ) ;
#3461 = CARTESIAN_POINT ( 'NONE',  ( 0.1524999999999999689, 0.06000000000000001166, 0.1349999999999998979 ) ) ;
#3462 = DIRECTION ( 'NONE',  ( -0.000000000000000000, 1.000000000000000000, -0.000000000000000000 ) ) ;
#3463 = PRESENTATION_LAYER_ASSIGNMENT (  '', '', ( #6241 ) ) ;
#3464 = DIRECTION ( 'NONE',  ( 3.491481338843133355E-15, 0.000000000000000000, -1.000000000000000000 ) ) ;
#3465 = CARTESIAN_POINT ( 'NONE',  ( 8.537024980200767091E-18, 0.05000000000000000278, 0.01999999999999986511 ) ) ;
#3466 = FILL_AREA_STYLE_COLOUR ( '', #2562 ) ;
#3467 = PLANE ( 'NONE',  #3966 ) ;
#3468 = VERTEX_POINT ( 'NONE', #1104 ) ;
#3469 = VERTEX_POINT ( 'NONE', #4052 ) ;
#3470 = SURFACE_SIDE_STYLE ('',( #2836 ) ) ;
#3471 = CARTESIAN_POINT ( 'NONE',  ( 0.04496320343559635085, 0.04250000000000001693, -0.2274999999999999245 ) ) ;
#3472 = VERTEX_POINT ( 'NONE', #4681 ) ;
#3473 = FACE_OUTER_BOUND ( 'NONE', #8667, .T. ) ;
#3474 = SURFACE_STYLE_USAGE ( .BOTH. , #7245 ) ;
#3475 = VERTEX_POINT ( 'NONE', #6952 ) ;
#3476 = UNCERTAINTY_MEASURE_WITH_UNIT (LENGTH_MEASURE( 1.000000000000000082E-05 ), #7905, 'distance_accuracy_value', 'NONE');
#3477 = CARTESIAN_POINT ( 'NONE',  ( 0.02250000000000001305, 0.05999999999999999778, 0.1099999999999999034 ) ) ;
#3478 = VERTEX_POINT ( 'NONE', #378 ) ;
#3479 = CARTESIAN_POINT ( 'NONE',  ( -0.1249999999999999445, 0.02500000000000000139, 0.1349999999999998979 ) ) ;
#3481 = CARTESIAN_POINT ( 'NONE',  ( -0.1037336785659956906, 0.02500000000000265205, -0.06759842519685159423 ) ) ;
#3480 = DIRECTION ( 'NONE',  ( 5.254580242600418997E-17, 0.1736481776669269728, 0.9848077530122087975 ) ) ;
#3482 = VERTEX_POINT ( 'NONE', #1872 ) ;
#3483 = ORIENTED_EDGE ( 'NONE', *, *, #8250, .F. ) ;
#3484 = DIRECTION ( 'NONE',  ( 0.000000000000000000, 0.000000000000000000, -1.000000000000000000 ) ) ;
#3485 = EDGE_CURVE ( 'NONE', #9505, #4830, #9203, .T. ) ;
#3486 = APPLICATION_CONTEXT ( 'automotive_design' ) ;
#3488 = CARTESIAN_POINT ( 'NONE',  ( -0.1499999999999999667, 0.000000000000000000, 0.2324999999999999567 ) ) ;
#3487 = PRESENTATION_LAYER_ASSIGNMENT (  '', '', ( #4721 ) ) ;
#3489 = AXIS2_PLACEMENT_3D ( 'NONE', #3008, #2280, #8174 ) ;
#3490 = DIRECTION ( 'NONE',  ( -1.000000000000000000, 0.000000000000000000, -0.000000000000000000 ) ) ;
#3491 = VERTEX_POINT ( 'NONE', #8484 ) ;
#3492 = EDGE_CURVE ( 'NONE', #4606, #629, #3825, .T. ) ;
#3493 = SURFACE_STYLE_FILL_AREA ( #8598 ) ;
#3494 = EDGE_LOOP ( 'NONE', ( #1547, #7236, #1884, #9368 ) ) ;
#3495 = LINE ( 'NONE', #3448, #4239 ) ;
#3496 = EDGE_CURVE ( 'NONE', #7098, #4541, #3969, .T. ) ;
#3497 = EDGE_CURVE ( 'NONE', #6928, #345, #432, .T. ) ;
#3498 = AXIS2_PLACEMENT_3D ( 'NONE', #3961, #9207, #1830 ) ;
#3499 = EDGE_LOOP ( 'NONE', ( #6489, #7772, #1966, #6338 ) ) ;
#3500 = FACE_OUTER_BOUND ( 'NONE', #8460, .T. ) ;
#3501 = DIRECTION ( 'NONE',  ( 0.000000000000000000, 0.000000000000000000, -1.000000000000000000 ) ) ;
#3502 = AXIS2_PLACEMENT_3D ( 'NONE', #3435, #4838, #7778 ) ;
#3503 = VECTOR ( 'NONE', #149, 39.37007874015748143 ) ;
#3504 = DIRECTION ( 'NONE',  ( -1.000000000000000000, -1.036909937941521043E-15, -4.147639751766084173E-15 ) ) ;
#3505 = VERTEX_POINT ( 'NONE', #285 ) ;
#3506 = DIRECTION ( 'NONE',  ( 3.491481338843132961E-15, 0.000000000000000000, -1.000000000000000000 ) ) ;
#3507 = AXIS2_PLACEMENT_3D ( 'NONE', #701, #3009, #3610 ) ;
#3508 = EDGE_LOOP ( 'NONE', ( #5299, #2386, #9387, #8935 ) ) ;
#3509 = ORIENTED_EDGE ( 'NONE', *, *, #6913, .T. ) ;
#3510 = CARTESIAN_POINT ( 'NONE',  ( -0.01978650686557541574, 0.03323314028328368253, -0.06759842519685130280 ) ) ;
#3511 = DIRECTION ( 'NONE',  ( -3.491481338843133355E-15, -0.000000000000000000, 1.000000000000000000 ) ) ;
#3512 = PLANE ( 'NONE',  #2645 ) ;
#3513 = CIRCLE ( 'NONE', #2884, 0.002524478865958256196 ) ;
#3514 =( CONVERSION_BASED_UNIT ( 'INCH', #1290 ) LENGTH_UNIT ( ) NAMED_UNIT ( #7123 ) );
#3515 = EDGE_CURVE ( 'NONE', #4984, #6071, #3380, .T. ) ;
#3516 = PLANE ( 'NONE',  #6140 ) ;
#3517 = AXIS2_PLACEMENT_3D ( 'NONE', #1396, #2693, #5027 ) ;
#3518 = DIRECTION ( 'NONE',  ( 1.000000000000000000, 0.000000000000000000, 0.000000000000000000 ) ) ;
#3519 = PLANE ( 'NONE',  #5354 ) ;
#3520 = EDGE_CURVE ( 'NONE', #9532, #4857, #1726, .T. ) ;
#3521 = ORIENTED_EDGE ( 'NONE', *, *, #7994, .F. ) ;
#3522 = ORIENTED_EDGE ( 'NONE', *, *, #4189, .T. ) ;
#3523 = CARTESIAN_POINT ( 'NONE',  ( -0.1549999999999999989, 0.02500000000000000139, -0.1925000000000000600 ) ) ;
#3524 = EDGE_CURVE ( 'NONE', #8705, #5309, #5456, .T. ) ;
#3525 = VERTEX_POINT ( 'NONE', #6185 ) ;
#3526 = CIRCLE ( 'NONE', #5233, 0.002524478865958247956 ) ;
#3527 = CIRCLE ( 'NONE', #3678, 0.05999999999999997696 ) ;
#3528 = LINE ( 'NONE', #8003, #3190 ) ;
#3529 = EDGE_CURVE ( 'NONE', #7237, #4037, #9054, .T. ) ;
#3530 = LENGTH_MEASURE_WITH_UNIT ( LENGTH_MEASURE( 0.02539999999999999897 ), #2112 );
#3531 = EDGE_LOOP ( 'NONE', ( #7433, #8960, #7096, #4705 ) ) ;
#3532 = VECTOR ( 'NONE', #1724, 39.37007874015748143 ) ;
#3533 = DIRECTION ( 'NONE',  ( 0.7071067811865487940, -8.623697506655634194E-17, 0.7071067811865462405 ) ) ;
#3534 = ORIENTED_EDGE ( 'NONE', *, *, #3659, .F. ) ;
#3535 = EDGE_CURVE ( 'NONE', #8504, #6382, #7621, .T. ) ;
#3536 = FACE_OUTER_BOUND ( 'NONE', #3162, .T. ) ;
#3537 = VECTOR ( 'NONE', #4333, 39.37007874015748143 ) ;
#3539 = FACE_OUTER_BOUND ( 'NONE', #2475, .T. ) ;
#3538 = CARTESIAN_POINT ( 'NONE',  ( -0.04499999999999998446, 0.05000000000000000278, 0.000000000000000000 ) ) ;
#3540 = EDGE_LOOP ( 'NONE', ( #1707, #7727, #3121, #6659 ) ) ;
#3541 = VERTEX_POINT ( 'NONE', #3279 ) ;
#3542 = AXIS2_PLACEMENT_3D ( 'NONE', #5455, #4832, #9149 ) ;
#3543 = VECTOR ( 'NONE', #6726, 39.37007874015748143 ) ;
#3544 = AXIS2_PLACEMENT_3D ( 'NONE', #3613, #6556, #2872 ) ;
#3545 = SURFACE_SIDE_STYLE ('',( #4260 ) ) ;
#3546 = DIRECTION ( 'NONE',  ( -0.1736481776669318300, 0.9848077530122077983, 0.000000000000000000 ) ) ;
#3547 = DIRECTION ( 'NONE',  ( 0.000000000000000000, 0.000000000000000000, 1.000000000000000000 ) ) ;
#3548 = VECTOR ( 'NONE', #3323, 39.37007874015748143 ) ;
#3549 = EDGE_CURVE ( 'NONE', #1226, #2001, #2742, .T. ) ;
#3550 = EDGE_CURVE ( 'NONE', #4146, #4660, #3528, .T. ) ;
#3551 = ORIENTED_EDGE ( 'NONE', *, *, #9001, .T. ) ;
#3552 = CARTESIAN_POINT ( 'NONE',  ( 0.1674999999999999822, 0.2541640786499874127, 0.03499999999999989231 ) ) ;
#3553 = VERTEX_POINT ( 'NONE', #6474 ) ;
#3554 = DIRECTION ( 'NONE',  ( 3.886975760670550640E-32, 1.000000000000000000, 1.138269997360109674E-16 ) ) ;
#3555 = VECTOR ( 'NONE', #1900, 39.37007874015748143 ) ;
#3556 = LINE ( 'NONE', #598, #825 ) ;
#3557 = DIRECTION ( 'NONE',  ( 0.000000000000000000, -0.000000000000000000, -1.000000000000000000 ) ) ;
#3558 = ORIENTED_EDGE ( 'NONE', *, *, #4719, .F. ) ;
#3559 = ORIENTED_EDGE ( 'NONE', *, *, #8924, .F. ) ;
#3560 = DIRECTION ( 'NONE',  ( 0.000000000000000000, 0.000000000000000000, 1.000000000000000000 ) ) ;
#3561 = FACE_OUTER_BOUND ( 'NONE', #3616, .T. ) ;
#3562 = LINE ( 'NONE', #2970, #108 ) ;
#3563 = DIRECTION ( 'NONE',  ( 6.950840520229924419E-15, 1.000000000000000000, 2.426872996565747488E-29 ) ) ;
#3564 = VECTOR ( 'NONE', #3443, 39.37007874015748143 ) ;
#3565 = DIRECTION ( 'NONE',  ( -1.000000000000000000, 0.000000000000000000, -3.381697939847999996E-15 ) ) ;
#3566 = CIRCLE ( 'NONE', #4329, 0.08500000000000001998 ) ;
#3567 = CARTESIAN_POINT ( 'NONE',  ( -0.1037336785659956906, 0.03070866141732543284, -0.06759842519685159423 ) ) ;
#3568 = CARTESIAN_POINT ( 'NONE',  ( -0.04999999999999996114, 0.02500000000000000139, 0.1824999999999999678 ) ) ;
#3569 = CARTESIAN_POINT ( 'NONE',  ( -0.009999999999999995004, 0.05000000000000000278, -0.2250000000000000333 ) ) ;
#3570 = VERTEX_POINT ( 'NONE', #9393 ) ;
#3571 = ORIENTED_EDGE ( 'NONE', *, *, #3404, .F. ) ;
#3572 = PRESENTATION_STYLE_ASSIGNMENT (( #7238 ) ) ;
#3573 = DIRECTION ( 'NONE',  ( -3.491481338843133355E-15, -0.000000000000000000, 1.000000000000000000 ) ) ;
#3574 = EDGE_LOOP ( 'NONE', ( #5663, #6302, #1326, #3664 ) ) ;
#3575 = DIRECTION ( 'NONE',  ( 3.491481338843132961E-15, 0.000000000000000000, -1.000000000000000000 ) ) ;
#3576 = ADVANCED_FACE ( 'NONE', ( #3473 ), #524, .T. ) ;
#3577 = EDGE_CURVE ( 'NONE', #1571, #2568, #1918, .T. ) ;
#3578 = UNCERTAINTY_MEASURE_WITH_UNIT (LENGTH_MEASURE( 1.000000000000000082E-05 ), #7144, 'distance_accuracy_value', 'NONE');
#3579 = AXIS2_PLACEMENT_3D ( 'NONE', #3896, #5344, #6073 ) ;
#3580 = CARTESIAN_POINT ( 'NONE',  ( -0.09937007874015688080, 0.04665354330708929714, -0.05283464566929252371 ) ) ;
#3581 = EDGE_CURVE ( 'NONE', #9481, #3099, #8672, .T. ) ;
#3582 = EDGE_LOOP ( 'NONE', ( #1723, #8467, #5985, #1894 ) ) ;
#3583 = CARTESIAN_POINT ( 'NONE',  ( -0.1549999999999999989, 0.05000000000000000278, -0.1500000000000000500 ) ) ;
#3584 = VECTOR ( 'NONE', #8083, 39.37007874015748143 ) ;
#3586 = LINE ( 'NONE', #2121, #1325 ) ;
#3585 = LINE ( 'NONE', #7109, #2407 ) ;
#3587 = CIRCLE ( 'NONE', #7126, 0.03249999999999999417 ) ;
#3588 = ORIENTED_EDGE ( 'NONE', *, *, #4303, .F. ) ;
#3589 = ORIENTED_EDGE ( 'NONE', *, *, #9097, .F. ) ;
#3591 = LINE ( 'NONE', #6536, #5507 ) ;
#3590 = VECTOR ( 'NONE', #3350, 39.37007874015748143 ) ;
#3592 = FILL_AREA_STYLE ('',( #7928 ) ) ;
#3593 = VERTEX_POINT ( 'NONE', #2017 ) ;
#3594 = CARTESIAN_POINT ( 'NONE',  ( 0.1674999999999999822, 0.2541640786499874127, 0.09499999999999990397 ) ) ;
#3595 = DIRECTION ( 'NONE',  ( -0.000000000000000000, -0.000000000000000000, 1.000000000000000000 ) ) ;
#3596 = LENGTH_MEASURE_WITH_UNIT ( LENGTH_MEASURE( 0.02539999999999999897 ), #7400 );
#3597 = CLOSED_SHELL ( 'NONE', ( #2497, #4714, #2782, #4131, #2549, #2181 ) ) ;
#3598 = ORIENTED_EDGE ( 'NONE', *, *, #4594, .T. ) ;
#3599 = ORIENTED_EDGE ( 'NONE', *, *, #8816, .F. ) ;
#3600 = EDGE_CURVE ( 'NONE', #8232, #4008, #1256, .T. ) ;
#3601 = CARTESIAN_POINT ( 'NONE',  ( -0.1067519685039363397, 0.03287401574803415494, -0.09023622047244216071 ) ) ;
#3602 = EDGE_CURVE ( 'NONE', #3805, #5392, #1300, .T. ) ;
#3603 = AXIS2_PLACEMENT_3D ( 'NONE', #5305, #7427, #8189 ) ;
#3604 =( CONVERSION_BASED_UNIT ( 'INCH', #4319 ) LENGTH_UNIT ( ) NAMED_UNIT ( #6329 ) );
#3605 = CARTESIAN_POINT ( 'NONE',  ( -0.1037336785659956906, 0.04665354330708929020, -0.06759842519685159423 ) ) ;
#3606 = ORIENTED_EDGE ( 'NONE', *, *, #3524, .F. ) ;
#3607 = VERTEX_POINT ( 'NONE', #6521 ) ;
#3608 = DIRECTION ( 'NONE',  ( 0.000000000000000000, 0.000000000000000000, 1.000000000000000000 ) ) ;
#3609 = CYLINDRICAL_SURFACE ( 'NONE', #6725, 0.03249999999999999417 ) ;
#3610 = DIRECTION ( 'NONE',  ( 0.000000000000000000, 0.000000000000000000, 1.000000000000000000 ) ) ;
#3611 = CARTESIAN_POINT ( 'NONE',  ( -0.03851760398892874193, 0.06437007874016013875, -0.1173031496063001861 ) ) ;
#3612 = LINE ( 'NONE', #4517, #533 ) ;
#3613 = CARTESIAN_POINT ( 'NONE',  ( 0.000000000000000000, 0.05000000000000000278, 0.000000000000000000 ) ) ;
#3614 = EDGE_CURVE ( 'NONE', #1238, #7047, #7065, .T. ) ;
#3615 = DIRECTION ( 'NONE',  ( 1.000000000000000000, 0.000000000000000000, 0.000000000000000000 ) ) ;
#3616 = EDGE_LOOP ( 'NONE', ( #8601, #2932, #4778, #2692 ) ) ;
#3617 = EDGE_LOOP ( 'NONE', ( #1036, #1688, #2619, #7789 ) ) ;
#3618 = CYLINDRICAL_SURFACE ( 'NONE', #6146, 0.002524478865958256196 ) ;
#3619 = CARTESIAN_POINT ( 'NONE',  ( -0.05250000000000000500, 0.02500000000000000139, -0.2250000000000000333 ) ) ;
#3620 =( GEOMETRIC_REPRESENTATION_CONTEXT ( 3 ) GLOBAL_UNCERTAINTY_ASSIGNED_CONTEXT ( ( #7049 ) ) GLOBAL_UNIT_ASSIGNED_CONTEXT ( ( #4579, #48, #2159 ) ) REPRESENTATION_CONTEXT ( 'NONE', 'WORKASPACE' ) );
#3621 = EDGE_LOOP ( 'NONE', ( #1755, #8263, #7686, #451 ) ) ;
#3622 = DIRECTION ( 'NONE',  ( 0.000000000000000000, -0.000000000000000000, 1.000000000000000000 ) ) ;
#3623 = CARTESIAN_POINT ( 'NONE',  ( -0.04499999999999998446, 0.02500000000000000139, 0.01999999999999987899 ) ) ;
#3624 = VECTOR ( 'NONE', #6109, 39.37007874015748143 ) ;
#3625 = DIRECTION ( 'NONE',  ( -0.000000000000000000, 1.000000000000000000, -0.000000000000000000 ) ) ;
#3626 = ORIENTED_EDGE ( 'NONE', *, *, #3627, .T. ) ;
#3627 = EDGE_CURVE ( 'NONE', #5926, #4350, #7958, .T. ) ;
#3628 = CARTESIAN_POINT ( 'NONE',  ( -0.1300000000000000044, 0.04999999999999999584, -0.1925000000000000600 ) ) ;
#3629 = LINE ( 'NONE', #6434, #1804 ) ;
#3630 =( GEOMETRIC_REPRESENTATION_CONTEXT ( 3 ) GLOBAL_UNCERTAINTY_ASSIGNED_CONTEXT ( ( #2113 ) ) GLOBAL_UNIT_ASSIGNED_CONTEXT ( ( #7122, #9274, #1278 ) ) REPRESENTATION_CONTEXT ( 'NONE', 'WORKASPACE' ) );
#3631 = EDGE_LOOP ( 'NONE', ( #252, #8046, #352, #3755 ) ) ;
#3632 = ORIENTED_EDGE ( 'NONE', *, *, #6915, .F. ) ;
#3633 = FACE_OUTER_BOUND ( 'NONE', #9348, .T. ) ;
#3634 = LINE ( 'NONE', #5943, #5650 ) ;
#3635 = SURFACE_SIDE_STYLE ('',( #6757 ) ) ;
#3636 = EDGE_CURVE ( 'NONE', #2168, #8434, #8713, .T. ) ;
#3637 = ORIENTED_EDGE ( 'NONE', *, *, #5556, .F. ) ;
#3638 = DIRECTION ( 'NONE',  ( 1.000000000000000000, 0.000000000000000000, -0.000000000000000000 ) ) ;
#3640 = CARTESIAN_POINT ( 'NONE',  ( -0.1149772726619823771, 0.03070866141732543284, -0.05283464566929257922 ) ) ;
#3639 = CARTESIAN_POINT ( 'NONE',  ( 0.01750000000000003636, 0.02500000000000000139, 0.2324999999999999567 ) ) ;
#3641 = ADVANCED_FACE ( 'NONE', ( #1201 ), #4295, .F. ) ;
#3642 = EDGE_LOOP ( 'NONE', ( #1252, #3894, #8181, #3626 ) ) ;
#3643 = DIRECTION ( 'NONE',  ( 1.000000000000000000, 0.000000000000000000, 0.000000000000000000 ) ) ;
#3644 = ORIENTED_EDGE ( 'NONE', *, *, #5111, .F. ) ;
#3645 = CARTESIAN_POINT ( 'NONE',  ( -0.03539370078740115139, 0.04665354330708926245, -0.003129921259843498633 ) ) ;
#3646 = EDGE_CURVE ( 'NONE', #5627, #1891, #619, .T. ) ;
#3647 = LENGTH_MEASURE_WITH_UNIT ( LENGTH_MEASURE( 0.02539999999999999897 ), #695 );
#3648 = ADVANCED_FACE ( 'NONE', ( #9483 ), #7189, .T. ) ;
#3649 = CARTESIAN_POINT ( 'NONE',  ( -0.1499999999999999667, 0.000000000000000000, 0.1999999999999999556 ) ) ;
#3650 = ORIENTED_EDGE ( 'NONE', *, *, #2902, .F. ) ;
#3651 = VERTEX_POINT ( 'NONE', #5780 ) ;
#3652 = CARTESIAN_POINT ( 'NONE',  ( -0.1149772726619823771, 0.03070866141732543284, -0.05283464566929257922 ) ) ;
#3653 = CARTESIAN_POINT ( 'NONE',  ( 0.08250000000000003164, 0.000000000000000000, 0.1674999999999999545 ) ) ;
#3654 = CARTESIAN_POINT ( 'NONE',  ( -0.02850802484010541218, 0.04423918066268085758, -0.09023622047244189703 ) ) ;
#3655 = VECTOR ( 'NONE', #7455, 39.37007874015748143 ) ;
#3656 = CARTESIAN_POINT ( 'NONE',  ( 0.1900000000000000300, 0.08250000000000000389, -0.06250000000000001388 ) ) ;
#3657 = CARTESIAN_POINT ( 'NONE',  ( -0.1300000000000000044, 0.05000000000000000278, -0.1575000000000000289 ) ) ;
#3658 = VECTOR ( 'NONE', #3364, 39.37007874015748143 ) ;
#3659 = EDGE_CURVE ( 'NONE', #1132, #7480, #5642, .T. ) ;
#3660 = FACE_OUTER_BOUND ( 'NONE', #7742, .T. ) ;
#3661 =( LENGTH_UNIT ( ) NAMED_UNIT ( * ) SI_UNIT ( $, .METRE. ) );
#3662 = VECTOR ( 'NONE', #1468, 39.37007874015748143 ) ;
#3663 = PLANE ( 'NONE',  #3211 ) ;
#3664 = ORIENTED_EDGE ( 'NONE', *, *, #3193, .T. ) ;
#3665 = ORIENTED_EDGE ( 'NONE', *, *, #4206, .F. ) ;
#3666 = CARTESIAN_POINT ( 'NONE',  ( 0.000000000000000000, 0.05000000000000000278, -0.1575000000000000289 ) ) ;
#3667 = FACE_OUTER_BOUND ( 'NONE', #7023, .T. ) ;
#3668 = VERTEX_POINT ( 'NONE', #8535 ) ;
#3669 = FACE_BOUND ( 'NONE', #5648, .T. ) ;
#3670 = CIRCLE ( 'NONE', #2405, 0.01749999999999998432 ) ;
#3671 = DIRECTION ( 'NONE',  ( 0.000000000000000000, -1.034790906691008358E-16, 1.000000000000000000 ) ) ;
#3672 = EDGE_CURVE ( 'NONE', #507, #1935, #476, .T. ) ;
#3673 = AXIS2_PLACEMENT_3D ( 'NONE', #7391, #1545, #7437 ) ;
#3674 = VECTOR ( 'NONE', #635, 39.37007874015748143 ) ;
#3675 = EDGE_CURVE ( 'NONE', #7756, #7851, #7873, .T. ) ;
#3676 = LINE ( 'NONE', #1400, #1635 ) ;
#3677 = ORIENTED_EDGE ( 'NONE', *, *, #9460, .F. ) ;
#3678 = AXIS2_PLACEMENT_3D ( 'NONE', #4738, #7832, #2553 ) ;
#3679 = DIRECTION ( 'NONE',  ( -0.000000000000000000, -1.000000000000000000, -0.000000000000000000 ) ) ;
#3680 = ADVANCED_FACE ( 'NONE', ( #8577 ), #1969, .F. ) ;
#3681 = FACE_BOUND ( 'NONE', #5067, .T. ) ;
#3682 = AXIS2_PLACEMENT_3D ( 'NONE', #664, #4387, #82 ) ;
#3683 = VERTEX_POINT ( 'NONE', #8236 ) ;
#3684 = ORIENTED_EDGE ( 'NONE', *, *, #1270, .F. ) ;
#3685 = EDGE_CURVE ( 'NONE', #8043, #4435, #2984, .T. ) ;
#3686 = CARTESIAN_POINT ( 'NONE',  ( 0.06250000000000001388, 0.02500000000000000139, 0.1249999999999999029 ) ) ;
#3687 = PLANE ( 'NONE',  #3957 ) ;
#3688 = VECTOR ( 'NONE', #8620, 39.37007874015748143 ) ;
#3689 = CARTESIAN_POINT ( 'NONE',  ( -0.1249999999999999445, 0.02500000000000000139, 0.1349999999999998979 ) ) ;
#3690 = DIRECTION ( 'NONE',  ( 3.491481338843133355E-15, 0.000000000000000000, -1.000000000000000000 ) ) ;
#3692 = LINE ( 'NONE', #8068, #424 ) ;
#3691 = DIRECTION ( 'NONE',  ( 0.000000000000000000, 0.000000000000000000, 1.000000000000000000 ) ) ;
#3693 = CIRCLE ( 'NONE', #4927, 0.03249999999999999417 ) ;
#3694 = ORIENTED_EDGE ( 'NONE', *, *, #4393, .F. ) ;
#3695 = VECTOR ( 'NONE', #6397, 39.37007874015748143 ) ;
#3696 = ADVANCED_FACE ( 'NONE', ( #3725 ), #2300, .F. ) ;
#3697 = ORIENTED_EDGE ( 'NONE', *, *, #3075, .T. ) ;
#3698 = ADVANCED_FACE ( 'NONE', ( #4486 ), #2158, .F. ) ;
#3699 = CARTESIAN_POINT ( 'NONE',  ( 0.06330613088828375423, 0.02500000000000000139, -0.03169386911171638566 ) ) ;
#3700 =( LENGTH_UNIT ( ) NAMED_UNIT ( * ) SI_UNIT ( $, .METRE. ) );
#3701 = EDGE_CURVE ( 'NONE', #7803, #8383, #5928, .T. ) ;
#3702 = AXIS2_PLACEMENT_3D ( 'NONE', #5356, #773, #3768 ) ;
#3703 = DIRECTION ( 'NONE',  ( -3.491481338843133355E-15, -0.000000000000000000, 1.000000000000000000 ) ) ;
#3704 = STYLED_ITEM ( 'NONE', ( #4997 ), #6008 ) ;
#3705 = ORIENTED_EDGE ( 'NONE', *, *, #9346, .F. ) ;
#3706 = ORIENTED_EDGE ( 'NONE', *, *, #5021, .T. ) ;
#3707 = DIRECTION ( 'NONE',  ( 3.491481338843132961E-15, 0.000000000000000000, -1.000000000000000000 ) ) ;
#3708 = DIRECTION ( 'NONE',  ( 1.000000000000000000, 0.000000000000000000, 0.000000000000000000 ) ) ;
#3709 = VECTOR ( 'NONE', #7072, 39.37007874015748143 ) ;
#3710 = CARTESIAN_POINT ( 'NONE',  ( -0.03103010096156222711, 0.04665354330708929020, -0.01543307086614268027 ) ) ;
#3711 = DIRECTION ( 'NONE',  ( 3.491481338843133355E-15, 0.000000000000000000, -1.000000000000000000 ) ) ;
#3712 = CLOSED_SHELL ( 'NONE', ( #7584, #6213, #5265, #8237, #2772, #6800 ) ) ;
#3713 = VERTEX_POINT ( 'NONE', #3859 ) ;
#3714 = VECTOR ( 'NONE', #5298, 39.37007874015748143 ) ;
#3715 = DIRECTION ( 'NONE',  ( 1.000000000000000000, -0.000000000000000000, 3.491481338843132961E-15 ) ) ;
#3716 = DIRECTION ( 'NONE',  ( 0.1736481776669307198, 0.9848077530122080203, 0.000000000000000000 ) ) ;
#3717 = EDGE_LOOP ( 'NONE', ( #2427, #7403, #3135, #4624 ) ) ;
#3718 = VERTEX_POINT ( 'NONE', #8048 ) ;
#3719 = LINE ( 'NONE', #2934, #8593 ) ;
#3720 = CARTESIAN_POINT ( 'NONE',  ( -0.03103010096156192180, 0.02500000000000265205, -0.1050000000000009398 ) ) ;
#3721 = ORIENTED_EDGE ( 'NONE', *, *, #7369, .T. ) ;
#3722 = VECTOR ( 'NONE', #7483, 39.37007874015748143 ) ;
#3723 = CARTESIAN_POINT ( 'NONE',  ( 0.02250000000000001305, 0.02500000000000000139, 0.1099999999999999034 ) ) ;
#3724 = AXIS2_PLACEMENT_3D ( 'NONE', #4758, #8272, #2520 ) ;
#3725 = FACE_OUTER_BOUND ( 'NONE', #7008, .T. ) ;
#3726 = CARTESIAN_POINT ( 'NONE',  ( 0.02875000000000003594, 0.04249999999999999611, -0.05749999999999997474 ) ) ;
#3727 = ORIENTED_EDGE ( 'NONE', *, *, #3535, .F. ) ;
#3728 = ADVANCED_FACE ( 'NONE', ( #8148 ), #87, .F. ) ;
#3729 = LINE ( 'NONE', #3906, #6324 ) ;
#3730 = PLANE ( 'NONE',  #8584 ) ;
#3731 = ORIENTED_EDGE ( 'NONE', *, *, #3400, .F. ) ;
#3732 = PRESENTATION_STYLE_ASSIGNMENT (( #7257 ) ) ;
#3733 = LINE ( 'NONE', #5222, #716 ) ;
#3734 = CARTESIAN_POINT ( 'NONE',  ( -0.1224999999999993733, 0.03070866141732548488, -0.05283464566929260697 ) ) ;
#3735 = AXIS2_PLACEMENT_3D ( 'NONE', #4552, #3919, #5468 ) ;
#3736 = DIRECTION ( 'NONE',  ( 1.000000000000000000, 0.000000000000000000, -3.414809992080327544E-16 ) ) ;
#3737 = SURFACE_SIDE_STYLE ('',( #8831 ) ) ;
#3738 = EDGE_LOOP ( 'NONE', ( #8647, #9468, #2319, #2911 ) ) ;
#3739 = CIRCLE ( 'NONE', #5746, 0.008233140283281080787 ) ;
#3740 = EDGE_LOOP ( 'NONE', ( #3521, #6217, #1875, #9124 ) ) ;
#3741 = PLANE ( 'NONE',  #159 ) ;
#3742 = DIRECTION ( 'NONE',  ( -0.000000000000000000, -0.000000000000000000, 1.000000000000000000 ) ) ;
#3743 = EDGE_LOOP ( 'NONE', ( #2648, #7632, #7692, #8813 ) ) ;
#3744 = EDGE_LOOP ( 'NONE', ( #4509, #2849, #6703, #2271 ) ) ;
#3745 = CLOSED_SHELL ( 'NONE', ( #7309, #4822, #8955, #1473, #1114, #3680, #6234, #9352, #7250, #8203, #7634, #5601, #8344, #359, #9222, #3371, #2346, #5100, #7402, #2886, #8350, #2878, #8384, #382, #171, #3065, #849 ) ) ;
#3746 = CARTESIAN_POINT ( 'NONE',  ( -0.01226377952755851493, 0.02500000000000265205, -0.01543307086614264557 ) ) ;
#3747 = FACE_OUTER_BOUND ( 'NONE', #1196, .T. ) ;
#3748 = CARTESIAN_POINT ( 'NONE',  ( -0.09937007874015701958, 0.04665354330708928327, -0.01543307086614291966 ) ) ;
#3749 = DIRECTION ( 'NONE',  ( -1.000000000000000000, 0.000000000000000000, -0.000000000000000000 ) ) ;
#3750 = VERTEX_POINT ( 'NONE', #2248 ) ;
#3751 = DIRECTION ( 'NONE',  ( -4.878299988686179388E-16, -0.000000000000000000, -1.000000000000000000 ) ) ;
#3752 = PLANE ( 'NONE',  #5006 ) ;
#3753 = ADVANCED_FACE ( 'NONE', ( #5205 ), #1438, .F. ) ;
#3754 = CARTESIAN_POINT ( 'NONE',  ( -0.009999999999999979391, 0.02500000000000000139, -0.1399999999999999856 ) ) ;
#3755 = ORIENTED_EDGE ( 'NONE', *, *, #6436, .T. ) ;
#3756 = VERTEX_POINT ( 'NONE', #5981 ) ;
#3757 = LINE ( 'NONE', #5068, #9232 ) ;
#3758 = CARTESIAN_POINT ( 'NONE',  ( 0.08750000000000000833, 0.2541640786499874127, 0.07499999999999990008 ) ) ;
#3759 = ORIENTED_EDGE ( 'NONE', *, *, #5934, .F. ) ;
#3760 = DIRECTION ( 'NONE',  ( -1.000000000000000000, 0.000000000000000000, -3.369957298309943736E-15 ) ) ;
#3761 = MECHANICAL_DESIGN_GEOMETRIC_PRESENTATION_REPRESENTATION (  '', ( #9130 ), #3904 ) ;
#3762 = CYLINDRICAL_SURFACE ( 'NONE', #7734, 0.008233140283281080787 ) ;
#3763 = CARTESIAN_POINT ( 'NONE',  ( -0.09836348770855357637, 0.05236220472441212304, -0.01543307086614291966 ) ) ;
#3764 = FILL_AREA_STYLE ('',( #4394 ) ) ;
#3765 = STYLED_ITEM ( 'NONE', ( #5919 ), #2650 ) ;
#3766 = DIRECTION ( 'NONE',  ( -1.000000000000000000, 0.000000000000000000, 0.000000000000000000 ) ) ;
#3767 = EDGE_LOOP ( 'NONE', ( #2306, #5638, #7133, #7935 ) ) ;
#3768 = DIRECTION ( 'NONE',  ( -1.000000000000000000, 0.000000000000000000, -0.000000000000000000 ) ) ;
#3769 = FACE_BOUND ( 'NONE', #6428, .T. ) ;
#3770 = PRESENTATION_LAYER_ASSIGNMENT (  '', '', ( #6398 ) ) ;
#3771 = ORIENTED_EDGE ( 'NONE', *, *, #3535, .T. ) ;
#3772 = DIRECTION ( 'NONE',  ( 0.000000000000000000, 0.000000000000000000, 1.000000000000000000 ) ) ;
#3773 = PLANE ( 'NONE',  #6433 ) ;
#3774 = PRESENTATION_LAYER_ASSIGNMENT (  '', '', ( #6406 ) ) ;
#3775 = DIRECTION ( 'NONE',  ( 0.000000000000000000, -0.000000000000000000, 1.000000000000000000 ) ) ;
#3777 = DIRECTION ( 'NONE',  ( 0.000000000000000000, 0.9848077530122080203, 0.1736481776669307198 ) ) ;
#3776 = LINE ( 'NONE', #6718, #9045 ) ;
#3778 = DIMENSIONAL_EXPONENTS ( 1.000000000000000000, 0.000000000000000000, 0.000000000000000000, 0.000000000000000000, 0.000000000000000000, 0.000000000000000000, 0.000000000000000000 ) ;
#3779 = ORIENTED_EDGE ( 'NONE', *, *, #2465, .F. ) ;
#3780 = EDGE_CURVE ( 'NONE', #1339, #7655, #5585, .T. ) ;
#3781 = ORIENTED_EDGE ( 'NONE', *, *, #3914, .T. ) ;
#3782 = DIRECTION ( 'NONE',  ( -3.175611872224893045E-15, 0.1736481776669307198, 0.9848077530122080203 ) ) ;
#3783 = DIRECTION ( 'NONE',  ( -1.000000000000000000, 0.000000000000000000, 0.000000000000000000 ) ) ;
#3784 = EDGE_CURVE ( 'NONE', #4406, #7439, #1583, .T. ) ;
#3785 = ORIENTED_EDGE ( 'NONE', *, *, #8158, .T. ) ;
#3786 = ORIENTED_EDGE ( 'NONE', *, *, #4534, .T. ) ;
#3787 = DIRECTION ( 'NONE',  ( 1.000000000000000000, 0.000000000000000000, 0.000000000000000000 ) ) ;
#3788 = EDGE_CURVE ( 'NONE', #7103, #1902, #1624, .T. ) ;
#3789 = CARTESIAN_POINT ( 'NONE',  ( 0.1500000000000000500, 0.000000000000000000, 0.1674999999999999545 ) ) ;
#3790 = EDGE_CURVE ( 'NONE', #1480, #5040, #3808, .T. ) ;
#3791 = FACE_OUTER_BOUND ( 'NONE', #5721, .T. ) ;
#3792 = PLANE ( 'NONE',  #6533 ) ;
#3793 = LINE ( 'NONE', #122, #8543 ) ;
#3794 = EDGE_LOOP ( 'NONE', ( #59, #3589, #8771, #3759 ) ) ;
#3795 = PLANE ( 'NONE',  #3046 ) ;
#3796 = EDGE_CURVE ( 'NONE', #3950, #4795, #7329, .T. ) ;
#3797 = FACE_OUTER_BOUND ( 'NONE', #8351, .T. ) ;
#3798 = VECTOR ( 'NONE', #8446, 39.37007874015748143 ) ;
#3799 = DIRECTION ( 'NONE',  ( -0.000000000000000000, -0.000000000000000000, 1.000000000000000000 ) ) ;
#3800 = ORIENTED_EDGE ( 'NONE', *, *, #9300, .T. ) ;
#3801 = ORIENTED_EDGE ( 'NONE', *, *, #930, .T. ) ;
#3802 = DIRECTION ( 'NONE',  ( 1.000000000000000000, 0.000000000000000000, -0.000000000000000000 ) ) ;
#3803 = AXIS2_PLACEMENT_3D ( 'NONE', #8201, #150, #4544 ) ;
#3804 = DIRECTION ( 'NONE',  ( 0.000000000000000000, 1.000000000000000000, 0.000000000000000000 ) ) ;
#3805 = VERTEX_POINT ( 'NONE', #714 ) ;
#3806 = CARTESIAN_POINT ( 'NONE',  ( 0.000000000000000000, 0.02500000000000000139, 0.000000000000000000 ) ) ;
#3807 = DIRECTION ( 'NONE',  ( 0.1736481776669307198, -0.9848077530122080203, 0.000000000000000000 ) ) ;
#3808 = LINE ( 'NONE', #136, #8805 ) ;
#3809 = EDGE_CURVE ( 'NONE', #7084, #3396, #8953, .T. ) ;
#3810 = VECTOR ( 'NONE', #5383, 39.37007874015748143 ) ;
#3811 = EDGE_CURVE ( 'NONE', #1047, #6170, #7524, .T. ) ;
#3812 = LINE ( 'NONE', #3726, #1186 ) ;
#3813 = EDGE_CURVE ( 'NONE', #3491, #527, #2, .T. ) ;
#3814 = ORIENTED_EDGE ( 'NONE', *, *, #6989, .T. ) ;
#3815 = VECTOR ( 'NONE', #6415, 39.37007874015748143 ) ;
#3816 = VECTOR ( 'NONE', #8062, 39.37007874015748143 ) ;
#3817 = EDGE_CURVE ( 'NONE', #2394, #1615, #490, .T. ) ;
#3818 = AXIS2_PLACEMENT_3D ( 'NONE', #416, #4914, #7857 ) ;
#3819 = DIRECTION ( 'NONE',  ( 0.000000000000000000, 0.000000000000000000, -1.000000000000000000 ) ) ;
#3820 = AXIS2_PLACEMENT_3D ( 'NONE', #1606, #6105, #3883 ) ;
#3821 = CARTESIAN_POINT ( 'NONE',  ( 0.1900000000000000300, 0.02500000000000000486, -0.05750000000000005107 ) ) ;
#3822 = ORIENTED_EDGE ( 'NONE', *, *, #1271, .T. ) ;
#3823 = LINE ( 'NONE', #6763, #8725 ) ;
#3824 = EDGE_CURVE ( 'NONE', #5926, #1047, #181, .T. ) ;
#3825 = CIRCLE ( 'NONE', #6136, 0.03249999999999999417 ) ;
#3826 = FACE_OUTER_BOUND ( 'NONE', #2979, .T. ) ;
#3827 = CARTESIAN_POINT ( 'NONE',  ( 0.1024999999999999800, 0.02500000000000000139, 0.1349999999999998701 ) ) ;
#3829 = CYLINDRICAL_SURFACE ( 'NONE', #728, 0.008233140283281080787 ) ;
#3828 =( CONVERSION_BASED_UNIT ( 'INCH', #8871 ) LENGTH_UNIT ( ) NAMED_UNIT ( #4162 ) );
#3830 = ORIENTED_EDGE ( 'NONE', *, *, #4847, .F. ) ;
#3831 = ORIENTED_EDGE ( 'NONE', *, *, #7012, .F. ) ;
#3832 = LINE ( 'NONE', #6771, #6666 ) ;
#3833 = AXIS2_PLACEMENT_3D ( 'NONE', #7618, #282, #5496 ) ;
#3834 =( LENGTH_UNIT ( ) NAMED_UNIT ( * ) SI_UNIT ( $, .METRE. ) );
#3835 = LINE ( 'NONE', #6773, #467 ) ;
#3836 = EDGE_CURVE ( 'NONE', #396, #9005, #764, .T. ) ;
#3837 = VERTEX_POINT ( 'NONE', #4717 ) ;
#3838 = ORIENTED_EDGE ( 'NONE', *, *, #1192, .T. ) ;
#3839 = CARTESIAN_POINT ( 'NONE',  ( 0.06330613088828378199, 0.06250000000000000000, 0.004999999999999889949 ) ) ;
#3840 = EDGE_CURVE ( 'NONE', #1808, #8560, #2390, .T. ) ;
#3841 = AXIS2_PLACEMENT_3D ( 'NONE', #6743, #9032, #4664 ) ;
#3842 = CARTESIAN_POINT ( 'NONE',  ( -0.05250000000000000500, 0.05000000000000000278, -0.2250000000000000333 ) ) ;
#3843 = DIRECTION ( 'NONE',  ( -1.000000000000000000, 0.000000000000000000, -5.335640612625516718E-17 ) ) ;
#3844 = CARTESIAN_POINT ( 'NONE',  ( -0.04499999999999998446, 0.02500000000000000139, 0.01999999999999989286 ) ) ;
#3845 = ORIENTED_EDGE ( 'NONE', *, *, #9193, .F. ) ;
#3846 = PLANE ( 'NONE',  #3241 ) ;
#3847 = AXIS2_PLACEMENT_3D ( 'NONE', #187, #3819, #7478 ) ;
#3848 = FILL_AREA_STYLE ('',( #7511 ) ) ;
#3849 = STYLED_ITEM ( 'NONE', ( #4022 ), #5982 ) ;
#3850 = CARTESIAN_POINT ( 'NONE',  ( -0.01978650686557555105, 0.02500000000000260347, -0.01543307086614264557 ) ) ;
#3851 = ORIENTED_EDGE ( 'NONE', *, *, #5388, .T. ) ;
#3852 = ORIENTED_EDGE ( 'NONE', *, *, #9365, .T. ) ;
#3853 = CARTESIAN_POINT ( 'NONE',  ( 0.000000000000000000, 0.05999999999999999778, 0.000000000000000000 ) ) ;
#3854 = ORIENTED_EDGE ( 'NONE', *, *, #2478, .F. ) ;
#3855 = EDGE_LOOP ( 'NONE', ( #5249, #1444, #6004, #990 ) ) ;
#3856 = LINE ( 'NONE', #901, #1788 ) ;
#3857 = CARTESIAN_POINT ( 'NONE',  ( -0.08559055118110156513, 0.06240157480315226129, -0.1035236220472452173 ) ) ;
#3858 = CARTESIAN_POINT ( 'NONE',  ( -0.08499999999999996447, 0.05000000000000000278, 0.01999999999999989286 ) ) ;
#3859 = CARTESIAN_POINT ( 'NONE',  ( -0.1037336785659956351, 0.05236220472441212304, -0.09023622047244214683 ) ) ;
#3860 = VECTOR ( 'NONE', #600, 39.37007874015748143 ) ;
#3861 = DIRECTION ( 'NONE',  ( 3.886975760670550640E-32, 1.000000000000000000, 1.138269997360109674E-16 ) ) ;
#3862 = VECTOR ( 'NONE', #6399, 39.37007874015748143 ) ;
#3863 = EDGE_LOOP ( 'NONE', ( #1123, #8546, #4165, #9299 ) ) ;
#3864 = DIRECTION ( 'NONE',  ( 3.491481338843133355E-15, 0.000000000000000000, -1.000000000000000000 ) ) ;
#3865 = CARTESIAN_POINT ( 'NONE',  ( 0.1525000000000000244, 0.02500000000000000139, 0.07499999999999988620 ) ) ;
#3866 = FACE_OUTER_BOUND ( 'NONE', #8091, .T. ) ;
#3867 = EDGE_CURVE ( 'NONE', #7756, #2115, #195, .T. ) ;
#3868 = AXIS2_PLACEMENT_3D ( 'NONE', #151, #5512, #386 ) ;
#3869 = ORIENTED_EDGE ( 'NONE', *, *, #8793, .T. ) ;
#3870 = CYLINDRICAL_SURFACE ( 'NONE', #7662, 0.008233140283281080787 ) ;
#3871 = DIRECTION ( 'NONE',  ( -0.000000000000000000, -0.000000000000000000, -1.000000000000000000 ) ) ;
#3872 = FACE_OUTER_BOUND ( 'NONE', #1379, .T. ) ;
#3873 = CARTESIAN_POINT ( 'NONE',  ( 0.06250000000000001388, 0.02500000000000000139, 0.1099999999999999034 ) ) ;
#3874 = ORIENTED_EDGE ( 'NONE', *, *, #1679, .T. ) ;
#3875 = ORIENTED_EDGE ( 'NONE', *, *, #9014, .T. ) ;
#3876 = DIRECTION ( 'NONE',  ( 0.000000000000000000, 0.000000000000000000, -1.000000000000000000 ) ) ;
#3877 = DIRECTION ( 'NONE',  ( 0.000000000000000000, 0.000000000000000000, 1.000000000000000000 ) ) ;
#3878 = CARTESIAN_POINT ( 'NONE',  ( 0.1500000000000000500, 0.000000000000000000, 0.1999999999999999556 ) ) ;
#3879 = ORIENTED_EDGE ( 'NONE', *, *, #4105, .T. ) ;
#3880 = ORIENTED_EDGE ( 'NONE', *, *, #7454, .T. ) ;
#3881 = DIRECTION ( 'NONE',  ( 1.000000000000000000, -0.000000000000000000, 0.000000000000000000 ) ) ;
#3882 = VECTOR ( 'NONE', #4968, 39.37007874015748143 ) ;
#3883 = DIRECTION ( 'NONE',  ( 0.000000000000000000, -0.000000000000000000, -1.000000000000000000 ) ) ;
#3884 = DIRECTION ( 'NONE',  ( 3.491481338843132961E-15, 0.000000000000000000, -1.000000000000000000 ) ) ;
#3885 = CARTESIAN_POINT ( 'NONE',  ( -0.01226377952755827554, 0.04412906444113104398, -0.1050000000000008843 ) ) ;
#3886 = EDGE_CURVE ( 'NONE', #5322, #4416, #6221, .T. ) ;
#3887 = ORIENTED_EDGE ( 'NONE', *, *, #4105, .F. ) ;
#3888 = LINE ( 'NONE', #6257, #6031 ) ;
#3889 =( NAMED_UNIT ( * ) PLANE_ANGLE_UNIT ( ) SI_UNIT ( $, .RADIAN. ) );
#3890 = CARTESIAN_POINT ( 'NONE',  ( 0.1674999999999999822, 0.06000000000000001166, 0.1349999999999998979 ) ) ;
#3891 = ORIENTED_EDGE ( 'NONE', *, *, #4986, .T. ) ;
#3892 = DIRECTION ( 'NONE',  ( 0.000000000000000000, 0.000000000000000000, 1.000000000000000000 ) ) ;
#3893 = EDGE_LOOP ( 'NONE', ( #2349, #6386, #2174, #5921 ) ) ;
#3894 = ORIENTED_EDGE ( 'NONE', *, *, #4824, .F. ) ;
#3895 = DIRECTION ( 'NONE',  ( 1.000000000000000000, -0.000000000000000000, 5.335640612625516718E-17 ) ) ;
#3896 = CARTESIAN_POINT ( 'NONE',  ( -0.1149772726619825852, 0.02500000000000260347, -0.01543307086614296997 ) ) ;
#3897 = CARTESIAN_POINT ( 'NONE',  ( -0.09937007874015681141, 0.04665354330708929020, -0.06759842519685158035 ) ) ;
#3898 = LINE ( 'NONE', #224, #3905 ) ;
#3899 = DIRECTION ( 'NONE',  ( 0.000000000000000000, -0.000000000000000000, -1.000000000000000000 ) ) ;
#3900 = CARTESIAN_POINT ( 'NONE',  ( -0.04999999999999996808, 0.02500000000000000139, -0.1649999999999999800 ) ) ;
#3901 = ADVANCED_FACE ( 'NONE', ( #8425 ), #4092, .F. ) ;
#3902 = LINE ( 'NONE', #1098, #2259 ) ;
#3903 = EDGE_LOOP ( 'NONE', ( #3213, #1929, #3031, #8303 ) ) ;
#3904 =( GEOMETRIC_REPRESENTATION_CONTEXT ( 3 ) GLOBAL_UNCERTAINTY_ASSIGNED_CONTEXT ( ( #1350 ) ) GLOBAL_UNIT_ASSIGNED_CONTEXT ( ( #501, #7847, #9419 ) ) REPRESENTATION_CONTEXT ( 'NONE', 'WORKASPACE' ) );
#3905 = VECTOR ( 'NONE', #4673, 39.37007874015748143 ) ;
#3906 = CARTESIAN_POINT ( 'NONE',  ( -0.1224999999999993733, 0.03070866141732548488, -0.05283464566929260697 ) ) ;
#3907 = FACE_OUTER_BOUND ( 'NONE', #5877, .T. ) ;
#3908 = DIRECTION ( 'NONE',  ( -1.000000000000000000, 0.000000000000000000, -3.381697939848011828E-15 ) ) ;
#3909 = ADVANCED_FACE ( 'NONE', ( #1040 ), #5447, .T. ) ;
#3910 = ORIENTED_EDGE ( 'NONE', *, *, #1824, .T. ) ;
#3911 = PRESENTATION_LAYER_ASSIGNMENT (  '', '', ( #7450 ) ) ;
#3912 = DIRECTION ( 'NONE',  ( 3.491481338843133355E-15, 0.000000000000000000, -1.000000000000000000 ) ) ;
#3913 = DIRECTION ( 'NONE',  ( -3.175611872224893045E-15, -0.1736481776669307198, 0.9848077530122080203 ) ) ;
#3914 = EDGE_CURVE ( 'NONE', #2668, #3805, #9289, .T. ) ;
#3915 = LINE ( 'NONE', #8205, #158 ) ;
#3916 = CARTESIAN_POINT ( 'NONE',  ( -0.01749999999999997391, 0.02500000000000000139, -0.2000000000000000111 ) ) ;
#3917 = ORIENTED_EDGE ( 'NONE', *, *, #655, .F. ) ;
#3918 = EDGE_LOOP ( 'NONE', ( #8122, #475, #7379, #7600 ) ) ;
#3919 = DIRECTION ( 'NONE',  ( 3.175611872224893045E-15, -0.1736481776669307198, -0.9848077530122080203 ) ) ;
#3920 = CIRCLE ( 'NONE', #5164, 0.03249999999999999417 ) ;
#3921 = ADVANCED_FACE ( 'NONE', ( #6125 ), #8474, .F. ) ;
#3922 = CARTESIAN_POINT ( 'NONE',  ( -0.04499999999999998446, 0.04999999999999999584, 0.01999999999999987899 ) ) ;
#3923 = EDGE_CURVE ( 'NONE', #5779, #1339, #3109, .T. ) ;
#3924 = PLANE ( 'NONE',  #5716 ) ;
#3925 = EDGE_LOOP ( 'NONE', ( #4137, #3172, #2397, #4096 ) ) ;
#3926 = ADVANCED_FACE ( 'NONE', ( #1761 ), #8329, .F. ) ;
#3927 = EDGE_LOOP ( 'NONE', ( #5451, #5138, #9270, #1279 ) ) ;
#3928 = CARTESIAN_POINT ( 'NONE',  ( -0.03640029181900428928, 0.05236220472441212304, -0.09023622047244189703 ) ) ;
#3929 = DIRECTION ( 'NONE',  ( 0.000000000000000000, 0.000000000000000000, -1.000000000000000000 ) ) ;
#3930 = ORIENTED_EDGE ( 'NONE', *, *, #6758, .T. ) ;
#3931 = CARTESIAN_POINT ( 'NONE',  ( -0.02280479680351599203, 0.04448818897638057157, -0.1050000000000009259 ) ) ;
#3932 = ORIENTED_EDGE ( 'NONE', *, *, #145, .T. ) ;
#3933 = EDGE_CURVE ( 'NONE', #3291, #6473, #951, .T. ) ;
#3934 = LINE ( 'NONE', #3156, #3090 ) ;
#3935 = DIRECTION ( 'NONE',  ( 0.000000000000000000, -0.000000000000000000, -1.000000000000000000 ) ) ;
#3936 = DIRECTION ( 'NONE',  ( 0.000000000000000000, 0.000000000000000000, -1.000000000000000000 ) ) ;
#3937 = ORIENTED_EDGE ( 'NONE', *, *, #1556, .F. ) ;
#3938 = DIRECTION ( 'NONE',  ( 0.000000000000000000, 1.000000000000000000, 0.000000000000000000 ) ) ;
#3939 = ORIENTED_EDGE ( 'NONE', *, *, #1930, .T. ) ;
#3940 = ORIENTED_EDGE ( 'NONE', *, *, #9098, .F. ) ;
#3941 = CARTESIAN_POINT ( 'NONE',  ( 0.000000000000000000, 0.02500000000000000139, 0.000000000000000000 ) ) ;
#3942 = DIRECTION ( 'NONE',  ( 0.000000000000000000, 0.000000000000000000, 1.000000000000000000 ) ) ;
#3943 = LINE ( 'NONE', #8235, #871 ) ;
#3944 = FACE_OUTER_BOUND ( 'NONE', #6265, .T. ) ;
#3945 = LINE ( 'NONE', #225, #1303 ) ;
#3946 = EDGE_CURVE ( 'NONE', #3148, #5694, #5489, .T. ) ;
#3947 = DIRECTION ( 'NONE',  ( 0.000000000000000000, -0.000000000000000000, -1.000000000000000000 ) ) ;
#3948 = VECTOR ( 'NONE', #2907, 39.37007874015748143 ) ;
#3949 = LINE ( 'NONE', #228, #3187 ) ;
#3950 = VERTEX_POINT ( 'NONE', #1139 ) ;
#3951 = AXIS2_PLACEMENT_3D ( 'NONE', #5241, #1517, #6599 ) ;
#3952 = CARTESIAN_POINT ( 'NONE',  ( -0.1224999999999995121, 0.02500000000000265205, -0.01543307086614296997 ) ) ;
#3953 = EDGE_CURVE ( 'NONE', #6250, #5043, #6174, .T. ) ;
#3954 = LINE ( 'NONE', #6137, #8438 ) ;
#3955 = EDGE_CURVE ( 'NONE', #8676, #2916, #3166, .T. ) ;
#3956 = LENGTH_MEASURE_WITH_UNIT ( LENGTH_MEASURE( 0.02539999999999999897 ), #9055 );
#3957 = AXIS2_PLACEMENT_3D ( 'NONE', #6629, #19, #2953 ) ;
#3958 = ORIENTED_EDGE ( 'NONE', *, *, #6944, .T. ) ;
#3959 = AXIS2_PLACEMENT_3D ( 'NONE', #221, #4713, #3994 ) ;
#3960 = CARTESIAN_POINT ( 'NONE',  ( -0.07499999999999996947, 0.04999999999999999584, 0.01999999999999989286 ) ) ;
#3961 = CARTESIAN_POINT ( 'NONE',  ( 0.1500000000000000500, 0.000000000000000000, 0.1999999999999999556 ) ) ;
#3962 = VECTOR ( 'NONE', #7003, 39.37007874015748143 ) ;
#3963 = FACE_BOUND ( 'NONE', #5857, .T. ) ;
#3965 = DIRECTION ( 'NONE',  ( 3.491481338843133355E-15, 0.000000000000000000, -1.000000000000000000 ) ) ;
#3964 = LINE ( 'NONE', #4788, #587 ) ;
#3966 = AXIS2_PLACEMENT_3D ( 'NONE', #4873, #9247, #4145 ) ;
#3967 = ADVANCED_FACE ( 'NONE', ( #6986 ), #1674, .T. ) ;
#3968 = EDGE_LOOP ( 'NONE', ( #8783, #6450, #1080, #6431 ) ) ;
#3969 = CIRCLE ( 'NONE', #7213, 0.03249999999999999417 ) ;
#3970 = ORIENTED_EDGE ( 'NONE', *, *, #1117, .F. ) ;
#3971 = LINE ( 'NONE', #1119, #2910 ) ;
#3972 = AXIS2_PLACEMENT_3D ( 'NONE', #6372, #5773, #2052 ) ;
#3973 = DIRECTION ( 'NONE',  ( 0.000000000000000000, 0.000000000000000000, 1.000000000000000000 ) ) ;
#3974 = AXIS2_PLACEMENT_3D ( 'NONE', #1355, #3480, #2803 ) ;
#3975 = ORIENTED_EDGE ( 'NONE', *, *, #3602, .F. ) ;
#3976 = ORIENTED_EDGE ( 'NONE', *, *, #918, .T. ) ;
#3977 = FILL_AREA_STYLE ('',( #2374 ) ) ;
#3978 = FACE_OUTER_BOUND ( 'NONE', #3302, .T. ) ;
#3979 = EDGE_CURVE ( 'NONE', #7467, #632, #3898, .T. ) ;
#3980 = ADVANCED_FACE ( 'NONE', ( #3944 ), #9042, .T. ) ;
#3981 = EDGE_LOOP ( 'NONE', ( #4468, #3377, #6346, #473 ) ) ;
#3982 = CARTESIAN_POINT ( 'NONE',  ( 0.02250000000000000611, 0.02500000000000000139, 0.1249999999999999029 ) ) ;
#3983 = CIRCLE ( 'NONE', #8444, 0.002524478865958239282 ) ;
#3984 = ORIENTED_EDGE ( 'NONE', *, *, #192, .T. ) ;
#3985 = CARTESIAN_POINT ( 'NONE',  ( -0.08559055118110156513, 0.06240157480315226129, -0.1035236220472452173 ) ) ;
#3986 = ADVANCED_FACE ( 'NONE', ( #1332 ), #9243, .F. ) ;
#3987 = CARTESIAN_POINT ( 'NONE',  ( -0.1249999999999999445, 0.02500000000000000139, 0.1349999999999998979 ) ) ;
#3988 = CARTESIAN_POINT ( 'NONE',  ( 0.2000000000000000389, 0.02500000000000000139, 0.2499999999999998890 ) ) ;
#3989 = ORIENTED_EDGE ( 'NONE', *, *, #7091, .T. ) ;
#3990 = DIRECTION ( 'NONE',  ( 1.000000000000000000, 0.000000000000000000, 0.000000000000000000 ) ) ;
#3991 = VECTOR ( 'NONE', #2239, 39.37007874015748143 ) ;
#3992 = VERTEX_POINT ( 'NONE', #5591 ) ;
#3993 = VERTEX_POINT ( 'NONE', #7230 ) ;
#3994 = DIRECTION ( 'NONE',  ( 1.000000000000000000, 0.000000000000000000, 0.000000000000000000 ) ) ;
#3995 = LINE ( 'NONE', #3266, #5510 ) ;
#3996 = CARTESIAN_POINT ( 'NONE',  ( 0.1674999999999999822, 0.06000000000000001166, 0.03499999999999989231 ) ) ;
#3997 = CARTESIAN_POINT ( 'NONE',  ( 0.1500000000000000500, 0.000000000000000000, 0.1999999999999999556 ) ) ;
#3998 = VECTOR ( 'NONE', #9250, 39.37007874015748143 ) ;
#3999 = AXIS2_PLACEMENT_3D ( 'NONE', #247, #2460, #883 ) ;
#4000 = DIRECTION ( 'NONE',  ( 1.000000000000000000, -0.000000000000000000, -1.067128122525103097E-16 ) ) ;
#4001 = ORIENTED_EDGE ( 'NONE', *, *, #3867, .T. ) ;
#4002 = CARTESIAN_POINT ( 'NONE',  ( -0.01978650686557548166, 0.03323314028328368253, -0.05283464566929224615 ) ) ;
#4003 = VERTEX_POINT ( 'NONE', #1289 ) ;
#4004 = AXIS2_PLACEMENT_3D ( 'NONE', #6228, #604, #6951 ) ;
#4005 = CARTESIAN_POINT ( 'NONE',  ( -0.009999999999999995004, 0.05000000000000000278, -0.2250000000000000333 ) ) ;
#4006 = DIRECTION ( 'NONE',  ( -0.000000000000000000, -1.000000000000000000, 0.000000000000000000 ) ) ;
#4007 = DIRECTION ( 'NONE',  ( 0.000000000000000000, 1.000000000000000000, 0.000000000000000000 ) ) ;
#4008 = VERTEX_POINT ( 'NONE', #8521 ) ;
#4009 = ADVANCED_FACE ( 'NONE', ( #8660 ), #4236, .F. ) ;
#4010 = VECTOR ( 'NONE', #1284, 39.37007874015748143 ) ;
#4011 =( LENGTH_UNIT ( ) NAMED_UNIT ( * ) SI_UNIT ( $, .METRE. ) );
#4012 = EDGE_CURVE ( 'NONE', #4146, #6193, #4366, .T. ) ;
#4013 = DIRECTION ( 'NONE',  ( -3.491481338843132961E-15, 2.610670105356085062E-29, 1.000000000000000000 ) ) ;
#4014 = FACE_OUTER_BOUND ( 'NONE', #2527, .T. ) ;
#4016 = CARTESIAN_POINT ( 'NONE',  ( 0.08250000000000003164, 0.02500000000000000139, 0.1674999999999999545 ) ) ;
#4015 = DIRECTION ( 'NONE',  ( 8.758115402030106693E-47, -1.000000000000000000, -1.463489996605855394E-15 ) ) ;
#4017 = VECTOR ( 'NONE', #2412, 39.37007874015748143 ) ;
#4018 = AXIS2_PLACEMENT_3D ( 'NONE', #3985, #6207, #7703 ) ;
#4019 = EDGE_LOOP ( 'NONE', ( #5145, #8182, #7497, #899 ) ) ;
#4020 = EDGE_LOOP ( 'NONE', ( #489, #2789, #8965, #84, #5670, #8591, #8367, #8314, #1352, #3650, #5815, #6194 ) ) ;
#4021 = LINE ( 'NONE', #6963, #2027 ) ;
#4022 = PRESENTATION_STYLE_ASSIGNMENT (( #7690 ) ) ;
#4023 = CARTESIAN_POINT ( 'NONE',  ( -0.1499999999999999667, 0.000000000000000000, 0.1674999999999999545 ) ) ;
#4024 = ORIENTED_EDGE ( 'NONE', *, *, #4917, .F. ) ;
#4025 = VERTEX_POINT ( 'NONE', #607 ) ;
#4026 = DIRECTION ( 'NONE',  ( -3.491481338843132961E-15, -0.000000000000000000, 1.000000000000000000 ) ) ;
#4027 = FACE_OUTER_BOUND ( 'NONE', #3574, .T. ) ;
#4028 = VERTEX_POINT ( 'NONE', #557 ) ;
#4029 = LINE ( 'NONE', #7644, #7475 ) ;
#4030 = EDGE_LOOP ( 'NONE', ( #9057, #2529, #5198, #235 ) ) ;
#4031 = LINE ( 'NONE', #170, #7877 ) ;
#4032 = VECTOR ( 'NONE', #815, 39.37007874015748143 ) ;
#4033 = PLANE ( 'NONE',  #7997 ) ;
#4034 = ADVANCED_FACE ( 'NONE', ( #7947 ), #3512, .F. ) ;
#4035 = ORIENTED_EDGE ( 'NONE', *, *, #4640, .F. ) ;
#4036 = CARTESIAN_POINT ( 'NONE',  ( -0.05250000000000000500, 0.02500000000000000139, -0.2250000000000000333 ) ) ;
#4037 = VERTEX_POINT ( 'NONE', #8701 ) ;
#4038 = EDGE_LOOP ( 'NONE', ( #3705, #5144, #8056, #2799 ) ) ;
#4039 = CARTESIAN_POINT ( 'NONE',  ( 0.1500000000000000500, 0.000000000000000000, 0.1674999999999999545 ) ) ;
#4040 = STYLED_ITEM ( 'NONE', ( #9118 ), #2200 ) ;
#4041 = DIRECTION ( 'NONE',  ( 0.000000000000000000, 1.000000000000000000, 0.000000000000000000 ) ) ;
#4042 = DIRECTION ( 'NONE',  ( 0.000000000000000000, -0.000000000000000000, 1.000000000000000000 ) ) ;
#4043 = DIRECTION ( 'NONE',  ( 3.006875982979155331E-44, -1.024619509027000853E-29, -1.000000000000000000 ) ) ;
#4044 = CARTESIAN_POINT ( 'NONE',  ( 0.1674999999999999822, 0.02500000000000000139, 0.09499999999999990397 ) ) ;
#4045 = EDGE_CURVE ( 'NONE', #6605, #6762, #6508, .T. ) ;
#4046 = AXIS2_PLACEMENT_3D ( 'NONE', #1481, #5161, #5832 ) ;
#4047 = DIRECTION ( 'NONE',  ( 3.491481338843132961E-15, 0.000000000000000000, -1.000000000000000000 ) ) ;
#4048 = LINE ( 'NONE', #4722, #7825 ) ;
#4049 = ORIENTED_EDGE ( 'NONE', *, *, #8793, .F. ) ;
#4050 = ORIENTED_EDGE ( 'NONE', *, *, #3297, .T. ) ;
#4051 = LINE ( 'NONE', #3229, #8912 ) ;
#4052 = CARTESIAN_POINT ( 'NONE',  ( 0.1749999999999999056, 0.1000000000000000194, -0.2075367965644036861 ) ) ;
#4053 = CLOSED_SHELL ( 'NONE', ( #4744, #3169, #8088, #9046, #4102, #3182, #9157, #7430, #2683, #4666 ) ) ;
#4054 = DIRECTION ( 'NONE',  ( -0.000000000000000000, -0.000000000000000000, 1.000000000000000000 ) ) ;
#4055 = EDGE_LOOP ( 'NONE', ( #4975, #3352, #17, #8280 ) ) ;
#4056 = VECTOR ( 'NONE', #4043, 39.37007874015748143 ) ;
#4057 = CARTESIAN_POINT ( 'NONE',  ( -0.1499999999999999667, 0.000000000000000000, 0.1999999999999999556 ) ) ;
#4058 = DIRECTION ( 'NONE',  ( 3.491481338843133355E-15, 0.000000000000000000, -1.000000000000000000 ) ) ;
#4060 = FACE_OUTER_BOUND ( 'NONE', #7077, .T. ) ;
#4059 = CARTESIAN_POINT ( 'NONE',  ( -0.04499999999999998446, 0.02500000000000000139, 0.01999999999999987899 ) ) ;
#4061 =( GEOMETRIC_REPRESENTATION_CONTEXT ( 3 ) GLOBAL_UNCERTAINTY_ASSIGNED_CONTEXT ( ( #9256 ) ) GLOBAL_UNIT_ASSIGNED_CONTEXT ( ( #4269, #4130, #1373 ) ) REPRESENTATION_CONTEXT ( 'NONE', 'WORKASPACE' ) );
#4062 = ORIENTED_EDGE ( 'NONE', *, *, #3271, .F. ) ;
#4063 = EDGE_LOOP ( 'NONE', ( #2625, #4526, #1177, #303 ) ) ;
#4064 = FACE_OUTER_BOUND ( 'NONE', #3968, .T. ) ;
#4065 = FILL_AREA_STYLE_COLOUR ( '', #5698 ) ;
#4066 =( GEOMETRIC_REPRESENTATION_CONTEXT ( 3 ) GLOBAL_UNCERTAINTY_ASSIGNED_CONTEXT ( ( #1921 ) ) GLOBAL_UNIT_ASSIGNED_CONTEXT ( ( #1416, #788, #1555 ) ) REPRESENTATION_CONTEXT ( 'NONE', 'WORKASPACE' ) );
#4067 = DIRECTION ( 'NONE',  ( -1.000000000000000000, 0.000000000000000000, 6.829619984160656074E-16 ) ) ;
#4068 = LINE ( 'NONE', #7164, #6630 ) ;
#4069 = ORIENTED_EDGE ( 'NONE', *, *, #9491, .F. ) ;
#4070 = EDGE_CURVE ( 'NONE', #7009, #1857, #2632, .T. ) ;
#4071 = PLANE ( 'NONE',  #6872 ) ;
#4072 = DIRECTION ( 'NONE',  ( -1.000000000000000000, -0.000000000000000000, -3.491481338843132961E-15 ) ) ;
#4073 = ORIENTED_EDGE ( 'NONE', *, *, #8080, .T. ) ;
#4074 =( LENGTH_UNIT ( ) NAMED_UNIT ( * ) SI_UNIT ( $, .METRE. ) );
#4075 = ORIENTED_EDGE ( 'NONE', *, *, #827, .F. ) ;
#4076 = STYLED_ITEM ( 'NONE', ( #8476 ), #9201 ) ;
#4077 = LINE ( 'NONE', #545, #5718 ) ;
#4078 = ADVANCED_FACE ( 'NONE', ( #6464 ), #1906, .F. ) ;
#4079 = DIRECTION ( 'NONE',  ( 1.000000000000000000, 0.000000000000000000, 0.000000000000000000 ) ) ;
#4080 = EDGE_CURVE ( 'NONE', #3468, #3553, #6418, .T. ) ;
#4081 = DIRECTION ( 'NONE',  ( -3.491481338843133355E-15, -0.000000000000000000, 1.000000000000000000 ) ) ;
#4082 = ORIENTED_EDGE ( 'NONE', *, *, #1094, .F. ) ;
#4083 = ADVANCED_FACE ( 'NONE', ( #7808 ), #9331, .F. ) ;
#4084 = CARTESIAN_POINT ( 'NONE',  ( -0.1299999999999999212, 0.05000000000000000278, 6.341789985292029753E-17 ) ) ;
#4085 = ADVANCED_FACE ( 'NONE', ( #1955 ), #8565, .F. ) ;
#4086 = ORIENTED_EDGE ( 'NONE', *, *, #3550, .T. ) ;
#4087 = VECTOR ( 'NONE', #2729, 39.37007874015748854 ) ;
#4088 = EDGE_LOOP ( 'NONE', ( #666, #5561, #1156, #3598 ) ) ;
#4089 = CARTESIAN_POINT ( 'NONE',  ( 0.1674999999999999822, 0.2541640786499874127, 0.07499999999999988620 ) ) ;
#4090 = DIRECTION ( 'NONE',  ( 3.491481338843133355E-15, 0.000000000000000000, -1.000000000000000000 ) ) ;
#4091 = CARTESIAN_POINT ( 'NONE',  ( -0.08559055118110156513, 0.06240157480315226129, -0.1035236220472452173 ) ) ;
#4092 = PLANE ( 'NONE',  #2328 ) ;
#4093 =( NAMED_UNIT ( * ) PLANE_ANGLE_UNIT ( ) SI_UNIT ( $, .RADIAN. ) );
#4094 = EDGE_CURVE ( 'NONE', #5517, #525, #4326, .T. ) ;
#4095 = DIRECTION ( 'NONE',  ( 3.006875982979155331E-44, -1.024619509027000853E-29, -1.000000000000000000 ) ) ;
#4096 = ORIENTED_EDGE ( 'NONE', *, *, #6111, .F. ) ;
#4097 = CARTESIAN_POINT ( 'NONE',  ( -0.08559055118110156513, 0.06437007874016013875, -0.1084448818897649075 ) ) ;
#4098 = VERTEX_POINT ( 'NONE', #3368 ) ;
#4099 = CARTESIAN_POINT ( 'NONE',  ( 0.06330613088828378199, 0.02500000000000000139, -2.702230103965708788E-17 ) ) ;
#4100 = LINE ( 'NONE', #8439, #727 ) ;
#4101 = CARTESIAN_POINT ( 'NONE',  ( 0.000000000000000000, 0.05000000000000000278, 0.000000000000000000 ) ) ;
#4102 = ADVANCED_FACE ( 'NONE', ( #1185 ), #7904, .T. ) ;
#4103 = ORIENTED_EDGE ( 'NONE', *, *, #1651, .T. ) ;
#4104 = COLOUR_RGB ( '',0.4862745098039215619, 0.2352941176470588203, 0.01568627450980392135 ) ;
#4105 = EDGE_CURVE ( 'NONE', #6150, #3414, #3419, .T. ) ;
#4106 = PLANE ( 'NONE',  #106 ) ;
#4107 = ADVANCED_FACE ( 'NONE', ( #5632 ), #9287, .F. ) ;
#4108 = ORIENTED_EDGE ( 'NONE', *, *, #8069, .T. ) ;
#4109 = CARTESIAN_POINT ( 'NONE',  ( -0.1149772726619824464, 0.03070866141732543284, -0.03019685039370202315 ) ) ;
#4110 = VECTOR ( 'NONE', #7681, 39.37007874015748143 ) ;
#4112 = CARTESIAN_POINT ( 'NONE',  ( 0.1900000000000000300, 0.04249999999999999611, -0.05750000000000003025 ) ) ;
#4111 = CARTESIAN_POINT ( 'NONE',  ( 0.03498160171779804428, 0.08250000000000003164, -0.2175183982822015971 ) ) ;
#4113 = VECTOR ( 'NONE', #7152, 39.37007874015748143 ) ;
#4114 = EDGE_LOOP ( 'NONE', ( #5594, #7146, #7842, #1129, #6972, #3854 ) ) ;
#4115 = EDGE_CURVE ( 'NONE', #8590, #1791, #798, .T. ) ;
#4116 = VERTEX_POINT ( 'NONE', #1426 ) ;
#4117 = CARTESIAN_POINT ( 'NONE',  ( -0.03539370078740091546, 0.04665354330708928327, -0.05283464566929230166 ) ) ;
#4118 = VECTOR ( 'NONE', #4627, 39.37007874015748143 ) ;
#4119 = CIRCLE ( 'NONE', #9495, 0.03249999999999999417 ) ;
#4120 = FACE_OUTER_BOUND ( 'NONE', #5192, .T. ) ;
#4121 = AXIS2_PLACEMENT_3D ( 'NONE', #2399, #3912, #5316 ) ;
#4122 = LINE ( 'NONE', #494, #1228 ) ;
#4123 = ORIENTED_EDGE ( 'NONE', *, *, #5363, .F. ) ;
#4124 = DIRECTION ( 'NONE',  ( 1.000000000000000000, 0.000000000000000000, -0.000000000000000000 ) ) ;
#4125 = AXIS2_PLACEMENT_3D ( 'NONE', #816, #4442, #8096 ) ;
#4126 = AXIS2_PLACEMENT_3D ( 'NONE', #874, #5227, #6148 ) ;
#4127 = ORIENTED_EDGE ( 'NONE', *, *, #2478, .T. ) ;
#4128 = ORIENTED_EDGE ( 'NONE', *, *, #5111, .T. ) ;
#4129 = DIRECTION ( 'NONE',  ( -1.000000000000000000, -3.381697939847988951E-15, -6.763395879695977903E-15 ) ) ;
#4130 =( NAMED_UNIT ( * ) PLANE_ANGLE_UNIT ( ) SI_UNIT ( $, .RADIAN. ) );
#4131 = ADVANCED_FACE ( 'NONE', ( #7458 ), #653, .F. ) ;
#4132 = MECHANICAL_DESIGN_GEOMETRIC_PRESENTATION_REPRESENTATION (  '', ( #3197 ), #8893 ) ;
#4133 = CARTESIAN_POINT ( 'NONE',  ( 0.1525000000000000244, 0.05999999999999999778, 0.07499999999999988620 ) ) ;
#4134 = ORIENTED_EDGE ( 'NONE', *, *, #583, .F. ) ;
#4135 = CARTESIAN_POINT ( 'NONE',  ( 0.06250000000000001388, 0.02500000000000000139, 0.1099999999999999034 ) ) ;
#4136 = ORIENTED_EDGE ( 'NONE', *, *, #2578, .T. ) ;
#4137 = ORIENTED_EDGE ( 'NONE', *, *, #5382, .F. ) ;
#4138 = CARTESIAN_POINT ( 'NONE',  ( 0.1000000000000000056, 0.06950960878969847379, -0.1449999999999999900 ) ) ;
#4139 = DIRECTION ( 'NONE',  ( 3.491481338843133355E-15, 0.000000000000000000, -1.000000000000000000 ) ) ;
#4140 = CARTESIAN_POINT ( 'NONE',  ( -0.08499999999999996447, 0.05000000000000000278, 0.01999999999999989286 ) ) ;
#4141 = CARTESIAN_POINT ( 'NONE',  ( 0.1366938691117163263, 0.06250000000000000000, 0.000000000000000000 ) ) ;
#4142 =( NAMED_UNIT ( * ) PLANE_ANGLE_UNIT ( ) SI_UNIT ( $, .RADIAN. ) );
#4143 = DIRECTION ( 'NONE',  ( 0.000000000000000000, 0.000000000000000000, 1.000000000000000000 ) ) ;
#4144 = VECTOR ( 'NONE', #4960, 39.37007874015748143 ) ;
#4145 = DIRECTION ( 'NONE',  ( 0.000000000000000000, -0.000000000000000000, 1.000000000000000000 ) ) ;
#4146 = VERTEX_POINT ( 'NONE', #2869 ) ;
#4147 = ORIENTED_EDGE ( 'NONE', *, *, #2800, .F. ) ;
#4148 = DIRECTION ( 'NONE',  ( -1.000000000000000000, -0.000000000000000000, -0.000000000000000000 ) ) ;
#4149 = ORIENTED_EDGE ( 'NONE', *, *, #1658, .F. ) ;
#4150 = CIRCLE ( 'NONE', #1524, 0.002524478865958247956 ) ;
#4151 = DIRECTION ( 'NONE',  ( -0.1710878697460361531, -0.9702875252478139201, 0.1710878697460352094 ) ) ;
#4152 = SURFACE_STYLE_USAGE ( .BOTH. , #1919 ) ;
#4153 = VERTEX_POINT ( 'NONE', #8939 ) ;
#4154 = PLANE ( 'NONE',  #3502 ) ;
#4155 = AXIS2_PLACEMENT_3D ( 'NONE', #2802, #8102, #6527 ) ;
#4156 = ORIENTED_EDGE ( 'NONE', *, *, #8895, .F. ) ;
#4157 = ADVANCED_FACE ( 'NONE', ( #2922 ), #7365, .F. ) ;
#4158 = DIRECTION ( 'NONE',  ( 0.000000000000000000, 0.000000000000000000, -1.000000000000000000 ) ) ;
#4159 = AXIS2_PLACEMENT_3D ( 'NONE', #6351, #4218, #5524 ) ;
#4161 = LINE ( 'NONE', #1980, #3332 ) ;
#4160 = DIRECTION ( 'NONE',  ( 1.000000000000000000, -0.000000000000000000, 0.000000000000000000 ) ) ;
#4162 = DIMENSIONAL_EXPONENTS ( 1.000000000000000000, 0.000000000000000000, 0.000000000000000000, 0.000000000000000000, 0.000000000000000000, 0.000000000000000000, 0.000000000000000000 ) ;
#4163 = CLOSED_SHELL ( 'NONE', ( #2361, #8545, #3909, #4209, #199, #2086 ) ) ;
#4164 = VECTOR ( 'NONE', #6025, 39.37007874015748143 ) ;
#4165 = ORIENTED_EDGE ( 'NONE', *, *, #9310, .T. ) ;
#4166 = EDGE_LOOP ( 'NONE', ( #5723, #1667, #2505, #2332 ) ) ;
#4167 = EDGE_CURVE ( 'NONE', #2646, #4984, #9472, .T. ) ;
#4168 = CARTESIAN_POINT ( 'NONE',  ( 0.1000000000000000056, 0.06950960878969847379, -0.1449999999999999900 ) ) ;
#4169 = LINE ( 'NONE', #7116, #1832 ) ;
#4170 = AXIS2_PLACEMENT_3D ( 'NONE', #8978, #3783, #3973 ) ;
#4171 = DIRECTION ( 'NONE',  ( -1.000000000000000000, -2.934626909294889977E-15, 0.000000000000000000 ) ) ;
#4172 = VECTOR ( 'NONE', #455, 39.37007874015748143 ) ;
#4173 = ORIENTED_EDGE ( 'NONE', *, *, #1824, .F. ) ;
#4174 = DIRECTION ( 'NONE',  ( 0.000000000000000000, 0.000000000000000000, 1.000000000000000000 ) ) ;
#4175 = ORIENTED_EDGE ( 'NONE', *, *, #877, .F. ) ;
#4176 = CARTESIAN_POINT ( 'NONE',  ( 0.02874999999999996655, 0.02500000000000002914, -0.2324999999999999845 ) ) ;
#4177 = ORIENTED_EDGE ( 'NONE', *, *, #8250, .T. ) ;
#4178 = CYLINDRICAL_SURFACE ( 'NONE', #4485, 0.002524478865958256196 ) ;
#4179 = DIRECTION ( 'NONE',  ( 0.000000000000000000, 0.000000000000000000, 1.000000000000000000 ) ) ;
#4180 = CARTESIAN_POINT ( 'NONE',  ( -0.1499999999999999667, 0.000000000000000000, 0.1999999999999999556 ) ) ;
#4181 = VERTEX_POINT ( 'NONE', #7414 ) ;
#4182 = CARTESIAN_POINT ( 'NONE',  ( 0.1366938691117163263, 0.06250000000000000000, -0.03500000000000010741 ) ) ;
#4183 = EDGE_LOOP ( 'NONE', ( #7943, #9293, #28, #155 ) ) ;
#4184 = ORIENTED_EDGE ( 'NONE', *, *, #71, .F. ) ;
#4185 = PLANE ( 'NONE',  #3032 ) ;
#4186 = CARTESIAN_POINT ( 'NONE',  ( 0.1899999999999999745, 5.711474587107755386E-32, -0.2137500000000000788 ) ) ;
#4187 = PLANE ( 'NONE',  #2721 ) ;
#4188 = CARTESIAN_POINT ( 'NONE',  ( 0.000000000000000000, 0.02500000000000000139, 0.000000000000000000 ) ) ;
#4189 = EDGE_CURVE ( 'NONE', #739, #385, #4376, .T. ) ;
#4190 = CARTESIAN_POINT ( 'NONE',  ( -0.1037336785659957600, 0.04412906444113104398, -0.05283464566929253758 ) ) ;
#4191 = PLANE ( 'NONE',  #4224 ) ;
#4192 = CARTESIAN_POINT ( 'NONE',  ( -0.03851760398892874193, 0.02893700787401840349, -0.06021653543307194795 ) ) ;
#4193 = ORIENTED_EDGE ( 'NONE', *, *, #8788, .F. ) ;
#4194 = ORIENTED_EDGE ( 'NONE', *, *, #3400, .T. ) ;
#4195 = DIRECTION ( 'NONE',  ( -0.7071067811865454633, -7.317076672313898666E-17, 0.7071067811865495711 ) ) ;
#4196 = CIRCLE ( 'NONE', #5272, 0.002524478865958256196 ) ;
#4197 = LINE ( 'NONE', #9390, #2247 ) ;
#4198 = ORIENTED_EDGE ( 'NONE', *, *, #6606, .F. ) ;
#4199 = CARTESIAN_POINT ( 'NONE',  ( -0.09836348770855357637, 0.05236220472441212304, -0.01543307086614291966 ) ) ;
#4200 = CARTESIAN_POINT ( 'NONE',  ( -0.02499999999999999098, 0.02500000000000000139, 0.1349999999999998979 ) ) ;
#4201 = VECTOR ( 'NONE', #8902, 39.37007874015748143 ) ;
#4202 = EDGE_CURVE ( 'NONE', #2320, #8544, #8035, .T. ) ;
#4203 = ORIENTED_EDGE ( 'NONE', *, *, #60, .F. ) ;
#4204 = DIRECTION ( 'NONE',  ( -1.000000000000000000, 0.000000000000000000, -0.000000000000000000 ) ) ;
#4205 = ORIENTED_EDGE ( 'NONE', *, *, #8597, .F. ) ;
#4206 = EDGE_CURVE ( 'NONE', #5748, #5361, #73, .T. ) ;
#4207 = CARTESIAN_POINT ( 'NONE',  ( -0.1299999999999999767, 0.05000000000000000278, -0.2000000000000000389 ) ) ;
#4208 = EDGE_CURVE ( 'NONE', #8488, #8682, #3010, .T. ) ;
#4209 = ADVANCED_FACE ( 'NONE', ( #5243 ), #2282, .F. ) ;
#4211 = CARTESIAN_POINT ( 'NONE',  ( -0.1224999999999993733, 0.02500000000000265205, -0.05283464566929260697 ) ) ;
#4210 = CARTESIAN_POINT ( 'NONE',  ( -0.04999999999999996808, 0.04999999999999999584, -0.1649999999999999800 ) ) ;
#4212 = VERTEX_POINT ( 'NONE', #8750 ) ;
#4213 = EDGE_LOOP ( 'NONE', ( #5327, #5540, #6982, #551, #5416, #9338, #927 ) ) ;
#4214 = DIRECTION ( 'NONE',  ( -1.000000000000000000, 0.000000000000000000, -3.110729813824563327E-15 ) ) ;
#4215 = DIRECTION ( 'NONE',  ( 3.491481338843133355E-15, 0.000000000000000000, -1.000000000000000000 ) ) ;
#4216 = DIRECTION ( 'NONE',  ( 0.1736481776669318300, -0.9848077530122077983, -0.000000000000000000 ) ) ;
#4217 = AXIS2_PLACEMENT_3D ( 'NONE', #6272, #9192, #2585 ) ;
#4218 = DIRECTION ( 'NONE',  ( -3.414809992080329516E-16, 0.000000000000000000, -1.000000000000000000 ) ) ;
#4219 = EDGE_CURVE ( 'NONE', #5378, #7289, #6988, .T. ) ;
#4220 = DIRECTION ( 'NONE',  ( 0.000000000000000000, -0.000000000000000000, 1.000000000000000000 ) ) ;
#4221 = VERTEX_POINT ( 'NONE', #2145 ) ;
#4222 = ORIENTED_EDGE ( 'NONE', *, *, #6088, .T. ) ;
#4223 = EDGE_CURVE ( 'NONE', #740, #5676, #7316, .T. ) ;
#4224 = AXIS2_PLACEMENT_3D ( 'NONE', #611, #9432, #2874 ) ;
#4225 = DIRECTION ( 'NONE',  ( -0.1736481776669325239, 0.9848077530122076872, 0.000000000000000000 ) ) ;
#4226 = ADVANCED_FACE ( 'NONE', ( #5916 ), #3792, .T. ) ;
#4227 = FILL_AREA_STYLE ('',( #2768 ) ) ;
#4228 = DIRECTION ( 'NONE',  ( 0.000000000000000000, -1.000000000000000000, 0.000000000000000000 ) ) ;
#4229 = EDGE_CURVE ( 'NONE', #725, #2673, #121, .T. ) ;
#4230 = ORIENTED_EDGE ( 'NONE', *, *, #2066, .T. ) ;
#4231 = CARTESIAN_POINT ( 'NONE',  ( -0.09937007874015695019, 0.04665354330708929020, -0.03019685039370196070 ) ) ;
#4232 = ORIENTED_EDGE ( 'NONE', *, *, #5491, .T. ) ;
#4233 = ORIENTED_EDGE ( 'NONE', *, *, #1651, .F. ) ;
#4234 = DIRECTION ( 'NONE',  ( -1.000000000000000000, 0.000000000000000000, -3.381697939847988951E-15 ) ) ;
#4235 = DIRECTION ( 'NONE',  ( 1.000000000000000000, 0.000000000000000000, -0.000000000000000000 ) ) ;
#4236 = PLANE ( 'NONE',  #1437 ) ;
#4237 = FACE_OUTER_BOUND ( 'NONE', #5178, .T. ) ;
#4238 = DIRECTION ( 'NONE',  ( -5.122214988120492302E-16, 0.000000000000000000, -1.000000000000000000 ) ) ;
#4239 = VECTOR ( 'NONE', #1227, 39.37007874015748143 ) ;
#4240 = ORIENTED_EDGE ( 'NONE', *, *, #7932, .F. ) ;
#4241 = ORIENTED_EDGE ( 'NONE', *, *, #6911, .F. ) ;
#4242 = DIRECTION ( 'NONE',  ( -0.000000000000000000, -0.000000000000000000, 1.000000000000000000 ) ) ;
#4243 = EDGE_LOOP ( 'NONE', ( #1999, #2676, #5526, #7142 ) ) ;
#4244 = CARTESIAN_POINT ( 'NONE',  ( -0.03539370078740081138, 0.04665354330708926245, -0.1173031496063001861 ) ) ;
#4245 = DIRECTION ( 'NONE',  ( -1.000000000000000000, 0.000000000000000000, 0.000000000000000000 ) ) ;
#4246 = VERTEX_POINT ( 'NONE', #2234 ) ;
#4247 = UNCERTAINTY_MEASURE_WITH_UNIT (LENGTH_MEASURE( 1.000000000000000082E-05 ), #3604, 'distance_accuracy_value', 'NONE');
#4248 = CARTESIAN_POINT ( 'NONE',  ( -0.03103010096156195649, 0.05236220472441212304, -0.09023622047244189703 ) ) ;
#4249 = EDGE_LOOP ( 'NONE', ( #2512, #7867, #3706, #1011 ) ) ;
#4250 = EDGE_CURVE ( 'NONE', #5676, #4493, #6014, .T. ) ;
#4251 = EDGE_CURVE ( 'NONE', #4212, #9452, #2330, .T. ) ;
#4252 = CARTESIAN_POINT ( 'NONE',  ( 0.1900000000000000300, 0.02500000000000000486, -0.05750000000000005107 ) ) ;
#4254 = DIRECTION ( 'NONE',  ( 0.000000000000000000, 0.000000000000000000, -1.000000000000000000 ) ) ;
#4253 = CARTESIAN_POINT ( 'NONE',  ( -0.1249999999999999445, 0.02500000000000000139, 0.07499999999999988620 ) ) ;
#4255 = VERTEX_POINT ( 'NONE', #8219 ) ;
#4256 = VERTEX_POINT ( 'NONE', #7274 ) ;
#4257 = PLANE ( 'NONE',  #7894 ) ;
#4258 = EDGE_CURVE ( 'NONE', #594, #9230, #9171, .T. ) ;
#4259 = VECTOR ( 'NONE', #8542, 39.37007874015748143 ) ;
#4260 = SURFACE_STYLE_FILL_AREA ( #3592 ) ;
#4261 = AXIS2_PLACEMENT_3D ( 'NONE', #1148, #4979, #4925 ) ;
#4262 = DIRECTION ( 'NONE',  ( -3.491481338843132961E-15, 2.610670105356085062E-29, 1.000000000000000000 ) ) ;
#4263 = LINE ( 'NONE', #6679, #7057 ) ;
#4264 = ORIENTED_EDGE ( 'NONE', *, *, #3235, .F. ) ;
#4265 = FACE_OUTER_BOUND ( 'NONE', #244, .T. ) ;
#4266 = AXIS2_PLACEMENT_3D ( 'NONE', #2184, #4323, #8173 ) ;
#4267 = ORIENTED_EDGE ( 'NONE', *, *, #9300, .F. ) ;
#4268 = DIRECTION ( 'NONE',  ( 0.000000000000000000, 1.000000000000000000, 0.000000000000000000 ) ) ;
#4269 =( CONVERSION_BASED_UNIT ( 'INCH', #5672 ) LENGTH_UNIT ( ) NAMED_UNIT ( #3778 ) );
#4270 = VECTOR ( 'NONE', #6794, 39.37007874015748143 ) ;
#4271 = STYLED_ITEM ( 'NONE', ( #3732 ), #2461 ) ;
#4272 = VECTOR ( 'NONE', #1904, 39.37007874015748143 ) ;
#4273 = CARTESIAN_POINT ( 'NONE',  ( 0.06000000000000004635, 0.06250000000000000000, -0.03169386911171638566 ) ) ;
#4274 = AXIS2_PLACEMENT_3D ( 'NONE', #6649, #33, #7991 ) ;
#4275 = EDGE_CURVE ( 'NONE', #6596, #9136, #9126, .T. ) ;
#4276 = ORIENTED_EDGE ( 'NONE', *, *, #1499, .T. ) ;
#4277 = ORIENTED_EDGE ( 'NONE', *, *, #738, .T. ) ;
#4278 = EDGE_CURVE ( 'NONE', #4882, #7702, #6827, .T. ) ;
#4279 = FACE_OUTER_BOUND ( 'NONE', #1195, .T. ) ;
#4280 = DIRECTION ( 'NONE',  ( 0.000000000000000000, -0.000000000000000000, -1.000000000000000000 ) ) ;
#4281 = LINE ( 'NONE', #2777, #1796 ) ;
#4282 = DIRECTION ( 'NONE',  ( -0.000000000000000000, 1.000000000000000000, -0.000000000000000000 ) ) ;
#4283 = DIRECTION ( 'NONE',  ( -1.000000000000000000, 0.000000000000000000, -4.147639751766084173E-15 ) ) ;
#4284 = EDGE_CURVE ( 'NONE', #2337, #6330, #166, .T. ) ;
#4285 = FACE_OUTER_BOUND ( 'NONE', #8851, .T. ) ;
#4286 = VECTOR ( 'NONE', #571, 39.37007874015748143 ) ;
#4287 = DIRECTION ( 'NONE',  ( -0.7071067811865469066, 8.623697506655660078E-17, -0.7071067811865482389 ) ) ;
#4288 = CARTESIAN_POINT ( 'NONE',  ( 0.1525000000000000244, 0.02500000000000000139, 0.07499999999999988620 ) ) ;
#4289 = ORIENTED_EDGE ( 'NONE', *, *, #4897, .T. ) ;
#4290 = ORIENTED_EDGE ( 'NONE', *, *, #9492, .T. ) ;
#4291 = DIRECTION ( 'NONE',  ( 3.491481338843133355E-15, 0.000000000000000000, -1.000000000000000000 ) ) ;
#4292 = DIRECTION ( 'NONE',  ( -1.000000000000000000, 0.000000000000000000, 0.000000000000000000 ) ) ;
#4293 = VERTEX_POINT ( 'NONE', #5475 ) ;
#4294 = AXIS2_PLACEMENT_3D ( 'NONE', #6420, #5736, #5062 ) ;
#4295 = PLANE ( 'NONE',  #2888 ) ;
#4296 = AXIS2_PLACEMENT_3D ( 'NONE', #8641, #5310, #7342 ) ;
#4297 = DIRECTION ( 'NONE',  ( -0.9990482215818581313, -0.04361938736532856853, -3.488158222257475945E-15 ) ) ;
#4298 = ORIENTED_EDGE ( 'NONE', *, *, #7948, .F. ) ;
#4299 = LINE ( 'NONE', #2947, #2135 ) ;
#4300 = AXIS2_PLACEMENT_3D ( 'NONE', #8089, #3015, #5774 ) ;
#4302 = CARTESIAN_POINT ( 'NONE',  ( -0.1062557546874523112, 0.04423918066268085758, -0.05283464566929254452 ) ) ;
#4301 = FACE_OUTER_BOUND ( 'NONE', #3855, .T. ) ;
#4303 = EDGE_CURVE ( 'NONE', #6098, #5395, #255, .T. ) ;
#4304 = ORIENTED_EDGE ( 'NONE', *, *, #2642, .F. ) ;
#4305 = ADVANCED_FACE ( 'NONE', ( #3978 ), #2567, .F. ) ;
#4306 = ORIENTED_EDGE ( 'NONE', *, *, #4167, .F. ) ;
#4307 = VECTOR ( 'NONE', #4780, 39.37007874015748143 ) ;
#4308 = DIRECTION ( 'NONE',  ( -1.000000000000000000, 0.000000000000000000, -3.369957298309943736E-15 ) ) ;
#4309 = PRESENTATION_LAYER_ASSIGNMENT (  '', '', ( #4462 ) ) ;
#4310 =( NAMED_UNIT ( * ) SI_UNIT ( $, .STERADIAN. ) SOLID_ANGLE_UNIT ( ) );
#4311 = LINE ( 'NONE', #3734, #6641 ) ;
#4312 = DIRECTION ( 'NONE',  ( -1.000000000000000000, 0.000000000000000000, -3.369957298309943736E-15 ) ) ;
#4313 = VECTOR ( 'NONE', #5862, 39.37007874015748143 ) ;
#4314 = ORIENTED_EDGE ( 'NONE', *, *, #5092, .F. ) ;
#4315 = ORIENTED_EDGE ( 'NONE', *, *, #7496, .T. ) ;
#4316 = PLANE ( 'NONE',  #5860 ) ;
#4317 = AXIS2_PLACEMENT_3D ( 'NONE', #7839, #1220, #4171 ) ;
#4318 = LINE ( 'NONE', #3318, #3444 ) ;
#4319 = LENGTH_MEASURE_WITH_UNIT ( LENGTH_MEASURE( 0.02539999999999999897 ), #4811 );
#4320 = CARTESIAN_POINT ( 'NONE',  ( -0.1449999999999999900, 0.06000000000000001166, 0.1349999999999998979 ) ) ;
#4321 = EDGE_LOOP ( 'NONE', ( #5219, #29, #8916, #8110 ) ) ;
#4322 = ORIENTED_EDGE ( 'NONE', *, *, #231, .F. ) ;
#4323 = DIRECTION ( 'NONE',  ( 0.000000000000000000, -1.000000000000000000, 0.000000000000000000 ) ) ;
#4324 = DIRECTION ( 'NONE',  ( -0.000000000000000000, 1.000000000000000000, -0.000000000000000000 ) ) ;
#4325 = FACE_OUTER_BOUND ( 'NONE', #4055, .T. ) ;
#4326 = LINE ( 'NONE', #2682, #8957 ) ;
#4327 = VECTOR ( 'NONE', #4840, 39.37007874015748143 ) ;
#4328 = LINE ( 'NONE', #7275, #1756 ) ;
#4329 = AXIS2_PLACEMENT_3D ( 'NONE', #3409, #2670, #5725 ) ;
#4330 = FACE_OUTER_BOUND ( 'NONE', #7392, .T. ) ;
#4331 = EDGE_CURVE ( 'NONE', #5842, #2337, #6252, .T. ) ;
#4332 = LENGTH_MEASURE_WITH_UNIT ( LENGTH_MEASURE( 0.02539999999999999897 ), #5064 );
#4333 = DIRECTION ( 'NONE',  ( 1.000000000000000000, 0.000000000000000000, 0.000000000000000000 ) ) ;
#4334 = EDGE_LOOP ( 'NONE', ( #4880, #1564 ) ) ;
#4335 = ORIENTED_EDGE ( 'NONE', *, *, #6419, .F. ) ;
#4336 = CARTESIAN_POINT ( 'NONE',  ( -0.1037336785659956351, 0.04412906444113104398, -0.09023622047244214683 ) ) ;
#4337 = FACE_OUTER_BOUND ( 'NONE', #6687, .T. ) ;
#4338 = ORIENTED_EDGE ( 'NONE', *, *, #4642, .F. ) ;
#4339 = CARTESIAN_POINT ( 'NONE',  ( -0.1037336785659956351, 0.04412906444113104398, -0.09023622047244214683 ) ) ;
#4340 = CARTESIAN_POINT ( 'NONE',  ( -0.08559055118110156513, 0.06240157480315226129, -0.09860236220472552715 ) ) ;
#4341 = ADVANCED_FACE ( 'NONE', ( #3251 ), #8358, .T. ) ;
#4342 = EDGE_CURVE ( 'NONE', #8488, #1902, #3301, .T. ) ;
#4343 = PRODUCT_DEFINITION_CONTEXT ( 'detailed design', #7438, 'design' ) ;
#4344 = DIRECTION ( 'NONE',  ( 0.000000000000000000, 1.000000000000000000, 0.000000000000000000 ) ) ;
#4345 = EDGE_CURVE ( 'NONE', #8980, #6755, #5528, .T. ) ;
#4346 = VERTEX_POINT ( 'NONE', #7504 ) ;
#4347 = CARTESIAN_POINT ( 'NONE',  ( -0.08499999999999996447, 0.05000000000000000278, 0.01999999999999989286 ) ) ;
#4348 = AXIS2_PLACEMENT_3D ( 'NONE', #4628, #7570, #1719 ) ;
#4349 = CARTESIAN_POINT ( 'NONE',  ( 0.1388291576330306365, 0.03710982297056842488, 0.003829157633030472793 ) ) ;
#4350 = VERTEX_POINT ( 'NONE', #6923 ) ;
#4351 = ADVANCED_FACE ( 'NONE', ( #4027 ), #5331, .T. ) ;
#4352 = ORIENTED_EDGE ( 'NONE', *, *, #7063, .T. ) ;
#4353 = LINE ( 'NONE', #6809, #5968 ) ;
#4354 = LINE ( 'NONE', #1550, #3177 ) ;
#4355 =( NAMED_UNIT ( * ) PLANE_ANGLE_UNIT ( ) SI_UNIT ( $, .RADIAN. ) );
#4356 = ORIENTED_EDGE ( 'NONE', *, *, #5363, .T. ) ;
#4357 = FACE_OUTER_BOUND ( 'NONE', #6305, .T. ) ;
#4359 = CARTESIAN_POINT ( 'NONE',  ( 0.1400000000000000411, 0.04374999999999965028, -0.03500000000000010741 ) ) ;
#4358 = DIRECTION ( 'NONE',  ( -1.067128122525103097E-16, 0.000000000000000000, -1.000000000000000000 ) ) ;
#4360 = EDGE_CURVE ( 'NONE', #896, #307, #8267, .T. ) ;
#4361 = LENGTH_MEASURE_WITH_UNIT ( LENGTH_MEASURE( 0.02539999999999999897 ), #7262 );
#4362 = EDGE_LOOP ( 'NONE', ( #3120, #3939, #4446, #2838 ) ) ;
#4363 = ORIENTED_EDGE ( 'NONE', *, *, #8061, .T. ) ;
#4364 = DIRECTION ( 'NONE',  ( -0.000000000000000000, 1.000000000000000000, -0.000000000000000000 ) ) ;
#4365 =( NAMED_UNIT ( * ) PLANE_ANGLE_UNIT ( ) SI_UNIT ( $, .RADIAN. ) );
#4366 = CIRCLE ( 'NONE', #4656, 0.07999999999999990452 ) ;
#4367 = SURFACE_STYLE_USAGE ( .BOTH. , #8074 ) ;
#4368 = CARTESIAN_POINT ( 'NONE',  ( -0.04499999999999999140, 0.05999999999999999778, 0.1349999999999998979 ) ) ;
#4369 = EDGE_CURVE ( 'NONE', #1255, #7237, #4754, .T. ) ;
#4370 = ORIENTED_EDGE ( 'NONE', *, *, #1647, .F. ) ;
#4371 = ORIENTED_EDGE ( 'NONE', *, *, #1192, .F. ) ;
#4372 = DIRECTION ( 'NONE',  ( 1.000000000000000000, 0.000000000000000000, 0.000000000000000000 ) ) ;
#4373 = EDGE_CURVE ( 'NONE', #8599, #2736, #1661, .T. ) ;
#4374 = FACE_OUTER_BOUND ( 'NONE', #9012, .T. ) ;
#4375 = DIRECTION ( 'NONE',  ( -0.7071067811865459074, -1.034843700798679850E-16, 0.7071067811865492381 ) ) ;
#4376 = LINE ( 'NONE', #5107, #7737 ) ;
#4377 = CARTESIAN_POINT ( 'NONE',  ( -0.08499999999999997835, 0.05000000000000000278, 0.04499999999999989425 ) ) ;
#4378 = AXIS2_PLACEMENT_3D ( 'NONE', #7614, #6888, #998 ) ;
#4379 = EDGE_CURVE ( 'NONE', #4346, #9223, #6106, .T. ) ;
#4380 = CARTESIAN_POINT ( 'NONE',  ( -0.05999999999999997696, 0.05000000000000000278, -0.1399999999999999856 ) ) ;
#4381 = FACE_OUTER_BOUND ( 'NONE', #3582, .T. ) ;
#4382 = ADVANCED_FACE ( 'NONE', ( #6971 ), #7556, .F. ) ;
#4383 = EDGE_CURVE ( 'NONE', #9018, #3440, #4658, .T. ) ;
#4384 = LINE ( 'NONE', #6560, #5538 ) ;
#4385 = VERTEX_POINT ( 'NONE', #2467 ) ;
#4386 = ORIENTED_EDGE ( 'NONE', *, *, #8645, .T. ) ;
#4387 = DIRECTION ( 'NONE',  ( -1.067128122525103097E-16, 0.000000000000000000, -1.000000000000000000 ) ) ;
#4388 = CARTESIAN_POINT ( 'NONE',  ( 0.1000000000000000056, 0.04250000000000002387, -0.05999999999999997696 ) ) ;
#4389 = CIRCLE ( 'NONE', #9145, 0.002524478865958247956 ) ;
#4390 = ORIENTED_EDGE ( 'NONE', *, *, #9342, .F. ) ;
#4391 = DIRECTION ( 'NONE',  ( 0.000000000000000000, 0.000000000000000000, 1.000000000000000000 ) ) ;
#4392 = DIRECTION ( 'NONE',  ( 0.000000000000000000, 0.000000000000000000, -1.000000000000000000 ) ) ;
#4393 = EDGE_CURVE ( 'NONE', #7218, #931, #6869, .T. ) ;
#4394 = FILL_AREA_STYLE_COLOUR ( '', #373 ) ;
#4395 = AXIS2_PLACEMENT_3D ( 'NONE', #5385, #5332, #7700 ) ;
#4396 = CARTESIAN_POINT ( 'NONE',  ( -0.03539370078740115139, 0.06437007874016013875, -0.006253824461371433087 ) ) ;
#4397 = VERTEX_POINT ( 'NONE', #7018 ) ;
#4398 = DIRECTION ( 'NONE',  ( 0.000000000000000000, -1.219574997171546080E-16, 1.000000000000000000 ) ) ;
#4399 = EDGE_CURVE ( 'NONE', #7289, #4755, #9227, .T. ) ;
#4400 = CARTESIAN_POINT ( 'NONE',  ( 0.09999999999999999167, 0.08250000000000000389, -0.2249999999999998945 ) ) ;
#4401 = STYLED_ITEM ( 'NONE', ( #2764 ), #6739 ) ;
#4402 = EDGE_CURVE ( 'NONE', #7962, #7081, #2616, .T. ) ;
#4403 = ADVANCED_FACE ( 'NONE', ( #4804, #7746 ), #1125, .F. ) ;
#4404 = ORIENTED_EDGE ( 'NONE', *, *, #7799, .T. ) ;
#4405 = ADVANCED_FACE ( 'NONE', ( #7380 ), #763, .F. ) ;
#4406 = VERTEX_POINT ( 'NONE', #2938 ) ;
#4407 = CARTESIAN_POINT ( 'NONE',  ( -0.1037336785659956906, 0.05236220472441212304, -0.06759842519685159423 ) ) ;
#4408 = CARTESIAN_POINT ( 'NONE',  ( 0.1674999999999999822, 0.02500000000000000139, 0.03499999999999989231 ) ) ;
#4409 = FACE_BOUND ( 'NONE', #6278, .T. ) ;
#4410 = ORIENTED_EDGE ( 'NONE', *, *, #8498, .T. ) ;
#4411 = LINE ( 'NONE', #7344, #6028 ) ;
#4413 = DIRECTION ( 'NONE',  ( 1.000000000000000000, 0.000000000000000000, -5.335640612625515485E-17 ) ) ;
#4412 = CARTESIAN_POINT ( 'NONE',  ( -0.02801181102362137673, 0.03287401574803415494, -0.05283464566929228085 ) ) ;
#4414 = CARTESIAN_POINT ( 'NONE',  ( 0.000000000000000000, 0.05000000000000000278, -0.1575000000000000289 ) ) ;
#4415 = EDGE_LOOP ( 'NONE', ( #5713, #3887, #7735, #15 ) ) ;
#4416 = VERTEX_POINT ( 'NONE', #9482 ) ;
#4417 = CARTESIAN_POINT ( 'NONE',  ( 0.1000000000000000056, 0.08250000000000003164, -0.1449999999999999900 ) ) ;
#4418 = VECTOR ( 'NONE', #4729, 39.37007874015748143 ) ;
#4419 = PRESENTATION_STYLE_ASSIGNMENT (( #4367 ) ) ;
#4420 = CARTESIAN_POINT ( 'NONE',  ( -0.1037336785659956351, 0.04665354330708929020, -0.09023622047244214683 ) ) ;
#4421 = VERTEX_POINT ( 'NONE', #3723 ) ;
#4422 = ORIENTED_EDGE ( 'NONE', *, *, #1539, .F. ) ;
#4423 = DIRECTION ( 'NONE',  ( -0.000000000000000000, 0.000000000000000000, 1.000000000000000000 ) ) ;
#4424 = PLANE ( 'NONE',  #3489 ) ;
#4425 = LINE ( 'NONE', #3710, #6443 ) ;
#4426 = CARTESIAN_POINT ( 'NONE',  ( -0.1300000000000000044, 0.02500000000000000139, -0.1575000000000000289 ) ) ;
#4427 = DIRECTION ( 'NONE',  ( 1.000000000000000000, -0.000000000000000000, 3.491481338843132961E-15 ) ) ;
#4428 = ORIENTED_EDGE ( 'NONE', *, *, #6542, .F. ) ;
#4429 = AXIS2_PLACEMENT_3D ( 'NONE', #5747, #8675, #4204 ) ;
#4430 = CARTESIAN_POINT ( 'NONE',  ( 0.02875000000000003594, 0.02500000000000000486, -0.05750000000000000250 ) ) ;
#4431 = ADVANCED_FACE ( 'NONE', ( #6612 ), #6663, .T. ) ;
#4432 = LINE ( 'NONE', #4523, #5459 ) ;
#4433 = AXIS2_PLACEMENT_3D ( 'NONE', #3367, #3511, #6463 ) ;
#4434 = DIRECTION ( 'NONE',  ( 1.000000000000000000, 0.000000000000000000, 0.000000000000000000 ) ) ;
#4435 = VERTEX_POINT ( 'NONE', #1395 ) ;
#4436 = ORIENTED_EDGE ( 'NONE', *, *, #7235, .T. ) ;
#4437 = LINE ( 'NONE', #8142, #7377 ) ;
#4438 = DIRECTION ( 'NONE',  ( -1.000000000000000000, 0.000000000000000000, -6.763395879696023657E-15 ) ) ;
#4439 = ORIENTED_EDGE ( 'NONE', *, *, #1249, .F. ) ;
#4440 = CARTESIAN_POINT ( 'NONE',  ( 0.1525000000000000244, 0.05999999999999999778, 0.03499999999999989231 ) ) ;
#4441 = AXIS2_PLACEMENT_3D ( 'NONE', #5352, #8288, #6421 ) ;
#4442 = DIRECTION ( 'NONE',  ( 9.782089697649614194E-16, 1.000000000000000000, 3.415398363423329871E-30 ) ) ;
#4443 = VECTOR ( 'NONE', #963, 39.37007874015748143 ) ;
#4444 = UNCERTAINTY_MEASURE_WITH_UNIT (LENGTH_MEASURE( 1.000000000000000082E-05 ), #8848, 'distance_accuracy_value', 'NONE');
#4445 = DIRECTION ( 'NONE',  ( 0.000000000000000000, 1.000000000000000000, 1.463489996605855394E-15 ) ) ;
#4446 = ORIENTED_EDGE ( 'NONE', *, *, #6786, .F. ) ;
#4447 = VECTOR ( 'NONE', #2783, 39.37007874015748143 ) ;
#4448 = AXIS2_PLACEMENT_3D ( 'NONE', #4689, #4160, #6239 ) ;
#4449 = DIRECTION ( 'NONE',  ( -1.000000000000000000, -0.000000000000000000, -0.000000000000000000 ) ) ;
#4450 = PLANE ( 'NONE',  #3673 ) ;
#4451 =( GEOMETRIC_REPRESENTATION_CONTEXT ( 3 ) GLOBAL_UNCERTAINTY_ASSIGNED_CONTEXT ( ( #8674 ) ) GLOBAL_UNIT_ASSIGNED_CONTEXT ( ( #3375, #2639, #1390 ) ) REPRESENTATION_CONTEXT ( 'NONE', 'WORKASPACE' ) );
#4452 = EDGE_LOOP ( 'NONE', ( #3830, #298, #434, #1388 ) ) ;
#4453 = CARTESIAN_POINT ( 'NONE',  ( -0.1149772726619825158, 0.03323314028328368253, -0.01543307086614296997 ) ) ;
#4454 = DIRECTION ( 'NONE',  ( 1.000000000000000000, 0.000000000000000000, -5.335640612625515485E-17 ) ) ;
#4455 = AXIS2_PLACEMENT_3D ( 'NONE', #9179, #2718, #2572 ) ;
#4456 = DIRECTION ( 'NONE',  ( 0.1736481776669306365, 0.9848077530122080203, 7.363660036526926289E-16 ) ) ;
#4458 = DIRECTION ( 'NONE',  ( -1.000000000000000000, 6.950840520229924419E-15, -0.000000000000000000 ) ) ;
#4457 = PRESENTATION_STYLE_ASSIGNMENT (( #9010 ) ) ;
#4459 = AXIS2_PLACEMENT_3D ( 'NONE', #5743, #4292, #2058 ) ;
#4460 = ADVANCED_FACE ( 'NONE', ( #8855 ), #5978, .T. ) ;
#4461 = ORIENTED_EDGE ( 'NONE', *, *, #1585, .F. ) ;
#4462 = STYLED_ITEM ( 'NONE', ( #4419 ), #5884 ) ;
#4463 = ORIENTED_EDGE ( 'NONE', *, *, #2807, .T. ) ;
#4464 = DIRECTION ( 'NONE',  ( 0.000000000000000000, 0.000000000000000000, -1.000000000000000000 ) ) ;
#4465 = CIRCLE ( 'NONE', #7089, 0.008233140283281080787 ) ;
#4466 = DIRECTION ( 'NONE',  ( 0.04361938736532777749, 0.9990482215818581313, 0.000000000000000000 ) ) ;
#4467 = ORIENTED_EDGE ( 'NONE', *, *, #5074, .T. ) ;
#4468 = ORIENTED_EDGE ( 'NONE', *, *, #4250, .F. ) ;
#4469 = DIRECTION ( 'NONE',  ( 0.000000000000000000, 0.000000000000000000, 1.000000000000000000 ) ) ;
#4470 = CARTESIAN_POINT ( 'NONE',  ( 0.1024999999999999939, 0.05999999999999999778, 0.07499999999999988620 ) ) ;
#4471 = DIRECTION ( 'NONE',  ( -0.000000000000000000, -0.000000000000000000, 1.000000000000000000 ) ) ;
#4472 = DIRECTION ( 'NONE',  ( 0.9848077530122077983, 0.1736481776669318300, 3.438437891990161073E-15 ) ) ;
#4473 = ORIENTED_EDGE ( 'NONE', *, *, #5940, .T. ) ;
#4474 = VECTOR ( 'NONE', #5114, 39.37007874015748143 ) ;
#4475 = DIRECTION ( 'NONE',  ( 0.000000000000000000, 1.000000000000000000, 0.000000000000000000 ) ) ;
#4476 = CARTESIAN_POINT ( 'NONE',  ( 0.1674999999999999822, 0.06000000000000001166, 0.1349999999999998979 ) ) ;
#4477 = ORIENTED_EDGE ( 'NONE', *, *, #2456, .F. ) ;
#4478 = EDGE_LOOP ( 'NONE', ( #3727, #4241, #2178, #2022 ) ) ;
#4479 = DIRECTION ( 'NONE',  ( -1.000000000000000000, -1.690848969923994476E-15, -6.763395879695977903E-15 ) ) ;
#4480 = LINE ( 'NONE', #3758, #2267 ) ;
#4481 = ORIENTED_EDGE ( 'NONE', *, *, #5220, .F. ) ;
#4482 = CIRCLE ( 'NONE', #6179, 0.03249999999999999417 ) ;
#4483 = FACE_OUTER_BOUND ( 'NONE', #881, .T. ) ;
#4484 = DIRECTION ( 'NONE',  ( 0.000000000000000000, 1.000000000000000000, 0.000000000000000000 ) ) ;
#4485 = AXIS2_PLACEMENT_3D ( 'NONE', #4958, #1131, #1994 ) ;
#4486 = FACE_OUTER_BOUND ( 'NONE', #8223, .T. ) ;
#4487 = LENGTH_MEASURE_WITH_UNIT ( LENGTH_MEASURE( 0.02539999999999999897 ), #3077 );
#4488 = CARTESIAN_POINT ( 'NONE',  ( -0.05999999999999997696, 0.02500000000000000139, -0.1399999999999999856 ) ) ;
#4489 = ORIENTED_EDGE ( 'NONE', *, *, #4278, .T. ) ;
#4490 = CARTESIAN_POINT ( 'NONE',  ( -0.09624617553862874209, 0.06437007874016006936, -0.1173031496063003942 ) ) ;
#4491 = ADVANCED_FACE ( 'NONE', ( #8146 ), #6567, .F. ) ;
#4492 = CARTESIAN_POINT ( 'NONE',  ( -0.01749999999999987330, 0.05000000000000000278, 8.963876229210795893E-18 ) ) ;
#4493 = VERTEX_POINT ( 'NONE', #4440 ) ;
#4494 = VECTOR ( 'NONE', #9040, 39.37007874015748143 ) ;
#4495 =( NAMED_UNIT ( * ) SI_UNIT ( $, .STERADIAN. ) SOLID_ANGLE_UNIT ( ) );
#4496 = ADVANCED_FACE ( 'NONE', ( #3669, #1 ), #2883, .T. ) ;
#4497 = DIRECTION ( 'NONE',  ( -0.04361938736532856853, 0.9990482215818581313, 0.000000000000000000 ) ) ;
#4498 = ADVANCED_FACE ( 'NONE', ( #4483 ), #7425, .F. ) ;
#4499 = EDGE_CURVE ( 'NONE', #496, #7545, #7898, .T. ) ;
#4500 = CARTESIAN_POINT ( 'NONE',  ( -0.04499999999999998446, 0.02500000000000000139, 0.04499999999999989425 ) ) ;
#4501 = CIRCLE ( 'NONE', #2331, 0.07999999999999990452 ) ;
#4502 = FACE_OUTER_BOUND ( 'NONE', #2966, .T. ) ;
#4503 = ADVANCED_FACE ( 'NONE', ( #5927 ), #2983, .T. ) ;
#4504 = ORIENTED_EDGE ( 'NONE', *, *, #2206, .T. ) ;
#4505 = AXIS2_PLACEMENT_3D ( 'NONE', #667, #1581, #3622 ) ;
#4506 = ORIENTED_EDGE ( 'NONE', *, *, #7350, .F. ) ;
#4507 = CARTESIAN_POINT ( 'NONE',  ( -0.1549999999999999989, 0.05000000000000000278, -0.2000000000000000111 ) ) ;
#4508 = DIRECTION ( 'NONE',  ( 0.04361938736532857547, 0.9990482215818581313, 1.876105557667276171E-16 ) ) ;
#4509 = ORIENTED_EDGE ( 'NONE', *, *, #6559, .F. ) ;
#4510 = EDGE_LOOP ( 'NONE', ( #3330, #1310, #3588, #8622 ) ) ;
#4511 = CLOSED_SHELL ( 'NONE', ( #8789, #8220, #6801, #4403, #4496, #1538 ) ) ;
#4512 = LINE ( 'NONE', #5146, #3655 ) ;
#4513 = LINE ( 'NONE', #5913, #5051 ) ;
#4514 = DIRECTION ( 'NONE',  ( -1.000000000000000000, 0.000000000000000000, -3.491481338843132961E-15 ) ) ;
#4515 = CARTESIAN_POINT ( 'NONE',  ( -0.1149772726619824464, 0.03323314028328368253, -0.03019685039370203009 ) ) ;
#4516 = EDGE_CURVE ( 'NONE', #2736, #2270, #8814, .T. ) ;
#4517 = CARTESIAN_POINT ( 'NONE',  ( -0.03103010096156192180, 0.05236220472441212304, -0.1050000000000009398 ) ) ;
#4518 = DIMENSIONAL_EXPONENTS ( 1.000000000000000000, 0.000000000000000000, 0.000000000000000000, 0.000000000000000000, 0.000000000000000000, 0.000000000000000000, 0.000000000000000000 ) ;
#4519 = EDGE_CURVE ( 'NONE', #3713, #613, #3739, .T. ) ;
#4520 = VERTEX_POINT ( 'NONE', #5118 ) ;
#4521 = LINE ( 'NONE', #8086, #1041 ) ;
#4522 = EDGE_CURVE ( 'NONE', #7919, #5966, #5254, .T. ) ;
#4523 = CARTESIAN_POINT ( 'NONE',  ( -0.05999999999999999084, 0.02500000000000000139, -0.2000000000000000111 ) ) ;
#4524 = FACE_OUTER_BOUND ( 'NONE', #6169, .T. ) ;
#4525 = ORIENTED_EDGE ( 'NONE', *, *, #675, .F. ) ;
#4526 = ORIENTED_EDGE ( 'NONE', *, *, #9346, .T. ) ;
#4527 = CARTESIAN_POINT ( 'NONE',  ( 0.1749999999999999334, 0.08250000000000003164, -0.1728388218141499455 ) ) ;
#4528 = CARTESIAN_POINT ( 'NONE',  ( 0.1000000000000000194, 0.06950960878969845991, -0.2235768703175861627 ) ) ;
#4529 = ORIENTED_EDGE ( 'NONE', *, *, #6387, .T. ) ;
#4530 = DIRECTION ( 'NONE',  ( -0.000000000000000000, -0.000000000000000000, 1.000000000000000000 ) ) ;
#4531 = STYLED_ITEM ( 'NONE', ( #643 ), #2815 ) ;
#4532 = DIRECTION ( 'NONE',  ( 3.491481338843133355E-15, 0.000000000000000000, -1.000000000000000000 ) ) ;
#4533 = DIRECTION ( 'NONE',  ( 1.000000000000000000, -0.000000000000000000, 3.491481338843132961E-15 ) ) ;
#4534 = EDGE_CURVE ( 'NONE', #3440, #855, #7472, .T. ) ;
#4535 = AXIS2_PLACEMENT_3D ( 'NONE', #9132, #1854, #355 ) ;
#4536 = CARTESIAN_POINT ( 'NONE',  ( -0.04999999999999996114, 0.000000000000000000, 0.1674999999999999545 ) ) ;
#4537 = ORIENTED_EDGE ( 'NONE', *, *, #1459, .T. ) ;
#4538 = DIRECTION ( 'NONE',  ( 3.491481338843133355E-15, 0.000000000000000000, -1.000000000000000000 ) ) ;
#4539 = CARTESIAN_POINT ( 'NONE',  ( 0.1674999999999999822, 0.02500000000000000139, 0.1349999999999998979 ) ) ;
#4540 = MECHANICAL_DESIGN_GEOMETRIC_PRESENTATION_REPRESENTATION (  '', ( #5771 ), #1600 ) ;
#4541 = VERTEX_POINT ( 'NONE', #5301 ) ;
#4542 = CARTESIAN_POINT ( 'NONE',  ( 0.02500000000000009159, 0.08250000000000000389, -0.2075367965644036305 ) ) ;
#4543 = EDGE_CURVE ( 'NONE', #4246, #649, #6029, .T. ) ;
#4544 = DIRECTION ( 'NONE',  ( 0.000000000000000000, 0.000000000000000000, 1.000000000000000000 ) ) ;
#4545 = EDGE_CURVE ( 'NONE', #6566, #839, #7567, .T. ) ;
#4546 = AXIS2_PLACEMENT_3D ( 'NONE', #7215, #5669, #6306 ) ;
#4547 = LINE ( 'NONE', #3827, #7258 ) ;
#4549 = PLANE ( 'NONE',  #2548 ) ;
#4548 = DIRECTION ( 'NONE',  ( -1.000000000000000000, -0.000000000000000000, -0.000000000000000000 ) ) ;
#4550 = ORIENTED_EDGE ( 'NONE', *, *, #5260, .F. ) ;
#4551 = ORIENTED_EDGE ( 'NONE', *, *, #8158, .F. ) ;
#4552 = CARTESIAN_POINT ( 'NONE',  ( -0.09937007874015667264, 0.04665354330708926245, -0.1173031496063003942 ) ) ;
#4553 = SURFACE_STYLE_USAGE ( .BOTH. , #201 ) ;
#4554 = CYLINDRICAL_SURFACE ( 'NONE', #1694, 0.03249999999999999417 ) ;
#4555 = ORIENTED_EDGE ( 'NONE', *, *, #6064, .F. ) ;
#4556 = ORIENTED_EDGE ( 'NONE', *, *, #7044, .T. ) ;
#4557 = LINE ( 'NONE', #3839, #7811 ) ;
#4558 = CARTESIAN_POINT ( 'NONE',  ( 0.1500000000000000500, 0.000000000000000000, 0.2324999999999999567 ) ) ;
#4559 = CARTESIAN_POINT ( 'NONE',  ( 0.1400000000000000411, 0.06250000000000000000, 0.001693869111716180117 ) ) ;
#4560 = DIRECTION ( 'NONE',  ( 0.000000000000000000, 1.000000000000000000, 0.000000000000000000 ) ) ;
#4561 = LINE ( 'NONE', #8409, #991 ) ;
#4562 = VECTOR ( 'NONE', #9366, 39.37007874015748143 ) ;
#4563 = ORIENTED_EDGE ( 'NONE', *, *, #1681, .T. ) ;
#4564 = FACE_OUTER_BOUND ( 'NONE', #479, .T. ) ;
#4565 = SURFACE_STYLE_FILL_AREA ( #4734 ) ;
#4566 = VECTOR ( 'NONE', #9213, 39.37007874015748143 ) ;
#4567 = PLANE ( 'NONE',  #8600 ) ;
#4568 = ADVANCED_FACE ( 'NONE', ( #8281 ), #2481, .F. ) ;
#4569 = ORIENTED_EDGE ( 'NONE', *, *, #1179, .T. ) ;
#4570 = EDGE_LOOP ( 'NONE', ( #2926, #7933, #6157, #4703 ) ) ;
#4571 = FACE_OUTER_BOUND ( 'NONE', #66, .T. ) ;
#4572 = VECTOR ( 'NONE', #4013, 39.37007874015748143 ) ;
#4573 = ORIENTED_EDGE ( 'NONE', *, *, #4278, .F. ) ;
#4574 = EDGE_LOOP ( 'NONE', ( #3509, #3677, #5909, #2366 ) ) ;
#4575 = LINE ( 'NONE', #8992, #7348 ) ;
#4576 = LINE ( 'NONE', #7522, #5268 ) ;
#4577 = LINE ( 'NONE', #1673, #4891 ) ;
#4578 = DIRECTION ( 'NONE',  ( 0.000000000000000000, 1.000000000000000000, 0.000000000000000000 ) ) ;
#4579 =( CONVERSION_BASED_UNIT ( 'INCH', #5206 ) LENGTH_UNIT ( ) NAMED_UNIT ( #5635 ) );
#4580 = AXIS2_PLACEMENT_3D ( 'NONE', #2005, #5014, #1330 ) ;
#4581 = LINE ( 'NONE', #3130, #723 ) ;
#4582 = ORIENTED_EDGE ( 'NONE', *, *, #6758, .F. ) ;
#4583 = AXIS2_PLACEMENT_3D ( 'NONE', #2647, #8538, #1923 ) ;
#4584 = VECTOR ( 'NONE', #7907, 39.37007874015748143 ) ;
#4585 = VECTOR ( 'NONE', #9426, 39.37007874015748854 ) ;
#4586 = LINE ( 'NONE', #6806, #766 ) ;
#4587 = VECTOR ( 'NONE', #165, 39.37007874015748143 ) ;
#4588 = VECTOR ( 'NONE', #3186, 39.37007874015748143 ) ;
#4589 = CARTESIAN_POINT ( 'NONE',  ( -0.1449999999999999900, 0.06000000000000001166, 0.1349999999999998979 ) ) ;
#4590 = ORIENTED_EDGE ( 'NONE', *, *, #4648, .T. ) ;
#4591 = CARTESIAN_POINT ( 'NONE',  ( -0.1449999999999999900, 0.2541640786499874127, 0.07499999999999988620 ) ) ;
#4592 = AXIS2_PLACEMENT_3D ( 'NONE', #8678, #4990, #9494 ) ;
#4593 = PLANE ( 'NONE',  #9023 ) ;
#4594 = EDGE_CURVE ( 'NONE', #9402, #5132, #2387, .T. ) ;
#4595 = DIRECTION ( 'NONE',  ( 0.000000000000000000, 1.000000000000000000, 0.000000000000000000 ) ) ;
#4596 = MECHANICAL_DESIGN_GEOMETRIC_PRESENTATION_REPRESENTATION (  '', ( #8740 ), #4451 ) ;
#4598 = DIRECTION ( 'NONE',  ( 0.000000000000000000, 0.000000000000000000, 1.000000000000000000 ) ) ;
#4597 = LINE ( 'NONE', #104, #1735 ) ;
#4599 = EDGE_CURVE ( 'NONE', #5322, #4221, #1090, .T. ) ;
#4600 = VERTEX_POINT ( 'NONE', #3122 ) ;
#4601 = ORIENTED_EDGE ( 'NONE', *, *, #8534, .F. ) ;
#4602 = CARTESIAN_POINT ( 'NONE',  ( -0.1249999999999999445, 0.02500000000000000139, 0.1349999999999998979 ) ) ;
#4603 = MECHANICAL_DESIGN_GEOMETRIC_PRESENTATION_REPRESENTATION (  '', ( #3382 ), #9523 ) ;
#4604 =( NAMED_UNIT ( * ) SI_UNIT ( $, .STERADIAN. ) SOLID_ANGLE_UNIT ( ) );
#4605 = DIRECTION ( 'NONE',  ( 0.000000000000000000, 1.000000000000000000, 0.000000000000000000 ) ) ;
#4606 = VERTEX_POINT ( 'NONE', #4039 ) ;
#4607 = ORIENTED_EDGE ( 'NONE', *, *, #9302, .T. ) ;
#4608 = CARTESIAN_POINT ( 'NONE',  ( -0.04999999999999996808, 0.02500000000000000139, -0.1649999999999999800 ) ) ;
#4609 = PRESENTATION_LAYER_ASSIGNMENT (  '', '', ( #3382 ) ) ;
#4610 = ADVANCED_FACE ( 'NONE', ( #8326 ), #9138, .F. ) ;
#4611 = DIRECTION ( 'NONE',  ( -0.000000000000000000, 0.000000000000000000, 1.000000000000000000 ) ) ;
#4612 = CARTESIAN_POINT ( 'NONE',  ( -0.09937007874015667264, 0.04665354330708928327, -0.1173031496063003942 ) ) ;
#4613 = VERTEX_POINT ( 'NONE', #9092 ) ;
#4614 = DIRECTION ( 'NONE',  ( 0.9990482215818581313, 0.04361938736532856853, 3.488158222257475945E-15 ) ) ;
#4615 = AXIS2_PLACEMENT_3D ( 'NONE', #7251, #2162, #8677 ) ;
#4616 = PRESENTATION_STYLE_ASSIGNMENT (( #8414 ) ) ;
#4617 = MECHANICAL_DESIGN_GEOMETRIC_PRESENTATION_REPRESENTATION (  '', ( #748 ), #6158 ) ;
#4618 = CARTESIAN_POINT ( 'NONE',  ( 0.02250000000000001305, 0.02500000000000000139, 0.1099999999999999034 ) ) ;
#4619 = ORIENTED_EDGE ( 'NONE', *, *, #1163, .T. ) ;
#4620 = PLANE ( 'NONE',  #3394 ) ;
#4621 = CLOSED_SHELL ( 'NONE', ( #3921, #1922, #8905, #1248, #289, #7963 ) ) ;
#4622 = ADVANCED_FACE ( 'NONE', ( #3163, #364 ), #5486, .T. ) ;
#4623 = ORIENTED_EDGE ( 'NONE', *, *, #3886, .T. ) ;
#4624 = ORIENTED_EDGE ( 'NONE', *, *, #9367, .F. ) ;
#4625 = CARTESIAN_POINT ( 'NONE',  ( 0.06000000000000006023, 0.04375000000000035111, 0.004999999999999890817 ) ) ;
#4626 = LINE ( 'NONE', #1672, #6510 ) ;
#4627 = DIRECTION ( 'NONE',  ( 3.386200294282862749E-15, 5.970784739650180517E-16, -1.000000000000000000 ) ) ;
#4628 = CARTESIAN_POINT ( 'NONE',  ( 0.1024999999999999939, 0.02500000000000000139, 0.03499999999999989231 ) ) ;
#4629 = AXIS2_PLACEMENT_3D ( 'NONE', #645, #1463, #8794 ) ;
#4630 = CARTESIAN_POINT ( 'NONE',  ( 0.06330613088828378199, 0.02500000000000000139, 0.001693869111716176214 ) ) ;
#4631 = ADVANCED_FACE ( 'NONE', ( #1037 ), #5444, .F. ) ;
#4632 = CARTESIAN_POINT ( 'NONE',  ( -0.09937007874015695019, 0.04665354330708928327, -0.03019685039370196070 ) ) ;
#4633 = CARTESIAN_POINT ( 'NONE',  ( 0.1674999999999999822, 0.06000000000000001166, 0.07499999999999988620 ) ) ;
#4634 = ORIENTED_EDGE ( 'NONE', *, *, #1459, .F. ) ;
#4635 =( NAMED_UNIT ( * ) PLANE_ANGLE_UNIT ( ) SI_UNIT ( $, .RADIAN. ) );
#4636 = AXIS2_PLACEMENT_3D ( 'NONE', #5762, #4268, #1280 ) ;
#4637 = CARTESIAN_POINT ( 'NONE',  ( 0.000000000000000000, 0.02500000000000000139, 0.000000000000000000 ) ) ;
#4638 = DIRECTION ( 'NONE',  ( -1.000000000000000000, -8.936794954581332298E-15, -0.000000000000000000 ) ) ;
#4639 =( NAMED_UNIT ( * ) PLANE_ANGLE_UNIT ( ) SI_UNIT ( $, .RADIAN. ) );
#4640 = EDGE_CURVE ( 'NONE', #8796, #9215, #4575, .T. ) ;
#4641 = ORIENTED_EDGE ( 'NONE', *, *, #6697, .F. ) ;
#4642 = EDGE_CURVE ( 'NONE', #6098, #7424, #3856, .T. ) ;
#4643 = FACE_OUTER_BOUND ( 'NONE', #6316, .T. ) ;
#4644 = CARTESIAN_POINT ( 'NONE',  ( 0.02500000000000009159, 0.04249999999999999611, -0.2075367965644036305 ) ) ;
#4645 = CARTESIAN_POINT ( 'NONE',  ( -0.08559055118110156513, 0.06240157480315226129, -0.1035236220472452173 ) ) ;
#4647 = DIRECTION ( 'NONE',  ( 0.7071067811865492381, 4.038622411118537022E-31, 0.7071067811865459074 ) ) ;
#4646 = PRESENTATION_STYLE_ASSIGNMENT (( #5945 ) ) ;
#4648 = EDGE_CURVE ( 'NONE', #3505, #1126, #1643, .T. ) ;
#4649 = EDGE_LOOP ( 'NONE', ( #3262, #6638, #6452, #5841 ) ) ;
#4650 = EDGE_LOOP ( 'NONE', ( #9266, #4289, #1115, #5103 ) ) ;
#4651 = AXIS2_PLACEMENT_3D ( 'NONE', #4168, #1269, #536 ) ;
#4652 = CARTESIAN_POINT ( 'NONE',  ( -0.09836348770855329882, 0.05236220472441212304, -0.09023622047244213296 ) ) ;
#4653 = EDGE_CURVE ( 'NONE', #3227, #1879, #4766, .T. ) ;
#4654 = EDGE_LOOP ( 'NONE', ( #3071, #3644, #4665, #8776 ) ) ;
#4655 = ORIENTED_EDGE ( 'NONE', *, *, #8103, .T. ) ;
#4656 = AXIS2_PLACEMENT_3D ( 'NONE', #6321, #4282, #511 ) ;
#4657 = FACE_BOUND ( 'NONE', #648, .T. ) ;
#4658 = LINE ( 'NONE', #9079, #5276 ) ;
#4659 = CARTESIAN_POINT ( 'NONE',  ( 0.1024999999999999939, 0.05999999999999999778, 0.07499999999999988620 ) ) ;
#4660 = VERTEX_POINT ( 'NONE', #9185 ) ;
#4661 = DIRECTION ( 'NONE',  ( 0.000000000000000000, 0.000000000000000000, 1.000000000000000000 ) ) ;
#4662 = DIRECTION ( 'NONE',  ( 3.491481338843133355E-15, 0.000000000000000000, -1.000000000000000000 ) ) ;
#4663 = ADVANCED_FACE ( 'NONE', ( #2577 ), #8233, .F. ) ;
#4664 = DIRECTION ( 'NONE',  ( 0.7071067811865465735, 0.000000000000000000, -0.7071067811865483499 ) ) ;
#4665 = ORIENTED_EDGE ( 'NONE', *, *, #4080, .F. ) ;
#4666 = ADVANCED_FACE ( 'NONE', ( #6072 ), #1671, .F. ) ;
#4667 = PLANE ( 'NONE',  #6943 ) ;
#4668 = VERTEX_POINT ( 'NONE', #1715 ) ;
#4669 = VERTEX_POINT ( 'NONE', #4670 ) ;
#4670 = CARTESIAN_POINT ( 'NONE',  ( -0.02230858298703199127, 0.03312302406173386199, -0.06759842519685130280 ) ) ;
#4671 = CARTESIAN_POINT ( 'NONE',  ( -0.1037336785659956351, 0.05236220472441212304, -0.09023622047244214683 ) ) ;
#4672 = CARTESIAN_POINT ( 'NONE',  ( 0.1900000000000000300, 0.04249999999999999611, -0.05750000000000003025 ) ) ;
#4673 = DIRECTION ( 'NONE',  ( 0.000000000000000000, 0.000000000000000000, 1.000000000000000000 ) ) ;
#4674 = SURFACE_SIDE_STYLE ('',( #1720 ) ) ;
#4675 = PLANE ( 'NONE',  #4378 ) ;
#4676 = CARTESIAN_POINT ( 'NONE',  ( -0.04999999999999996114, 0.000000000000000000, 0.1999999999999999556 ) ) ;
#4677 = EDGE_LOOP ( 'NONE', ( #8991, #7177, #680, #6624 ) ) ;
#4678 =( GEOMETRIC_REPRESENTATION_CONTEXT ( 3 ) GLOBAL_UNCERTAINTY_ASSIGNED_CONTEXT ( ( #6569 ) ) GLOBAL_UNIT_ASSIGNED_CONTEXT ( ( #3828, #1641, #2219 ) ) REPRESENTATION_CONTEXT ( 'NONE', 'WORKASPACE' ) );
#4679 = ADVANCED_FACE ( 'NONE', ( #7609 ), #993, .F. ) ;
#4680 = DIRECTION ( 'NONE',  ( 1.000000000000000000, -6.950840520229924419E-15, 0.000000000000000000 ) ) ;
#4681 = CARTESIAN_POINT ( 'NONE',  ( -0.1062557546874523806, 0.04423918066268085758, -0.03019685039370199539 ) ) ;
#4682 = EDGE_LOOP ( 'NONE', ( #45, #1362, #758, #5644 ) ) ;
#4683 = MECHANICAL_DESIGN_GEOMETRIC_PRESENTATION_REPRESENTATION (  '', ( #2204 ), #5452 ) ;
#4684 = FACE_OUTER_BOUND ( 'NONE', #9228, .T. ) ;
#4685 = DIRECTION ( 'NONE',  ( -0.000000000000000000, -1.000000000000000000, -0.000000000000000000 ) ) ;
#4686 = EDGE_CURVE ( 'NONE', #7899, #1656, #6171, .T. ) ;
#4687 = EDGE_CURVE ( 'NONE', #1696, #9282, #8873, .T. ) ;
#4688 = CARTESIAN_POINT ( 'NONE',  ( 0.02500000000000007425, 0.1000000000000000194, -0.08246320343559628008 ) ) ;
#4690 = PLANE ( 'NONE',  #6290 ) ;
#4689 = CARTESIAN_POINT ( 'NONE',  ( -0.04499999999999999140, 0.02500000000000000139, 0.1349999999999998979 ) ) ;
#4691 = PRESENTATION_LAYER_ASSIGNMENT (  '', '', ( #5771 ) ) ;
#4692 = EDGE_CURVE ( 'NONE', #7655, #1260, #1344, .T. ) ;
#4693 = ORIENTED_EDGE ( 'NONE', *, *, #8956, .F. ) ;
#4694 = ORIENTED_EDGE ( 'NONE', *, *, #5502, .T. ) ;
#4695 = FACE_OUTER_BOUND ( 'NONE', #759, .T. ) ;
#4696 = VECTOR ( 'NONE', #7318, 39.37007874015748143 ) ;
#4697 = DIRECTION ( 'NONE',  ( 3.484838268542467023E-15, -1.521513246882047243E-16, -1.000000000000000000 ) ) ;
#4698 = FACE_OUTER_BOUND ( 'NONE', #61, .T. ) ;
#4699 = EDGE_LOOP ( 'NONE', ( #7607, #1229, #6775, #4075 ) ) ;
#4700 = ORIENTED_EDGE ( 'NONE', *, *, #8365, .F. ) ;
#4701 = LINE ( 'NONE', #1795, #6289 ) ;
#4702 = DIRECTION ( 'NONE',  ( -0.1710878697460363473, 0.9702875252478136980, 0.1710878697460356535 ) ) ;
#4703 = ORIENTED_EDGE ( 'NONE', *, *, #94, .F. ) ;
#4704 = CARTESIAN_POINT ( 'NONE',  ( 0.02250000000000001305, 0.05999999999999999778, 0.05999999999999990064 ) ) ;
#4705 = ORIENTED_EDGE ( 'NONE', *, *, #5932, .T. ) ;
#4706 = CARTESIAN_POINT ( 'NONE',  ( 0.1500000000000000500, 0.02500000000000000139, 0.2324999999999999567 ) ) ;
#4707 =( NAMED_UNIT ( * ) SI_UNIT ( $, .STERADIAN. ) SOLID_ANGLE_UNIT ( ) );
#4708 = CARTESIAN_POINT ( 'NONE',  ( -0.1499999999999999667, 0.000000000000000000, 0.2174999999999999434 ) ) ;
#4709 = ORIENTED_EDGE ( 'NONE', *, *, #925, .T. ) ;
#4710 = DIRECTION ( 'NONE',  ( -0.000000000000000000, 0.000000000000000000, 1.000000000000000000 ) ) ;
#4711 = ORIENTED_EDGE ( 'NONE', *, *, #6557, .T. ) ;
#4712 = ORIENTED_EDGE ( 'NONE', *, *, #2358, .F. ) ;
#4713 = DIRECTION ( 'NONE',  ( -0.000000000000000000, 0.000000000000000000, 1.000000000000000000 ) ) ;
#4714 = ADVANCED_FACE ( 'NONE', ( #2171 ), #2003, .T. ) ;
#4715 = CARTESIAN_POINT ( 'NONE',  ( 0.1550367965644038060, 0.08250000000000000389, -0.06249999999999999306 ) ) ;
#4716 = DIRECTION ( 'NONE',  ( -1.000000000000000000, -0.000000000000000000, -0.000000000000000000 ) ) ;
#4717 = CARTESIAN_POINT ( 'NONE',  ( -0.01999999999999998307, 0.02500000000000000139, -0.1399999999999999856 ) ) ;
#4718 = CARTESIAN_POINT ( 'NONE',  ( 0.2000000000000000389, 0.000000000000000000, 0.2499999999999998890 ) ) ;
#4719 = EDGE_CURVE ( 'NONE', #5040, #1743, #9327, .T. ) ;
#4720 = FILL_AREA_STYLE ('',( #2535 ) ) ;
#4721 = STYLED_ITEM ( 'NONE', ( #9413 ), #8986 ) ;
#4722 = CARTESIAN_POINT ( 'NONE',  ( -0.1249999999999999445, 0.05999999999999999778, 0.1349999999999998979 ) ) ;
#4723 = ORIENTED_EDGE ( 'NONE', *, *, #3383, .F. ) ;
#4724 = VECTOR ( 'NONE', #6012, 39.37007874015748854 ) ;
#4725 = DIRECTION ( 'NONE',  ( -3.006875982979155331E-44, 1.024619509027000853E-29, 1.000000000000000000 ) ) ;
#4726 = ORIENTED_EDGE ( 'NONE', *, *, #3492, .T. ) ;
#4727 = DIRECTION ( 'NONE',  ( -1.000000000000000000, 0.000000000000000000, -6.763395879695999991E-15 ) ) ;
#4728 = CARTESIAN_POINT ( 'NONE',  ( 0.1500000000000000500, 0.000000000000000000, 0.1999999999999999556 ) ) ;
#4729 = DIRECTION ( 'NONE',  ( 0.000000000000000000, 1.000000000000000000, 0.000000000000000000 ) ) ;
#4730 = VECTOR ( 'NONE', #4685, 39.37007874015748143 ) ;
#4731 = ORIENTED_EDGE ( 'NONE', *, *, #827, .T. ) ;
#4732 = VECTOR ( 'NONE', #9444, 39.37007874015748143 ) ;
#4733 = STYLED_ITEM ( 'NONE', ( #7996 ), #2615 ) ;
#4734 = FILL_AREA_STYLE ('',( #8755 ) ) ;
#4735 = CARTESIAN_POINT ( 'NONE',  ( -0.07499999999999995559, 0.02500000000000000139, 0.04499999999999990119 ) ) ;
#4736 = CIRCLE ( 'NONE', #7352, 0.01749999999999998432 ) ;
#4737 = DIRECTION ( 'NONE',  ( -1.000000000000000000, 0.000000000000000000, -0.000000000000000000 ) ) ;
#4739 = CARTESIAN_POINT ( 'NONE',  ( -0.09937007874015674203, 0.04665354330708928327, -0.09023622047244213296 ) ) ;
#4738 = CARTESIAN_POINT ( 'NONE',  ( 0.1000000000000000056, 0.06950960878969847379, -0.006423129682413841225 ) ) ;
#4740 = AXIS2_PLACEMENT_3D ( 'NONE', #3171, #8959, #1722 ) ;
#4741 = VERTEX_POINT ( 'NONE', #5852 ) ;
#4742 = VECTOR ( 'NONE', #2257, 39.37007874015748143 ) ;
#4743 = EDGE_LOOP ( 'NONE', ( #6023, #9026, #4764, #6823 ) ) ;
#4744 = ADVANCED_FACE ( 'NONE', ( #415 ), #9284, .T. ) ;
#4745 = PLANE ( 'NONE',  #2956 ) ;
#4746 = SURFACE_SIDE_STYLE ('',( #1786 ) ) ;
#4747 = CIRCLE ( 'NONE', #584, 0.05999999999999997696 ) ;
#4748 = LINE ( 'NONE', #7691, #1081 ) ;
#4749 = VECTOR ( 'NONE', #1778, 39.37007874015748143 ) ;
#4750 = ORIENTED_EDGE ( 'NONE', *, *, #7091, .F. ) ;
#4751 = ORIENTED_EDGE ( 'NONE', *, *, #6716, .T. ) ;
#4752 = EDGE_CURVE ( 'NONE', #2046, #6365, #7757, .T. ) ;
#4753 = LINE ( 'NONE', #4559, #4587 ) ;
#4754 = LINE ( 'NONE', #983, #6523 ) ;
#4755 = VERTEX_POINT ( 'NONE', #5629 ) ;
#4756 = PLANE ( 'NONE',  #4858 ) ;
#4757 = ORIENTED_EDGE ( 'NONE', *, *, #2435, .F. ) ;
#4758 = CARTESIAN_POINT ( 'NONE',  ( -0.04999999999999996808, 0.02500000000000000139, -0.1649999999999999800 ) ) ;
#4759 = CARTESIAN_POINT ( 'NONE',  ( -0.08559055118110156513, 0.06437007874016013875, -0.1035236220472452173 ) ) ;
#4760 = CARTESIAN_POINT ( 'NONE',  ( 0.1550367965644037782, 0.1000000000000000194, -0.2275000000000000355 ) ) ;
#4761 = ORIENTED_EDGE ( 'NONE', *, *, #4942, .F. ) ;
#4762 = CARTESIAN_POINT ( 'NONE',  ( -0.1037336785659957600, 0.05236220472441212304, -0.05283464566929253065 ) ) ;
#4763 = CIRCLE ( 'NONE', #286, 0.002524478865958247956 ) ;
#4764 = ORIENTED_EDGE ( 'NONE', *, *, #7623, .F. ) ;
#4765 = ORIENTED_EDGE ( 'NONE', *, *, #9233, .F. ) ;
#4766 = LINE ( 'NONE', #6122, #7818 ) ;
#4767 = FACE_OUTER_BOUND ( 'NONE', #8229, .T. ) ;
#4768 = CARTESIAN_POINT ( 'NONE',  ( -0.03851760398892898479, 0.02893700787401839308, -0.006253824461371433087 ) ) ;
#4769 = DIRECTION ( 'NONE',  ( 0.000000000000000000, -0.000000000000000000, 1.000000000000000000 ) ) ;
#4770 = PLANE ( 'NONE',  #1749 ) ;
#4771 = AXIS2_PLACEMENT_3D ( 'NONE', #4252, #5750, #4398 ) ;
#4772 = PRESENTATION_LAYER_ASSIGNMENT (  '', '', ( #9062 ) ) ;
#4773 = FACE_OUTER_BOUND ( 'NONE', #4020, .T. ) ;
#4774 = AXIS2_PLACEMENT_3D ( 'NONE', #9430, #2829, #7090 ) ;
#4775 = CARTESIAN_POINT ( 'NONE',  ( -0.09937007874015667264, 0.04665354330708926245, -0.1173031496063003942 ) ) ;
#4776 = ORIENTED_EDGE ( 'NONE', *, *, #7799, .F. ) ;
#4777 =( CONVERSION_BASED_UNIT ( 'INCH', #1821 ) LENGTH_UNIT ( ) NAMED_UNIT ( #453 ) );
#4778 = ORIENTED_EDGE ( 'NONE', *, *, #3675, .T. ) ;
#4779 = VECTOR ( 'NONE', #6458, 39.37007874015748143 ) ;
#4780 = DIRECTION ( 'NONE',  ( 0.000000000000000000, 1.000000000000000000, 0.000000000000000000 ) ) ;
#4781 = DIRECTION ( 'NONE',  ( 7.477256361968997021E-15, 1.000000000000000000, 0.000000000000000000 ) ) ;
#4782 = DIRECTION ( 'NONE',  ( -0.9848077530122085754, 0.1736481776669272781, 4.203664194080335198E-16 ) ) ;
#4783 = ORIENTED_EDGE ( 'NONE', *, *, #1853, .T. ) ;
#4784 = VECTOR ( 'NONE', #1237, 39.37007874015748143 ) ;
#4785 = DIRECTION ( 'NONE',  ( -1.000000000000000000, 0.000000000000000000, 0.000000000000000000 ) ) ;
#4786 = EDGE_CURVE ( 'NONE', #3482, #3570, #5193, .T. ) ;
#4787 = FACE_OUTER_BOUND ( 'NONE', #4114, .T. ) ;
#4789 = LINE ( 'NONE', #7733, #9169 ) ;
#4788 = CARTESIAN_POINT ( 'NONE',  ( -0.04499999999999999140, 0.02500000000000000139, 0.1349999999999998979 ) ) ;
#4790 = AXIS2_PLACEMENT_3D ( 'NONE', #1601, #979, #6055 ) ;
#4791 = CIRCLE ( 'NONE', #7104, 0.03249999999999999417 ) ;
#4792 = EDGE_CURVE ( 'NONE', #8682, #1891, #1136, .T. ) ;
#4793 = ORIENTED_EDGE ( 'NONE', *, *, #9008, .T. ) ;
#4794 = ADVANCED_FACE ( 'NONE', ( #508 ), #4185, .F. ) ;
#4795 = VERTEX_POINT ( 'NONE', #3639 ) ;
#4796 = EDGE_CURVE ( 'NONE', #8308, #1226, #7134, .T. ) ;
#4797 = DIRECTION ( 'NONE',  ( -1.000000000000000000, -0.000000000000000000, 3.414809992080327544E-16 ) ) ;
#4798 = ADVANCED_FACE ( 'NONE', ( #1903 ), #8471, .T. ) ;
#4799 = DIRECTION ( 'NONE',  ( -0.000000000000000000, -0.000000000000000000, 1.000000000000000000 ) ) ;
#4800 = LINE ( 'NONE', #1221, #5848 ) ;
#4801 = ORIENTED_EDGE ( 'NONE', *, *, #8365, .T. ) ;
#4802 = ADVANCED_FACE ( 'NONE', ( #1454 ), #3459, .F. ) ;
#4803 = CARTESIAN_POINT ( 'NONE',  ( 0.000000000000000000, 0.02500000000000000139, 0.000000000000000000 ) ) ;
#4804 = FACE_BOUND ( 'NONE', #7563, .T. ) ;
#4805 = EDGE_LOOP ( 'NONE', ( #8979, #116, #3114, #9036 ) ) ;
#4806 = DIRECTION ( 'NONE',  ( -0.000000000000000000, -1.000000000000000000, -0.000000000000000000 ) ) ;
#4807 = ORIENTED_EDGE ( 'NONE', *, *, #4796, .T. ) ;
#4808 = FACE_OUTER_BOUND ( 'NONE', #7225, .T. ) ;
#4809 = AXIS2_PLACEMENT_3D ( 'NONE', #2388, #3216, #222 ) ;
#4810 = CARTESIAN_POINT ( 'NONE',  ( 0.1024999999999999800, 0.05999999999999999778, 0.09499999999999990397 ) ) ;
#4811 =( LENGTH_UNIT ( ) NAMED_UNIT ( * ) SI_UNIT ( $, .METRE. ) );
#4812 = EDGE_LOOP ( 'NONE', ( #404, #4911, #442, #317 ) ) ;
#4813 = FACE_OUTER_BOUND ( 'NONE', #596, .T. ) ;
#4814 = VECTOR ( 'NONE', #9526, 39.37007874015748143 ) ;
#4815 = ORIENTED_EDGE ( 'NONE', *, *, #918, .F. ) ;
#4816 = EDGE_LOOP ( 'NONE', ( #5641, #3771, #7323, #4504 ) ) ;
#4817 = EDGE_CURVE ( 'NONE', #4435, #6646, #8785, .T. ) ;
#4818 = DIRECTION ( 'NONE',  ( 0.000000000000000000, -0.000000000000000000, 1.000000000000000000 ) ) ;
#4819 = CARTESIAN_POINT ( 'NONE',  ( -0.01978650686557548166, 0.03323314028328368253, -0.05283464566929224615 ) ) ;
#4820 = CARTESIAN_POINT ( 'NONE',  ( -0.1037336785659957600, 0.04665354330708928327, -0.05283464566929253758 ) ) ;
#4821 = DIRECTION ( 'NONE',  ( 0.1710878697460320175, 0.9702875252478151413, -0.1710878697460322950 ) ) ;
#4822 = ADVANCED_FACE ( 'NONE', ( #7345 ), #8117, .F. ) ;
#4823 = DIRECTION ( 'NONE',  ( -1.000000000000000000, 0.000000000000000000, -6.763395879695999991E-15 ) ) ;
#4824 = EDGE_CURVE ( 'NONE', #4181, #5966, #733, .T. ) ;
#4825 = AXIS2_PLACEMENT_3D ( 'NONE', #6160, #7597, #3152 ) ;
#4826 = CARTESIAN_POINT ( 'NONE',  ( 0.1024999999999999800, 0.06000000000000001166, 0.09499999999999990397 ) ) ;
#4827 = CARTESIAN_POINT ( 'NONE',  ( -0.1124551965405258952, 0.03312302406173386199, -0.03019685039370201274 ) ) ;
#4828 = VERTEX_POINT ( 'NONE', #7085 ) ;
#4829 = CARTESIAN_POINT ( 'NONE',  ( -0.01999999999999998307, 0.02500000000000000139, -0.1649999999999999800 ) ) ;
#4830 = VERTEX_POINT ( 'NONE', #3416 ) ;
#4831 = ADVANCED_FACE ( 'NONE', ( #1258 ), #4154, .T. ) ;
#4832 = DIRECTION ( 'NONE',  ( 3.491481338843133355E-15, 0.000000000000000000, -1.000000000000000000 ) ) ;
#4833 = ADVANCED_FACE ( 'NONE', ( #5647 ), #6430, .F. ) ;
#4834 = DIRECTION ( 'NONE',  ( 0.000000000000000000, 0.000000000000000000, 1.000000000000000000 ) ) ;
#4835 = CARTESIAN_POINT ( 'NONE',  ( -0.09937007874015688080, 0.04665354330708929020, -0.05283464566929253065 ) ) ;
#4836 = ORIENTED_EDGE ( 'NONE', *, *, #9252, .F. ) ;
#4837 = VECTOR ( 'NONE', #4821, 39.37007874015748143 ) ;
#4838 = DIRECTION ( 'NONE',  ( 0.000000000000000000, 0.000000000000000000, 1.000000000000000000 ) ) ;
#4839 = EDGE_LOOP ( 'NONE', ( #7891, #5755, #8211, #4875 ) ) ;
#4840 = DIRECTION ( 'NONE',  ( 1.000000000000000000, 0.000000000000000000, 0.000000000000000000 ) ) ;
#4842 = DIRECTION ( 'NONE',  ( -1.000000000000000000, 0.000000000000000000, -0.000000000000000000 ) ) ;
#4841 = DIRECTION ( 'NONE',  ( 0.7071067811865465735, 7.317076672313886341E-17, -0.7071067811865483499 ) ) ;
#4843 = DIMENSIONAL_EXPONENTS ( 1.000000000000000000, 0.000000000000000000, 0.000000000000000000, 0.000000000000000000, 0.000000000000000000, 0.000000000000000000, 0.000000000000000000 ) ;
#4844 = EDGE_LOOP ( 'NONE', ( #794, #974, #8094, #9512 ) ) ;
#4845 = ADVANCED_FACE ( 'NONE', ( #1205 ), #4106, .T. ) ;
#4846 = ORIENTED_EDGE ( 'NONE', *, *, #7343, .F. ) ;
#4847 = EDGE_CURVE ( 'NONE', #6935, #5761, #6385, .T. ) ;
#4848 = CARTESIAN_POINT ( 'NONE',  ( -0.01978650686557548166, 0.03323314028328368253, -0.05283464566929224615 ) ) ;
#4849 = DIRECTION ( 'NONE',  ( -0.000000000000000000, 1.000000000000000000, -0.000000000000000000 ) ) ;
#4850 =( GEOMETRIC_REPRESENTATION_CONTEXT ( 3 ) GLOBAL_UNCERTAINTY_ASSIGNED_CONTEXT ( ( #7332 ) ) GLOBAL_UNIT_ASSIGNED_CONTEXT ( ( #905, #2302, #818 ) ) REPRESENTATION_CONTEXT ( 'NONE', 'WORKASPACE' ) );
#4851 = CARTESIAN_POINT ( 'NONE',  ( 0.02250000000000001305, 0.05999999999999999778, 0.1099999999999999034 ) ) ;
#4852 = ORIENTED_EDGE ( 'NONE', *, *, #5705, .F. ) ;
#4853 = ORIENTED_EDGE ( 'NONE', *, *, #7211, .T. ) ;
#4854 = FACE_OUTER_BOUND ( 'NONE', #840, .T. ) ;
#4855 = ORIENTED_EDGE ( 'NONE', *, *, #4115, .T. ) ;
#4856 = DIRECTION ( 'NONE',  ( 1.000000000000000000, 0.000000000000000000, -1.067128122525103097E-16 ) ) ;
#4857 = VERTEX_POINT ( 'NONE', #2064 ) ;
#4858 = AXIS2_PLACEMENT_3D ( 'NONE', #6062, #2517, #8268 ) ;
#4859 = CARTESIAN_POINT ( 'NONE',  ( -0.1499999999999999667, 0.000000000000000000, 0.1674999999999999545 ) ) ;
#4860 = DIRECTION ( 'NONE',  ( 0.000000000000000000, 0.000000000000000000, -1.000000000000000000 ) ) ;
#4861 = ORIENTED_EDGE ( 'NONE', *, *, #5306, .F. ) ;
#4862 = CARTESIAN_POINT ( 'NONE',  ( -0.1549999999999999989, 0.05000000000000000278, -0.2000000000000000111 ) ) ;
#4863 = ORIENTED_EDGE ( 'NONE', *, *, #3143, .T. ) ;
#4864 = COLOUR_RGB ( '',0.7921568627450980005, 0.8196078431372548767, 0.9333333333333333481 ) ;
#4865 = ORIENTED_EDGE ( 'NONE', *, *, #954, .F. ) ;
#4866 = CARTESIAN_POINT ( 'NONE',  ( -0.02280479680351606142, 0.04448818897638057157, -0.09023622047244185540 ) ) ;
#4867 = DIRECTION ( 'NONE',  ( 1.000000000000000000, -9.782089697649614194E-16, -0.000000000000000000 ) ) ;
#4868 = LINE ( 'NONE', #4140, #1492 ) ;
#4869 = CARTESIAN_POINT ( 'NONE',  ( 0.08750000000000000833, 0.2541640786499874127, 0.1349999999999998979 ) ) ;
#4870 = SURFACE_STYLE_FILL_AREA ( #5772 ) ;
#4871 = LINE ( 'NONE', #7810, #3195 ) ;
#4872 = ADVANCED_FACE ( 'NONE', ( #6481 ), #2696, .T. ) ;
#4873 = CARTESIAN_POINT ( 'NONE',  ( 0.000000000000000000, 0.05000000000000000278, 0.000000000000000000 ) ) ;
#4874 = ORIENTED_EDGE ( 'NONE', *, *, #6440, .T. ) ;
#4875 = ORIENTED_EDGE ( 'NONE', *, *, #4824, .T. ) ;
#4876 = CARTESIAN_POINT ( 'NONE',  ( -0.04499999999999998446, 0.02500000000000000139, 0.04499999999999989425 ) ) ;
#4877 = EDGE_LOOP ( 'NONE', ( #3984, #3374, #5423, #7375, #2513, #6102 ) ) ;
#4878 = CARTESIAN_POINT ( 'NONE',  ( -0.1249999999999999445, 0.02500000000000000139, 0.07499999999999988620 ) ) ;
#4879 =( CONVERSION_BASED_UNIT ( 'INCH', #3530 ) LENGTH_UNIT ( ) NAMED_UNIT ( #4903 ) );
#4880 = ORIENTED_EDGE ( 'NONE', *, *, #6786, .T. ) ;
#4881 = CARTESIAN_POINT ( 'NONE',  ( -0.03499999999999997558, 0.05000000000000000278, 0.01999999999999989286 ) ) ;
#4882 = VERTEX_POINT ( 'NONE', #480 ) ;
#4883 = PLANE ( 'NONE',  #1063 ) ;
#4884 = VECTOR ( 'NONE', #8981, 39.37007874015748143 ) ;
#4886 = DIRECTION ( 'NONE',  ( -1.000000000000000000, -0.000000000000000000, 3.414809992080327544E-16 ) ) ;
#4885 = CARTESIAN_POINT ( 'NONE',  ( -0.1124551965405258952, 0.03312302406173385505, -0.01543307086614296129 ) ) ;
#4887 = VECTOR ( 'NONE', #3625, 39.37007874015748143 ) ;
#4888 = ORIENTED_EDGE ( 'NONE', *, *, #6579, .T. ) ;
#4889 = ORIENTED_EDGE ( 'NONE', *, *, #7827, .F. ) ;
#4890 = DIRECTION ( 'NONE',  ( -1.000000000000000000, -0.000000000000000000, -0.000000000000000000 ) ) ;
#4891 = VECTOR ( 'NONE', #9094, 39.37007874015748143 ) ;
#4892 = EDGE_CURVE ( 'NONE', #6312, #258, #435, .T. ) ;
#4893 = DIRECTION ( 'NONE',  ( 0.000000000000000000, 0.000000000000000000, 1.000000000000000000 ) ) ;
#4894 = VECTOR ( 'NONE', #2537, 39.37007874015748143 ) ;
#4895 = CARTESIAN_POINT ( 'NONE',  ( -0.03539370078740115139, 0.04665354330708926245, -0.003129921259843498633 ) ) ;
#4896 = ORIENTED_EDGE ( 'NONE', *, *, #6414, .T. ) ;
#4897 = EDGE_CURVE ( 'NONE', #9239, #7670, #7194, .T. ) ;
#4898 = DIRECTION ( 'NONE',  ( 0.000000000000000000, 1.000000000000000000, 0.000000000000000000 ) ) ;
#4899 = AXIS2_PLACEMENT_3D ( 'NONE', #8154, #13, #6807 ) ;
#4900 = AXIS2_PLACEMENT_3D ( 'NONE', #8348, #4598, #5274 ) ;
#4901 = ORIENTED_EDGE ( 'NONE', *, *, #92, .F. ) ;
#4902 = SURFACE_STYLE_USAGE ( .BOTH. , #6496 ) ;
#4903 = DIMENSIONAL_EXPONENTS ( 1.000000000000000000, 0.000000000000000000, 0.000000000000000000, 0.000000000000000000, 0.000000000000000000, 0.000000000000000000, 0.000000000000000000 ) ;
#4904 = ORIENTED_EDGE ( 'NONE', *, *, #1792, .T. ) ;
#4905 = FACE_OUTER_BOUND ( 'NONE', #6361, .T. ) ;
#4906 = VECTOR ( 'NONE', #6390, 39.37007874015748143 ) ;
#4907 = FACE_OUTER_BOUND ( 'NONE', #9116, .T. ) ;
#4908 = VERTEX_POINT ( 'NONE', #8630 ) ;
#4909 = DIRECTION ( 'NONE',  ( 0.000000000000000000, 0.000000000000000000, -1.000000000000000000 ) ) ;
#4910 = ADVANCED_FACE ( 'NONE', ( #2798 ), #1975, .T. ) ;
#4911 = ORIENTED_EDGE ( 'NONE', *, *, #3098, .T. ) ;
#4912 = ORIENTED_EDGE ( 'NONE', *, *, #835, .F. ) ;
#4913 = DIRECTION ( 'NONE',  ( 3.491481338843133355E-15, 0.000000000000000000, -1.000000000000000000 ) ) ;
#4914 = DIRECTION ( 'NONE',  ( 0.000000000000000000, 1.000000000000000000, 0.000000000000000000 ) ) ;
#4915 = FACE_OUTER_BOUND ( 'NONE', #4415, .T. ) ;
#4916 = DIRECTION ( 'NONE',  ( 1.000000000000000000, 0.000000000000000000, -0.000000000000000000 ) ) ;
#4917 = EDGE_CURVE ( 'NONE', #1203, #6729, #7826, .T. ) ;
#4918 = CARTESIAN_POINT ( 'NONE',  ( -0.01978650686557541574, 0.03323314028328368253, -0.06759842519685130280 ) ) ;
#4919 = AXIS2_PLACEMENT_3D ( 'NONE', #9235, #4081, #3504 ) ;
#4920 = EDGE_CURVE ( 'NONE', #4116, #4212, #5029, .T. ) ;
#4921 = CARTESIAN_POINT ( 'NONE',  ( -0.1300000000000000044, 0.02500000000000000139, -0.1925000000000000600 ) ) ;
#4922 = ORIENTED_EDGE ( 'NONE', *, *, #4342, .F. ) ;
#4923 = ORIENTED_EDGE ( 'NONE', *, *, #5428, .F. ) ;
#4924 = DIRECTION ( 'NONE',  ( -1.000000000000000000, 6.950840520229924419E-15, 0.000000000000000000 ) ) ;
#4925 = DIRECTION ( 'NONE',  ( 0.000000000000000000, 1.000000000000000000, -9.756599977372368637E-16 ) ) ;
#4926 = ORIENTED_EDGE ( 'NONE', *, *, #8506, .F. ) ;
#4927 = AXIS2_PLACEMENT_3D ( 'NONE', #7469, #3804, #1532 ) ;
#4928 = CARTESIAN_POINT ( 'NONE',  ( 0.1900000000000000300, 0.08250000000000000389, -0.06250000000000001388 ) ) ;
#4929 =( LENGTH_UNIT ( ) NAMED_UNIT ( * ) SI_UNIT ( $, .METRE. ) );
#4930 = VECTOR ( 'NONE', #1165, 39.37007874015748143 ) ;
#4931 = ORIENTED_EDGE ( 'NONE', *, *, #3331, .F. ) ;
#4932 = UNCERTAINTY_MEASURE_WITH_UNIT (LENGTH_MEASURE( 1.000000000000000082E-05 ), #752, 'distance_accuracy_value', 'NONE');
#4933 = FACE_OUTER_BOUND ( 'NONE', #2310, .T. ) ;
#4934 = AXIS2_PLACEMENT_3D ( 'NONE', #95, #143, #8913 ) ;
#4935 = EDGE_LOOP ( 'NONE', ( #1305, #1168 ) ) ;
#4936 = CARTESIAN_POINT ( 'NONE',  ( -0.01978650686557544697, 0.03070866141732543284, -0.05283464566929222533 ) ) ;
#4937 = VECTOR ( 'NONE', #7840, 39.37007874015748143 ) ;
#4939 = FACE_OUTER_BOUND ( 'NONE', #6002, .T. ) ;
#4938 = DIRECTION ( 'NONE',  ( 0.000000000000000000, 1.000000000000000000, 0.000000000000000000 ) ) ;
#4940 = EDGE_CURVE ( 'NONE', #9018, #8515, #7247, .T. ) ;
#4941 = CLOSED_SHELL ( 'NONE', ( #4078, #6401, #7383, #5210, #2118, #1731 ) ) ;
#4942 = EDGE_CURVE ( 'NONE', #6744, #2054, #7918, .T. ) ;
#4943 = AXIS2_PLACEMENT_3D ( 'NONE', #7422, #760, #2153 ) ;
#4944 = ORIENTED_EDGE ( 'NONE', *, *, #5462, .T. ) ;
#4945 = EDGE_CURVE ( 'NONE', #8419, #9080, #1304, .T. ) ;
#4946 = ORIENTED_EDGE ( 'NONE', *, *, #6088, .F. ) ;
#4947 = CARTESIAN_POINT ( 'NONE',  ( -0.1549999999999999989, 0.02500000000000000139, -0.1925000000000000600 ) ) ;
#4948 = CARTESIAN_POINT ( 'NONE',  ( 0.1525000000000000244, 0.02500000000000000139, 0.03499999999999989231 ) ) ;
#4949 = AXIS2_PLACEMENT_3D ( 'NONE', #4652, #7451, #1652 ) ;
#4950 = LINE ( 'NONE', #538, #7720 ) ;
#4951 = AXIS2_PLACEMENT_3D ( 'NONE', #9464, #5140, #5807 ) ;
#4952 = EDGE_LOOP ( 'NONE', ( #4731, #3282, #1697, #3338 ) ) ;
#4953 = EDGE_CURVE ( 'NONE', #6097, #5572, #5560, .T. ) ;
#4954 = DIRECTION ( 'NONE',  ( 0.000000000000000000, 1.000000000000000000, 0.000000000000000000 ) ) ;
#4955 = ORIENTED_EDGE ( 'NONE', *, *, #3953, .T. ) ;
#4956 = LENGTH_MEASURE_WITH_UNIT ( LENGTH_MEASURE( 0.02539999999999999897 ), #6404 );
#4957 = VERTEX_POINT ( 'NONE', #1878 ) ;
#4958 = CARTESIAN_POINT ( 'NONE',  ( -0.1149772726619825158, 0.03323314028328368253, -0.01543307086614296997 ) ) ;
#4959 = ADVANCED_FACE ( 'NONE', ( #4933 ), #6340, .F. ) ;
#4960 = DIRECTION ( 'NONE',  ( 1.000000000000000000, 0.000000000000000000, 0.000000000000000000 ) ) ;
#4961 = ORIENTED_EDGE ( 'NONE', *, *, #2985, .F. ) ;
#4962 = CARTESIAN_POINT ( 'NONE',  ( 0.1024999999999999939, 0.02500000000000000139, 0.03499999999999989231 ) ) ;
#4963 = ORIENTED_EDGE ( 'NONE', *, *, #5956, .T. ) ;
#4964 = ORIENTED_EDGE ( 'NONE', *, *, #5956, .F. ) ;
#4965 = DIRECTION ( 'NONE',  ( 0.000000000000000000, 1.000000000000000000, 0.000000000000000000 ) ) ;
#4966 = DIRECTION ( 'NONE',  ( 0.000000000000000000, -1.000000000000000000, 0.000000000000000000 ) ) ;
#4967 = CARTESIAN_POINT ( 'NONE',  ( 0.1500000000000000500, 0.02500000000000000139, 0.2174999999999999434 ) ) ;
#4968 = DIRECTION ( 'NONE',  ( -0.000000000000000000, 1.000000000000000000, -0.000000000000000000 ) ) ;
#4969 = SURFACE_STYLE_FILL_AREA ( #468 ) ;
#4970 = LINE ( 'NONE', #1335, #4447 ) ;
#4971 = EDGE_CURVE ( 'NONE', #6180, #8610, #7105, .T. ) ;
#4972 = SURFACE_SIDE_STYLE ('',( #2785 ) ) ;
#4973 = EDGE_CURVE ( 'NONE', #4857, #3227, #2160, .T. ) ;
#4974 = LINE ( 'NONE', #4192, #3688 ) ;
#4975 = ORIENTED_EDGE ( 'NONE', *, *, #6674, .T. ) ;
#4976 = ORIENTED_EDGE ( 'NONE', *, *, #6531, .T. ) ;
#4977 = DIRECTION ( 'NONE',  ( 8.758115402030106693E-47, -1.000000000000000000, -1.463489996605855394E-15 ) ) ;
#4978 = AXIS2_PLACEMENT_3D ( 'NONE', #4848, #5518, #4214 ) ;
#4979 = DIRECTION ( 'NONE',  ( -3.414809992080327544E-16, -9.756599977372368637E-16, -1.000000000000000000 ) ) ;
#4980 = ORIENTED_EDGE ( 'NONE', *, *, #7335, .F. ) ;
#4981 = CARTESIAN_POINT ( 'NONE',  ( 0.01000000000000004705, 0.02500000000000000486, -0.05749999999999999556 ) ) ;
#4982 = SURFACE_STYLE_FILL_AREA ( #1398 ) ;
#4983 = VECTOR ( 'NONE', #4530, 39.37007874015748143 ) ;
#4984 = VERTEX_POINT ( 'NONE', #49 ) ;
#4985 = DIRECTION ( 'NONE',  ( -0.000000000000000000, 1.000000000000000000, -0.000000000000000000 ) ) ;
#4986 = EDGE_CURVE ( 'NONE', #1791, #2557, #5072, .T. ) ;
#4987 = VERTEX_POINT ( 'NONE', #7432 ) ;
#4988 = CLOSED_SHELL ( 'NONE', ( #7602, #4831, #3386, #3967, #1057, #1911 ) ) ;
#4989 = CARTESIAN_POINT ( 'NONE',  ( -0.05250000000000000500, 0.05000000000000000278, 0.000000000000000000 ) ) ;
#4991 = DIRECTION ( 'NONE',  ( -1.000000000000000000, 6.950840520229924419E-15, -0.000000000000000000 ) ) ;
#4990 = DIRECTION ( 'NONE',  ( 1.000000000000000000, 0.000000000000000000, 0.000000000000000000 ) ) ;
#4992 = ORIENTED_EDGE ( 'NONE', *, *, #5902, .F. ) ;
#4993 = VERTEX_POINT ( 'NONE', #5933 ) ;
#4994 = DIRECTION ( 'NONE',  ( -1.000000000000000000, 0.000000000000000000, 3.414809992080329516E-16 ) ) ;
#4995 = EDGE_CURVE ( 'NONE', #4153, #3472, #6709, .T. ) ;
#4996 = EDGE_CURVE ( 'NONE', #8470, #4028, #3676, .T. ) ;
#4997 = PRESENTATION_STYLE_ASSIGNMENT (( #1313 ) ) ;
#4998 = CARTESIAN_POINT ( 'NONE',  ( 0.02874999999999996655, 0.02500000000000002914, -0.2324999999999999845 ) ) ;
#4999 = VECTOR ( 'NONE', #3501, 39.37007874015748143 ) ;
#5000 = LINE ( 'NONE', #734, #8275 ) ;
#5001 = ADVANCED_FACE ( 'NONE', ( #717 ), #91, .T. ) ;
#5002 = SURFACE_STYLE_USAGE ( .BOTH. , #736 ) ;
#5003 = ORIENTED_EDGE ( 'NONE', *, *, #6042, .F. ) ;
#5004 = CARTESIAN_POINT ( 'NONE',  ( 0.000000000000000000, 0.05000000000000000278, 0.000000000000000000 ) ) ;
#5005 = EDGE_LOOP ( 'NONE', ( #4980, #4709, #6400, #5691 ) ) ;
#5006 = AXIS2_PLACEMENT_3D ( 'NONE', #5294, #2149, #5154 ) ;
#5007 = CARTESIAN_POINT ( 'NONE',  ( -0.1499999999999999667, 0.000000000000000000, 0.1999999999999999556 ) ) ;
#5008 = LENGTH_MEASURE_WITH_UNIT ( LENGTH_MEASURE( 0.02539999999999999897 ), #3700 );
#5009 = LINE ( 'NONE', #9181, #9392 ) ;
#5010 = ORIENTED_EDGE ( 'NONE', *, *, #4094, .F. ) ;
#5011 = ORIENTED_EDGE ( 'NONE', *, *, #3325, .F. ) ;
#5012 = LINE ( 'NONE', #284, #4307 ) ;
#5013 = CARTESIAN_POINT ( 'NONE',  ( 0.1500000000000000500, 0.02500000000000000139, 0.1674999999999999545 ) ) ;
#5014 = DIRECTION ( 'NONE',  ( 3.491481338843133355E-15, 0.000000000000000000, -1.000000000000000000 ) ) ;
#5015 = DIRECTION ( 'NONE',  ( -1.000000000000000000, -7.477256361968976511E-15, -3.491481338843132961E-15 ) ) ;
#5016 = SURFACE_STYLE_USAGE ( .BOTH. , #7860 ) ;
#5017 = DIRECTION ( 'NONE',  ( -1.000000000000000000, -0.000000000000000000, -0.000000000000000000 ) ) ;
#5018 = CARTESIAN_POINT ( 'NONE',  ( -0.01226377952755827554, 0.02500000000000265205, -0.09023622047244184152 ) ) ;
#5019 = DIRECTION ( 'NONE',  ( 1.000000000000000000, 0.000000000000000000, -5.122214988120492302E-16 ) ) ;
#5020 = ORIENTED_EDGE ( 'NONE', *, *, #4996, .F. ) ;
#5021 = EDGE_CURVE ( 'NONE', #7605, #4987, #8191, .T. ) ;
#5022 = EDGE_LOOP ( 'NONE', ( #5275, #5922, #6686, #3522 ) ) ;
#5023 = SURFACE_SIDE_STYLE ('',( #615 ) ) ;
#5024 = LINE ( 'NONE', #1342, #6155 ) ;
#5025 = ORIENTED_EDGE ( 'NONE', *, *, #2925, .T. ) ;
#5026 = EDGE_CURVE ( 'NONE', #6186, #5166, #1586, .T. ) ;
#5027 = DIRECTION ( 'NONE',  ( -1.000000000000000000, 0.000000000000000000, -3.381697939847988951E-15 ) ) ;
#5028 = UNCERTAINTY_MEASURE_WITH_UNIT (LENGTH_MEASURE( 1.000000000000000082E-05 ), #3111, 'distance_accuracy_value', 'NONE');
#5029 = LINE ( 'NONE', #4881, #419 ) ;
#5030 = ORIENTED_EDGE ( 'NONE', *, *, #7335, .T. ) ;
#5031 = LINE ( 'NONE', #1491, #2760 ) ;
#5033 = CARTESIAN_POINT ( 'NONE',  ( -0.09937007874015707509, 0.04665354330708926245, -0.003129921259843703330 ) ) ;
#5032 = DIRECTION ( 'NONE',  ( 0.000000000000000000, -0.000000000000000000, -1.000000000000000000 ) ) ;
#5034 = VECTOR ( 'NONE', #23, 39.37007874015748143 ) ;
#5035 = ORIENTED_EDGE ( 'NONE', *, *, #9401, .T. ) ;
#5036 = ORIENTED_EDGE ( 'NONE', *, *, #8222, .T. ) ;
#5037 = CARTESIAN_POINT ( 'NONE',  ( -0.09624617553862874209, 0.06437007874016012487, -0.1141792464047723527 ) ) ;
#5038 = AXIS2_PLACEMENT_3D ( 'NONE', #1927, #1263, #3439 ) ;
#5039 = VECTOR ( 'NONE', #966, 39.37007874015748854 ) ;
#5040 = VERTEX_POINT ( 'NONE', #2114 ) ;
#5041 = PLANE ( 'NONE',  #1841 ) ;
#5042 = CARTESIAN_POINT ( 'NONE',  ( 0.06423384400651328818, 0.06776132254123602705, -0.03076615599348686905 ) ) ;
#5043 = VERTEX_POINT ( 'NONE', #4488 ) ;
#5044 = ORIENTED_EDGE ( 'NONE', *, *, #2555, .T. ) ;
#5045 = DIRECTION ( 'NONE',  ( 0.000000000000000000, 0.000000000000000000, 1.000000000000000000 ) ) ;
#5046 = SURFACE_SIDE_STYLE ('',( #7127 ) ) ;
#5047 = AXIS2_PLACEMENT_3D ( 'NONE', #4138, #6634, #21 ) ;
#5048 = AXIS2_PLACEMENT_3D ( 'NONE', #1594, #8390, #7481 ) ;
#5049 = SURFACE_STYLE_FILL_AREA ( #791 ) ;
#5050 = ADVANCED_FACE ( 'NONE', ( #9486 ), #5123, .F. ) ;
#5051 = VECTOR ( 'NONE', #1424, 39.37007874015748143 ) ;
#5052 = LINE ( 'NONE', #1789, #2007 ) ;
#5053 = VECTOR ( 'NONE', #890, 39.37007874015748143 ) ;
#5054 = VECTOR ( 'NONE', #2404, 39.37007874015748143 ) ;
#5055 = ORIENTED_EDGE ( 'NONE', *, *, #8934, .T. ) ;
#5056 = ORIENTED_EDGE ( 'NONE', *, *, #482, .T. ) ;
#5057 = CARTESIAN_POINT ( 'NONE',  ( -0.04999999999999996114, 0.000000000000000000, 0.1999999999999999556 ) ) ;
#5058 = CARTESIAN_POINT ( 'NONE',  ( 0.08250000000000003164, 0.000000000000000000, 0.1674999999999999545 ) ) ;
#5059 = CARTESIAN_POINT ( 'NONE',  ( 0.1900000000000000300, 0.1000000000000000056, -0.06250000000000002776 ) ) ;
#5060 = DIRECTION ( 'NONE',  ( -3.484838268542468207E-15, 1.521513246882020126E-16, 1.000000000000000000 ) ) ;
#5061 =( LENGTH_UNIT ( ) NAMED_UNIT ( * ) SI_UNIT ( $, .METRE. ) );
#5062 = DIRECTION ( 'NONE',  ( 0.000000000000000000, 0.000000000000000000, 1.000000000000000000 ) ) ;
#5063 = VECTOR ( 'NONE', #6230, 39.37007874015748143 ) ;
#5064 =( LENGTH_UNIT ( ) NAMED_UNIT ( * ) SI_UNIT ( $, .METRE. ) );
#5065 = CARTESIAN_POINT ( 'NONE',  ( -0.1549999999999999989, 0.02500000000000000139, -0.1575000000000000289 ) ) ;
#5066 = ORIENTED_EDGE ( 'NONE', *, *, #877, .T. ) ;
#5067 = EDGE_LOOP ( 'NONE', ( #1793, #9477 ) ) ;
#5068 = CARTESIAN_POINT ( 'NONE',  ( 0.08750000000000000833, 0.06000000000000001166, 0.07499999999999990008 ) ) ;
#5069 = CARTESIAN_POINT ( 'NONE',  ( -0.03103010096156195649, 0.04665354330708929020, -0.1050000000000009398 ) ) ;
#5070 = VERTEX_POINT ( 'NONE', #8817 ) ;
#5071 = DIRECTION ( 'NONE',  ( -0.9848077530122080203, 0.1736481776669306920, -3.438437891990161467E-15 ) ) ;
#5072 = LINE ( 'NONE', #4396, #5809 ) ;
#5073 = ORIENTED_EDGE ( 'NONE', *, *, #6337, .F. ) ;
#5074 = EDGE_CURVE ( 'NONE', #2115, #2091, #2304, .T. ) ;
#5075 = LINE ( 'NONE', #4347, #8766 ) ;
#5076 = AXIS2_PLACEMENT_3D ( 'NONE', #2876, #5197, #7234 ) ;
#5078 = DIRECTION ( 'NONE',  ( 3.491481338843133355E-15, 0.000000000000000000, -1.000000000000000000 ) ) ;
#5077 = LINE ( 'NONE', #6485, #5674 ) ;
#5079 = ORIENTED_EDGE ( 'NONE', *, *, #4499, .F. ) ;
#5080 = ORIENTED_EDGE ( 'NONE', *, *, #3189, .T. ) ;
#5081 = VECTOR ( 'NONE', #7291, 39.37007874015748143 ) ;
#5082 = DIRECTION ( 'NONE',  ( -0.000000000000000000, 1.000000000000000000, -0.000000000000000000 ) ) ;
#5083 = MECHANICAL_DESIGN_GEOMETRIC_PRESENTATION_REPRESENTATION (  '', ( #3849 ), #1224 ) ;
#5084 = EDGE_CURVE ( 'NONE', #2909, #4346, #671, .T. ) ;
#5085 = VECTOR ( 'NONE', #4458, 39.37007874015748143 ) ;
#5086 =( CONVERSION_BASED_UNIT ( 'INCH', #7208 ) LENGTH_UNIT ( ) NAMED_UNIT ( #3423 ) );
#5087 = VERTEX_POINT ( 'NONE', #6667 ) ;
#5088 = DIRECTION ( 'NONE',  ( 0.7071067811865459074, 8.623697506655666241E-17, -0.7071067811865492381 ) ) ;
#5089 = DIRECTION ( 'NONE',  ( -8.758115402030106693E-47, 1.000000000000000000, 1.463489996605855394E-15 ) ) ;
#5090 = EDGE_CURVE ( 'NONE', #6382, #4153, #719, .T. ) ;
#5091 = VECTOR ( 'NONE', #3742, 39.37007874015748143 ) ;
#5092 = EDGE_CURVE ( 'NONE', #2703, #1074, #7288, .T. ) ;
#5093 = CARTESIAN_POINT ( 'NONE',  ( 0.1525000000000000244, 0.05999999999999999778, 0.03499999999999989231 ) ) ;
#5094 = VERTEX_POINT ( 'NONE', #8859 ) ;
#5095 = EDGE_CURVE ( 'NONE', #845, #1628, #3812, .T. ) ;
#5096 = EDGE_CURVE ( 'NONE', #3250, #1838, #6754, .T. ) ;
#5097 = ORIENTED_EDGE ( 'NONE', *, *, #4284, .F. ) ;
#5098 = DIRECTION ( 'NONE',  ( 0.000000000000000000, 0.000000000000000000, 1.000000000000000000 ) ) ;
#5099 = VECTOR ( 'NONE', #4216, 39.37007874015748143 ) ;
#5100 = ADVANCED_FACE ( 'NONE', ( #1487 ), #8769, .F. ) ;
#5101 = DIRECTION ( 'NONE',  ( -1.000000000000000000, -1.036909937941521043E-15, -3.110729813824563327E-15 ) ) ;
#5102 = ORIENTED_EDGE ( 'NONE', *, *, #9420, .F. ) ;
#5103 = ORIENTED_EDGE ( 'NONE', *, *, #2964, .F. ) ;
#5104 = CYLINDRICAL_SURFACE ( 'NONE', #3028, 0.01749999999999998432 ) ;
#5105 = DIRECTION ( 'NONE',  ( 0.000000000000000000, 0.000000000000000000, -1.000000000000000000 ) ) ;
#5106 = DIRECTION ( 'NONE',  ( 0.000000000000000000, 1.000000000000000000, 0.000000000000000000 ) ) ;
#5107 = CARTESIAN_POINT ( 'NONE',  ( 0.02250000000000001305, 0.02500000000000000139, 0.05999999999999990064 ) ) ;
#5108 = SURFACE_SIDE_STYLE ('',( #74 ) ) ;
#5109 = DIRECTION ( 'NONE',  ( 3.491481338843133355E-15, 0.000000000000000000, -1.000000000000000000 ) ) ;
#5110 = DIRECTION ( 'NONE',  ( 0.000000000000000000, 0.000000000000000000, 1.000000000000000000 ) ) ;
#5111 = EDGE_CURVE ( 'NONE', #3553, #964, #5783, .T. ) ;
#5112 = ORIENTED_EDGE ( 'NONE', *, *, #4080, .T. ) ;
#5113 = ORIENTED_EDGE ( 'NONE', *, *, #2356, .T. ) ;
#5114 = DIRECTION ( 'NONE',  ( 1.000000000000000000, -0.000000000000000000, 0.000000000000000000 ) ) ;
#5115 = FACE_OUTER_BOUND ( 'NONE', #9280, .T. ) ;
#5116 = ADVANCED_FACE ( 'NONE', ( #770 ), #5212, .T. ) ;
#5117 = ORIENTED_EDGE ( 'NONE', *, *, #1259, .T. ) ;
#5118 = CARTESIAN_POINT ( 'NONE',  ( -0.01978650686557531166, 0.03070866141732543284, -0.1050000000000009120 ) ) ;
#5119 = DIRECTION ( 'NONE',  ( 0.000000000000000000, 0.000000000000000000, -1.000000000000000000 ) ) ;
#5120 = EDGE_CURVE ( 'NONE', #3837, #632, #6803, .T. ) ;
#5121 = UNCERTAINTY_MEASURE_WITH_UNIT (LENGTH_MEASURE( 1.000000000000000082E-05 ), #8880, 'distance_accuracy_value', 'NONE');
#5122 = VECTOR ( 'NONE', #8449, 39.37007874015748143 ) ;
#5123 = PLANE ( 'NONE',  #6585 ) ;
#5124 = ORIENTED_EDGE ( 'NONE', *, *, #2381, .F. ) ;
#5125 = CARTESIAN_POINT ( 'NONE',  ( -0.04999999999999996114, 0.000000000000000000, 0.2174999999999999434 ) ) ;
#5126 = VECTOR ( 'NONE', #1243, 39.37007874015748143 ) ;
#5127 = LINE ( 'NONE', #8055, #1190 ) ;
#5128 = VERTEX_POINT ( 'NONE', #5407 ) ;
#5129 = ORIENTED_EDGE ( 'NONE', *, *, #257, .T. ) ;
#5130 =( CONVERSION_BASED_UNIT ( 'INCH', #9408 ) LENGTH_UNIT ( ) NAMED_UNIT ( #6192 ) );
#5131 = DIRECTION ( 'NONE',  ( 1.000000000000000000, 0.000000000000000000, 0.000000000000000000 ) ) ;
#5132 = VERTEX_POINT ( 'NONE', #6846 ) ;
#5133 = DIRECTION ( 'NONE',  ( -1.000000000000000000, 0.000000000000000000, -4.147639751766084173E-15 ) ) ;
#5135 = DIRECTION ( 'NONE',  ( -0.000000000000000000, -1.000000000000000000, -0.000000000000000000 ) ) ;
#5134 = CARTESIAN_POINT ( 'NONE',  ( -0.07499999999999995559, 0.02500000000000000139, 0.04499999999999990119 ) ) ;
#5136 = EDGE_CURVE ( 'NONE', #9050, #6566, #3902, .T. ) ;
#5137 =( NAMED_UNIT ( * ) PLANE_ANGLE_UNIT ( ) SI_UNIT ( $, .RADIAN. ) );
#5138 = ORIENTED_EDGE ( 'NONE', *, *, #7532, .F. ) ;
#5139 = ORIENTED_EDGE ( 'NONE', *, *, #3497, .F. ) ;
#5140 = DIRECTION ( 'NONE',  ( -2.134256245050206194E-16, 0.000000000000000000, -1.000000000000000000 ) ) ;
#5141 = AXIS2_PLACEMENT_3D ( 'NONE', #3997, #5346, #6270 ) ;
#5142 = CARTESIAN_POINT ( 'NONE',  ( 0.01750000000000003636, 0.000000000000000000, 0.1674999999999999545 ) ) ;
#5143 = LINE ( 'NONE', #4420, #6636 ) ;
#5144 = ORIENTED_EDGE ( 'NONE', *, *, #9487, .F. ) ;
#5145 = ORIENTED_EDGE ( 'NONE', *, *, #7174, .F. ) ;
#5146 = CARTESIAN_POINT ( 'NONE',  ( -0.05999999999999999084, 0.05000000000000000278, -0.2000000000000000111 ) ) ;
#5147 = LINE ( 'NONE', #7363, #1482 ) ;
#5148 = PLANE ( 'NONE',  #254 ) ;
#5149 = DIRECTION ( 'NONE',  ( 0.000000000000000000, -0.000000000000000000, 1.000000000000000000 ) ) ;
#5150 =( NAMED_UNIT ( * ) PLANE_ANGLE_UNIT ( ) SI_UNIT ( $, .RADIAN. ) );
#5151 = CIRCLE ( 'NONE', #977, 0.008233140283281080787 ) ;
#5152 = ORIENTED_EDGE ( 'NONE', *, *, #1075, .F. ) ;
#5153 = CARTESIAN_POINT ( 'NONE',  ( -0.07499999999999996947, 0.02500000000000000139, 0.01999999999999989286 ) ) ;
#5154 = DIRECTION ( 'NONE',  ( 0.000000000000000000, 0.000000000000000000, -1.000000000000000000 ) ) ;
#5155 = PLANE ( 'NONE',  #4300 ) ;
#5156 = ORIENTED_EDGE ( 'NONE', *, *, #7119, .T. ) ;
#5157 = ORIENTED_EDGE ( 'NONE', *, *, #6379, .T. ) ;
#5158 = FACE_OUTER_BOUND ( 'NONE', #3981, .T. ) ;
#5159 = DIRECTION ( 'NONE',  ( -1.000000000000000000, -0.000000000000000000, -3.491481338843132961E-15 ) ) ;
#5160 = VERTEX_POINT ( 'NONE', #7719 ) ;
#5161 = DIRECTION ( 'NONE',  ( 0.000000000000000000, 1.000000000000000000, 0.000000000000000000 ) ) ;
#5162 = DIRECTION ( 'NONE',  ( -1.000000000000000000, -0.000000000000000000, -0.000000000000000000 ) ) ;
#5163 = EDGE_CURVE ( 'NONE', #5676, #7218, #908, .T. ) ;
#5164 = AXIS2_PLACEMENT_3D ( 'NONE', #2870, #9527, #5821 ) ;
#5165 = DIRECTION ( 'NONE',  ( 4.268512490100411895E-16, -0.000000000000000000, 1.000000000000000000 ) ) ;
#5166 = VERTEX_POINT ( 'NONE', #1046 ) ;
#5167 = EDGE_CURVE ( 'NONE', #8553, #697, #3670, .T. ) ;
#5168 = PLANE ( 'NONE',  #4155 ) ;
#5169 = LINE ( 'NONE', #3821, #6594 ) ;
#5170 = ORIENTED_EDGE ( 'NONE', *, *, #1270, .T. ) ;
#5171 = ORIENTED_EDGE ( 'NONE', *, *, #4383, .T. ) ;
#5172 = DIRECTION ( 'NONE',  ( 3.491481338843133355E-15, 0.000000000000000000, -1.000000000000000000 ) ) ;
#5173 = CARTESIAN_POINT ( 'NONE',  ( -0.1499999999999999667, 0.000000000000000000, 0.1999999999999999556 ) ) ;
#5174 = CARTESIAN_POINT ( 'NONE',  ( -0.1149772726619823771, 0.02500000000000262776, -0.06759842519685163587 ) ) ;
#5176 = DIRECTION ( 'NONE',  ( 1.000000000000000000, 0.000000000000000000, 1.224646799147353207E-16 ) ) ;
#5175 = DIRECTION ( 'NONE',  ( -1.000000000000000000, 3.381697939847999996E-15, -3.381697939847999996E-15 ) ) ;
#5177 = PRESENTATION_STYLE_ASSIGNMENT (( #8023 ) ) ;
#5178 = EDGE_LOOP ( 'NONE', ( #2690, #8883, #1371, #678 ) ) ;
#5179 = ORIENTED_EDGE ( 'NONE', *, *, #3430, .T. ) ;
#5180 = LINE ( 'NONE', #1460, #622 ) ;
#5181 = COLOUR_RGB ( '',0.7921568627450980005, 0.8196078431372548767, 0.9333333333333333481 ) ;
#5182 = AXIS2_PLACEMENT_3D ( 'NONE', #7870, #2837, #6425 ) ;
#5183 =( NAMED_UNIT ( * ) PLANE_ANGLE_UNIT ( ) SI_UNIT ( $, .RADIAN. ) );
#5184 = CARTESIAN_POINT ( 'NONE',  ( -0.01749999999999998432, 0.02500000000000000139, -0.2250000000000000333 ) ) ;
#5185 = ORIENTED_EDGE ( 'NONE', *, *, #5084, .F. ) ;
#5186 = EDGE_LOOP ( 'NONE', ( #177, #7360, #2988, #777 ) ) ;
#5187 = LINE ( 'NONE', #7499, #6879 ) ;
#5188 = CARTESIAN_POINT ( 'NONE',  ( -0.03640029181900449051, 0.05236220472441212304, -0.03019685039370173865 ) ) ;
#5189 = CARTESIAN_POINT ( 'NONE',  ( -0.1062557546874523112, 0.04423918066268085758, -0.05283464566929255840 ) ) ;
#5190 = VECTOR ( 'NONE', #3042, 39.37007874015748854 ) ;
#5191 = CARTESIAN_POINT ( 'NONE',  ( 0.1525000000000000244, 0.05999999999999999778, 0.07499999999999988620 ) ) ;
#5192 = EDGE_LOOP ( 'NONE', ( #5583, #1174, #7631, #2152 ) ) ;
#5193 = CIRCLE ( 'NONE', #9489, 0.002524478865958247956 ) ;
#5194 = STYLED_ITEM ( 'NONE', ( #2733 ), #2636 ) ;
#5195 = LINE ( 'NONE', #1472, #735 ) ;
#5196 = EDGE_CURVE ( 'NONE', #4857, #926, #4048, .T. ) ;
#5197 = DIRECTION ( 'NONE',  ( 0.000000000000000000, 0.000000000000000000, 1.000000000000000000 ) ) ;
#5198 = ORIENTED_EDGE ( 'NONE', *, *, #3549, .F. ) ;
#5199 = VERTEX_POINT ( 'NONE', #999 ) ;
#5200 = CARTESIAN_POINT ( 'NONE',  ( 0.1024999999999999939, 0.02500000000000000139, 0.07499999999999988620 ) ) ;
#5201 = CARTESIAN_POINT ( 'NONE',  ( -0.03539370078740081138, 0.04665354330708926245, -0.1173031496063001861 ) ) ;
#5202 = ORIENTED_EDGE ( 'NONE', *, *, #553, .T. ) ;
#5203 = DIRECTION ( 'NONE',  ( 0.000000000000000000, -0.000000000000000000, -1.000000000000000000 ) ) ;
#5204 = VECTOR ( 'NONE', #3422, 39.37007874015748143 ) ;
#5205 = FACE_OUTER_BOUND ( 'NONE', #6789, .T. ) ;
#5206 = LENGTH_MEASURE_WITH_UNIT ( LENGTH_MEASURE( 0.02539999999999999897 ), #4929 );
#5207 = EDGE_CURVE ( 'NONE', #3525, #2446, #2348, .T. ) ;
#5208 = VECTOR ( 'NONE', #4638, 39.37007874015748143 ) ;
#5209 = EDGE_CURVE ( 'NONE', #3469, #5160, #3949, .T. ) ;
#5210 = ADVANCED_FACE ( 'NONE', ( #6178 ), #280, .F. ) ;
#5211 = UNCERTAINTY_MEASURE_WITH_UNIT (LENGTH_MEASURE( 1.000000000000000082E-05 ), #5130, 'distance_accuracy_value', 'NONE');
#5212 = PLANE ( 'NONE',  #1956 ) ;
#5213 = ORIENTED_EDGE ( 'NONE', *, *, #4986, .F. ) ;
#5214 = AXIS2_PLACEMENT_3D ( 'NONE', #5592, #8525, #470 ) ;
#5215 = PRESENTATION_LAYER_ASSIGNMENT (  '', '', ( #3197 ) ) ;
#5216 = CARTESIAN_POINT ( 'NONE',  ( -0.01226377952755854962, 0.02500000000000265205, -0.01543307086614261088 ) ) ;
#5217 = DIRECTION ( 'NONE',  ( 0.000000000000000000, 1.000000000000000000, 0.000000000000000000 ) ) ;
#5218 = VECTOR ( 'NONE', #4977, 39.37007874015748143 ) ;
#5219 = ORIENTED_EDGE ( 'NONE', *, *, #7915, .F. ) ;
#5220 = EDGE_CURVE ( 'NONE', #7453, #5094, #7669, .T. ) ;
#5221 = SURFACE_SIDE_STYLE ('',( #8779 ) ) ;
#5222 = CARTESIAN_POINT ( 'NONE',  ( 0.06117084236696947175, 0.03710982297056842488, 0.003829157633030477129 ) ) ;
#5223 = AXIS2_PLACEMENT_3D ( 'NONE', #6696, #7998, #1474 ) ;
#5224 = ADVANCED_FACE ( 'NONE', ( #8379 ), #324, .T. ) ;
#5225 = DIRECTION ( 'NONE',  ( 1.000000000000000000, 0.000000000000000000, 0.000000000000000000 ) ) ;
#5227 = DIRECTION ( 'NONE',  ( 0.7071067811865479058, 8.048784339545264991E-17, -0.7071067811865472397 ) ) ;
#5226 = SURFACE_SIDE_STYLE ('',( #1552 ) ) ;
#5228 = EDGE_CURVE ( 'NONE', #281, #5132, #8241, .T. ) ;
#5229 = EDGE_CURVE ( 'NONE', #7289, #6375, #1764, .T. ) ;
#5230 = EDGE_LOOP ( 'NONE', ( #3975, #9114, #2045, #3800 ) ) ;
#5231 = COLOUR_RGB ( '',0.7921568627450980005, 0.8196078431372548767, 0.9333333333333333481 ) ;
#5232 = ORIENTED_EDGE ( 'NONE', *, *, #5342, .F. ) ;
#5233 = AXIS2_PLACEMENT_3D ( 'NONE', #4918, #8661, #1292 ) ;
#5234 = CARTESIAN_POINT ( 'NONE',  ( -0.03103010096156192180, 0.04412906444113104398, -0.1050000000000009398 ) ) ;
#5235 = SURFACE_STYLE_FILL_AREA ( #6916 ) ;
#5236 = ADVANCED_FACE ( 'NONE', ( #6033 ), #1627, .T. ) ;
#5237 = LINE ( 'NONE', #8170, #2448 ) ;
#5238 = ORIENTED_EDGE ( 'NONE', *, *, #5167, .T. ) ;
#5239 = ORIENTED_EDGE ( 'NONE', *, *, #113, .F. ) ;
#5240 = DIRECTION ( 'NONE',  ( 3.414809992080327544E-16, 0.000000000000000000, 1.000000000000000000 ) ) ;
#5241 = CARTESIAN_POINT ( 'NONE',  ( -0.03640029181900442112, 0.05236220472441212304, -0.05283464566929230860 ) ) ;
#5242 = CARTESIAN_POINT ( 'NONE',  ( -0.09836348770855350698, 0.05236220472441212304, -0.01543307086614291966 ) ) ;
#5243 = FACE_OUTER_BOUND ( 'NONE', #6233, .T. ) ;
#5244 = ORIENTED_EDGE ( 'NONE', *, *, #7994, .T. ) ;
#5245 = AXIS2_PLACEMENT_3D ( 'NONE', #6980, #1034, #3892 ) ;
#5246 = PLANE ( 'NONE',  #3544 ) ;
#5247 = CARTESIAN_POINT ( 'NONE',  ( -0.03539370078740081138, 0.04665354330708926245, -0.1173031496063001861 ) ) ;
#5248 = ORIENTED_EDGE ( 'NONE', *, *, #8645, .F. ) ;
#5249 = ORIENTED_EDGE ( 'NONE', *, *, #3173, .T. ) ;
#5250 = CARTESIAN_POINT ( 'NONE',  ( -0.07499999999999996947, 0.02500000000000000139, 0.01999999999999989286 ) ) ;
#5251 = PLANE ( 'NONE',  #6619 ) ;
#5252 = VERTEX_POINT ( 'NONE', #185 ) ;
#5253 = VECTOR ( 'NONE', #8642, 39.37007874015748143 ) ;
#5254 = LINE ( 'NONE', #1436, #4983 ) ;
#5255 = DIRECTION ( 'NONE',  ( 1.000000000000000000, 0.000000000000000000, 3.491481338843132961E-15 ) ) ;
#5256 = AXIS2_PLACEMENT_3D ( 'NONE', #2622, #1175, #4129 ) ;
#5257 = DIRECTION ( 'NONE',  ( -0.9848077530122080203, 0.1736481776669306920, -3.438437891990161467E-15 ) ) ;
#5258 = FACE_OUTER_BOUND ( 'NONE', #5337, .T. ) ;
#5259 = EDGE_CURVE ( 'NONE', #1283, #8796, #139, .T. ) ;
#5260 = EDGE_CURVE ( 'NONE', #6992, #6817, #4581, .T. ) ;
#5261 = DIRECTION ( 'NONE',  ( 1.000000000000000000, 0.000000000000000000, 0.000000000000000000 ) ) ;
#5262 = DIMENSIONAL_EXPONENTS ( 1.000000000000000000, 0.000000000000000000, 0.000000000000000000, 0.000000000000000000, 0.000000000000000000, 0.000000000000000000, 0.000000000000000000 ) ;
#5263 = EDGE_LOOP ( 'NONE', ( #5157, #5617, #4127, #4086, #3445, #6866, #7693 ) ) ;
#5264 = DIRECTION ( 'NONE',  ( 0.000000000000000000, 0.000000000000000000, -1.000000000000000000 ) ) ;
#5265 = ADVANCED_FACE ( 'NONE', ( #8999 ), #2393, .T. ) ;
#5266 = DIRECTION ( 'NONE',  ( -5.122214988120492302E-16, 0.000000000000000000, -1.000000000000000000 ) ) ;
#5267 = EDGE_LOOP ( 'NONE', ( #6597, #4641, #568, #4338 ) ) ;
#5268 = VECTOR ( 'NONE', #4991, 39.37007874015748143 ) ;
#5269 = CARTESIAN_POINT ( 'NONE',  ( 0.1024999999999999800, 0.05999999999999999778, 0.1349999999999998701 ) ) ;
#5270 = LINE ( 'NONE', #1450, #403 ) ;
#5271 = DIRECTION ( 'NONE',  ( -0.7071067811865454633, 0.000000000000000000, 0.7071067811865495711 ) ) ;
#5272 = AXIS2_PLACEMENT_3D ( 'NONE', #779, #5172, #8111 ) ;
#5274 = DIRECTION ( 'NONE',  ( 1.000000000000000000, 0.000000000000000000, -0.000000000000000000 ) ) ;
#5273 = CARTESIAN_POINT ( 'NONE',  ( -0.1224999999999992345, 0.02500000000000265205, -0.1050000000000012312 ) ) ;
#5275 = ORIENTED_EDGE ( 'NONE', *, *, #9457, .F. ) ;
#5276 = VECTOR ( 'NONE', #3929, 39.37007874015748143 ) ;
#5277 = EDGE_CURVE ( 'NONE', #156, #4669, #3319, .T. ) ;
#5278 = EDGE_LOOP ( 'NONE', ( #2165, #2138, #6996, #4352 ) ) ;
#5279 = EDGE_CURVE ( 'NONE', #7721, #3992, #3513, .T. ) ;
#5280 = DIRECTION ( 'NONE',  ( -1.000000000000000000, 0.000000000000000000, -0.000000000000000000 ) ) ;
#5281 = EDGE_CURVE ( 'NONE', #7545, #834, #7141, .T. ) ;
#5282 = CARTESIAN_POINT ( 'NONE',  ( -0.04999999999999996114, 0.000000000000000000, 0.2174999999999999434 ) ) ;
#5283 = EDGE_LOOP ( 'NONE', ( #8101, #3363, #4134, #5975, #389, #1236, #1893, #3457, #3684, #7792, #8404, #6117 ) ) ;
#5284 = ORIENTED_EDGE ( 'NONE', *, *, #1223, .T. ) ;
#5285 = CLOSED_SHELL ( 'NONE', ( #2895, #5971, #2908, #952, #689, #4568, #7685, #1886, #6656, #7062, #4085, #3753, #8742, #783 ) ) ;
#5286 = DIRECTION ( 'NONE',  ( 1.000000000000000000, 0.000000000000000000, 0.000000000000000000 ) ) ;
#5287 = CARTESIAN_POINT ( 'NONE',  ( -0.1224999999999992345, 0.03070866141732548488, -0.09023622047244221622 ) ) ;
#5288 =( NAMED_UNIT ( * ) PLANE_ANGLE_UNIT ( ) SI_UNIT ( $, .RADIAN. ) );
#5289 = DIRECTION ( 'NONE',  ( -1.000000000000000000, 0.000000000000000000, 4.268512490100413867E-16 ) ) ;
#5290 = FACE_OUTER_BOUND ( 'NONE', #7176, .T. ) ;
#5291 = ORIENTED_EDGE ( 'NONE', *, *, #3515, .F. ) ;
#5292 = LINE ( 'NONE', #3013, #5986 ) ;
#5293 = VECTOR ( 'NONE', #34, 39.37007874015748143 ) ;
#5294 = CARTESIAN_POINT ( 'NONE',  ( 0.1400000000000000411, 0.04375000000000035111, -0.03500000000000010741 ) ) ;
#5295 = CARTESIAN_POINT ( 'NONE',  ( -0.05999999999999998390, 0.05000000000000000278, -0.1649999999999999800 ) ) ;
#5296 = VERTEX_POINT ( 'NONE', #6991 ) ;
#5297 = ORIENTED_EDGE ( 'NONE', *, *, #1792, .F. ) ;
#5298 = DIRECTION ( 'NONE',  ( 1.000000000000000000, 0.000000000000000000, 0.000000000000000000 ) ) ;
#5299 = ORIENTED_EDGE ( 'NONE', *, *, #7434, .F. ) ;
#5300 = ORIENTED_EDGE ( 'NONE', *, *, #3784, .F. ) ;
#5301 = CARTESIAN_POINT ( 'NONE',  ( -0.1499999999999999667, 0.02500000000000000139, 0.2324999999999999567 ) ) ;
#5302 = CIRCLE ( 'NONE', #1291, 0.008233140283281080787 ) ;
#5303 = DIRECTION ( 'NONE',  ( -6.950840520229924419E-15, 1.000000000000000000, -2.426872996565747488E-29 ) ) ;
#5304 = DIRECTION ( 'NONE',  ( 0.000000000000000000, 0.000000000000000000, 1.000000000000000000 ) ) ;
#5305 = CARTESIAN_POINT ( 'NONE',  ( 0.1000000000000000194, 0.06950960878969847379, -0.2835768703175861605 ) ) ;
#5306 = EDGE_CURVE ( 'NONE', #6646, #3482, #2734, .T. ) ;
#5307 = DIRECTION ( 'NONE',  ( 0.000000000000000000, 1.000000000000000000, 0.000000000000000000 ) ) ;
#5308 = PRESENTATION_LAYER_ASSIGNMENT (  '', '', ( #4076 ) ) ;
#5309 = VERTEX_POINT ( 'NONE', #8570 ) ;
#5310 = DIRECTION ( 'NONE',  ( 0.000000000000000000, -1.000000000000000000, 0.000000000000000000 ) ) ;
#5311 = ADVANCED_FACE ( 'NONE', ( #7865 ), #3467, .T. ) ;
#5312 = PLANE ( 'NONE',  #3702 ) ;
#5313 = CARTESIAN_POINT ( 'NONE',  ( 0.1024999999999999939, 0.02500000000000000139, 0.07499999999999988620 ) ) ;
#5314 = COLOUR_RGB ( '',0.7921568627450980005, 0.8196078431372548767, 0.9333333333333333481 ) ;
#5315 = ORIENTED_EDGE ( 'NONE', *, *, #2623, .F. ) ;
#5316 = DIRECTION ( 'NONE',  ( -1.000000000000000000, 0.000000000000000000, -3.110729813824563327E-15 ) ) ;
#5317 = DIRECTION ( 'NONE',  ( 0.1710878697460324616, -0.9702875252478149193, -0.1710878697460323228 ) ) ;
#5318 = EDGE_CURVE ( 'NONE', #8231, #8877, #1961, .T. ) ;
#5319 =( GEOMETRIC_REPRESENTATION_CONTEXT ( 3 ) GLOBAL_UNCERTAINTY_ASSIGNED_CONTEXT ( ( #4932 ) ) GLOBAL_UNIT_ASSIGNED_CONTEXT ( ( #752, #6735, #5965 ) ) REPRESENTATION_CONTEXT ( 'NONE', 'WORKASPACE' ) );
#5320 = CARTESIAN_POINT ( 'NONE',  ( -0.1449999999999999900, 0.02500000000000000139, 0.1349999999999998979 ) ) ;
#5321 = DIRECTION ( 'NONE',  ( 0.000000000000000000, 1.000000000000000000, 0.000000000000000000 ) ) ;
#5322 = VERTEX_POINT ( 'NONE', #517 ) ;
#5323 = ORIENTED_EDGE ( 'NONE', *, *, #8038, .F. ) ;
#5324 = CARTESIAN_POINT ( 'NONE',  ( -0.01999999999999998307, 0.02500000000000000139, -0.1649999999999999800 ) ) ;
#5325 =( NAMED_UNIT ( * ) PLANE_ANGLE_UNIT ( ) SI_UNIT ( $, .RADIAN. ) );
#5326 = CARTESIAN_POINT ( 'NONE',  ( -0.05999999999999998390, 0.05000000000000000278, -0.1649999999999999800 ) ) ;
#5327 = ORIENTED_EDGE ( 'NONE', *, *, #780, .T. ) ;
#5328 = ORIENTED_EDGE ( 'NONE', *, *, #1361, .T. ) ;
#5329 = DIRECTION ( 'NONE',  ( 4.268512490100413374E-16, 0.000000000000000000, 1.000000000000000000 ) ) ;
#5330 = CARTESIAN_POINT ( 'NONE',  ( -0.1300000000000000044, 0.02500000000000000139, -0.1925000000000000600 ) ) ;
#5331 = PLANE ( 'NONE',  #4825 ) ;
#5332 = DIRECTION ( 'NONE',  ( -3.533614327882318415E-32, -1.000000000000000000, -1.034790906691008728E-16 ) ) ;
#5333 = VECTOR ( 'NONE', #6402, 39.37007874015748143 ) ;
#5334 = ORIENTED_EDGE ( 'NONE', *, *, #3027, .F. ) ;
#5335 = DIRECTION ( 'NONE',  ( 0.000000000000000000, 0.000000000000000000, 1.000000000000000000 ) ) ;
#5336 = LINE ( 'NONE', #3259, #2594 ) ;
#5337 = EDGE_LOOP ( 'NONE', ( #1765, #2183, #7794, #2028 ) ) ;
#5338 = DIRECTION ( 'NONE',  ( 3.414809992080328037E-16, 0.000000000000000000, 1.000000000000000000 ) ) ;
#5339 = VECTOR ( 'NONE', #8825, 39.37007874015748143 ) ;
#5340 = VERTEX_POINT ( 'NONE', #9195 ) ;
#5341 = EDGE_LOOP ( 'NONE', ( #4050, #3047 ) ) ;
#5342 = EDGE_CURVE ( 'NONE', #6736, #7409, #2587, .T. ) ;
#5343 = DIRECTION ( 'NONE',  ( 0.000000000000000000, 1.000000000000000000, 0.000000000000000000 ) ) ;
#5344 = DIRECTION ( 'NONE',  ( 6.950840520229924419E-15, 1.000000000000000000, 2.426872996565747488E-29 ) ) ;
#5345 = DIRECTION ( 'NONE',  ( -4.997540263719279941E-32, -1.000000000000000000, -1.463489996605855296E-16 ) ) ;
#5346 = DIRECTION ( 'NONE',  ( 0.000000000000000000, 1.000000000000000000, 0.000000000000000000 ) ) ;
#5347 = EDGE_CURVE ( 'NONE', #1311, #8212, #5593, .T. ) ;
#5348 = VECTOR ( 'NONE', #5887, 39.37007874015748143 ) ;
#5349 = DIRECTION ( 'NONE',  ( 1.000000000000000000, 0.000000000000000000, 0.000000000000000000 ) ) ;
#5350 = DIRECTION ( 'NONE',  ( -3.902639990948947455E-16, 0.000000000000000000, -1.000000000000000000 ) ) ;
#5351 = AXIS2_PLACEMENT_3D ( 'NONE', #7806, #417, #6417 ) ;
#5352 = CARTESIAN_POINT ( 'NONE',  ( 0.000000000000000000, 0.05000000000000000278, 0.000000000000000000 ) ) ;
#5353 = ORIENTED_EDGE ( 'NONE', *, *, #2116, .T. ) ;
#5354 = AXIS2_PLACEMENT_3D ( 'NONE', #2687, #5019, #4238 ) ;
#5355 = FILL_AREA_STYLE_COLOUR ( '', #1045 ) ;
#5356 = CARTESIAN_POINT ( 'NONE',  ( 0.02250000000000000611, 0.2541640786499874127, 0.1249999999999999029 ) ) ;
#5357 = VECTOR ( 'NONE', #5266, 39.37007874015748143 ) ;
#5358 = VECTOR ( 'NONE', #7630, 39.37007874015748143 ) ;
#5359 = CARTESIAN_POINT ( 'NONE',  ( -0.1119589827240416585, 0.04448818897638057157, -0.05283464566929257228 ) ) ;
#5360 = FACE_OUTER_BOUND ( 'NONE', #4839, .T. ) ;
#5361 = VERTEX_POINT ( 'NONE', #8526 ) ;
#5362 = DIRECTION ( 'NONE',  ( 1.000000000000000000, -0.000000000000000000, 0.000000000000000000 ) ) ;
#5363 = EDGE_CURVE ( 'NONE', #8528, #697, #1909, .T. ) ;
#5364 = CARTESIAN_POINT ( 'NONE',  ( 0.1674999999999999822, 0.2541640786499874127, 0.07499999999999988620 ) ) ;
#5365 = DIRECTION ( 'NONE',  ( -0.7071067811865472397, 6.047715011404573841E-16, -0.7071067811865479058 ) ) ;
#5366 = COLOUR_RGB ( '',0.4862745098039215619, 0.2352941176470588203, 0.01568627450980392135 ) ;
#5368 = FACE_OUTER_BOUND ( 'NONE', #3260, .T. ) ;
#5367 = FILL_AREA_STYLE ('',( #832 ) ) ;
#5369 = ORIENTED_EDGE ( 'NONE', *, *, #8808, .T. ) ;
#5370 = EDGE_CURVE ( 'NONE', #2115, #7756, #4119, .T. ) ;
#5371 = VERTEX_POINT ( 'NONE', #6373 ) ;
#5372 = ADVANCED_FACE ( 'NONE', ( #7812 ), #3519, .T. ) ;
#5373 = COLOUR_RGB ( '',0.7921568627450980005, 0.8196078431372548767, 0.9333333333333333481 ) ;
#5374 = CARTESIAN_POINT ( 'NONE',  ( 0.1000000000000000056, 0.08250000000000003164, -0.1449999999999999900 ) ) ;
#5375 = CARTESIAN_POINT ( 'NONE',  ( -0.1300000000000000044, 0.02500000000000000139, -0.1925000000000000600 ) ) ;
#5376 = VECTOR ( 'NONE', #5924, 39.37007874015748143 ) ;
#5377 = ORIENTED_EDGE ( 'NONE', *, *, #1234, .F. ) ;
#5378 = VERTEX_POINT ( 'NONE', #4827 ) ;
#5379 = CARTESIAN_POINT ( 'NONE',  ( -0.05999999999999999084, 0.05000000000000000278, -0.2000000000000000111 ) ) ;
#5380 = EDGE_CURVE ( 'NONE', #4256, #2054, #7183, .T. ) ;
#5381 = AXIS2_PLACEMENT_3D ( 'NONE', #978, #8169, #2411 ) ;
#5382 = EDGE_CURVE ( 'NONE', #1891, #8447, #4974, .T. ) ;
#5383 = DIRECTION ( 'NONE',  ( 0.000000000000000000, 0.000000000000000000, 1.000000000000000000 ) ) ;
#5384 = CARTESIAN_POINT ( 'NONE',  ( -0.1119589827240415197, 0.04448818897638057157, -0.09023622047244216071 ) ) ;
#5385 = CARTESIAN_POINT ( 'NONE',  ( 0.1900000000000000300, 0.1000000000000000056, -0.06250000000000002776 ) ) ;
#5386 = ORIENTED_EDGE ( 'NONE', *, *, #4393, .T. ) ;
#5387 = DIRECTION ( 'NONE',  ( 0.000000000000000000, 0.000000000000000000, 1.000000000000000000 ) ) ;
#5388 = EDGE_CURVE ( 'NONE', #5744, #3756, #2011, .T. ) ;
#5389 = AXIS2_PLACEMENT_3D ( 'NONE', #3865, #913, #5264 ) ;
#5390 = PLANE ( 'NONE',  #7768 ) ;
#5391 = DIRECTION ( 'NONE',  ( -1.000000000000000000, -6.950840520229924419E-15, 0.000000000000000000 ) ) ;
#5392 = VERTEX_POINT ( 'NONE', #8477 ) ;
#5393 = CARTESIAN_POINT ( 'NONE',  ( -0.1999999999999999833, 0.000000000000000000, 0.2499999999999998890 ) ) ;
#5394 = CLOSED_SHELL ( 'NONE', ( #4845, #1826, #6511, #7940, #659, #9516 ) ) ;
#5395 = VERTEX_POINT ( 'NONE', #6469 ) ;
#5396 = ORIENTED_EDGE ( 'NONE', *, *, #2381, .T. ) ;
#5397 = DIRECTION ( 'NONE',  ( -2.934626909294889977E-15, 1.000000000000000000, -1.024619509027000853E-29 ) ) ;
#5398 = DIRECTION ( 'NONE',  ( 3.491481338843133355E-15, 0.000000000000000000, -1.000000000000000000 ) ) ;
#5399 = CLOSED_SHELL ( 'NONE', ( #7938, #2702, #872, #2258, #3272, #1847 ) ) ;
#5400 = LINE ( 'NONE', #5446, #6282 ) ;
#5401 = CARTESIAN_POINT ( 'NONE',  ( -0.08559055118110156513, 0.06240157480315226129, -0.1035236220472452173 ) ) ;
#5402 = AXIS2_PLACEMENT_3D ( 'NONE', #2226, #9519, #4466 ) ;
#5403 = CARTESIAN_POINT ( 'NONE',  ( 0.1525000000000000244, 0.02500000000000000139, 0.07499999999999988620 ) ) ;
#5404 = PLANE ( 'NONE',  #353 ) ;
#5405 = EDGE_CURVE ( 'NONE', #3199, #269, #5738, .T. ) ;
#5406 = EDGE_CURVE ( 'NONE', #9275, #1286, #1144, .T. ) ;
#5407 = CARTESIAN_POINT ( 'NONE',  ( -0.04499999999999998446, 0.05000000000000000278, 0.01999999999999987899 ) ) ;
#5408 = AXIS2_PLACEMENT_3D ( 'NONE', #5851, #5800, #7930 ) ;
#5409 = ORIENTED_EDGE ( 'NONE', *, *, #2213, .F. ) ;
#5410 = CARTESIAN_POINT ( 'NONE',  ( -0.1149772726619823077, 0.02500000000000260347, -0.1050000000000012312 ) ) ;
#5411 = VECTOR ( 'NONE', #2225, 39.37007874015748143 ) ;
#5412 = ADVANCED_FACE ( 'NONE', ( #7036 ), #425, .T. ) ;
#5413 = PLANE ( 'NONE',  #1222 ) ;
#5414 = DIRECTION ( 'NONE',  ( 0.000000000000000000, 0.000000000000000000, 1.000000000000000000 ) ) ;
#5415 = CARTESIAN_POINT ( 'NONE',  ( -0.01999999999999998307, 0.02500000000000000139, -0.1399999999999999856 ) ) ;
#5416 = ORIENTED_EDGE ( 'NONE', *, *, #3034, .T. ) ;
#5417 = CYLINDRICAL_SURFACE ( 'NONE', #4121, 0.008233140283281080787 ) ;
#5418 = CARTESIAN_POINT ( 'NONE',  ( -0.1037336785659956906, 0.04412906444113104398, -0.06759842519685159423 ) ) ;
#5419 = CARTESIAN_POINT ( 'NONE',  ( -0.1499999999999999667, 0.000000000000000000, 0.1999999999999999556 ) ) ;
#5421 = CARTESIAN_POINT ( 'NONE',  ( 0.1024999999999999939, 0.06000000000000001166, 0.03499999999999990619 ) ) ;
#5420 = DIRECTION ( 'NONE',  ( 3.484838268542467023E-15, 1.521513246882047243E-16, -1.000000000000000000 ) ) ;
#5422 = ORIENTED_EDGE ( 'NONE', *, *, #9122, .F. ) ;
#5423 = ORIENTED_EDGE ( 'NONE', *, *, #3078, .F. ) ;
#5424 = FILL_AREA_STYLE_COLOUR ( '', #5425 ) ;
#5425 = COLOUR_RGB ( '',0.7921568627450980005, 0.8196078431372548767, 0.9333333333333333481 ) ;
#5426 = LENGTH_MEASURE_WITH_UNIT ( LENGTH_MEASURE( 0.02539999999999999897 ), #2323 );
#5427 = LINE ( 'NONE', #1741, #4017 ) ;
#5428 = EDGE_CURVE ( 'NONE', #1610, #9078, #2931, .T. ) ;
#5429 = ORIENTED_EDGE ( 'NONE', *, *, #6905, .F. ) ;
#5430 = VERTEX_POINT ( 'NONE', #5826 ) ;
#5431 = VECTOR ( 'NONE', #1024, 39.37007874015748143 ) ;
#5432 = PLANE ( 'NONE',  #3820 ) ;
#5433 = DIRECTION ( 'NONE',  ( 0.000000000000000000, 0.000000000000000000, -1.000000000000000000 ) ) ;
#5434 = EDGE_LOOP ( 'NONE', ( #7339, #7040, #3322, #7401 ) ) ;
#5435 = DIRECTION ( 'NONE',  ( -3.491481338843132961E-15, -0.000000000000000000, 1.000000000000000000 ) ) ;
#5436 = ORIENTED_EDGE ( 'NONE', *, *, #8368, .T. ) ;
#5437 = DIRECTION ( 'NONE',  ( -3.491481338843132961E-15, -0.000000000000000000, 1.000000000000000000 ) ) ;
#5438 = FILL_AREA_STYLE ('',( #8318 ) ) ;
#5439 = DIRECTION ( 'NONE',  ( 1.000000000000000000, 0.000000000000000000, -5.335640612625515485E-17 ) ) ;
#5440 = EDGE_LOOP ( 'NONE', ( #3851, #8085, #6544, #1507 ) ) ;
#5441 = DIRECTION ( 'NONE',  ( 0.000000000000000000, 0.000000000000000000, 1.000000000000000000 ) ) ;
#5442 = ORIENTED_EDGE ( 'NONE', *, *, #7615, .F. ) ;
#5443 = ORIENTED_EDGE ( 'NONE', *, *, #3675, .F. ) ;
#5444 = PLANE ( 'NONE',  #3959 ) ;
#5445 = CARTESIAN_POINT ( 'NONE',  ( -0.09937007874015707509, 0.04665354330708926245, -0.003129921259843703330 ) ) ;
#5446 = CARTESIAN_POINT ( 'NONE',  ( 0.02250000000000001305, 0.02500000000000000139, 0.05999999999999990064 ) ) ;
#5447 = PLANE ( 'NONE',  #1874 ) ;
#5448 = PLANE ( 'NONE',  #9456 ) ;
#5449 = CARTESIAN_POINT ( 'NONE',  ( -0.03640029181900442112, 0.05236220472441212304, -0.05283464566929229472 ) ) ;
#5450 = DIRECTION ( 'NONE',  ( 0.000000000000000000, 1.000000000000000000, 0.000000000000000000 ) ) ;
#5451 = ORIENTED_EDGE ( 'NONE', *, *, #7510, .F. ) ;
#5452 =( GEOMETRIC_REPRESENTATION_CONTEXT ( 3 ) GLOBAL_UNCERTAINTY_ASSIGNED_CONTEXT ( ( #2020 ) ) GLOBAL_UNIT_ASSIGNED_CONTEXT ( ( #7561, #6208, #4707 ) ) REPRESENTATION_CONTEXT ( 'NONE', 'WORKASPACE' ) );
#5453 =( LENGTH_UNIT ( ) NAMED_UNIT ( * ) SI_UNIT ( $, .METRE. ) );
#5454 = EDGE_LOOP ( 'NONE', ( #8255, #4184, #7446, #9407 ) ) ;
#5455 = CARTESIAN_POINT ( 'NONE',  ( -0.1149772726619823771, 0.03323314028328368253, -0.05283464566929257922 ) ) ;
#5456 = LINE ( 'NONE', #3175, #2262 ) ;
#5457 = ADVANCED_FACE ( 'NONE', ( #612 ), #2150, .F. ) ;
#5458 = EDGE_LOOP ( 'NONE', ( #1576, #7677, #316, #2212 ) ) ;
#5459 = VECTOR ( 'NONE', #6066, 39.37007874015748143 ) ;
#5460 = DIRECTION ( 'NONE',  ( 0.000000000000000000, 0.000000000000000000, -1.000000000000000000 ) ) ;
#5461 = CARTESIAN_POINT ( 'NONE',  ( -0.1999999999999999833, 0.02500000000000000139, -0.2500000000000000555 ) ) ;
#5462 = EDGE_CURVE ( 'NONE', #7640, #5070, #40, .T. ) ;
#5463 = PLANE ( 'NONE',  #6930 ) ;
#5465 = PLANE ( 'NONE',  #7959 ) ;
#5464 = LINE ( 'NONE', #4885, #7680 ) ;
#5466 = ORIENTED_EDGE ( 'NONE', *, *, #5991, .T. ) ;
#5467 = ORIENTED_EDGE ( 'NONE', *, *, #65, .F. ) ;
#5468 = DIRECTION ( 'NONE',  ( 0.000000000000000000, 0.9848077530122080203, -0.1736481776669307198 ) ) ;
#5469 = COLOUR_RGB ( '',0.7921568627450980005, 0.8196078431372548767, 0.9333333333333333481 ) ;
#5470 = LINE ( 'NONE', #2659, #601 ) ;
#5471 = FACE_OUTER_BOUND ( 'NONE', #3424, .T. ) ;
#5472 = VERTEX_POINT ( 'NONE', #8849 ) ;
#5473 = VERTEX_POINT ( 'NONE', #8041 ) ;
#5474 = LINE ( 'NONE', #6732, #2566 ) ;
#5475 = CARTESIAN_POINT ( 'NONE',  ( -0.1224999999999993733, 0.03070866141732548488, -0.05283464566929260003 ) ) ;
#5476 = ORIENTED_EDGE ( 'NONE', *, *, #2213, .T. ) ;
#5477 = CARTESIAN_POINT ( 'NONE',  ( 0.06250000000000001388, 0.02500000000000000139, 0.1099999999999999034 ) ) ;
#5478 = ORIENTED_EDGE ( 'NONE', *, *, #8501, .T. ) ;
#5479 = DIRECTION ( 'NONE',  ( -1.000000000000000000, -2.934626909294889977E-15, 0.000000000000000000 ) ) ;
#5480 = CARTESIAN_POINT ( 'NONE',  ( -0.03103010096156195649, 0.04412906444113104398, -0.09023622047244189703 ) ) ;
#5481 = CARTESIAN_POINT ( 'NONE',  ( 0.08750000000000000833, 0.02500000000000000139, 0.1349999999999998979 ) ) ;
#5482 = ORIENTED_EDGE ( 'NONE', *, *, #5940, .F. ) ;
#5483 = CARTESIAN_POINT ( 'NONE',  ( -0.1124551965405256315, 0.03312302406173386199, -0.1050000000000012312 ) ) ;
#5484 = ORIENTED_EDGE ( 'NONE', *, *, #4686, .F. ) ;
#5485 = VERTEX_POINT ( 'NONE', #3754 ) ;
#5486 = PLANE ( 'NONE',  #7969 ) ;
#5487 = DIRECTION ( 'NONE',  ( -0.000000000000000000, -0.000000000000000000, -1.000000000000000000 ) ) ;
#5488 = DIRECTION ( 'NONE',  ( -1.000000000000000000, 0.000000000000000000, 1.067128122525103097E-16 ) ) ;
#5489 = LINE ( 'NONE', #1813, #8499 ) ;
#5490 = FACE_OUTER_BOUND ( 'NONE', #7654, .T. ) ;
#5491 = EDGE_CURVE ( 'NONE', #1149, #7480, #8756, .T. ) ;
#5492 = AXIS2_PLACEMENT_3D ( 'NONE', #7110, #7882, #4842 ) ;
#5493 = STYLED_ITEM ( 'NONE', ( #9152 ), #9030 ) ;
#5494 = DIRECTION ( 'NONE',  ( -1.686880716198101922E-43, -2.426872996565747488E-29, 1.000000000000000000 ) ) ;
#5495 = ORIENTED_EDGE ( 'NONE', *, *, #3784, .T. ) ;
#5496 = DIRECTION ( 'NONE',  ( -1.000000000000000000, -1.036909937941521043E-15, -4.147639751766084173E-15 ) ) ;
#5497 = ORIENTED_EDGE ( 'NONE', *, *, #243, .T. ) ;
#5498 = FACE_OUTER_BOUND ( 'NONE', #8355, .T. ) ;
#5499 = EDGE_CURVE ( 'NONE', #307, #9050, #8757, .T. ) ;
#5500 = PLANE ( 'NONE',  #114 ) ;
#5501 = CARTESIAN_POINT ( 'NONE',  ( 0.06330613088828378199, 0.06250000000000000000, -2.702230103965708788E-17 ) ) ;
#5502 = EDGE_CURVE ( 'NONE', #6817, #1610, #6516, .T. ) ;
#5503 = EDGE_CURVE ( 'NONE', #4221, #1431, #1430, .T. ) ;
#5504 = VECTOR ( 'NONE', #7396, 39.37007874015748143 ) ;
#5505 = ORIENTED_EDGE ( 'NONE', *, *, #1803, .T. ) ;
#5506 = VECTOR ( 'NONE', #6524, 39.37007874015748143 ) ;
#5507 = VECTOR ( 'NONE', #9454, 39.37007874015748143 ) ;
#5508 = PLANE ( 'NONE',  #3334 ) ;
#5509 = EDGE_CURVE ( 'NONE', #6355, #5252, #4384, .T. ) ;
#5510 = VECTOR ( 'NONE', #5487, 39.37007874015748143 ) ;
#5511 = VECTOR ( 'NONE', #9525, 39.37007874015748143 ) ;
#5512 = DIRECTION ( 'NONE',  ( 0.000000000000000000, 1.000000000000000000, 0.000000000000000000 ) ) ;
#5514 = DIRECTION ( 'NONE',  ( 0.1736481776669306365, 0.9848077530122080203, 0.000000000000000000 ) ) ;
#5513 = CARTESIAN_POINT ( 'NONE',  ( -0.04499999999999998446, 0.02500000000000000139, 0.01999999999999987899 ) ) ;
#5515 = ORIENTED_EDGE ( 'NONE', *, *, #1972, .T. ) ;
#5516 = VECTOR ( 'NONE', #7914, 39.37007874015748143 ) ;
#5517 = VERTEX_POINT ( 'NONE', #9476 ) ;
#5518 = DIRECTION ( 'NONE',  ( 3.491481338843133355E-15, 0.000000000000000000, -1.000000000000000000 ) ) ;
#5519 = EDGE_CURVE ( 'NONE', #3950, #4668, #7322, .T. ) ;
#5520 = LINE ( 'NONE', #3488, #8302 ) ;
#5521 = ADVANCED_FACE ( 'NONE', ( #2975 ), #3663, .F. ) ;
#5522 = VECTOR ( 'NONE', #1959, 39.37007874015748143 ) ;
#5523 = CARTESIAN_POINT ( 'NONE',  ( -0.01749999999999998779, 0.02500000000000000139, -0.2250000000000000333 ) ) ;
#5524 = DIRECTION ( 'NONE',  ( -1.000000000000000000, 0.000000000000000000, 3.414809992080329516E-16 ) ) ;
#5525 = ADVANCED_FACE ( 'NONE', ( #8806 ), #5155, .F. ) ;
#5526 = ORIENTED_EDGE ( 'NONE', *, *, #2378, .T. ) ;
#5527 = DIRECTION ( 'NONE',  ( -1.000000000000000000, 0.000000000000000000, -3.491481338843132961E-15 ) ) ;
#5528 = LINE ( 'NONE', #6780, #1109 ) ;
#5529 = ORIENTED_EDGE ( 'NONE', *, *, #3659, .T. ) ;
#5530 = VECTOR ( 'NONE', #4725, 39.37007874015748143 ) ;
#5531 = ORIENTED_EDGE ( 'NONE', *, *, #3979, .F. ) ;
#5532 = CARTESIAN_POINT ( 'NONE',  ( -0.01978650686557555105, 0.02500000000000260347, -0.01543307086614264557 ) ) ;
#5533 = PLANE ( 'NONE',  #9443 ) ;
#5534 = ADVANCED_FACE ( 'NONE', ( #2192 ), #757, .F. ) ;
#5535 = FILL_AREA_STYLE ('',( #2769 ) ) ;
#5536 = ORIENTED_EDGE ( 'NONE', *, *, #6698, .T. ) ;
#5537 = PLANE ( 'NONE',  #2305 ) ;
#5538 = VECTOR ( 'NONE', #9530, 39.37007874015748143 ) ;
#5539 = EDGE_LOOP ( 'NONE', ( #7448, #1829, #350, #3212 ) ) ;
#5540 = ORIENTED_EDGE ( 'NONE', *, *, #5894, .T. ) ;
#5541 = CARTESIAN_POINT ( 'NONE',  ( 0.01750000000000003636, 0.000000000000000000, 0.2324999999999999567 ) ) ;
#5542 = DIRECTION ( 'NONE',  ( 1.000000000000000000, -6.950840520229924419E-15, -0.000000000000000000 ) ) ;
#5543 = DIRECTION ( 'NONE',  ( 1.000000000000000000, 6.950840520229924419E-15, -0.000000000000000000 ) ) ;
#5544 = DIRECTION ( 'NONE',  ( -0.000000000000000000, 1.000000000000000000, -0.000000000000000000 ) ) ;
#5545 = FILL_AREA_STYLE ('',( #9190 ) ) ;
#5546 = VECTOR ( 'NONE', #483, 39.37007874015748143 ) ;
#5547 =( GEOMETRIC_REPRESENTATION_CONTEXT ( 3 ) GLOBAL_UNCERTAINTY_ASSIGNED_CONTEXT ( ( #5602 ) ) GLOBAL_UNIT_ASSIGNED_CONTEXT ( ( #7357, #7222, #6500 ) ) REPRESENTATION_CONTEXT ( 'NONE', 'WORKASPACE' ) );
#5548 = CARTESIAN_POINT ( 'NONE',  ( -0.04999999999999996114, 0.000000000000000000, 0.1999999999999999556 ) ) ;
#5549 = ORIENTED_EDGE ( 'NONE', *, *, #6905, .T. ) ;
#5550 = FACE_OUTER_BOUND ( 'NONE', #5230, .T. ) ;
#5551 = VERTEX_POINT ( 'NONE', #79 ) ;
#5552 = AXIS2_PLACEMENT_3D ( 'NONE', #7268, #3703, #5101 ) ;
#5553 = DIRECTION ( 'NONE',  ( -1.000000000000000000, -0.000000000000000000, 0.000000000000000000 ) ) ;
#5554 = EDGE_CURVE ( 'NONE', #1838, #2507, #1527, .T. ) ;
#5555 = CARTESIAN_POINT ( 'NONE',  ( 0.02874999999999996655, 0.04250000000000002387, -0.2324999999999999845 ) ) ;
#5556 = EDGE_CURVE ( 'NONE', #4795, #7868, #808, .T. ) ;
#5557 = LINE ( 'NONE', #7676, #240 ) ;
#5558 = ORIENTED_EDGE ( 'NONE', *, *, #9337, .F. ) ;
#5559 = AXIS2_PLACEMENT_3D ( 'NONE', #5419, #193, #3138 ) ;
#5560 = LINE ( 'NONE', #4248, #8723 ) ;
#5561 = ORIENTED_EDGE ( 'NONE', *, *, #4379, .T. ) ;
#5562 = FACE_OUTER_BOUND ( 'NONE', #4677, .T. ) ;
#5564 = LINE ( 'NONE', #3393, #3014 ) ;
#5563 = FACE_OUTER_BOUND ( 'NONE', #6488, .T. ) ;
#5565 = AXIS2_PLACEMENT_3D ( 'NONE', #1664, #894, #4661 ) ;
#5566 = ORIENTED_EDGE ( 'NONE', *, *, #7053, .F. ) ;
#5567 = ORIENTED_EDGE ( 'NONE', *, *, #5306, .T. ) ;
#5568 = CARTESIAN_POINT ( 'NONE',  ( -0.04999999999999996808, 0.02500000000000000139, -0.1649999999999999800 ) ) ;
#5569 =( NAMED_UNIT ( * ) SI_UNIT ( $, .STERADIAN. ) SOLID_ANGLE_UNIT ( ) );
#5570 = DIRECTION ( 'NONE',  ( 0.000000000000000000, 0.000000000000000000, 1.000000000000000000 ) ) ;
#5571 = LINE ( 'NONE', #1073, #3709 ) ;
#5572 = VERTEX_POINT ( 'NONE', #2291 ) ;
#5573 = CARTESIAN_POINT ( 'NONE',  ( -0.1067519685039363397, 0.03287401574803415494, -0.09023622047244216071 ) ) ;
#5574 = CARTESIAN_POINT ( 'NONE',  ( -0.01749999999999997391, 0.02500000000000000139, -0.2000000000000000111 ) ) ;
#5575 = ADVANCED_FACE ( 'NONE', ( #8180 ), #7279, .F. ) ;
#5576 = EDGE_LOOP ( 'NONE', ( #9388, #5484, #429, #7981 ) ) ;
#5577 = LENGTH_MEASURE_WITH_UNIT ( LENGTH_MEASURE( 0.02539999999999999897 ), #4074 );
#5578 = DIMENSIONAL_EXPONENTS ( 1.000000000000000000, 0.000000000000000000, 0.000000000000000000, 0.000000000000000000, 0.000000000000000000, 0.000000000000000000, 0.000000000000000000 ) ;
#5579 = ORIENTED_EDGE ( 'NONE', *, *, #347, .T. ) ;
#5580 = DIRECTION ( 'NONE',  ( -3.491481338843132961E-15, 0.000000000000000000, 1.000000000000000000 ) ) ;
#5581 =( LENGTH_UNIT ( ) NAMED_UNIT ( * ) SI_UNIT ( $, .METRE. ) );
#5582 = CARTESIAN_POINT ( 'NONE',  ( 0.1000000000000000056, 0.06950960878969845991, -0.06642312968241381732 ) ) ;
#5583 = ORIENTED_EDGE ( 'NONE', *, *, #65, .T. ) ;
#5584 = DIRECTION ( 'NONE',  ( 0.000000000000000000, 1.000000000000000000, 0.000000000000000000 ) ) ;
#5585 = CIRCLE ( 'NONE', #3603, 0.05999999999999997696 ) ;
#5586 = ORIENTED_EDGE ( 'NONE', *, *, #5380, .T. ) ;
#5587 = ORIENTED_EDGE ( 'NONE', *, *, #620, .T. ) ;
#5588 = DIRECTION ( 'NONE',  ( -1.000000000000000000, 1.690848969924005914E-15, -3.381697939848011828E-15 ) ) ;
#5589 = LINE ( 'NONE', #8519, #4272 ) ;
#5590 = LINE ( 'NONE', #465, #573 ) ;
#5591 = CARTESIAN_POINT ( 'NONE',  ( -0.1037336785659958988, 0.04665354330708929020, -0.01543307086614293527 ) ) ;
#5592 = CARTESIAN_POINT ( 'NONE',  ( 0.1500000000000000500, 0.000000000000000000, 0.1999999999999999556 ) ) ;
#5593 = LINE ( 'NONE', #2637, #6445 ) ;
#5594 = ORIENTED_EDGE ( 'NONE', *, *, #3078, .T. ) ;
#5595 = EDGE_LOOP ( 'NONE', ( #481, #3632, #6121, #7416 ) ) ;
#5596 = LINE ( 'NONE', #1915, #8152 ) ;
#5597 = ORIENTED_EDGE ( 'NONE', *, *, #60, .T. ) ;
#5598 = DIRECTION ( 'NONE',  ( 0.000000000000000000, 0.000000000000000000, 1.000000000000000000 ) ) ;
#5599 = LENGTH_MEASURE_WITH_UNIT ( LENGTH_MEASURE( 0.02539999999999999897 ), #8628 );
#5600 = ORIENTED_EDGE ( 'NONE', *, *, #6720, .T. ) ;
#5601 = ADVANCED_FACE ( 'NONE', ( #4524 ), #6022, .F. ) ;
#5602 = UNCERTAINTY_MEASURE_WITH_UNIT (LENGTH_MEASURE( 1.000000000000000082E-05 ), #7357, 'distance_accuracy_value', 'NONE');
#5603 = VECTOR ( 'NONE', #5544, 39.37007874015748143 ) ;
#5604 = DIRECTION ( 'NONE',  ( -1.000000000000000000, 0.000000000000000000, 0.000000000000000000 ) ) ;
#5605 = ORIENTED_EDGE ( 'NONE', *, *, #4752, .T. ) ;
#5606 = DIRECTION ( 'NONE',  ( -1.000000000000000000, -8.936794954581332298E-15, -0.000000000000000000 ) ) ;
#5608 = DIRECTION ( 'NONE',  ( 1.000000000000000000, -0.000000000000000000, 0.000000000000000000 ) ) ;
#5607 = CARTESIAN_POINT ( 'NONE',  ( 0.05000000000000004441, 0.000000000000000000, 0.1999999999999999556 ) ) ;
#5609 = AXIS2_PLACEMENT_3D ( 'NONE', #4759, #3452, #4179 ) ;
#5610 = ORIENTED_EDGE ( 'NONE', *, *, #1167, .T. ) ;
#5611 = ORIENTED_EDGE ( 'NONE', *, *, #1511, .T. ) ;
#5612 = CARTESIAN_POINT ( 'NONE',  ( -0.04999999999999996808, 0.02500000000000000139, -0.1649999999999999800 ) ) ;
#5613 = EDGE_CURVE ( 'NONE', #1418, #868, #7689, .T. ) ;
#5614 = DIRECTION ( 'NONE',  ( -1.686880716198101922E-43, -2.426872996565747488E-29, 1.000000000000000000 ) ) ;
#5615 = STYLED_ITEM ( 'NONE', ( #9333 ), #9234 ) ;
#5616 = CARTESIAN_POINT ( 'NONE',  ( 0.1712499999999999578, 0.02500000000000002914, -0.2325000000000000400 ) ) ;
#5617 = ORIENTED_EDGE ( 'NONE', *, *, #8239, .T. ) ;
#5618 = CARTESIAN_POINT ( 'NONE',  ( -0.1999999999999999833, 0.000000000000000000, -0.2500000000000000555 ) ) ;
#5619 = ORIENTED_EDGE ( 'NONE', *, *, #4208, .T. ) ;
#5620 = EDGE_CURVE ( 'NONE', #2673, #1283, #3208, .T. ) ;
#5621 = ORIENTED_EDGE ( 'NONE', *, *, #9043, .T. ) ;
#5622 = CARTESIAN_POINT ( 'NONE',  ( -0.04499999999999998446, 0.02500000000000000139, 0.01999999999999987899 ) ) ;
#5623 = CARTESIAN_POINT ( 'NONE',  ( 0.1899999999999999467, 0.02500000000000002220, -0.2137500000000000788 ) ) ;
#5624 = PRODUCT_DEFINITION ( 'UNKNOWN', '', #6235, #4343 ) ;
#5625 = VERTEX_POINT ( 'NONE', #1752 ) ;
#5626 = LINE ( 'NONE', #9237, #6333 ) ;
#5627 = VERTEX_POINT ( 'NONE', #127 ) ;
#5628 = ORIENTED_EDGE ( 'NONE', *, *, #2365, .T. ) ;
#5629 = CARTESIAN_POINT ( 'NONE',  ( -0.1224999999999994427, 0.03070866141732545018, -0.03019685039370204743 ) ) ;
#5630 = DIRECTION ( 'NONE',  ( 0.000000000000000000, 0.000000000000000000, 1.000000000000000000 ) ) ;
#5631 = PLANE ( 'NONE',  #6889 ) ;
#5632 = FACE_OUTER_BOUND ( 'NONE', #7909, .T. ) ;
#5633 = LINE ( 'NONE', #8567, #5522 ) ;
#5634 = CARTESIAN_POINT ( 'NONE',  ( -0.02230858298703205719, 0.03312302406173385505, -0.05283464566929226003 ) ) ;
#5635 = DIMENSIONAL_EXPONENTS ( 1.000000000000000000, 0.000000000000000000, 0.000000000000000000, 0.000000000000000000, 0.000000000000000000, 0.000000000000000000, 0.000000000000000000 ) ;
#5636 = EDGE_CURVE ( 'NONE', #6150, #3950, #7514, .T. ) ;
#5637 = ORIENTED_EDGE ( 'NONE', *, *, #940, .T. ) ;
#5638 = ORIENTED_EDGE ( 'NONE', *, *, #2365, .F. ) ;
#5639 = PLANE ( 'NONE',  #4261 ) ;
#5640 = EDGE_CURVE ( 'NONE', #3290, #5794, #6787, .T. ) ;
#5641 = ORIENTED_EDGE ( 'NONE', *, *, #2456, .T. ) ;
#5642 = LINE ( 'NONE', #4340, #8273 ) ;
#5643 = EDGE_CURVE ( 'NONE', #6297, #2270, #9087, .T. ) ;
#5644 = ORIENTED_EDGE ( 'NONE', *, *, #6844, .T. ) ;
#5645 = CIRCLE ( 'NONE', #1008, 0.03249999999999999417 ) ;
#5646 = EDGE_CURVE ( 'NONE', #2194, #5744, #8227, .T. ) ;
#5647 = FACE_OUTER_BOUND ( 'NONE', #5576, .T. ) ;
#5648 = EDGE_LOOP ( 'NONE', ( #1475, #8293 ) ) ;
#5649 = DIRECTION ( 'NONE',  ( -1.000000000000000000, 0.000000000000000000, -4.147639751766084173E-15 ) ) ;
#5650 = VECTOR ( 'NONE', #8063, 39.37007874015748143 ) ;
#5652 = CARTESIAN_POINT ( 'NONE',  ( 0.1900000000000000300, 0.04249999999999999611, -0.07625000000000005385 ) ) ;
#5651 = PLANE ( 'NONE',  #1505 ) ;
#5653 = VECTOR ( 'NONE', #8067, 39.37007874015748143 ) ;
#5654 = EDGE_LOOP ( 'NONE', ( #1602, #4555, #1649, #6295 ) ) ;
#5655 =( GEOMETRIC_REPRESENTATION_CONTEXT ( 3 ) GLOBAL_UNCERTAINTY_ASSIGNED_CONTEXT ( ( #6 ) ) GLOBAL_UNIT_ASSIGNED_CONTEXT ( ( #2010, #3283, #5737 ) ) REPRESENTATION_CONTEXT ( 'NONE', 'WORKASPACE' ) );
#5656 = EDGE_CURVE ( 'NONE', #9154, #1286, #4763, .T. ) ;
#5657 = ORIENTED_EDGE ( 'NONE', *, *, #6414, .F. ) ;
#5658 = DIRECTION ( 'NONE',  ( 0.000000000000000000, 0.000000000000000000, 1.000000000000000000 ) ) ;
#5659 = AXIS2_PLACEMENT_3D ( 'NONE', #7539, #191, #7627 ) ;
#5660 = LINE ( 'NONE', #4948, #8006 ) ;
#5661 = VECTOR ( 'NONE', #8666, 39.37007874015748854 ) ;
#5662 = CARTESIAN_POINT ( 'NONE',  ( -0.07499999999999996947, 0.02500000000000000139, 0.01999999999999989286 ) ) ;
#5663 = ORIENTED_EDGE ( 'NONE', *, *, #3105, .F. ) ;
#5664 = EDGE_CURVE ( 'NONE', #8625, #1053, #3066, .T. ) ;
#5665 = CARTESIAN_POINT ( 'NONE',  ( -0.08559055118110156513, 0.06240157480315226129, -0.09860236220472552715 ) ) ;
#5666 = VECTOR ( 'NONE', #4151, 39.37007874015748143 ) ;
#5667 = EDGE_CURVE ( 'NONE', #9005, #712, #7465, .T. ) ;
#5668 = EDGE_LOOP ( 'NONE', ( #6354, #1171, #9249, #362 ) ) ;
#5669 = DIRECTION ( 'NONE',  ( 1.000000000000000000, 0.000000000000000000, -5.122214988120492302E-16 ) ) ;
#5670 = ORIENTED_EDGE ( 'NONE', *, *, #4399, .F. ) ;
#5671 = CARTESIAN_POINT ( 'NONE',  ( 0.000000000000000000, 0.05999999999999999778, 0.000000000000000000 ) ) ;
#5672 = LENGTH_MEASURE_WITH_UNIT ( LENGTH_MEASURE( 0.02539999999999999897 ), #406 );
#5673 = VECTOR ( 'NONE', #9475, 39.37007874015748143 ) ;
#5674 = VECTOR ( 'NONE', #2699, 39.37007874015748143 ) ;
#5675 = DIRECTION ( 'NONE',  ( -1.000000000000000000, -0.000000000000000000, 4.268512490100412388E-16 ) ) ;
#5676 = VERTEX_POINT ( 'NONE', #2336 ) ;
#5677 = LINE ( 'NONE', #8606, #618 ) ;
#5678 = ORIENTED_EDGE ( 'NONE', *, *, #4996, .T. ) ;
#5679 = ORIENTED_EDGE ( 'NONE', *, *, #8780, .T. ) ;
#5680 = CARTESIAN_POINT ( 'NONE',  ( -0.03103010096156205710, 0.04412906444113104398, -0.06759842519685134443 ) ) ;
#5681 = AXIS2_PLACEMENT_3D ( 'NONE', #4002, #3864, #6948 ) ;
#5682 = PLANE ( 'NONE',  #1794 ) ;
#5683 = LINE ( 'NONE', #5242, #7665 ) ;
#5684 = DIRECTION ( 'NONE',  ( -1.000000000000000000, 0.000000000000000000, -6.763395879696023657E-15 ) ) ;
#5685 = FACE_OUTER_BOUND ( 'NONE', #9296, .T. ) ;
#5686 = EDGE_CURVE ( 'NONE', #7420, #7925, #3117, .T. ) ;
#5687 = CARTESIAN_POINT ( 'NONE',  ( 0.1900000000000000300, 0.08250000000000000389, -0.06250000000000001388 ) ) ;
#5688 = LINE ( 'NONE', #7140, #7460 ) ;
#5689 = DIRECTION ( 'NONE',  ( 0.000000000000000000, 1.000000000000000000, 0.000000000000000000 ) ) ;
#5690 = ORIENTED_EDGE ( 'NONE', *, *, #7306, .T. ) ;
#5691 = ORIENTED_EDGE ( 'NONE', *, *, #6816, .F. ) ;
#5692 =( LENGTH_UNIT ( ) NAMED_UNIT ( * ) SI_UNIT ( $, .METRE. ) );
#5693 = LINE ( 'NONE', #7912, #8295 ) ;
#5694 = VERTEX_POINT ( 'NONE', #5295 ) ;
#5695 = AXIS2_PLACEMENT_3D ( 'NONE', #8093, #5976, #7423 ) ;
#5696 = DIRECTION ( 'NONE',  ( -0.000000000000000000, 1.000000000000000000, -0.000000000000000000 ) ) ;
#5697 = FILL_AREA_STYLE_COLOUR ( '', #3305 ) ;
#5698 = COLOUR_RGB ( '',0.7921568627450980005, 0.8196078431372548767, 0.9333333333333333481 ) ;
#5699 = ADVANCED_FACE ( 'NONE', ( #6876 ), #4567, .F. ) ;
#5700 = EDGE_CURVE ( 'NONE', #2161, #396, #5336, .T. ) ;
#5701 = EDGE_LOOP ( 'NONE', ( #1087, #3107 ) ) ;
#5702 = VECTOR ( 'NONE', #125, 39.37007874015748143 ) ;
#5703 = UNCERTAINTY_MEASURE_WITH_UNIT (LENGTH_MEASURE( 1.000000000000000082E-05 ), #2930, 'distance_accuracy_value', 'NONE');
#5704 = DIRECTION ( 'NONE',  ( 1.000000000000000000, 0.000000000000000000, 0.000000000000000000 ) ) ;
#5705 = EDGE_CURVE ( 'NONE', #7670, #496, #6932, .T. ) ;
#5706 = VECTOR ( 'NONE', #8482, 39.37007874015748143 ) ;
#5707 = ORIENTED_EDGE ( 'NONE', *, *, #6962, .T. ) ;
#5708 = CARTESIAN_POINT ( 'NONE',  ( -9.037876824944720355E-20, 0.06250000000000000000, 0.001693869111716172745 ) ) ;
#5710 = DIRECTION ( 'NONE',  ( -1.000000000000000000, -7.948530328647187309E-16, -0.000000000000000000 ) ) ;
#5709 = CARTESIAN_POINT ( 'NONE',  ( 0.06250000000000001388, 0.02500000000000000139, 0.1099999999999999034 ) ) ;
#5711 = AXIS2_PLACEMENT_3D ( 'NONE', #2294, #8183, #8092 ) ;
#5712 = ORIENTED_EDGE ( 'NONE', *, *, #7216, .T. ) ;
#5713 = ORIENTED_EDGE ( 'NONE', *, *, #2954, .T. ) ;
#5714 = DIRECTION ( 'NONE',  ( -1.000000000000000000, 0.000000000000000000, -3.491481338843132961E-15 ) ) ;
#5715 = FACE_BOUND ( 'NONE', #588, .T. ) ;
#5716 = AXIS2_PLACEMENT_3D ( 'NONE', #5326, #1017, #302 ) ;
#5717 = CARTESIAN_POINT ( 'NONE',  ( -0.03103010096156219588, 0.05236220472441212304, -0.03019685039370173865 ) ) ;
#5718 = VECTOR ( 'NONE', #4225, 39.37007874015748854 ) ;
#5719 = EDGE_LOOP ( 'NONE', ( #7783, #8533, #5139, #1464 ) ) ;
#5720 = PLANE ( 'NONE',  #2243 ) ;
#5721 = EDGE_LOOP ( 'NONE', ( #1746, #4356, #4230, #810 ) ) ;
#5722 = FACE_OUTER_BOUND ( 'NONE', #7255, .T. ) ;
#5723 = ORIENTED_EDGE ( 'NONE', *, *, #2657, .T. ) ;
#5724 = ADVANCED_FACE ( 'NONE', ( #8274 ), #1666, .T. ) ;
#5725 = DIRECTION ( 'NONE',  ( 0.000000000000000000, 0.000000000000000000, 1.000000000000000000 ) ) ;
#5726 = EDGE_CURVE ( 'NONE', #8515, #4882, #2523, .T. ) ;
#5727 = CARTESIAN_POINT ( 'NONE',  ( -0.1224999999999993733, 0.03070866141732545018, -0.06759842519685164974 ) ) ;
#5728 = ORIENTED_EDGE ( 'NONE', *, *, #9122, .T. ) ;
#5729 = EDGE_LOOP ( 'NONE', ( #3958, #93, #2556, #4874 ) ) ;
#5730 = LINE ( 'NONE', #2047, #2552 ) ;
#5731 = FACE_OUTER_BOUND ( 'NONE', #4452, .T. ) ;
#5732 = CARTESIAN_POINT ( 'NONE',  ( 0.1500000000000000500, 0.000000000000000000, 0.1999999999999999556 ) ) ;
#5733 = CARTESIAN_POINT ( 'NONE',  ( -0.01978650686557534635, 0.03323314028328368253, -0.09023622047244185540 ) ) ;
#5734 = CARTESIAN_POINT ( 'NONE',  ( -0.03851760398892874193, 0.06437007874016013875, -0.1141792464047722555 ) ) ;
#5735 = AXIS2_PLACEMENT_3D ( 'NONE', #8679, #5303, #1622 ) ;
#5736 = DIRECTION ( 'NONE',  ( 0.000000000000000000, 1.000000000000000000, 0.000000000000000000 ) ) ;
#5737 =( NAMED_UNIT ( * ) SI_UNIT ( $, .STERADIAN. ) SOLID_ANGLE_UNIT ( ) );
#5738 = LINE ( 'NONE', #7951, #7233 ) ;
#5739 = ORIENTED_EDGE ( 'NONE', *, *, #8522, .T. ) ;
#5740 = ORIENTED_EDGE ( 'NONE', *, *, #2642, .T. ) ;
#5741 = LINE ( 'NONE', #5200, #7068 ) ;
#5742 = AXIS2_PLACEMENT_3D ( 'NONE', #3397, #6298, #7067 ) ;
#5743 = CARTESIAN_POINT ( 'NONE',  ( -0.1299999999999999767, 0.05000000000000000278, -0.2000000000000000389 ) ) ;
#5744 = VERTEX_POINT ( 'NONE', #5481 ) ;
#5745 = DIRECTION ( 'NONE',  ( -1.000000000000000000, -0.000000000000000000, -0.000000000000000000 ) ) ;
#5746 = AXIS2_PLACEMENT_3D ( 'NONE', #4339, #134, #2298 ) ;
#5747 = CARTESIAN_POINT ( 'NONE',  ( -0.1549999999999999989, 0.02500000000000000139, -0.1925000000000000600 ) ) ;
#5748 = VERTEX_POINT ( 'NONE', #215 ) ;
#5749 = CLOSED_SHELL ( 'NONE', ( #6318, #1397, #5372, #4872, #1392, #1677 ) ) ;
#5750 = DIRECTION ( 'NONE',  ( 4.164616886432733649E-32, 1.000000000000000000, 1.219574997171546080E-16 ) ) ;
#5752 = FACE_OUTER_BOUND ( 'NONE', #2077, .T. ) ;
#5751 = DIRECTION ( 'NONE',  ( 1.000000000000000000, 0.000000000000000000, -2.845674993400276898E-16 ) ) ;
#5753 = ORIENTED_EDGE ( 'NONE', *, *, #5196, .F. ) ;
#5754 = VECTOR ( 'NONE', #8888, 39.37007874015748143 ) ;
#5755 = ORIENTED_EDGE ( 'NONE', *, *, #5892, .F. ) ;
#5756 = EDGE_CURVE ( 'NONE', #9402, #917, #1575, .T. ) ;
#5757 = CARTESIAN_POINT ( 'NONE',  ( -0.1499999999999999667, 0.02500000000000000139, 0.1674999999999999545 ) ) ;
#5758 = CIRCLE ( 'NONE', #9288, 0.002524478865958247956 ) ;
#5759 = PLANE ( 'NONE',  #2143 ) ;
#5760 = ORIENTED_EDGE ( 'NONE', *, *, #5209, .T. ) ;
#5761 = VERTEX_POINT ( 'NONE', #5623 ) ;
#5762 = CARTESIAN_POINT ( 'NONE',  ( 0.000000000000000000, 0.05000000000000000278, 0.000000000000000000 ) ) ;
#5763 = FACE_OUTER_BOUND ( 'NONE', #4088, .T. ) ;
#5764 = CARTESIAN_POINT ( 'NONE',  ( -0.08499999999999997835, 0.05000000000000000278, 0.04499999999999989425 ) ) ;
#5765 = VERTEX_POINT ( 'NONE', #4133 ) ;
#5766 = ORIENTED_EDGE ( 'NONE', *, *, #6606, .T. ) ;
#5767 = CARTESIAN_POINT ( 'NONE',  ( -0.06738188976377888773, 0.06437007874016013875, -0.1141792464047722555 ) ) ;
#5768 = PLANE ( 'NONE',  #8727 ) ;
#5769 = CARTESIAN_POINT ( 'NONE',  ( -0.03103010096156222711, 0.04665354330708929020, -0.01543307086614268027 ) ) ;
#5770 = CARTESIAN_POINT ( 'NONE',  ( -0.1119589827240417973, 0.04448818897638057851, -0.01543307086614296129 ) ) ;
#5771 = STYLED_ITEM ( 'NONE', ( #8190 ), #9178 ) ;
#5772 = FILL_AREA_STYLE ('',( #6370 ) ) ;
#5773 = DIRECTION ( 'NONE',  ( 0.000000000000000000, 1.000000000000000000, 0.000000000000000000 ) ) ;
#5774 = DIRECTION ( 'NONE',  ( 0.000000000000000000, 0.000000000000000000, 1.000000000000000000 ) ) ;
#5775 = VECTOR ( 'NONE', #7167, 39.37007874015748143 ) ;
#5776 = ORIENTED_EDGE ( 'NONE', *, *, #4275, .T. ) ;
#5777 = ORIENTED_EDGE ( 'NONE', *, *, #2473, .F. ) ;
#5778 = FACE_OUTER_BOUND ( 'NONE', #2853, .T. ) ;
#5779 = VERTEX_POINT ( 'NONE', #5582 ) ;
#5780 = CARTESIAN_POINT ( 'NONE',  ( -0.09937007874015701958, 0.04665354330708929020, -0.01543307086614292660 ) ) ;
#5781 = CARTESIAN_POINT ( 'NONE',  ( -0.04499999999999999140, 0.05999999999999999778, 0.07499999999999988620 ) ) ;
#5782 = ADVANCED_FACE ( 'NONE', ( #7750 ), #8556, .T. ) ;
#5783 = LINE ( 'NONE', #8717, #8124 ) ;
#5784 = EDGE_CURVE ( 'NONE', #2001, #6180, #9279, .T. ) ;
#5785 = ORIENTED_EDGE ( 'NONE', *, *, #3824, .T. ) ;
#5786 = ADVANCED_FACE ( 'NONE', ( #1945 ), #2672, .T. ) ;
#5787 = LINE ( 'NONE', #9447, #1831 ) ;
#5788 = ADVANCED_FACE ( 'NONE', ( #3307 ), #4033, .T. ) ;
#5789 = ADVANCED_FACE ( 'NONE', ( #1084 ), #7172, .F. ) ;
#5791 = CARTESIAN_POINT ( 'NONE',  ( -0.1449999999999999900, 0.2541640786499874127, 0.1349999999999998979 ) ) ;
#5790 = LINE ( 'NONE', #3538, #4906 ) ;
#5792 = STYLED_ITEM ( 'NONE', ( #2061 ), #9104 ) ;
#5793 = ORIENTED_EDGE ( 'NONE', *, *, #7393, .T. ) ;
#5794 = VERTEX_POINT ( 'NONE', #7895 ) ;
#5795 = EDGE_CURVE ( 'NONE', #2709, #9481, #357, .T. ) ;
#5796 = CARTESIAN_POINT ( 'NONE',  ( -0.1149772726619823771, 0.03070866141732543284, -0.05283464566929257922 ) ) ;
#5797 = VECTOR ( 'NONE', #9356, 39.37007874015748143 ) ;
#5798 = AXIS2_PLACEMENT_3D ( 'NONE', #9522, #3707, #8840 ) ;
#5799 = ORIENTED_EDGE ( 'NONE', *, *, #6812, .T. ) ;
#5800 = DIRECTION ( 'NONE',  ( 0.000000000000000000, 1.000000000000000000, 0.000000000000000000 ) ) ;
#5801 = FACE_OUTER_BOUND ( 'NONE', #2480, .T. ) ;
#5802 = FILL_AREA_STYLE_COLOUR ( '', #5181 ) ;
#5803 = ORIENTED_EDGE ( 'NONE', *, *, #1936, .F. ) ;
#5804 = AXIS2_PLACEMENT_3D ( 'NONE', #4091, #9380, #7029 ) ;
#5805 = VERTEX_POINT ( 'NONE', #3411 ) ;
#5806 = ADVANCED_FACE ( 'NONE', ( #4907 ), #547, .F. ) ;
#5807 = DIRECTION ( 'NONE',  ( -1.000000000000000000, 0.000000000000000000, 2.134256245050206194E-16 ) ) ;
#5808 = EDGE_CURVE ( 'NONE', #5966, #4350, #7797, .T. ) ;
#5809 = VECTOR ( 'NONE', #820, 39.37007874015748143 ) ;
#5810 = EDGE_CURVE ( 'NONE', #7439, #6244, #6260, .T. ) ;
#5811 = CIRCLE ( 'NONE', #6741, 0.002524478865958256196 ) ;
#5812 = CARTESIAN_POINT ( 'NONE',  ( -0.08499999999999997835, 0.05000000000000000278, 0.04499999999999989425 ) ) ;
#5813 = MECHANICAL_DESIGN_GEOMETRIC_PRESENTATION_REPRESENTATION (  '', ( #7055 ), #6574 ) ;
#5814 = VECTOR ( 'NONE', #2172, 39.37007874015748143 ) ;
#5815 = ORIENTED_EDGE ( 'NONE', *, *, #3933, .F. ) ;
#5816 = EDGE_LOOP ( 'NONE', ( #5776, #5799, #6037, #789 ) ) ;
#5817 = CARTESIAN_POINT ( 'NONE',  ( -0.01749999999999997391, 0.02500000000000000139, -0.2000000000000000111 ) ) ;
#5818 = FACE_OUTER_BOUND ( 'NONE', #7834, .T. ) ;
#5819 = CARTESIAN_POINT ( 'NONE',  ( -0.1224999999999992345, 0.03070866141732545018, -0.09023622047244221622 ) ) ;
#5820 = DIRECTION ( 'NONE',  ( 0.000000000000000000, 1.000000000000000000, 0.000000000000000000 ) ) ;
#5821 = DIRECTION ( 'NONE',  ( 0.000000000000000000, 0.000000000000000000, 1.000000000000000000 ) ) ;
#5822 = DIRECTION ( 'NONE',  ( -0.000000000000000000, 1.000000000000000000, -0.000000000000000000 ) ) ;
#5823 = EDGE_CURVE ( 'NONE', #7421, #8884, #2901, .T. ) ;
#5824 = AXIS2_PLACEMENT_3D ( 'NONE', #4878, #9440, #8627 ) ;
#5825 = PLANE ( 'NONE',  #1739 ) ;
#5826 = CARTESIAN_POINT ( 'NONE',  ( -0.02850802484010565158, 0.04423918066268085758, -0.01543307086614267160 ) ) ;
#5827 = ORIENTED_EDGE ( 'NONE', *, *, #8483, .F. ) ;
#5828 = ORIENTED_EDGE ( 'NONE', *, *, #3430, .F. ) ;
#5829 = CARTESIAN_POINT ( 'NONE',  ( -0.04999999999999996808, 0.02500000000000000139, -0.1399999999999999856 ) ) ;
#5830 = CARTESIAN_POINT ( 'NONE',  ( -0.04999999999999996808, 0.02500000000000000139, -0.1399999999999999856 ) ) ;
#5831 = VERTEX_POINT ( 'NONE', #4760 ) ;
#5832 = DIRECTION ( 'NONE',  ( 0.000000000000000000, -0.000000000000000000, 1.000000000000000000 ) ) ;
#5833 = CARTESIAN_POINT ( 'NONE',  ( 0.08250000000000003164, 0.000000000000000000, 0.2324999999999999567 ) ) ;
#5834 = VECTOR ( 'NONE', #4860, 39.37007874015748143 ) ;
#5835 = DIRECTION ( 'NONE',  ( 0.04361938736532857547, 0.9990482215818581313, 0.000000000000000000 ) ) ;
#5836 = ORIENTED_EDGE ( 'NONE', *, *, #2902, .T. ) ;
#5837 = ADVANCED_FACE ( 'NONE', ( #408 ), #9322, .F. ) ;
#5838 = DIRECTION ( 'NONE',  ( -5.254580242600419614E-17, 0.1736481776669271115, 0.9848077530122086864 ) ) ;
#5839 = STYLED_ITEM ( 'NONE', ( #9074 ), #5908 ) ;
#5840 = CARTESIAN_POINT ( 'NONE',  ( 0.000000000000000000, 0.02500000000000000139, 0.000000000000000000 ) ) ;
#5841 = ORIENTED_EDGE ( 'NONE', *, *, #5934, .T. ) ;
#5842 = VERTEX_POINT ( 'NONE', #8604 ) ;
#5843 = AXIS2_PLACEMENT_3D ( 'NONE', #8394, #9158, #2501 ) ;
#5844 =( LENGTH_UNIT ( ) NAMED_UNIT ( * ) SI_UNIT ( $, .METRE. ) );
#5845 = COLOUR_RGB ( '',0.7921568627450980005, 0.8196078431372548767, 0.9333333333333333481 ) ;
#5846 = MANIFOLD_SOLID_BREP ( '<LT1806CS6#PBF>-<Pin 2>', #5285 ) ;
#5847 = PLANE ( 'NONE',  #7197 ) ;
#5848 = VECTOR ( 'NONE', #9269, 39.37007874015748143 ) ;
#5849 = CARTESIAN_POINT ( 'NONE',  ( 0.2000000000000000389, 0.02500000000000000139, -0.2500000000000000555 ) ) ;
#5850 = ORIENTED_EDGE ( 'NONE', *, *, #8911, .T. ) ;
#5851 = CARTESIAN_POINT ( 'NONE',  ( -0.08559055118110156513, 0.06240157480315226129, -0.1035236220472452173 ) ) ;
#5853 = CARTESIAN_POINT ( 'NONE',  ( 0.1524999999999999689, 0.02500000000000000139, 0.1349999999999998701 ) ) ;
#5852 = CARTESIAN_POINT ( 'NONE',  ( 0.1525000000000000244, 0.02500000000000000139, 0.03499999999999989231 ) ) ;
#5854 = VECTOR ( 'NONE', #7652, 39.37007874015748854 ) ;
#5855 = DIRECTION ( 'NONE',  ( 0.000000000000000000, 1.000000000000000000, 0.000000000000000000 ) ) ;
#5856 = ORIENTED_EDGE ( 'NONE', *, *, #2249, .F. ) ;
#5857 = EDGE_LOOP ( 'NONE', ( #8333, #9069 ) ) ;
#5858 = DIRECTION ( 'NONE',  ( 1.000000000000000000, 0.000000000000000000, 0.000000000000000000 ) ) ;
#5859 = VECTOR ( 'NONE', #3296, 39.37007874015748143 ) ;
#5860 = AXIS2_PLACEMENT_3D ( 'NONE', #3645, #3782, #8027 ) ;
#5861 = CARTESIAN_POINT ( 'NONE',  ( -0.1999999999999999833, 0.02500000000000000139, -0.2500000000000000555 ) ) ;
#5862 = DIRECTION ( 'NONE',  ( 6.829619984160655088E-16, 0.000000000000000000, 1.000000000000000000 ) ) ;
#5863 = MANIFOLD_SOLID_BREP ( 'Cut-Extrude1[16]', #4621 ) ;
#5864 = ORIENTED_EDGE ( 'NONE', *, *, #3813, .F. ) ;
#5865 = ORIENTED_EDGE ( 'NONE', *, *, #8058, .F. ) ;
#5866 = EDGE_CURVE ( 'NONE', #2276, #7410, #1322, .T. ) ;
#5867 = FACE_OUTER_BOUND ( 'NONE', #2917, .T. ) ;
#5868 = DIRECTION ( 'NONE',  ( 1.000000000000000000, 0.000000000000000000, 0.000000000000000000 ) ) ;
#5869 = PLANE ( 'NONE',  #1349 ) ;
#5870 = DIRECTION ( 'NONE',  ( 0.000000000000000000, 1.000000000000000000, 0.000000000000000000 ) ) ;
#5871 = VERTEX_POINT ( 'NONE', #2913 ) ;
#5872 = CARTESIAN_POINT ( 'NONE',  ( -0.03103010096156222711, 0.05236220472441212304, -0.01543307086614268027 ) ) ;
#5873 = DIRECTION ( 'NONE',  ( 0.000000000000000000, 0.000000000000000000, 1.000000000000000000 ) ) ;
#5874 = EDGE_CURVE ( 'NONE', #7925, #8231, #8125, .T. ) ;
#5875 = CARTESIAN_POINT ( 'NONE',  ( -0.1119589827240416585, 0.04448818897638057157, -0.05283464566929257228 ) ) ;
#5876 = EDGE_LOOP ( 'NONE', ( #2420, #2414, #2735, #8371 ) ) ;
#5877 = EDGE_LOOP ( 'NONE', ( #7452, #564, #4693, #2950 ) ) ;
#5878 = DIRECTION ( 'NONE',  ( -3.491481338843133355E-15, -0.000000000000000000, 1.000000000000000000 ) ) ;
#5879 = CARTESIAN_POINT ( 'NONE',  ( -0.1299999999999999767, 0.02500000000000000139, -0.2000000000000000389 ) ) ;
#5880 = ORIENTED_EDGE ( 'NONE', *, *, #1659, .F. ) ;
#5881 = DIRECTION ( 'NONE',  ( -0.9990482215818581313, -0.04361938736532856853, -3.488158222257475945E-15 ) ) ;
#5882 = DIRECTION ( 'NONE',  ( 0.000000000000000000, 1.000000000000000000, 0.000000000000000000 ) ) ;
#5883 = LENGTH_MEASURE_WITH_UNIT ( LENGTH_MEASURE( 0.02539999999999999897 ), #8049 );
#5884 = MANIFOLD_SOLID_BREP ( 'Cut-Extrude1[7]', #8202 ) ;
#5885 = UNCERTAINTY_MEASURE_WITH_UNIT (LENGTH_MEASURE( 1.000000000000000082E-05 ), #7033, 'distance_accuracy_value', 'NONE');
#5886 = VECTOR ( 'NONE', #3484, 39.37007874015748143 ) ;
#5887 = DIRECTION ( 'NONE',  ( -1.000000000000000000, -0.000000000000000000, 1.365923996832131215E-15 ) ) ;
#5888 = ORIENTED_EDGE ( 'NONE', *, *, #8392, .T. ) ;
#5889 = LINE ( 'NONE', #8632, #2597 ) ;
#5890 = AXIS2_PLACEMENT_3D ( 'NONE', #4869, #2727, #7137 ) ;
#5891 = DIRECTION ( 'NONE',  ( 0.000000000000000000, -0.000000000000000000, 1.000000000000000000 ) ) ;
#5892 = EDGE_CURVE ( 'NONE', #6170, #7919, #8694, .T. ) ;
#5893 = ORIENTED_EDGE ( 'NONE', *, *, #202, .T. ) ;
#5894 = EDGE_CURVE ( 'NONE', #6193, #2992, #6621, .T. ) ;
#5895 = ORIENTED_EDGE ( 'NONE', *, *, #2069, .T. ) ;
#5896 = DIRECTION ( 'NONE',  ( 1.000000000000000000, -6.950840520229924419E-15, 0.000000000000000000 ) ) ;
#5897 = LINE ( 'NONE', #6675, #5190 ) ;
#5898 = LINE ( 'NONE', #2218, #14 ) ;
#5900 = CARTESIAN_POINT ( 'NONE',  ( -0.01978650686557562044, 0.03323314028328368253, -0.01543307086614264557 ) ) ;
#5899 = FACE_OUTER_BOUND ( 'NONE', #3012, .T. ) ;
#5901 = VERTEX_POINT ( 'NONE', #3922 ) ;
#5902 = EDGE_CURVE ( 'NONE', #8625, #3491, #1985, .T. ) ;
#5903 = ORIENTED_EDGE ( 'NONE', *, *, #257, .F. ) ;
#5904 = LINE ( 'NONE', #6590, #8480 ) ;
#5905 = VECTOR ( 'NONE', #5999, 39.37007874015748143 ) ;
#5906 = LINE ( 'NONE', #3004, #6772 ) ;
#5907 = EDGE_CURVE ( 'NONE', #7168, #2193, #1015, .T. ) ;
#5908 = MANIFOLD_SOLID_BREP ( 'Cut-Extrude2[1]', #1584 ) ;
#5909 = ORIENTED_EDGE ( 'NONE', *, *, #9038, .F. ) ;
#5910 = ORIENTED_EDGE ( 'NONE', *, *, #498, .T. ) ;
#5911 = CARTESIAN_POINT ( 'NONE',  ( 0.08250000000000003164, 0.02500000000000000139, 0.2324999999999999567 ) ) ;
#5912 = EDGE_CURVE ( 'NONE', #6365, #2046, #6003, .T. ) ;
#5913 = CARTESIAN_POINT ( 'NONE',  ( -0.1549999999999999989, 0.02500000000000000139, -0.1575000000000000289 ) ) ;
#5914 = ADVANCED_FACE ( 'NONE', ( #1699 ), #8352, .F. ) ;
#5915 = CARTESIAN_POINT ( 'NONE',  ( -0.03539370078740081138, 0.04665354330708928327, -0.09023622047244191091 ) ) ;
#5916 = FACE_OUTER_BOUND ( 'NONE', #9414, .T. ) ;
#5917 = ORIENTED_EDGE ( 'NONE', *, *, #11, .F. ) ;
#5918 = CARTESIAN_POINT ( 'NONE',  ( -0.1549999999999999989, 0.02500000000000000139, -0.1575000000000000289 ) ) ;
#5919 = PRESENTATION_STYLE_ASSIGNMENT (( #8087 ) ) ;
#5920 = DIRECTION ( 'NONE',  ( 0.9848077530122080203, -0.1736481776669307198, 2.849345089068007916E-15 ) ) ;
#5921 = ORIENTED_EDGE ( 'NONE', *, *, #6232, .F. ) ;
#5922 = ORIENTED_EDGE ( 'NONE', *, *, #4345, .F. ) ;
#5923 = CARTESIAN_POINT ( 'NONE',  ( -0.08559055118110156513, 0.06240157480315226129, -0.1084448818897649075 ) ) ;
#5924 = DIRECTION ( 'NONE',  ( 0.000000000000000000, 1.000000000000000000, 0.000000000000000000 ) ) ;
#5925 = STYLED_ITEM ( 'NONE', ( #2694 ), #9150 ) ;
#5926 = VERTEX_POINT ( 'NONE', #3194 ) ;
#5927 = FACE_OUTER_BOUND ( 'NONE', #548, .T. ) ;
#5928 = LINE ( 'NONE', #8856, #5983 ) ;
#5929 = FILL_AREA_STYLE ('',( #860 ) ) ;
#5930 = MANIFOLD_SOLID_BREP ( 'Boss-Extrude5[4]', #1231 ) ;
#5931 = STYLED_ITEM ( 'NONE', ( #6015 ), #9297 ) ;
#5932 = EDGE_CURVE ( 'NONE', #5296, #8481, #3342, .T. ) ;
#5933 = CARTESIAN_POINT ( 'NONE',  ( -0.1549999999999999989, 0.04999999999999999584, -0.1575000000000000289 ) ) ;
#5934 = EDGE_CURVE ( 'NONE', #4908, #5485, #3971, .T. ) ;
#5935 = EDGE_LOOP ( 'NONE', ( #8262, #6163, #251, #1757 ) ) ;
#5936 = ADVANCED_FACE ( 'NONE', ( #9218 ), #8451, .T. ) ;
#5937 = FACE_OUTER_BOUND ( 'NONE', #2573, .T. ) ;
#5938 = LINE ( 'NONE', #5313, #2571 ) ;
#5939 = EDGE_LOOP ( 'NONE', ( #5055, #6881, #2663, #9307 ) ) ;
#5940 = EDGE_CURVE ( 'NONE', #6837, #718, #3399, .T. ) ;
#5941 = FILL_AREA_STYLE_COLOUR ( '', #2109 ) ;
#5942 = MANIFOLD_SOLID_BREP ( '<LT1806CS6#PBF>-<Body-Move/Copy1[3]>', #1116 ) ;
#5943 = CARTESIAN_POINT ( 'NONE',  ( 0.08750000000000000833, 0.02500000000000000139, 0.07499999999999990008 ) ) ;
#5944 = CARTESIAN_POINT ( 'NONE',  ( -0.03539370078740111669, 0.04665354330708928327, -0.003129921259843489959 ) ) ;
#5946 = LINE ( 'NONE', #8829, #915 ) ;
#5945 = SURFACE_STYLE_USAGE ( .BOTH. , #6046 ) ;
#5947 = EDGE_CURVE ( 'NONE', #8559, #504, #5470, .T. ) ;
#5948 = CARTESIAN_POINT ( 'NONE',  ( 0.1524999999999999689, 0.02500000000000000139, 0.1349999999999998701 ) ) ;
#5949 = EDGE_LOOP ( 'NONE', ( #6562, #8656, #1973, #2882 ) ) ;
#5950 = ORIENTED_EDGE ( 'NONE', *, *, #4940, .F. ) ;
#5951 = CARTESIAN_POINT ( 'NONE',  ( -0.04999999999999996114, 0.02500000000000000139, 0.1674999999999999545 ) ) ;
#5952 = PRESENTATION_LAYER_ASSIGNMENT (  '', '', ( #9165 ) ) ;
#5953 = VECTOR ( 'NONE', #2969, 39.37007874015748143 ) ;
#5954 = CARTESIAN_POINT ( 'NONE',  ( 0.1000000000000000056, 0.08250000000000003164, -0.1449999999999999900 ) ) ;
#5955 = DIRECTION ( 'NONE',  ( 0.000000000000000000, 1.000000000000000000, 0.000000000000000000 ) ) ;
#5956 = EDGE_CURVE ( 'NONE', #9077, #3244, #4169, .T. ) ;
#5957 = EDGE_LOOP ( 'NONE', ( #4461, #1101, #2123, #4069 ) ) ;
#5958 = EDGE_LOOP ( 'NONE', ( #6459, #4655, #6495, #6967 ) ) ;
#5959 = CARTESIAN_POINT ( 'NONE',  ( 0.06330613088828375423, 0.06250000000000000000, -0.03169386911171638566 ) ) ;
#5960 = EDGE_CURVE ( 'NONE', #4741, #4493, #5660, .T. ) ;
#5961 = DIRECTION ( 'NONE',  ( 0.000000000000000000, 0.000000000000000000, -1.000000000000000000 ) ) ;
#5962 = LINE ( 'NONE', #2144, #1639 ) ;
#5963 = VECTOR ( 'NONE', #6777, 39.37007874015748143 ) ;
#5964 = CARTESIAN_POINT ( 'NONE',  ( -0.01226377952755831023, 0.03070866141732550222, -0.09023622047244182764 ) ) ;
#5965 =( NAMED_UNIT ( * ) SI_UNIT ( $, .STERADIAN. ) SOLID_ANGLE_UNIT ( ) );
#5966 = VERTEX_POINT ( 'NONE', #7887 ) ;
#5967 = VECTOR ( 'NONE', #4985, 39.37007874015748143 ) ;
#5968 = VECTOR ( 'NONE', #7537, 39.37007874015748143 ) ;
#5969 = FACE_OUTER_BOUND ( 'NONE', #376, .T. ) ;
#5970 = CARTESIAN_POINT ( 'NONE',  ( 0.1674999999999999822, 0.02500000000000000139, 0.03499999999999989231 ) ) ;
#5971 = ADVANCED_FACE ( 'NONE', ( #1272 ), #6299, .F. ) ;
#5972 = CIRCLE ( 'NONE', #5804, 0.004921259842519689308 ) ;
#5973 = DIRECTION ( 'NONE',  ( 0.000000000000000000, 0.000000000000000000, -1.000000000000000000 ) ) ;
#5974 = VERTEX_POINT ( 'NONE', #1887 ) ;
#5975 = ORIENTED_EDGE ( 'NONE', *, *, #6091, .F. ) ;
#5976 = DIRECTION ( 'NONE',  ( 0.000000000000000000, 0.000000000000000000, 1.000000000000000000 ) ) ;
#5977 = ORIENTED_EDGE ( 'NONE', *, *, #5686, .F. ) ;
#5978 = PLANE ( 'NONE',  #2335 ) ;
#5979 = AXIS2_PLACEMENT_3D ( 'NONE', #4676, #5450, #7528 ) ;
#5980 = PLANE ( 'NONE',  #5735 ) ;
#5981 = CARTESIAN_POINT ( 'NONE',  ( 0.1024999999999999800, 0.02500000000000000139, 0.1349999999999998701 ) ) ;
#5982 = MANIFOLD_SOLID_BREP ( '<LT1806CS6#PBF>-<Body-Move/Copy1[4]>', #7753 ) ;
#5983 = VECTOR ( 'NONE', #5119, 39.37007874015748143 ) ;
#5984 = DIRECTION ( 'NONE',  ( -1.000000000000000000, -6.950840520229924419E-15, 0.000000000000000000 ) ) ;
#5985 = ORIENTED_EDGE ( 'NONE', *, *, #3127, .F. ) ;
#5986 = VECTOR ( 'NONE', #8754, 39.37007874015748143 ) ;
#5987 = VECTOR ( 'NONE', #1834, 39.37007874015748143 ) ;
#5988 = DIRECTION ( 'NONE',  ( -6.950840520229924419E-15, -1.000000000000000000, -2.426872996565747488E-29 ) ) ;
#5989 = EDGE_CURVE ( 'NONE', #2978, #4541, #5520, .T. ) ;
#5990 = CARTESIAN_POINT ( 'NONE',  ( -0.1037336785659958294, 0.04665354330708929020, -0.03019685039370197804 ) ) ;
#5991 = EDGE_CURVE ( 'NONE', #7925, #9339, #7298, .T. ) ;
#5992 =( GEOMETRIC_REPRESENTATION_CONTEXT ( 3 ) GLOBAL_UNCERTAINTY_ASSIGNED_CONTEXT ( ( #768 ) ) GLOBAL_UNIT_ASSIGNED_CONTEXT ( ( #4777, #4635, #6082 ) ) REPRESENTATION_CONTEXT ( 'NONE', 'WORKASPACE' ) );
#5993 = ORIENTED_EDGE ( 'NONE', *, *, #6048, .T. ) ;
#5994 = EDGE_CURVE ( 'NONE', #3837, #9463, #8731, .T. ) ;
#5995 = FACE_OUTER_BOUND ( 'NONE', #8077, .T. ) ;
#5996 = DIRECTION ( 'NONE',  ( 1.000000000000000000, -6.950840520229924419E-15, 0.000000000000000000 ) ) ;
#5997 = VECTOR ( 'NONE', #9133, 39.37007874015748143 ) ;
#5998 = LINE ( 'NONE', #4688, #1394 ) ;
#6000 = DIRECTION ( 'NONE',  ( -0.1736481776669306920, -0.9848077530122080203, 0.000000000000000000 ) ) ;
#5999 = DIRECTION ( 'NONE',  ( -0.000000000000000000, -0.000000000000000000, 1.000000000000000000 ) ) ;
#6001 = AXIS2_PLACEMENT_3D ( 'NONE', #6184, #6334, #7724 ) ;
#6002 = EDGE_LOOP ( 'NONE', ( #7471, #4049, #8185, #535 ) ) ;
#6003 = CIRCLE ( 'NONE', #6325, 0.07999999999999990452 ) ;
#6004 = ORIENTED_EDGE ( 'NONE', *, *, #7698, .T. ) ;
#6005 = CARTESIAN_POINT ( 'NONE',  ( -0.02280479680351599203, 0.04448818897638057157, -0.1050000000000009259 ) ) ;
#6006 = VECTOR ( 'NONE', #1947, 39.37007874015748143 ) ;
#6007 = DIRECTION ( 'NONE',  ( -1.000000000000000000, -0.000000000000000000, -0.000000000000000000 ) ) ;
#6008 = MANIFOLD_SOLID_BREP ( 'Cut-Extrude1[10]', #9117 ) ;
#6009 = VERTEX_POINT ( 'NONE', #2757 ) ;
#6010 = ORIENTED_EDGE ( 'NONE', *, *, #1299, .T. ) ;
#6011 = FACE_OUTER_BOUND ( 'NONE', #5005, .T. ) ;
#6012 = DIRECTION ( 'NONE',  ( 0.1710878697460366804, 0.9702875252478136980, -0.1710878697460359588 ) ) ;
#6013 = FACE_OUTER_BOUND ( 'NONE', #3738, .T. ) ;
#6014 = LINE ( 'NONE', #5191, #7762 ) ;
#6015 = PRESENTATION_STYLE_ASSIGNMENT (( #7459 ) ) ;
#6016 = ADVANCED_FACE ( 'NONE', ( #1451, #4409, #3084, #5715, #8961 ), #2350, .T. ) ;
#6017 = ORIENTED_EDGE ( 'NONE', *, *, #5405, .F. ) ;
#6018 = VECTOR ( 'NONE', #4456, 39.37007874015748854 ) ;
#6019 = CARTESIAN_POINT ( 'NONE',  ( -0.1549999999999999989, 0.05000000000000000278, -0.2000000000000000111 ) ) ;
#6020 = ADVANCED_FACE ( 'NONE', ( #731 ), #631, .T. ) ;
#6021 = LINE ( 'NONE', #5970, #3450 ) ;
#6022 = PLANE ( 'NONE',  #3841 ) ;
#6023 = ORIENTED_EDGE ( 'NONE', *, *, #6466, .F. ) ;
#6024 = ORIENTED_EDGE ( 'NONE', *, *, #233, .T. ) ;
#6025 = DIRECTION ( 'NONE',  ( 1.365120289045977339E-16, 1.034790906691008358E-16, -1.000000000000000000 ) ) ;
#6026 = ORIENTED_EDGE ( 'NONE', *, *, #523, .F. ) ;
#6027 = ORIENTED_EDGE ( 'NONE', *, *, #5406, .F. ) ;
#6028 = VECTOR ( 'NONE', #1363, 39.37007874015748143 ) ;
#6029 = LINE ( 'NONE', #2342, #8345 ) ;
#6030 = DIRECTION ( 'NONE',  ( -0.04361938736532856853, -0.9990482215818581313, 0.000000000000000000 ) ) ;
#6031 = VECTOR ( 'NONE', #3115, 39.37007874015748143 ) ;
#6032 = DIRECTION ( 'NONE',  ( -0.000000000000000000, 1.000000000000000000, -0.000000000000000000 ) ) ;
#6033 = FACE_OUTER_BOUND ( 'NONE', #8865, .T. ) ;
#6034 = VERTEX_POINT ( 'NONE', #2033 ) ;
#6035 = CARTESIAN_POINT ( 'NONE',  ( -0.1299999999999999767, 0.02500000000000000139, -0.2000000000000000389 ) ) ;
#6036 = CARTESIAN_POINT ( 'NONE',  ( -0.1300000000000000044, 0.02500000000000000139, -0.1575000000000000289 ) ) ;
#6037 = ORIENTED_EDGE ( 'NONE', *, *, #2208, .T. ) ;
#6038 = AXIS2_PLACEMENT_3D ( 'NONE', #135, #5078, #2804 ) ;
#6039 = PLANE ( 'NONE',  #9497 ) ;
#6040 = MANIFOLD_SOLID_BREP ( 'Boss-Extrude4[4]', #3280 ) ;
#6041 = CARTESIAN_POINT ( 'NONE',  ( -0.1037336785659956906, 0.04412906444113104398, -0.06759842519685159423 ) ) ;
#6042 = EDGE_CURVE ( 'NONE', #787, #8762, #2589, .T. ) ;
#6043 = AXIS2_PLACEMENT_3D ( 'NONE', #6664, #8815, #2199 ) ;
#6044 = DIRECTION ( 'NONE',  ( 6.950840520229924419E-15, 1.000000000000000000, 2.426872996565747488E-29 ) ) ;
#6045 = VECTOR ( 'NONE', #8257, 39.37007874015748143 ) ;
#6047 = CARTESIAN_POINT ( 'NONE',  ( -0.01226377952755841258, 0.02500000000000265205, -0.05283464566929223921 ) ) ;
#6046 = SURFACE_SIDE_STYLE ('',( #2957 ) ) ;
#6048 = EDGE_CURVE ( 'NONE', #4416, #4246, #537, .T. ) ;
#6049 = ORIENTED_EDGE ( 'NONE', *, *, #4653, .T. ) ;
#6050 = EDGE_LOOP ( 'NONE', ( #4277, #4525, #8838, #7916 ) ) ;
#6051 = DIRECTION ( 'NONE',  ( -1.000000000000000000, 0.000000000000000000, -0.000000000000000000 ) ) ;
#6052 = EDGE_CURVE ( 'NONE', #3414, #4795, #6277, .T. ) ;
#6053 = SURFACE_SIDE_STYLE ('',( #5235 ) ) ;
#6054 = ADVANCED_FACE ( 'NONE', ( #5550 ), #3226, .F. ) ;
#6055 = DIRECTION ( 'NONE',  ( -1.000000000000000000, 0.000000000000000000, -6.763395879695977903E-15 ) ) ;
#6056 = EDGE_LOOP ( 'NONE', ( #7305, #1950 ) ) ;
#6057 = ORIENTED_EDGE ( 'NONE', *, *, #8578, .F. ) ;
#6058 = LINE ( 'NONE', #1604, #4884 ) ;
#6059 = CARTESIAN_POINT ( 'NONE',  ( 0.000000000000000000, 0.05000000000000000278, -0.1399999999999999856 ) ) ;
#6060 = DIRECTION ( 'NONE',  ( 0.000000000000000000, 1.000000000000000000, 0.000000000000000000 ) ) ;
#6061 = DIRECTION ( 'NONE',  ( -0.000000000000000000, 1.000000000000000000, -0.000000000000000000 ) ) ;
#6062 = CARTESIAN_POINT ( 'NONE',  ( -0.1449999999999999900, 0.2541640786499874127, 0.07499999999999988620 ) ) ;
#6063 = ORIENTED_EDGE ( 'NONE', *, *, #968, .T. ) ;
#6064 = EDGE_CURVE ( 'NONE', #8530, #156, #6907, .T. ) ;
#6065 = LINE ( 'NONE', #6113, #2008 ) ;
#6066 = DIRECTION ( 'NONE',  ( 1.000000000000000000, 0.000000000000000000, 0.000000000000000000 ) ) ;
#6067 = DIRECTION ( 'NONE',  ( -1.000000000000000000, 3.381697939847999996E-15, -6.763395879695999991E-15 ) ) ;
#6068 = ORIENTED_EDGE ( 'NONE', *, *, #3953, .F. ) ;
#6069 = PLANE ( 'NONE',  #1689 ) ;
#6070 = ORIENTED_EDGE ( 'NONE', *, *, #5499, .F. ) ;
#6071 = VERTEX_POINT ( 'NONE', #327 ) ;
#6072 = FACE_OUTER_BOUND ( 'NONE', #1618, .T. ) ;
#6073 = DIRECTION ( 'NONE',  ( -1.000000000000000000, 6.950840520229924419E-15, 0.000000000000000000 ) ) ;
#6074 = PLANE ( 'NONE',  #6742 ) ;
#6075 = CARTESIAN_POINT ( 'NONE',  ( 0.1674999999999999822, 0.2541640786499874127, 0.1349999999999998979 ) ) ;
#6076 = FACE_OUTER_BOUND ( 'NONE', #5186, .T. ) ;
#6077 = EDGE_CURVE ( 'NONE', #6728, #7129, #1818, .T. ) ;
#6078 = MANIFOLD_SOLID_BREP ( 'Boss-Extrude5[2]', #5399 ) ;
#6079 = PRESENTATION_STYLE_ASSIGNMENT (( #8431 ) ) ;
#6080 = DIRECTION ( 'NONE',  ( -1.000000000000000000, -0.000000000000000000, -0.000000000000000000 ) ) ;
#6081 = ORIENTED_EDGE ( 'NONE', *, *, #5795, .T. ) ;
#6082 =( NAMED_UNIT ( * ) SI_UNIT ( $, .STERADIAN. ) SOLID_ANGLE_UNIT ( ) );
#6083 = FACE_OUTER_BOUND ( 'NONE', #6050, .T. ) ;
#6084 = EDGE_CURVE ( 'NONE', #7214, #8605, #3983, .T. ) ;
#6085 = CARTESIAN_POINT ( 'NONE',  ( -0.1224999999999992345, 0.03070866141732548488, -0.1050000000000012729 ) ) ;
#6086 = AXIS2_PLACEMENT_3D ( 'NONE', #1334, #512, #4283 ) ;
#6087 = VERTEX_POINT ( 'NONE', #7575 ) ;
#6088 = EDGE_CURVE ( 'NONE', #6728, #2944, #6849, .T. ) ;
#6089 = DIRECTION ( 'NONE',  ( 3.886975760670550640E-32, 1.000000000000000000, 1.138269997360109674E-16 ) ) ;
#6090 = CARTESIAN_POINT ( 'NONE',  ( 0.01000000000000004011, 0.02500000000000001180, -0.07625000000000003997 ) ) ;
#6091 = EDGE_CURVE ( 'NONE', #6413, #8559, #7815, .T. ) ;
#6092 = EDGE_CURVE ( 'NONE', #525, #9535, #9294, .T. ) ;
#6093 = FACE_OUTER_BOUND ( 'NONE', #5654, .T. ) ;
#6095 = PLANE ( 'NONE',  #4126 ) ;
#6094 = CARTESIAN_POINT ( 'NONE',  ( 0.1024999999999999939, 0.02500000000000000139, 0.07499999999999988620 ) ) ;
#6096 = EDGE_CURVE ( 'NONE', #9451, #7913, #2586, .T. ) ;
#6097 = VERTEX_POINT ( 'NONE', #1914 ) ;
#6098 = VERTEX_POINT ( 'NONE', #9436 ) ;
#6099 =( NAMED_UNIT ( * ) PLANE_ANGLE_UNIT ( ) SI_UNIT ( $, .RADIAN. ) );
#6100 = DIRECTION ( 'NONE',  ( 0.000000000000000000, 1.000000000000000000, 0.000000000000000000 ) ) ;
#6101 = MANIFOLD_SOLID_BREP ( 'Boss-Extrude4[1]', #9431 ) ;
#6102 = ORIENTED_EDGE ( 'NONE', *, *, #2148, .F. ) ;
#6103 = EDGE_LOOP ( 'NONE', ( #4439, #6693, #8403, #426 ) ) ;
#6104 = PLANE ( 'NONE',  #8258 ) ;
#6105 = DIRECTION ( 'NONE',  ( 0.000000000000000000, -1.000000000000000000, 0.000000000000000000 ) ) ;
#6106 = LINE ( 'NONE', #2375, #3269 ) ;
#6107 = EDGE_CURVE ( 'NONE', #3100, #520, #1253, .T. ) ;
#6108 = EDGE_CURVE ( 'NONE', #4660, #725, #7869, .T. ) ;
#6109 = DIRECTION ( 'NONE',  ( 1.000000000000000000, -0.000000000000000000, 3.491481338843132961E-15 ) ) ;
#6110 = PRESENTATION_LAYER_ASSIGNMENT (  '', '', ( #5493 ) ) ;
#6111 = EDGE_CURVE ( 'NONE', #8447, #7103, #9340, .T. ) ;
#6112 = EDGE_LOOP ( 'NONE', ( #7926, #9434, #4264, #1012, #809, #6543 ) ) ;
#6113 = CARTESIAN_POINT ( 'NONE',  ( -0.03539370078740108200, 0.04665354330708928327, -0.03019685039370173171 ) ) ;
#6114 = EDGE_CURVE ( 'NONE', #5340, #1870, #6609, .T. ) ;
#6115 = FACE_OUTER_BOUND ( 'NONE', #1049, .T. ) ;
#6116 = DIRECTION ( 'NONE',  ( -0.7071067811865472397, 7.317076672313887573E-17, -0.7071067811865479058 ) ) ;
#6117 = ORIENTED_EDGE ( 'NONE', *, *, #8198, .F. ) ;
#6118 = LINE ( 'NONE', #268, #5854 ) ;
#6119 = VECTOR ( 'NONE', #55, 39.37007874015748143 ) ;
#6120 = ORIENTED_EDGE ( 'NONE', *, *, #8751, .T. ) ;
#6121 = ORIENTED_EDGE ( 'NONE', *, *, #6676, .F. ) ;
#6122 = CARTESIAN_POINT ( 'NONE',  ( -0.1449999999999999900, 0.2541640786499874127, 0.07499999999999988620 ) ) ;
#6123 = CYLINDRICAL_SURFACE ( 'NONE', #634, 0.004921259842519689308 ) ;
#6124 = CARTESIAN_POINT ( 'NONE',  ( -0.03539370078740108200, 0.04665354330708928327, -0.01543307086614269762 ) ) ;
#6125 = FACE_OUTER_BOUND ( 'NONE', #140, .T. ) ;
#6126 = AXIS2_PLACEMENT_3D ( 'NONE', #3941, #6882, #271 ) ;
#6127 = DIRECTION ( 'NONE',  ( -1.000000000000000000, -0.000000000000000000, -0.000000000000000000 ) ) ;
#6128 = MANIFOLD_SOLID_BREP ( 'Cut-Extrude1[8]', #8305 ) ;
#6129 = CARTESIAN_POINT ( 'NONE',  ( 0.1899999999999999467, 0.04250000000000002387, -0.2325000000000000400 ) ) ;
#6130 = CIRCLE ( 'NONE', #3341, 0.03249999999999999417 ) ;
#6131 = DIRECTION ( 'NONE',  ( 2.845674993400276898E-16, -0.000000000000000000, 1.000000000000000000 ) ) ;
#6132 = ORIENTED_EDGE ( 'NONE', *, *, #3979, .T. ) ;
#6133 = VECTOR ( 'NONE', #5165, 39.37007874015748143 ) ;
#6134 = DIRECTION ( 'NONE',  ( -1.000000000000000000, 0.000000000000000000, -3.381697939848011828E-15 ) ) ;
#6135 = DIRECTION ( 'NONE',  ( -5.122214988120492302E-16, -0.000000000000000000, -1.000000000000000000 ) ) ;
#6136 = AXIS2_PLACEMENT_3D ( 'NONE', #4728, #7674, #4834 ) ;
#6137 = CARTESIAN_POINT ( 'NONE',  ( -0.04999999999999996808, 0.02500000000000000139, -0.1649999999999999800 ) ) ;
#6138 = FACE_OUTER_BOUND ( 'NONE', #3740, .T. ) ;
#6139 = EDGE_LOOP ( 'NONE', ( #2492, #8901, #197, #8572 ) ) ;
#6140 = AXIS2_PLACEMENT_3D ( 'NONE', #5687, #2098, #8617 ) ;
#6141 = DIRECTION ( 'NONE',  ( 1.000000000000000000, 0.000000000000000000, -0.000000000000000000 ) ) ;
#6142 = EDGE_CURVE ( 'NONE', #4255, #7640, #5741, .T. ) ;
#6143 = AXIS2_PLACEMENT_3D ( 'NONE', #7967, #4938, #2750 ) ;
#6144 = LINE ( 'NONE', #3137, #4730 ) ;
#6145 = LINE ( 'NONE', #1551, #3722 ) ;
#6146 = AXIS2_PLACEMENT_3D ( 'NONE', #4336, #6660, #2242 ) ;
#6148 = DIRECTION ( 'NONE',  ( -0.7071067811865472397, 0.000000000000000000, -0.7071067811865479058 ) ) ;
#6147 = DIRECTION ( 'NONE',  ( 1.000000000000000000, 0.000000000000000000, 0.000000000000000000 ) ) ;
#6149 = ORIENTED_EDGE ( 'NONE', *, *, #4687, .T. ) ;
#6150 = VERTEX_POINT ( 'NONE', #1433 ) ;
#6151 = FACE_OUTER_BOUND ( 'NONE', #4844, .T. ) ;
#6152 = VECTOR ( 'NONE', #5110, 39.37007874015748143 ) ;
#6153 = FILL_AREA_STYLE_COLOUR ( '', #5845 ) ;
#6154 = FACE_OUTER_BOUND ( 'NONE', #391, .T. ) ;
#6155 = VECTOR ( 'NONE', #4148, 39.37007874015748143 ) ;
#6156 = ORIENTED_EDGE ( 'NONE', *, *, #7529, .F. ) ;
#6157 = ORIENTED_EDGE ( 'NONE', *, *, #3955, .T. ) ;
#6158 =( GEOMETRIC_REPRESENTATION_CONTEXT ( 3 ) GLOBAL_UNCERTAINTY_ASSIGNED_CONTEXT ( ( #1441 ) ) GLOBAL_UNIT_ASSIGNED_CONTEXT ( ( #6547, #5183, #8652 ) ) REPRESENTATION_CONTEXT ( 'NONE', 'WORKASPACE' ) );
#6159 = PRESENTATION_STYLE_ASSIGNMENT (( #3200 ) ) ;
#6160 = CARTESIAN_POINT ( 'NONE',  ( 0.000000000000000000, 0.05000000000000000278, 0.000000000000000000 ) ) ;
#6161 = ORIENTED_EDGE ( 'NONE', *, *, #4402, .T. ) ;
#6162 = DIRECTION ( 'NONE',  ( 0.000000000000000000, 1.000000000000000000, 0.000000000000000000 ) ) ;
#6163 = ORIENTED_EDGE ( 'NONE', *, *, #5700, .F. ) ;
#6164 = CARTESIAN_POINT ( 'NONE',  ( -0.03851760398892905418, 0.06437007874016011100, -0.006253824461371475588 ) ) ;
#6165 = VECTOR ( 'NONE', #2441, 39.37007874015748143 ) ;
#6166 = CARTESIAN_POINT ( 'NONE',  ( 0.1174816017177981037, 0.08250000000000000389, 0.01001839828220184477 ) ) ;
#6167 = ORIENTED_EDGE ( 'NONE', *, *, #5823, .F. ) ;
#6168 = FACE_OUTER_BOUND ( 'NONE', #6287, .T. ) ;
#6169 = EDGE_LOOP ( 'NONE', ( #9397, #6947, #4371, #447 ) ) ;
#6170 = VERTEX_POINT ( 'NONE', #1578 ) ;
#6171 = LINE ( 'NONE', #4866, #5653 ) ;
#6172 = CARTESIAN_POINT ( 'NONE',  ( -0.1119589827240415197, 0.04448818897638057851, -0.09023622047244216071 ) ) ;
#6173 = DIRECTION ( 'NONE',  ( 3.491481338843133355E-15, 0.000000000000000000, -1.000000000000000000 ) ) ;
#6174 = LINE ( 'NONE', #1093, #972 ) ;
#6175 =( NAMED_UNIT ( * ) PLANE_ANGLE_UNIT ( ) SI_UNIT ( $, .RADIAN. ) );
#6176 = ADVANCED_FACE ( 'NONE', ( #8044 ), #3618, .F. ) ;
#6177 = CARTESIAN_POINT ( 'NONE',  ( -0.03103010096156219588, 0.04665354330708929020, -0.03019685039370173171 ) ) ;
#6178 = FACE_OUTER_BOUND ( 'NONE', #1033, .T. ) ;
#6179 = AXIS2_PLACEMENT_3D ( 'NONE', #2511, #8402, #6864 ) ;
#6180 = VERTEX_POINT ( 'NONE', #5250 ) ;
#6181 = PRESENTATION_STYLE_ASSIGNMENT (( #8479 ) ) ;
#6182 = VECTOR ( 'NONE', #2715, 39.37007874015748143 ) ;
#6183 = ORIENTED_EDGE ( 'NONE', *, *, #6052, .T. ) ;
#6184 = CARTESIAN_POINT ( 'NONE',  ( -0.07499999999999996947, 0.02500000000000000139, 0.01999999999999989286 ) ) ;
#6185 = CARTESIAN_POINT ( 'NONE',  ( 0.08750000000000000833, 0.02500000000000000139, 0.07499999999999990008 ) ) ;
#6186 = VERTEX_POINT ( 'NONE', #5923 ) ;
#6187 = FACE_OUTER_BOUND ( 'NONE', #4334, .T. ) ;
#6188 = CARTESIAN_POINT ( 'NONE',  ( -0.09836348770855343759, 0.05236220472441212304, -0.05283464566929253065 ) ) ;
#6189 = DIRECTION ( 'NONE',  ( 1.686880716198101922E-43, -2.426872996565747488E-29, -1.000000000000000000 ) ) ;
#6191 = CARTESIAN_POINT ( 'NONE',  ( 0.1899999999999999467, 0.04250000000000002387, -0.2137499999999999956 ) ) ;
#6190 = FACE_OUTER_BOUND ( 'NONE', #128, .T. ) ;
#6192 = DIMENSIONAL_EXPONENTS ( 1.000000000000000000, 0.000000000000000000, 0.000000000000000000, 0.000000000000000000, 0.000000000000000000, 0.000000000000000000, 0.000000000000000000 ) ;
#6193 = VERTEX_POINT ( 'NONE', #4527 ) ;
#6194 = ORIENTED_EDGE ( 'NONE', *, *, #1679, .F. ) ;
#6195 = PLANE ( 'NONE',  #487 ) ;
#6196 = VECTOR ( 'NONE', #1449, 39.37007874015748143 ) ;
#6197 = CARTESIAN_POINT ( 'NONE',  ( 0.06250000000000001388, 0.05999999999999999778, 0.05999999999999990064 ) ) ;
#6198 = ORIENTED_EDGE ( 'NONE', *, *, #2794, .T. ) ;
#6199 = ORIENTED_EDGE ( 'NONE', *, *, #6812, .F. ) ;
#6200 = VECTOR ( 'NONE', #1519, 39.37007874015748143 ) ;
#6201 = EDGE_CURVE ( 'NONE', #613, #7755, #4437, .T. ) ;
#6202 = DIRECTION ( 'NONE',  ( -0.1736481776669318300, 0.9848077530122077983, 0.000000000000000000 ) ) ;
#6203 = CARTESIAN_POINT ( 'NONE',  ( 0.1674999999999999822, 0.06000000000000001166, 0.1349999999999998979 ) ) ;
#6204 = ORIENTED_EDGE ( 'NONE', *, *, #3097, .T. ) ;
#6205 = CARTESIAN_POINT ( 'NONE',  ( -0.01999999999999998307, 0.02500000000000000139, -0.1649999999999999800 ) ) ;
#6206 = EDGE_LOOP ( 'NONE', ( #2744, #4912, #4976, #2341 ) ) ;
#6207 = DIRECTION ( 'NONE',  ( 0.000000000000000000, 1.000000000000000000, 0.000000000000000000 ) ) ;
#6208 =( NAMED_UNIT ( * ) PLANE_ANGLE_UNIT ( ) SI_UNIT ( $, .RADIAN. ) );
#6209 = ADVANCED_FACE ( 'NONE', ( #811 ), #7282, .F. ) ;
#6210 = CARTESIAN_POINT ( 'NONE',  ( -0.03103010096156222711, 0.02500000000000265205, -0.01543307086614268027 ) ) ;
#6211 = ORIENTED_EDGE ( 'NONE', *, *, #8061, .F. ) ;
#6212 = CLOSED_SHELL ( 'NONE', ( #9383, #586, #7675, #4431, #9217, #5575 ) ) ;
#6213 = ADVANCED_FACE ( 'NONE', ( #853 ), #6564, .F. ) ;
#6214 = CARTESIAN_POINT ( 'NONE',  ( -0.09937007874015674203, 0.04665354330708928327, -0.09023622047244213296 ) ) ;
#6215 = EDGE_CURVE ( 'NONE', #6264, #6860, #3719, .T. ) ;
#6216 = VERTEX_POINT ( 'NONE', #2880 ) ;
#6217 = ORIENTED_EDGE ( 'NONE', *, *, #6084, .F. ) ;
#6218 = CARTESIAN_POINT ( 'NONE',  ( -0.01749999999999998779, 0.02500000000000000139, -0.2250000000000000333 ) ) ;
#6219 = CARTESIAN_POINT ( 'NONE',  ( 0.1024999999999999800, 0.02500000000000000139, 0.09499999999999990397 ) ) ;
#6220 = DIRECTION ( 'NONE',  ( 1.000000000000000000, 5.711474587107752758E-31, -3.902639990948947455E-16 ) ) ;
#6221 = LINE ( 'NONE', #2432, #5603 ) ;
#6222 = FACE_OUTER_BOUND ( 'NONE', #8151, .T. ) ;
#6223 = EDGE_CURVE ( 'NONE', #4350, #488, #130, .T. ) ;
#6224 = DIRECTION ( 'NONE',  ( 0.000000000000000000, 1.000000000000000000, 0.000000000000000000 ) ) ;
#6225 = EDGE_LOOP ( 'NONE', ( #5409, #7608, #1078, #2458 ) ) ;
#6226 =( GEOMETRIC_REPRESENTATION_CONTEXT ( 3 ) GLOBAL_UNCERTAINTY_ASSIGNED_CONTEXT ( ( #8007 ) ) GLOBAL_UNIT_ASSIGNED_CONTEXT ( ( #9465, #4365, #7308 ) ) REPRESENTATION_CONTEXT ( 'NONE', 'WORKASPACE' ) );
#6227 = ORIENTED_EDGE ( 'NONE', *, *, #5646, .T. ) ;
#6228 = CARTESIAN_POINT ( 'NONE',  ( 0.1500000000000000500, 0.000000000000000000, 0.1999999999999999556 ) ) ;
#6229 = EDGE_CURVE ( 'NONE', #3277, #6034, #2195, .T. ) ;
#6230 = DIRECTION ( 'NONE',  ( -0.000000000000000000, 1.000000000000000000, -0.000000000000000000 ) ) ;
#6231 = CARTESIAN_POINT ( 'NONE',  ( -0.1300000000000000044, 0.02500000000000000139, -0.1575000000000000289 ) ) ;
#6232 = EDGE_CURVE ( 'NONE', #7547, #6364, #9075, .T. ) ;
#6233 = EDGE_LOOP ( 'NONE', ( #1766, #9520, #9088, #7566 ) ) ;
#6234 = ADVANCED_FACE ( 'NONE', ( #8760 ), #43, .F. ) ;
#6235 = PRODUCT_DEFINITION_FORMATION_WITH_SPECIFIED_SOURCE ( 'ANY', '', #2972, .NOT_KNOWN. ) ;
#6236 = DIRECTION ( 'NONE',  ( 0.000000000000000000, 0.000000000000000000, 1.000000000000000000 ) ) ;
#6237 = EDGE_CURVE ( 'NONE', #2564, #1737, #3757, .T. ) ;
#6238 = LINE ( 'NONE', #4936, #8300 ) ;
#6240 = LINE ( 'NONE', #4112, #6273 ) ;
#6239 = DIRECTION ( 'NONE',  ( 0.000000000000000000, 0.000000000000000000, -1.000000000000000000 ) ) ;
#6241 = STYLED_ITEM ( 'NONE', ( #9441 ), #9115 ) ;
#6242 = ORIENTED_EDGE ( 'NONE', *, *, #7697, .T. ) ;
#6243 = EDGE_CURVE ( 'NONE', #4993, #9351, #3018, .T. ) ;
#6244 = VERTEX_POINT ( 'NONE', #7325 ) ;
#6245 = DIRECTION ( 'NONE',  ( 1.000000000000000000, -0.000000000000000000, 0.000000000000000000 ) ) ;
#6246 = VECTOR ( 'NONE', #2377, 39.37007874015748143 ) ;
#6247 =( LENGTH_UNIT ( ) NAMED_UNIT ( * ) SI_UNIT ( $, .METRE. ) );
#6248 = LINE ( 'NONE', #1842, #924 ) ;
#6249 = PLANE ( 'NONE',  #4159 ) ;
#6250 = VERTEX_POINT ( 'NONE', #709 ) ;
#6251 = LINE ( 'NONE', #8458, #8864 ) ;
#6252 = LINE ( 'NONE', #8982, #5431 ) ;
#6253 = ORIENTED_EDGE ( 'NONE', *, *, #8688, .F. ) ;
#6254 = CARTESIAN_POINT ( 'NONE',  ( -0.04499999999999999140, 0.02500000000000000139, 0.07499999999999988620 ) ) ;
#6255 = DIMENSIONAL_EXPONENTS ( 1.000000000000000000, 0.000000000000000000, 0.000000000000000000, 0.000000000000000000, 0.000000000000000000, 0.000000000000000000, 0.000000000000000000 ) ;
#6256 = ORIENTED_EDGE ( 'NONE', *, *, #8222, .F. ) ;
#6257 = CARTESIAN_POINT ( 'NONE',  ( -0.05999999999999999084, 0.05000000000000000278, -0.2000000000000000111 ) ) ;
#6258 =( NAMED_UNIT ( * ) SI_UNIT ( $, .STERADIAN. ) SOLID_ANGLE_UNIT ( ) );
#6259 = ADVANCED_FACE ( 'NONE', ( #5158 ), #9533, .T. ) ;
#6260 = LINE ( 'NONE', #6311, #7540 ) ;
#6261 = EDGE_LOOP ( 'NONE', ( #3937, #4306, #3721, #1713 ) ) ;
#6262 = EDGE_CURVE ( 'NONE', #2944, #5309, #1477, .T. ) ;
#6263 = LINE ( 'NONE', #6644, #3076 ) ;
#6264 = VERTEX_POINT ( 'NONE', #9135 ) ;
#6265 = EDGE_LOOP ( 'NONE', ( #3355, #216, #4904, #1619 ) ) ;
#6266 = DIRECTION ( 'NONE',  ( -1.000000000000000000, 9.782089697649614194E-16, 0.000000000000000000 ) ) ;
#6267 = DIRECTION ( 'NONE',  ( -1.000000000000000000, -0.000000000000000000, -0.000000000000000000 ) ) ;
#6268 = CARTESIAN_POINT ( 'NONE',  ( 0.1674999999999999822, 0.02500000000000000139, 0.07499999999999988620 ) ) ;
#6269 = VECTOR ( 'NONE', #1873, 39.37007874015748143 ) ;
#6270 = DIRECTION ( 'NONE',  ( 0.000000000000000000, 0.000000000000000000, 1.000000000000000000 ) ) ;
#6271 = DIRECTION ( 'NONE',  ( 0.000000000000000000, -1.000000000000000000, 0.000000000000000000 ) ) ;
#6272 = CARTESIAN_POINT ( 'NONE',  ( -0.1037336785659958294, 0.04412906444113104398, -0.03019685039370197804 ) ) ;
#6273 = VECTOR ( 'NONE', #4886, 39.37007874015748143 ) ;
#6274 = VECTOR ( 'NONE', #5996, 39.37007874015748143 ) ;
#6275 = CARTESIAN_POINT ( 'NONE',  ( -0.1037336785659958988, 0.04412906444113104398, -0.01543307086614293527 ) ) ;
#6276 = ORIENTED_EDGE ( 'NONE', *, *, #957, .T. ) ;
#6277 = LINE ( 'NONE', #910, #131 ) ;
#6278 = EDGE_LOOP ( 'NONE', ( #2297, #6010, #3068, #109 ) ) ;
#6279 = CARTESIAN_POINT ( 'NONE',  ( 0.02500000000000003955, 0.08250000000000000389, -0.06250000000000002776 ) ) ;
#6280 = CARTESIAN_POINT ( 'NONE',  ( 0.08250000000000003164, 0.000000000000000000, 0.2324999999999999567 ) ) ;
#6281 = CARTESIAN_POINT ( 'NONE',  ( -0.03640029181900425459, 0.05236220472441212304, -0.1050000000000009676 ) ) ;
#6282 = VECTOR ( 'NONE', #4716, 39.37007874015748143 ) ;
#6283 = ORIENTED_EDGE ( 'NONE', *, *, #967, .T. ) ;
#6284 = VECTOR ( 'NONE', #2746, 39.37007874015748143 ) ;
#6285 = CIRCLE ( 'NONE', #7202, 0.008233140283281080787 ) ;
#6286 = DIRECTION ( 'NONE',  ( -0.000000000000000000, 1.000000000000000000, -0.000000000000000000 ) ) ;
#6287 = EDGE_LOOP ( 'NONE', ( #6920, #189, #7083, #9358 ) ) ;
#6288 = CIRCLE ( 'NONE', #7972, 0.004921259842519689308 ) ;
#6289 = VECTOR ( 'NONE', #8406, 39.37007874015748143 ) ;
#6290 = AXIS2_PLACEMENT_3D ( 'NONE', #8299, #4647, #6814 ) ;
#6291 = ADVANCED_FACE ( 'NONE', ( #2477 ), #3210, .T. ) ;
#6292 = DIRECTION ( 'NONE',  ( -1.000000000000000000, 0.000000000000000000, -3.491481338843132961E-15 ) ) ;
#6294 = CARTESIAN_POINT ( 'NONE',  ( -0.01978650686557555105, 0.02500000000000262776, -0.01543307086614264557 ) ) ;
#6293 = DIRECTION ( 'NONE',  ( -3.491481338843132961E-15, -0.000000000000000000, 1.000000000000000000 ) ) ;
#6295 = ORIENTED_EDGE ( 'NONE', *, *, #1503, .F. ) ;
#6296 = VECTOR ( 'NONE', #52, 39.37007874015748143 ) ;
#6297 = VERTEX_POINT ( 'NONE', #8947 ) ;
#6298 = DIRECTION ( 'NONE',  ( 0.000000000000000000, 1.000000000000000000, 0.000000000000000000 ) ) ;
#6299 = CYLINDRICAL_SURFACE ( 'NONE', #1377, 0.002524478865958256196 ) ;
#6300 = CARTESIAN_POINT ( 'NONE',  ( 0.1024999999999999939, 0.02500000000000000139, 0.07499999999999988620 ) ) ;
#6301 = DIRECTION ( 'NONE',  ( 0.000000000000000000, 1.000000000000000000, 0.000000000000000000 ) ) ;
#6302 = ORIENTED_EDGE ( 'NONE', *, *, #1413, .F. ) ;
#6303 = DIRECTION ( 'NONE',  ( 1.000000000000000000, -0.000000000000000000, 3.491481338843132961E-15 ) ) ;
#6304 = CARTESIAN_POINT ( 'NONE',  ( -0.1037336785659958294, 0.03070866141732543284, -0.03019685039370197804 ) ) ;
#6305 = EDGE_LOOP ( 'NONE', ( #2711, #8726, #2104, #5112 ) ) ;
#6306 = DIRECTION ( 'NONE',  ( -5.122214988120492302E-16, 0.000000000000000000, -1.000000000000000000 ) ) ;
#6307 =( GEOMETRIC_REPRESENTATION_CONTEXT ( 3 ) GLOBAL_UNCERTAINTY_ASSIGNED_CONTEXT ( ( #2796 ) ) GLOBAL_UNIT_ASSIGNED_CONTEXT ( ( #8334, #9197, #6994 ) ) REPRESENTATION_CONTEXT ( 'NONE', 'WORKASPACE' ) );
#6308 = ORIENTED_EDGE ( 'NONE', *, *, #8662, .F. ) ;
#6309 = DIRECTION ( 'NONE',  ( 0.000000000000000000, -1.000000000000000000, 0.000000000000000000 ) ) ;
#6310 = CARTESIAN_POINT ( 'NONE',  ( 0.000000000000000000, 0.05999999999999999778, 0.000000000000000000 ) ) ;
#6311 = CARTESIAN_POINT ( 'NONE',  ( -0.01226377952755841258, 0.04412906444113104398, -0.06759842519685127504 ) ) ;
#6312 = VERTEX_POINT ( 'NONE', #9089 ) ;
#6313 = CARTESIAN_POINT ( 'NONE',  ( -0.03499999999999997558, 0.02500000000000000139, 0.04499999999999989425 ) ) ;
#6314 = VECTOR ( 'NONE', #6604, 39.37007874015748143 ) ;
#6315 = ORIENTED_EDGE ( 'NONE', *, *, #3520, .T. ) ;
#6316 = EDGE_LOOP ( 'NONE', ( #4776, #2166, #4489, #9264 ) ) ;
#6317 = DIRECTION ( 'NONE',  ( 1.365120289045977339E-16, 1.034790906691008358E-16, -1.000000000000000000 ) ) ;
#6318 = ADVANCED_FACE ( 'NONE', ( #6168 ), #1617, .T. ) ;
#6319 = DIRECTION ( 'NONE',  ( -0.9848077530122080203, 0.1736481776669306920, -3.438437891990161467E-15 ) ) ;
#6320 = DIRECTION ( 'NONE',  ( 0.000000000000000000, 1.000000000000000000, 0.000000000000000000 ) ) ;
#6321 = CARTESIAN_POINT ( 'NONE',  ( 0.1000000000000000056, 0.08250000000000003164, -0.1449999999999999900 ) ) ;
#6322 =( LENGTH_UNIT ( ) NAMED_UNIT ( * ) SI_UNIT ( $, .METRE. ) );
#6323 = EDGE_CURVE ( 'NONE', #3118, #2701, #1995, .T. ) ;
#6324 = VECTOR ( 'NONE', #8962, 39.37007874015748143 ) ;
#6325 = AXIS2_PLACEMENT_3D ( 'NONE', #5374, #7493, #6863 ) ;
#6326 = FACE_OUTER_BOUND ( 'NONE', #4213, .T. ) ;
#6327 = CIRCLE ( 'NONE', #9072, 0.01749999999999998432 ) ;
#6328 = CARTESIAN_POINT ( 'NONE',  ( -0.02801181102362151551, 0.03287401574803415494, -0.01543307086614267160 ) ) ;
#6329 = DIMENSIONAL_EXPONENTS ( 1.000000000000000000, 0.000000000000000000, 0.000000000000000000, 0.000000000000000000, 0.000000000000000000, 0.000000000000000000, 0.000000000000000000 ) ;
#6330 = VERTEX_POINT ( 'NONE', #4762 ) ;
#6331 = CARTESIAN_POINT ( 'NONE',  ( -0.1224999999999995121, 0.02500000000000265205, -0.01543307086614300466 ) ) ;
#6332 = EDGE_LOOP ( 'NONE', ( #3731, #5497, #7985, #8890 ) ) ;
#6333 = VECTOR ( 'NONE', #411, 39.37007874015748143 ) ;
#6334 = DIRECTION ( 'NONE',  ( -1.000000000000000000, 0.000000000000000000, 6.829619984160656074E-16 ) ) ;
#6335 = DIRECTION ( 'NONE',  ( -2.934626909294889977E-15, 1.000000000000000000, -1.024619509027000853E-29 ) ) ;
#6336 = DIRECTION ( 'NONE',  ( 1.000000000000000000, 0.000000000000000000, -0.000000000000000000 ) ) ;
#6337 = EDGE_CURVE ( 'NONE', #3993, #8171, #3261, .T. ) ;
#6338 = ORIENTED_EDGE ( 'NONE', *, *, #6942, .F. ) ;
#6339 = VECTOR ( 'NONE', #8826, 39.37007874015748143 ) ;
#6340 = PLANE ( 'NONE',  #4583 ) ;
#6341 = ORIENTED_EDGE ( 'NONE', *, *, #6262, .T. ) ;
#6342 = DIRECTION ( 'NONE',  ( 3.491481338843132961E-15, 0.000000000000000000, -1.000000000000000000 ) ) ;
#6343 = EDGE_CURVE ( 'NONE', #9215, #8440, #6118, .T. ) ;
#6345 = CARTESIAN_POINT ( 'NONE',  ( -0.1249999999999999445, 0.02500000000000000139, 0.1349999999999998979 ) ) ;
#6344 = CARTESIAN_POINT ( 'NONE',  ( -0.01749999999999997391, 0.02500000000000000139, -0.2000000000000000111 ) ) ;
#6346 = ORIENTED_EDGE ( 'NONE', *, *, #8456, .T. ) ;
#6347 = ORIENTED_EDGE ( 'NONE', *, *, #5491, .F. ) ;
#6348 = ADVANCED_FACE ( 'NONE', ( #4571 ), #6069, .F. ) ;
#6349 = FACE_OUTER_BOUND ( 'NONE', #8671, .T. ) ;
#6350 = DIRECTION ( 'NONE',  ( -0.1710878697460352649, 0.9702875252478136980, -0.1710878697460364306 ) ) ;
#6351 = CARTESIAN_POINT ( 'NONE',  ( -0.05999999999999997696, 0.05000000000000000278, -0.1399999999999999856 ) ) ;
#6352 = EDGE_LOOP ( 'NONE', ( #7798, #10, #2689, #5466 ) ) ;
#6353 = FILL_AREA_STYLE_COLOUR ( '', #6724 ) ;
#6354 = ORIENTED_EDGE ( 'NONE', *, *, #660, .F. ) ;
#6355 = VERTEX_POINT ( 'NONE', #8417 ) ;
#6356 = EDGE_CURVE ( 'NONE', #7009, #3209, #2603, .T. ) ;
#6357 = CARTESIAN_POINT ( 'NONE',  ( 0.02250000000000000611, 0.02500000000000000139, 0.1249999999999999029 ) ) ;
#6358 = ADVANCED_FACE ( 'NONE', ( #6934 ), #315, .F. ) ;
#6359 = DIRECTION ( 'NONE',  ( -1.000000000000000000, 0.000000000000000000, -3.629184782795323356E-15 ) ) ;
#6360 = PRESENTATION_STYLE_ASSIGNMENT (( #8415 ) ) ;
#6361 = EDGE_LOOP ( 'NONE', ( #2765, #4175, #6378, #1277 ) ) ;
#6362 = LINE ( 'NONE', #4862, #4010 ) ;
#6363 = VECTOR ( 'NONE', #6032, 39.37007874015748143 ) ;
#6364 = VERTEX_POINT ( 'NONE', #5483 ) ;
#6365 = VERTEX_POINT ( 'NONE', #2425 ) ;
#6366 = CARTESIAN_POINT ( 'NONE',  ( 0.02500000000000003955, 0.08250000000000000389, -0.06250000000000002776 ) ) ;
#6367 = CARTESIAN_POINT ( 'NONE',  ( -0.08499999999999996447, 0.02500000000000000139, 0.01999999999999989286 ) ) ;
#6368 = DIRECTION ( 'NONE',  ( 0.000000000000000000, 1.000000000000000000, 0.000000000000000000 ) ) ;
#6369 = CARTESIAN_POINT ( 'NONE',  ( 0.01750000000000003636, 0.000000000000000000, 0.1674999999999999545 ) ) ;
#6370 = FILL_AREA_STYLE_COLOUR ( '', #2217 ) ;
#6371 = EDGE_CURVE ( 'NONE', #8481, #9196, #8230, .T. ) ;
#6372 = CARTESIAN_POINT ( 'NONE',  ( 0.1500000000000000500, 0.02500000000000000139, 0.1999999999999999556 ) ) ;
#6373 = CARTESIAN_POINT ( 'NONE',  ( -0.1037336785659958294, 0.05236220472441212304, -0.03019685039370197804 ) ) ;
#6374 = ORIENTED_EDGE ( 'NONE', *, *, #6091, .T. ) ;
#6375 = VERTEX_POINT ( 'NONE', #8322 ) ;
#6376 = CARTESIAN_POINT ( 'NONE',  ( -0.1224999999999993733, 0.04412906444113104398, -0.06759842519685164974 ) ) ;
#6377 = LINE ( 'NONE', #2640, #8603 ) ;
#6378 = ORIENTED_EDGE ( 'NONE', *, *, #2996, .F. ) ;
#6379 = EDGE_CURVE ( 'NONE', #1283, #2046, #1668, .T. ) ;
#6380 = DIRECTION ( 'NONE',  ( 1.092096231236781871E-15, -1.034790906691008358E-16, 1.000000000000000000 ) ) ;
#6381 = SURFACE_STYLE_USAGE ( .BOTH. , #8714 ) ;
#6382 = VERTEX_POINT ( 'NONE', #1712 ) ;
#6383 = MECHANICAL_DESIGN_GEOMETRIC_PRESENTATION_REPRESENTATION (  '', ( #1130 ), #8977 ) ;
#6384 = VECTOR ( 'NONE', #6691, 39.37007874015748143 ) ;
#6385 = LINE ( 'NONE', #7961, #3179 ) ;
#6386 = ORIENTED_EDGE ( 'NONE', *, *, #6720, .F. ) ;
#6387 = EDGE_CURVE ( 'NONE', #3668, #5043, #1086, .T. ) ;
#6388 = ADVANCED_FACE ( 'NONE', ( #7709 ), #7518, .F. ) ;
#6389 = CYLINDRICAL_SURFACE ( 'NONE', #7861, 0.008233140283281080787 ) ;
#6391 = CARTESIAN_POINT ( 'NONE',  ( -0.01978650686557531166, 0.03070866141732543284, -0.09023622047244185540 ) ) ;
#6390 = DIRECTION ( 'NONE',  ( 0.000000000000000000, 0.000000000000000000, 1.000000000000000000 ) ) ;
#6392 = COLOUR_RGB ( '',0.7921568627450980005, 0.8196078431372548767, 0.9333333333333333481 ) ;
#6393 = ORIENTED_EDGE ( 'NONE', *, *, #89, .F. ) ;
#6394 = ORIENTED_EDGE ( 'NONE', *, *, #7464, .F. ) ;
#6395 = PLANE ( 'NONE',  #3427 ) ;
#6396 = ADVANCED_FACE ( 'NONE', ( #2384 ), #4620, .F. ) ;
#6397 = DIRECTION ( 'NONE',  ( 0.000000000000000000, 1.000000000000000000, 0.000000000000000000 ) ) ;
#6398 = STYLED_ITEM ( 'NONE', ( #715 ), #9162 ) ;
#6399 = DIRECTION ( 'NONE',  ( 5.711474587107752758E-31, -1.000000000000000000, -1.950360048956841636E-46 ) ) ;
#6400 = ORIENTED_EDGE ( 'NONE', *, *, #7263, .T. ) ;
#6401 = ADVANCED_FACE ( 'NONE', ( #989 ), #4667, .F. ) ;
#6402 = DIRECTION ( 'NONE',  ( 6.829619984160656074E-16, 0.000000000000000000, 1.000000000000000000 ) ) ;
#6403 = ORIENTED_EDGE ( 'NONE', *, *, #2623, .T. ) ;
#6404 =( LENGTH_UNIT ( ) NAMED_UNIT ( * ) SI_UNIT ( $, .METRE. ) );
#6405 = EDGE_LOOP ( 'NONE', ( #3801, #8321, #5739, #7195 ) ) ;
#6406 = STYLED_ITEM ( 'NONE', ( #9429 ), #9278 ) ;
#6407 = CARTESIAN_POINT ( 'NONE',  ( -0.05999999999999999084, 0.05000000000000000278, -0.2250000000000000333 ) ) ;
#6408 = CARTESIAN_POINT ( 'NONE',  ( -0.05999999999999999084, 0.05000000000000000278, -0.2000000000000000111 ) ) ;
#6409 = ORIENTED_EDGE ( 'NONE', *, *, #805, .T. ) ;
#6410 = CARTESIAN_POINT ( 'NONE',  ( -0.01999999999999998307, 0.02500000000000000139, -0.1649999999999999800 ) ) ;
#6411 = EDGE_CURVE ( 'NONE', #9406, #5627, #8468, .T. ) ;
#6412 = ORIENTED_EDGE ( 'NONE', *, *, #835, .T. ) ;
#6413 = VERTEX_POINT ( 'NONE', #5727 ) ;
#6414 = EDGE_CURVE ( 'NONE', #8470, #5805, #1071, .T. ) ;
#6415 = DIRECTION ( 'NONE',  ( -0.000000000000000000, -1.000000000000000000, -0.000000000000000000 ) ) ;
#6416 = LINE ( 'NONE', #2776, #2111 ) ;
#6417 = DIRECTION ( 'NONE',  ( 1.000000000000000000, 0.000000000000000000, -0.000000000000000000 ) ) ;
#6418 = LINE ( 'NONE', #5770, #7294 ) ;
#6419 = EDGE_CURVE ( 'NONE', #8269, #9351, #2000, .T. ) ;
#6420 = CARTESIAN_POINT ( 'NONE',  ( -0.1499999999999999667, 0.02500000000000000139, 0.1999999999999999556 ) ) ;
#6421 = DIRECTION ( 'NONE',  ( 0.000000000000000000, -0.000000000000000000, 1.000000000000000000 ) ) ;
#6422 = VERTEX_POINT ( 'NONE', #2674 ) ;
#6423 = EDGE_LOOP ( 'NONE', ( #1942, #4888, #5113, #8020 ) ) ;
#6424 = CARTESIAN_POINT ( 'NONE',  ( 0.1725183982822018347, 0.08250000000000000389, -0.07998160171779811201 ) ) ;
#6425 = DIRECTION ( 'NONE',  ( 0.000000000000000000, 0.000000000000000000, 1.000000000000000000 ) ) ;
#6426 = ORIENTED_EDGE ( 'NONE', *, *, #6674, .F. ) ;
#6427 = DIRECTION ( 'NONE',  ( 0.000000000000000000, 1.000000000000000000, 0.000000000000000000 ) ) ;
#6428 = EDGE_LOOP ( 'NONE', ( #1753, #5239 ) ) ;
#6429 = VECTOR ( 'NONE', #7239, 39.37007874015748143 ) ;
#6430 = PLANE ( 'NONE',  #875 ) ;
#6431 = ORIENTED_EDGE ( 'NONE', *, *, #3780, .F. ) ;
#6432 = DIRECTION ( 'NONE',  ( 3.414809992080328037E-16, 0.000000000000000000, 1.000000000000000000 ) ) ;
#6433 = AXIS2_PLACEMENT_3D ( 'NONE', #6715, #9109, #6236 ) ;
#6435 = DIRECTION ( 'NONE',  ( 0.000000000000000000, 0.000000000000000000, 1.000000000000000000 ) ) ;
#6434 = CARTESIAN_POINT ( 'NONE',  ( -0.1249999999999999445, 0.02500000000000000139, 0.1349999999999998979 ) ) ;
#6436 = EDGE_CURVE ( 'NONE', #413, #1476, #2574, .T. ) ;
#6437 = VECTOR ( 'NONE', #3264, 39.37007874015748143 ) ;
#6438 = ORIENTED_EDGE ( 'NONE', *, *, #2318, .T. ) ;
#6439 = VECTOR ( 'NONE', #1636, 39.37007874015748143 ) ;
#6440 = EDGE_CURVE ( 'NONE', #4987, #3541, #6362, .T. ) ;
#6441 = ORIENTED_EDGE ( 'NONE', *, *, #6440, .F. ) ;
#6442 = CARTESIAN_POINT ( 'NONE',  ( 0.02250000000000001305, 0.02500000000000000139, 0.1099999999999999034 ) ) ;
#6443 = VECTOR ( 'NONE', #4514, 39.37007874015748143 ) ;
#6444 =( LENGTH_UNIT ( ) NAMED_UNIT ( * ) SI_UNIT ( $, .METRE. ) );
#6445 = VECTOR ( 'NONE', #9291, 39.37007874015748143 ) ;
#6446 = DIRECTION ( 'NONE',  ( -0.000000000000000000, 0.000000000000000000, 1.000000000000000000 ) ) ;
#6447 = DIRECTION ( 'NONE',  ( 3.491481338843133355E-15, 0.000000000000000000, -1.000000000000000000 ) ) ;
#6448 = DIRECTION ( 'NONE',  ( -3.484838268542468207E-15, 1.521513246882020126E-16, 1.000000000000000000 ) ) ;
#6449 = AXIS2_PLACEMENT_3D ( 'NONE', #5840, #2163, #5032 ) ;
#6450 = ORIENTED_EDGE ( 'NONE', *, *, #1613, .T. ) ;
#6451 = CARTESIAN_POINT ( 'NONE',  ( -0.1249999999999999445, 0.02500000000000000139, 0.07499999999999988620 ) ) ;
#6452 = ORIENTED_EDGE ( 'NONE', *, *, #226, .F. ) ;
#6453 = DIRECTION ( 'NONE',  ( 0.000000000000000000, 0.000000000000000000, 1.000000000000000000 ) ) ;
#6454 = PRESENTATION_STYLE_ASSIGNMENT (( #8555 ) ) ;
#6455 = VECTOR ( 'NONE', #657, 39.37007874015748143 ) ;
#6456 = CARTESIAN_POINT ( 'NONE',  ( -0.07499999999999996947, 0.02500000000000000139, 0.01999999999999989286 ) ) ;
#6457 = ORIENTED_EDGE ( 'NONE', *, *, #7407, .T. ) ;
#6458 = DIRECTION ( 'NONE',  ( 0.000000000000000000, 0.000000000000000000, -1.000000000000000000 ) ) ;
#6459 = ORIENTED_EDGE ( 'NONE', *, *, #5207, .T. ) ;
#6460 = ORIENTED_EDGE ( 'NONE', *, *, #8038, .T. ) ;
#6461 = STYLED_ITEM ( 'NONE', ( #6181 ), #6078 ) ;
#6462 = DIRECTION ( 'NONE',  ( -0.000000000000000000, -1.000000000000000000, -0.000000000000000000 ) ) ;
#6463 = DIRECTION ( 'NONE',  ( -1.000000000000000000, 0.000000000000000000, -3.629184782795323356E-15 ) ) ;
#6464 = FACE_OUTER_BOUND ( 'NONE', #2858, .T. ) ;
#6465 = DIRECTION ( 'NONE',  ( 1.000000000000000000, 0.000000000000000000, -4.268512490100412388E-16 ) ) ;
#6466 = EDGE_CURVE ( 'NONE', #1255, #6978, #5626, .T. ) ;
#6467 = CARTESIAN_POINT ( 'NONE',  ( -0.02280479680351626612, 0.04448818897638057157, -0.03019685039370170743 ) ) ;
#6468 = AXIS2_PLACEMENT_3D ( 'NONE', #8512, #1805, #7080 ) ;
#6469 = CARTESIAN_POINT ( 'NONE',  ( -0.09937007874015674203, 0.04665354330708929020, -0.09023622047244213296 ) ) ;
#6470 = ORIENTED_EDGE ( 'NONE', *, *, #4686, .T. ) ;
#6471 = ORIENTED_EDGE ( 'NONE', *, *, #1522, .F. ) ;
#6472 = DIRECTION ( 'NONE',  ( 3.491481338843133355E-15, 0.000000000000000000, -1.000000000000000000 ) ) ;
#6473 = VERTEX_POINT ( 'NONE', #4231 ) ;
#6474 = CARTESIAN_POINT ( 'NONE',  ( -0.1119589827240417973, 0.04448818897638057157, -0.01543307086614296129 ) ) ;
#6475 = EDGE_CURVE ( 'NONE', #4346, #5132, #5009, .T. ) ;
#6476 = CARTESIAN_POINT ( 'NONE',  ( -0.1299999999999999767, 0.02500000000000000139, -0.2000000000000000389 ) ) ;
#6477 = MECHANICAL_DESIGN_GEOMETRIC_PRESENTATION_REPRESENTATION (  '', ( #9062 ), #3064 ) ;
#6478 = ORIENTED_EDGE ( 'NONE', *, *, #9059, .T. ) ;
#6479 = VECTOR ( 'NONE', #4475, 39.37007874015748143 ) ;
#6480 = UNCERTAINTY_MEASURE_WITH_UNIT (LENGTH_MEASURE( 1.000000000000000082E-05 ), #6558, 'distance_accuracy_value', 'NONE');
#6481 = FACE_OUTER_BOUND ( 'NONE', #2228, .T. ) ;
#6482 = VECTOR ( 'NONE', #1403, 39.37007874015748143 ) ;
#6483 = EDGE_LOOP ( 'NONE', ( #9391, #4082, #2371, #4073 ) ) ;
#6484 = CARTESIAN_POINT ( 'NONE',  ( 0.2000000000000000389, 0.02500000000000000139, 0.2499999999999998890 ) ) ;
#6486 = CARTESIAN_POINT ( 'NONE',  ( 0.000000000000000000, 0.02500000000000000139, 0.000000000000000000 ) ) ;
#6485 = CARTESIAN_POINT ( 'NONE',  ( -0.08499999999999997835, 0.02500000000000000139, 0.04499999999999989425 ) ) ;
#6487 = AXIS2_PLACEMENT_3D ( 'NONE', #6410, #459, #4909 ) ;
#6488 = EDGE_LOOP ( 'NONE', ( #8948, #1901, #6818, #6722 ) ) ;
#6489 = ORIENTED_EDGE ( 'NONE', *, *, #1374, .F. ) ;
#6490 = CARTESIAN_POINT ( 'NONE',  ( 0.1024999999999999939, 0.02500000000000000139, 0.07499999999999988620 ) ) ;
#6491 = VECTOR ( 'NONE', #5088, 39.37007874015748143 ) ;
#6492 = CARTESIAN_POINT ( 'NONE',  ( -0.1300000000000000044, 0.02500000000000000139, -0.1925000000000000600 ) ) ;
#6493 = CIRCLE ( 'NONE', #8777, 0.03249999999999999417 ) ;
#6494 = CARTESIAN_POINT ( 'NONE',  ( 0.2000000000000000389, 0.02500000000000000139, 0.2499999999999998890 ) ) ;
#6495 = ORIENTED_EDGE ( 'NONE', *, *, #9020, .F. ) ;
#6496 = SURFACE_SIDE_STYLE ('',( #1127 ) ) ;
#6497 = ORIENTED_EDGE ( 'NONE', *, *, #1556, .T. ) ;
#6498 = PLANE ( 'NONE',  #1083 ) ;
#6499 = DIRECTION ( 'NONE',  ( -1.000000000000000000, 0.000000000000000000, -3.491481338843132961E-15 ) ) ;
#6500 =( NAMED_UNIT ( * ) SI_UNIT ( $, .STERADIAN. ) SOLID_ANGLE_UNIT ( ) );
#6501 = PLANE ( 'NONE',  #5402 ) ;
#6502 = EDGE_CURVE ( 'NONE', #5473, #8705, #3361, .T. ) ;
#6503 = VERTEX_POINT ( 'NONE', #6313 ) ;
#6504 = ORIENTED_EDGE ( 'NONE', *, *, #515, .F. ) ;
#6505 = LINE ( 'NONE', #5767, #2095 ) ;
#6506 = CARTESIAN_POINT ( 'NONE',  ( -0.09836348770855329882, 0.05236220472441212304, -0.09023622047244213296 ) ) ;
#6507 = LINE ( 'NONE', #5059, #7821 ) ;
#6508 = LINE ( 'NONE', #2827, #3882 ) ;
#6509 = CARTESIAN_POINT ( 'NONE',  ( 0.1500000000000000500, 0.02500000000000000139, 0.1999999999999999556 ) ) ;
#6510 = VECTOR ( 'NONE', #8993, 39.37007874015748143 ) ;
#6511 = ADVANCED_FACE ( 'NONE', ( #4813 ), #3413, .T. ) ;
#6512 = ADVANCED_FACE ( 'NONE', ( #8558 ), #5537, .F. ) ;
#6513 = PLANE ( 'NONE',  #4774 ) ;
#6514 = EDGE_CURVE ( 'NONE', #7047, #7913, #2720, .T. ) ;
#6515 = EDGE_CURVE ( 'NONE', #4882, #7803, #549, .T. ) ;
#6516 = LINE ( 'NONE', #7419, #6152 ) ;
#6517 = ORIENTED_EDGE ( 'NONE', *, *, #2030, .T. ) ;
#6518 = ORIENTED_EDGE ( 'NONE', *, *, #3790, .F. ) ;
#6519 = DIRECTION ( 'NONE',  ( 3.886975760670550640E-32, 1.000000000000000000, 1.138269997360109674E-16 ) ) ;
#6520 = ORIENTED_EDGE ( 'NONE', *, *, #7494, .T. ) ;
#6521 = CARTESIAN_POINT ( 'NONE',  ( -0.07499999999999995559, 0.04999999999999999584, 0.04499999999999990119 ) ) ;
#6522 = EDGE_CURVE ( 'NONE', #7124, #6503, #8514, .T. ) ;
#6523 = VECTOR ( 'NONE', #6061, 39.37007874015748143 ) ;
#6524 = DIRECTION ( 'NONE',  ( -3.386200294282863932E-15, 5.970784739650143046E-16, 1.000000000000000000 ) ) ;
#6525 = ORIENTED_EDGE ( 'NONE', *, *, #4786, .T. ) ;
#6526 = CLOSED_SHELL ( 'NONE', ( #5806, #7290, #2423, #7206, #2613, #3337 ) ) ;
#6527 = DIRECTION ( 'NONE',  ( 0.04361938736532856853, -0.9990482215818581313, 0.000000000000000000 ) ) ;
#6529 = DIRECTION ( 'NONE',  ( -0.000000000000000000, -1.000000000000000000, -0.000000000000000000 ) ) ;
#6528 = CARTESIAN_POINT ( 'NONE',  ( 1.280553747030121073E-17, 0.05000000000000000278, 0.04499999999999988037 ) ) ;
#6530 = EDGE_CURVE ( 'NONE', #9478, #712, #1178, .T. ) ;
#6531 = EDGE_CURVE ( 'NONE', #3992, #3291, #5677, .T. ) ;
#6532 = ORIENTED_EDGE ( 'NONE', *, *, #1853, .F. ) ;
#6533 = AXIS2_PLACEMENT_3D ( 'NONE', #2971, #702, #5289 ) ;
#6534 = EDGE_CURVE ( 'NONE', #3142, #8980, #7224, .T. ) ;
#6535 = EDGE_LOOP ( 'NONE', ( #8711, #6457, #245, #3436 ) ) ;
#6536 = CARTESIAN_POINT ( 'NONE',  ( 0.1899999999999999745, 0.04250000000000002387, -0.2137500000000000788 ) ) ;
#6537 = SURFACE_STYLE_USAGE ( .BOTH. , #3545 ) ;
#6538 = ORIENTED_EDGE ( 'NONE', *, *, #679, .F. ) ;
#6539 = CARTESIAN_POINT ( 'NONE',  ( -0.01226377952755844727, 0.03070866141732550222, -0.05283464566929222533 ) ) ;
#6540 = AXIS2_PLACEMENT_3D ( 'NONE', #6310, #2671, #3410 ) ;
#6541 = CARTESIAN_POINT ( 'NONE',  ( 0.06250000000000001388, 0.05999999999999999778, 0.1099999999999999034 ) ) ;
#6542 = EDGE_CURVE ( 'NONE', #1099, #718, #7941, .T. ) ;
#6543 = ORIENTED_EDGE ( 'NONE', *, *, #6379, .F. ) ;
#6544 = ORIENTED_EDGE ( 'NONE', *, *, #5554, .F. ) ;
#6545 = PLANE ( 'NONE',  #4951 ) ;
#6546 = LENGTH_MEASURE_WITH_UNIT ( LENGTH_MEASURE( 0.02539999999999999897 ), #546 );
#6547 =( CONVERSION_BASED_UNIT ( 'INCH', #5008 ) LENGTH_UNIT ( ) NAMED_UNIT ( #4843 ) );
#6548 = LINE ( 'NONE', #4320, #8770 ) ;
#6549 = ORIENTED_EDGE ( 'NONE', *, *, #6201, .T. ) ;
#6550 = ORIENTED_EDGE ( 'NONE', *, *, #8751, .F. ) ;
#6551 = DIRECTION ( 'NONE',  ( 1.000000000000000000, 0.000000000000000000, -0.000000000000000000 ) ) ;
#6552 = DIRECTION ( 'NONE',  ( -0.000000000000000000, 1.000000000000000000, -0.000000000000000000 ) ) ;
#6553 = DIRECTION ( 'NONE',  ( -1.000000000000000000, -0.000000000000000000, -0.000000000000000000 ) ) ;
#6554 = DIRECTION ( 'NONE',  ( 0.000000000000000000, 0.000000000000000000, -1.000000000000000000 ) ) ;
#6555 = VECTOR ( 'NONE', #259, 39.37007874015748143 ) ;
#6556 = DIRECTION ( 'NONE',  ( 0.000000000000000000, 1.000000000000000000, -0.000000000000000000 ) ) ;
#6557 = EDGE_CURVE ( 'NONE', #712, #7879, #1324, .T. ) ;
#6558 =( CONVERSION_BASED_UNIT ( 'INCH', #4332 ) LENGTH_UNIT ( ) NAMED_UNIT ( #6927 ) );
#6559 = EDGE_CURVE ( 'NONE', #4957, #9154, #6263, .T. ) ;
#6560 = CARTESIAN_POINT ( 'NONE',  ( 0.2550183982822017414, 0.08250000000000000389, -0.1275183982822014062 ) ) ;
#6561 = VECTOR ( 'NONE', #1609, 39.37007874015748143 ) ;
#6562 = ORIENTED_EDGE ( 'NONE', *, *, #559, .F. ) ;
#6563 = ORIENTED_EDGE ( 'NONE', *, *, #6815, .F. ) ;
#6564 = PLANE ( 'NONE',  #3204 ) ;
#6565 = DIRECTION ( 'NONE',  ( 7.948530328647187309E-16, -1.000000000000000000, 2.775214531370033128E-30 ) ) ;
#6566 = VERTEX_POINT ( 'NONE', #5184 ) ;
#6567 = PLANE ( 'NONE',  #7744 ) ;
#6568 = CARTESIAN_POINT ( 'NONE',  ( 0.1500000000000000500, 0.000000000000000000, 0.1674999999999999545 ) ) ;
#6569 = UNCERTAINTY_MEASURE_WITH_UNIT (LENGTH_MEASURE( 1.000000000000000082E-05 ), #3828, 'distance_accuracy_value', 'NONE');
#6570 = CARTESIAN_POINT ( 'NONE',  ( 0.08750000000000000833, 0.06000000000000001166, 0.1349999999999998979 ) ) ;
#6571 = EDGE_LOOP ( 'NONE', ( #4700, #7311, #6426, #4314 ) ) ;
#6572 = CARTESIAN_POINT ( 'NONE',  ( 0.1899999999999999467, 0.02500000000000002914, -0.2325000000000000400 ) ) ;
#6573 = FACE_OUTER_BOUND ( 'NONE', #772, .T. ) ;
#6574 =( GEOMETRIC_REPRESENTATION_CONTEXT ( 3 ) GLOBAL_UNCERTAINTY_ASSIGNED_CONTEXT ( ( #5028 ) ) GLOBAL_UNIT_ASSIGNED_CONTEXT ( ( #3111, #5288, #1660 ) ) REPRESENTATION_CONTEXT ( 'NONE', 'WORKASPACE' ) );
#6575 = ORIENTED_EDGE ( 'NONE', *, *, #3214, .F. ) ;
#6576 = ORIENTED_EDGE ( 'NONE', *, *, #9491, .T. ) ;
#6577 = DIRECTION ( 'NONE',  ( 0.000000000000000000, 0.000000000000000000, 1.000000000000000000 ) ) ;
#6578 = CARTESIAN_POINT ( 'NONE',  ( -0.02850802484010551627, 0.04423918066268085758, -0.05283464566929228085 ) ) ;
#6579 = EDGE_CURVE ( 'NONE', #4256, #169, #6548, .T. ) ;
#6580 = AXIS2_PLACEMENT_3D ( 'NONE', #4005, #6688, #5240 ) ;
#6581 = ORIENTED_EDGE ( 'NONE', *, *, #1771, .T. ) ;
#6582 = FACE_OUTER_BOUND ( 'NONE', #4019, .T. ) ;
#6584 = PLANE ( 'NONE',  #9033 ) ;
#6583 = DIRECTION ( 'NONE',  ( 0.000000000000000000, 1.000000000000000000, 0.000000000000000000 ) ) ;
#6585 = AXIS2_PLACEMENT_3D ( 'NONE', #2891, #3029, #5984 ) ;
#6586 = VERTEX_POINT ( 'NONE', #5812 ) ;
#6587 = DIRECTION ( 'NONE',  ( 0.000000000000000000, 0.000000000000000000, 1.000000000000000000 ) ) ;
#6588 = AXIS2_PLACEMENT_3D ( 'NONE', #3315, #2344, #5304 ) ;
#6589 = ORIENTED_EDGE ( 'NONE', *, *, #2584, .T. ) ;
#6590 = CARTESIAN_POINT ( 'NONE',  ( 0.08749999999999999445, 0.2541640786499874127, 0.09499999999999990397 ) ) ;
#6591 = VECTOR ( 'NONE', #6224, 39.37007874015748143 ) ;
#6592 = SURFACE_SIDE_STYLE ('',( #6643 ) ) ;
#6593 = DIRECTION ( 'NONE',  ( 0.000000000000000000, 0.000000000000000000, 1.000000000000000000 ) ) ;
#6594 = VECTOR ( 'NONE', #7534, 39.37007874015748143 ) ;
#6595 = VECTOR ( 'NONE', #153, 39.37007874015748143 ) ;
#6596 = VERTEX_POINT ( 'NONE', #4368 ) ;
#6597 = ORIENTED_EDGE ( 'NONE', *, *, #4303, .T. ) ;
#6598 = PLANE ( 'NONE',  #5798 ) ;
#6599 = DIRECTION ( 'NONE',  ( 1.000000000000000000, 7.948530328647187309E-16, 0.000000000000000000 ) ) ;
#6600 = DIRECTION ( 'NONE',  ( 7.948530328647187309E-16, -1.000000000000000000, 2.775214531370033128E-30 ) ) ;
#6601 = DIRECTION ( 'NONE',  ( 0.000000000000000000, 0.000000000000000000, -1.000000000000000000 ) ) ;
#6602 = CYLINDRICAL_SURFACE ( 'NONE', #1059, 0.004921259842519689308 ) ;
#6603 = VECTOR ( 'NONE', #3335, 39.37007874015748143 ) ;
#6604 = DIRECTION ( 'NONE',  ( -0.000000000000000000, -1.000000000000000000, -0.000000000000000000 ) ) ;
#6605 = VERTEX_POINT ( 'NONE', #8126 ) ;
#6606 = EDGE_CURVE ( 'NONE', #1714, #1213, #9466, .T. ) ;
#6607 = ORIENTED_EDGE ( 'NONE', *, *, #5640, .T. ) ;
#6608 = DIRECTION ( 'NONE',  ( 0.000000000000000000, 1.000000000000000000, 0.000000000000000000 ) ) ;
#6609 = CIRCLE ( 'NONE', #7527, 0.008233140283281080787 ) ;
#6610 = LINE ( 'NONE', #1434, #290 ) ;
#6611 = ORIENTED_EDGE ( 'NONE', *, *, #9453, .T. ) ;
#6612 = FACE_OUTER_BOUND ( 'NONE', #6423, .T. ) ;
#6613 = DIRECTION ( 'NONE',  ( 0.04361938736532856853, -0.9990482215818581313, -0.000000000000000000 ) ) ;
#6614 = EDGE_CURVE ( 'NONE', #8610, #9467, #8075, .T. ) ;
#6615 =( NAMED_UNIT ( * ) SI_UNIT ( $, .STERADIAN. ) SOLID_ANGLE_UNIT ( ) );
#6616 = VECTOR ( 'NONE', #1032, 39.37007874015748143 ) ;
#6617 = CARTESIAN_POINT ( 'NONE',  ( 0.000000000000000000, 0.05000000000000000278, 0.000000000000000000 ) ) ;
#6618 = ORIENTED_EDGE ( 'NONE', *, *, #6944, .F. ) ;
#6619 = AXIS2_PLACEMENT_3D ( 'NONE', #5201, #854, #8184 ) ;
#6620 = CARTESIAN_POINT ( 'NONE',  ( 0.009999999999999981126, 5.711474587107755386E-32, -0.2137499999999999123 ) ) ;
#6621 = CIRCLE ( 'NONE', #8607, 0.07999999999999990452 ) ;
#6622 = ADVANCED_FACE ( 'NONE', ( #1512 ), #7310, .F. ) ;
#6623 = PLANE ( 'NONE',  #4899 ) ;
#6624 = ORIENTED_EDGE ( 'NONE', *, *, #4953, .T. ) ;
#6625 = ORIENTED_EDGE ( 'NONE', *, *, #1249, .T. ) ;
#6626 = CARTESIAN_POINT ( 'NONE',  ( -0.1149772726619823077, 0.02500000000000260347, -0.09023622047244218847 ) ) ;
#6627 = EDGE_CURVE ( 'NONE', #7074, #507, #7550, .T. ) ;
#6628 = VECTOR ( 'NONE', #8685, 39.37007874015748143 ) ;
#6629 = CARTESIAN_POINT ( 'NONE',  ( 0.1749999999999999056, 0.04249999999999999611, -0.2075367965644036861 ) ) ;
#6630 = VECTOR ( 'NONE', #2662, 39.37007874015748143 ) ;
#6631 = EDGE_CURVE ( 'NONE', #7875, #8419, #2965, .T. ) ;
#6632 = LINE ( 'NONE', #1314, #6018 ) ;
#6633 = CLOSED_SHELL ( 'NONE', ( #4405, #8807, #5788, #410, #6669, #5914 ) ) ;
#6635 = CARTESIAN_POINT ( 'NONE',  ( -0.009999999999999979391, 0.05000000000000000278, -0.1649999999999999800 ) ) ;
#6634 = DIRECTION ( 'NONE',  ( -0.000000000000000000, 1.000000000000000000, -0.000000000000000000 ) ) ;
#6636 = VECTOR ( 'NONE', #2275, 39.37007874015748143 ) ;
#6637 = FILL_AREA_STYLE ('',( #5802 ) ) ;
#6638 = ORIENTED_EDGE ( 'NONE', *, *, #6822, .F. ) ;
#6639 = EDGE_LOOP ( 'NONE', ( #9445, #7687, #9183, #2788 ) ) ;
#6640 = FACE_OUTER_BOUND ( 'NONE', #8078, .T. ) ;
#6641 = VECTOR ( 'NONE', #4262, 39.37007874015748143 ) ;
#6642 = AXIS2_PLACEMENT_3D ( 'NONE', #4507, #741, #6723 ) ;
#6643 = SURFACE_STYLE_FILL_AREA ( #644 ) ;
#6644 = CARTESIAN_POINT ( 'NONE',  ( -0.02850802484010541218, 0.04423918066268085758, -0.09023622047244189703 ) ) ;
#6645 = ORIENTED_EDGE ( 'NONE', *, *, #6530, .F. ) ;
#6646 = VERTEX_POINT ( 'NONE', #1420 ) ;
#6647 = CARTESIAN_POINT ( 'NONE',  ( 0.000000000000000000, 0.02500000000000000139, 0.000000000000000000 ) ) ;
#6648 = FACE_OUTER_BOUND ( 'NONE', #2383, .T. ) ;
#6649 = CARTESIAN_POINT ( 'NONE',  ( -0.04999999999999996114, 0.02500000000000000139, 0.1999999999999999556 ) ) ;
#6650 = DIRECTION ( 'NONE',  ( -1.000000000000000000, 0.000000000000000000, -3.381697939847988951E-15 ) ) ;
#6651 = EDGE_CURVE ( 'NONE', #5627, #7103, #5906, .T. ) ;
#6652 =( CONVERSION_BASED_UNIT ( 'INCH', #8940 ) LENGTH_UNIT ( ) NAMED_UNIT ( #1062 ) );
#6653 = EDGE_CURVE ( 'NONE', #3491, #8625, #2927, .T. ) ;
#6654 = ORIENTED_EDGE ( 'NONE', *, *, #7261, .F. ) ;
#6655 = CARTESIAN_POINT ( 'NONE',  ( 0.01750000000000003636, 0.02500000000000000139, 0.1674999999999999545 ) ) ;
#6656 = ADVANCED_FACE ( 'NONE', ( #8837 ), #6501, .F. ) ;
#6657 = DIRECTION ( 'NONE',  ( 1.000000000000000000, 0.000000000000000000, 0.000000000000000000 ) ) ;
#6658 = ORIENTED_EDGE ( 'NONE', *, *, #1387, .F. ) ;
#6659 = ORIENTED_EDGE ( 'NONE', *, *, #9193, .T. ) ;
#6660 = DIRECTION ( 'NONE',  ( 3.491481338843133355E-15, 0.000000000000000000, -1.000000000000000000 ) ) ;
#6661 = CARTESIAN_POINT ( 'NONE',  ( 0.02250000000000000611, 0.02500000000000000139, 0.04499999999999989425 ) ) ;
#6662 = ORIENTED_EDGE ( 'NONE', *, *, #9395, .F. ) ;
#6663 = PLANE ( 'NONE',  #336 ) ;
#6664 = CARTESIAN_POINT ( 'NONE',  ( -0.1037336785659956906, 0.04412906444113104398, -0.06759842519685159423 ) ) ;
#6665 = UNCERTAINTY_MEASURE_WITH_UNIT (LENGTH_MEASURE( 1.000000000000000082E-05 ), #2129, 'distance_accuracy_value', 'NONE');
#6666 = VECTOR ( 'NONE', #157, 39.37007874015748143 ) ;
#6667 = CARTESIAN_POINT ( 'NONE',  ( -0.01978650686557527696, 0.02500000000000260347, -0.09023622047244185540 ) ) ;
#6668 = ORIENTED_EDGE ( 'NONE', *, *, #4284, .T. ) ;
#6669 = ADVANCED_FACE ( 'NONE', ( #2915 ), #792, .F. ) ;
#6670 = CARTESIAN_POINT ( 'NONE',  ( -0.1999999999999999833, 0.000000000000000000, 0.2499999999999998890 ) ) ;
#6671 = AXIS2_PLACEMENT_3D ( 'NONE', #8407, #3884, #2418 ) ;
#6672 = DIRECTION ( 'NONE',  ( 7.477256361968997021E-15, 1.000000000000000000, 0.000000000000000000 ) ) ;
#6673 = ORIENTED_EDGE ( 'NONE', *, *, #1440, .T. ) ;
#6674 = EDGE_CURVE ( 'NONE', #1074, #6087, #2180, .T. ) ;
#6675 = CARTESIAN_POINT ( 'NONE',  ( -0.09937007874015667264, 0.04665354330708926245, -0.1173031496063003942 ) ) ;
#6676 = EDGE_CURVE ( 'NONE', #6170, #4181, #7984, .T. ) ;
#6677 = LINE ( 'NONE', #2997, #3401 ) ;
#6679 = CARTESIAN_POINT ( 'NONE',  ( -0.09937007874015688080, 0.04665354330708928327, -0.05283464566929253758 ) ) ;
#6678 = PLANE ( 'NONE',  #1043 ) ;
#6680 = ORIENTED_EDGE ( 'NONE', *, *, #8393, .F. ) ;
#6681 = ORIENTED_EDGE ( 'NONE', *, *, #9365, .F. ) ;
#6682 = CARTESIAN_POINT ( 'NONE',  ( -0.04999999999999996114, 0.000000000000000000, 0.1674999999999999545 ) ) ;
#6683 = MECHANICAL_DESIGN_GEOMETRIC_PRESENTATION_REPRESENTATION (  '', ( #7450 ), #4061 ) ;
#6684 = EDGE_CURVE ( 'NONE', #8528, #1990, #1232, .T. ) ;
#6685 = DIRECTION ( 'NONE',  ( 1.000000000000000000, 0.000000000000000000, 3.491481338843132961E-15 ) ) ;
#6686 = ORIENTED_EDGE ( 'NONE', *, *, #8393, .T. ) ;
#6687 = EDGE_LOOP ( 'NONE', ( #6156, #3599, #7052, #7900 ) ) ;
#6688 = DIRECTION ( 'NONE',  ( -1.000000000000000000, 0.000000000000000000, 3.414809992080327544E-16 ) ) ;
#6689 = LINE ( 'NONE', #7990, #8412 ) ;
#6690 = CARTESIAN_POINT ( 'NONE',  ( 0.1674999999999999822, 0.06000000000000001166, 0.09499999999999990397 ) ) ;
#6691 = DIRECTION ( 'NONE',  ( -7.477256361968976511E-15, 1.000000000000000000, -0.000000000000000000 ) ) ;
#6692 = VECTOR ( 'NONE', #1612, 39.37007874015748143 ) ;
#6693 = ORIENTED_EDGE ( 'NONE', *, *, #4599, .T. ) ;
#6694 = LINE ( 'NONE', #5872, #6926 ) ;
#6695 = SURFACE_STYLE_FILL_AREA ( #3848 ) ;
#6696 = CARTESIAN_POINT ( 'NONE',  ( -0.08559055118110156513, 0.06437007874016013875, -0.1035236220472452173 ) ) ;
#6697 = EDGE_CURVE ( 'NONE', #7166, #5395, #5143, .T. ) ;
#6698 = EDGE_CURVE ( 'NONE', #507, #6009, #5237, .T. ) ;
#6699 = ORIENTED_EDGE ( 'NONE', *, *, #9070, .F. ) ;
#6700 = ORIENTED_EDGE ( 'NONE', *, *, #2786, .F. ) ;
#6701 = PLANE ( 'NONE',  #1967 ) ;
#6702 = AXIS2_PLACEMENT_3D ( 'NONE', #2534, #8377, #3899 ) ;
#6703 = ORIENTED_EDGE ( 'NONE', *, *, #5406, .T. ) ;
#6704 = DIRECTION ( 'NONE',  ( 0.000000000000000000, 0.000000000000000000, -1.000000000000000000 ) ) ;
#6705 = PLANE ( 'NONE',  #2862 ) ;
#6706 = CARTESIAN_POINT ( 'NONE',  ( -0.02850802484010551627, 0.04423918066268085758, -0.05283464566929228085 ) ) ;
#6707 = ADVANCED_FACE ( 'NONE', ( #9421 ), #2821, .F. ) ;
#6708 = STYLED_ITEM ( 'NONE', ( #2633 ), #9265 ) ;
#6709 = LINE ( 'NONE', #8150, #7048 ) ;
#6710 = ORIENTED_EDGE ( 'NONE', *, *, #7623, .T. ) ;
#6711 = DIRECTION ( 'NONE',  ( 0.000000000000000000, -1.000000000000000000, 0.000000000000000000 ) ) ;
#6712 = CARTESIAN_POINT ( 'NONE',  ( -0.04999999999999996808, 0.02500000000000000139, -0.1399999999999999856 ) ) ;
#6713 = ORIENTED_EDGE ( 'NONE', *, *, #765, .F. ) ;
#6714 = CARTESIAN_POINT ( 'NONE',  ( -0.03103010096156222711, 0.04412906444113104398, -0.01543307086614268027 ) ) ;
#6715 = CARTESIAN_POINT ( 'NONE',  ( 0.000000000000000000, 0.02500000000000000139, 0.000000000000000000 ) ) ;
#6716 = EDGE_CURVE ( 'NONE', #1019, #4003, #5052, .T. ) ;
#6717 = FACE_OUTER_BOUND ( 'NONE', #7249, .T. ) ;
#6719 = CARTESIAN_POINT ( 'NONE',  ( 0.1366938691117163263, 0.02500000000000000139, -0.03169386911171639259 ) ) ;
#6718 = CARTESIAN_POINT ( 'NONE',  ( 0.01750000000000003636, 0.02500000000000000139, 0.1674999999999999545 ) ) ;
#6720 = EDGE_CURVE ( 'NONE', #7755, #5473, #7559, .T. ) ;
#6721 = ORIENTED_EDGE ( 'NONE', *, *, #1163, .F. ) ;
#6722 = ORIENTED_EDGE ( 'NONE', *, *, #3549, .T. ) ;
#6723 = DIRECTION ( 'NONE',  ( 1.000000000000000000, 0.000000000000000000, -1.365923996832131018E-15 ) ) ;
#6724 = COLOUR_RGB ( '',0.7921568627450980005, 0.8196078431372548767, 0.9333333333333333481 ) ;
#6725 = AXIS2_PLACEMENT_3D ( 'NONE', #8748, #6552, #8798 ) ;
#6726 = DIRECTION ( 'NONE',  ( 0.000000000000000000, 1.000000000000000000, 0.000000000000000000 ) ) ;
#6727 = CARTESIAN_POINT ( 'NONE',  ( -0.08559055118110156513, 0.06240157480315226129, -0.1035236220472452173 ) ) ;
#6728 = VERTEX_POINT ( 'NONE', #2462 ) ;
#6729 = VERTEX_POINT ( 'NONE', #9121 ) ;
#6730 = DIRECTION ( 'NONE',  ( -1.000000000000000000, -0.000000000000000000, -3.491481338843132961E-15 ) ) ;
#6731 = CARTESIAN_POINT ( 'NONE',  ( -0.01226377952755851493, 0.02500000000000265205, -0.03019685039370167273 ) ) ;
#6732 = CARTESIAN_POINT ( 'NONE',  ( -0.03539370078740077669, 0.04665354330708928327, -0.1050000000000009676 ) ) ;
#6733 = VECTOR ( 'NONE', #781, 39.37007874015748143 ) ;
#6734 = DIRECTION ( 'NONE',  ( 0.000000000000000000, -0.000000000000000000, 1.000000000000000000 ) ) ;
#6735 =( NAMED_UNIT ( * ) PLANE_ANGLE_UNIT ( ) SI_UNIT ( $, .RADIAN. ) );
#6736 = VERTEX_POINT ( 'NONE', #5375 ) ;
#6737 = AXIS2_PLACEMENT_3D ( 'NONE', #7521, #1758, #8372 ) ;
#6738 = LINE ( 'NONE', #8136, #6479 ) ;
#6739 = ADVANCED_BREP_SHAPE_REPRESENTATION ( 'STEP-DOWN VOLTAGE REGULATOR D24V6F3', ( #8986, #2200, #2615, #9234, #8846, #2650, #5884, #6128, #9278, #6008, #9150, #9030, #9162, #9297, #2636, #5863, #6101, #2784, #9003, #6040, #5908, #9115, #9265, #2815, #2946, #9104, #6078, #2929, #5930, #2801, #2873, #2686, #5942, #2461, #9201, #5982, #9178, #5846, #2762, #7002 ), #3630 ) ;
#6740 = DIRECTION ( 'NONE',  ( 0.000000000000000000, -1.000000000000000000, 0.000000000000000000 ) ) ;
#6741 = AXIS2_PLACEMENT_3D ( 'NONE', #7135, #4090, #4234 ) ;
#6742 = AXIS2_PLACEMENT_3D ( 'NONE', #4672, #5345, #9041 ) ;
#6743 = CARTESIAN_POINT ( 'NONE',  ( 0.04496320343559635085, 0.04250000000000001693, -0.2274999999999999245 ) ) ;
#6744 = VERTEX_POINT ( 'NONE', #8353 ) ;
#6745 = ORIENTED_EDGE ( 'NONE', *, *, #1102, .F. ) ;
#6746 = CARTESIAN_POINT ( 'NONE',  ( -0.05999999999999999084, 0.05000000000000000278, -0.2250000000000000333 ) ) ;
#6747 = CARTESIAN_POINT ( 'NONE',  ( 0.02500000000000007425, 0.08250000000000000389, -0.08246320343559628008 ) ) ;
#6748 = ORIENTED_EDGE ( 'NONE', *, *, #5347, .T. ) ;
#6749 = DIRECTION ( 'NONE',  ( -0.000000000000000000, 1.000000000000000000, -0.000000000000000000 ) ) ;
#6750 = LINE ( 'NONE', #2846, #5797 ) ;
#6751 = CARTESIAN_POINT ( 'NONE',  ( -0.03103010096156205710, 0.03070866141732543284, -0.06759842519685134443 ) ) ;
#6752 = SURFACE_SIDE_STYLE ('',( #2942 ) ) ;
#6753 = ADVANCED_FACE ( 'NONE', ( #5471 ), #2370, .T. ) ;
#6754 = LINE ( 'NONE', #6570, #6133 ) ;
#6755 = VERTEX_POINT ( 'NONE', #6197 ) ;
#6756 = AXIS2_PLACEMENT_3D ( 'NONE', #9534, #2935, #1189 ) ;
#6757 = SURFACE_STYLE_FILL_AREA ( #2126 ) ;
#6758 = EDGE_CURVE ( 'NONE', #333, #6860, #5427, .T. ) ;
#6759 = LINE ( 'NONE', #2989, #8156 ) ;
#6760 = FACE_OUTER_BOUND ( 'NONE', #8000, .T. ) ;
#6761 = MECHANICAL_DESIGN_GEOMETRIC_PRESENTATION_REPRESENTATION (  '', ( #6461 ), #5992 ) ;
#6762 = VERTEX_POINT ( 'NONE', #2324 ) ;
#6763 = CARTESIAN_POINT ( 'NONE',  ( 0.04496320343559635779, 0.04249999999999998224, -0.06249999999999997918 ) ) ;
#6764 = FACE_OUTER_BOUND ( 'NONE', #3499, .T. ) ;
#6765 = VECTOR ( 'NONE', #6116, 39.37007874015748143 ) ;
#6766 = DIRECTION ( 'NONE',  ( -0.000000000000000000, 1.000000000000000000, -0.000000000000000000 ) ) ;
#6767 = DIRECTION ( 'NONE',  ( 3.175611872224893045E-15, 0.1736481776669307198, -0.9848077530122080203 ) ) ;
#6768 = VECTOR ( 'NONE', #12, 39.37007874015748143 ) ;
#6769 = ORIENTED_EDGE ( 'NONE', *, *, #6096, .T. ) ;
#6770 = ORIENTED_EDGE ( 'NONE', *, *, #971, .F. ) ;
#6771 = CARTESIAN_POINT ( 'NONE',  ( -0.01978650686557541574, 0.02500000000000260347, -0.05283464566929224615 ) ) ;
#6772 = VECTOR ( 'NONE', #696, 39.37007874015748143 ) ;
#6773 = CARTESIAN_POINT ( 'NONE',  ( -0.1249999999999999445, 0.05999999999999999778, 0.07499999999999988620 ) ) ;
#6774 = ADVANCED_FACE ( 'NONE', ( #4698 ), #3104, .F. ) ;
#6775 = ORIENTED_EDGE ( 'NONE', *, *, #4251, .F. ) ;
#6776 = ORIENTED_EDGE ( 'NONE', *, *, #2473, .T. ) ;
#6777 = DIRECTION ( 'NONE',  ( -1.686880716198101922E-43, -2.426872996565747488E-29, 1.000000000000000000 ) ) ;
#6778 = DIRECTION ( 'NONE',  ( 1.000000000000000000, -7.477256361968997021E-15, 3.491481338843132961E-15 ) ) ;
#6779 = CARTESIAN_POINT ( 'NONE',  ( 0.000000000000000000, 0.05999999999999999778, 0.000000000000000000 ) ) ;
#6780 = CARTESIAN_POINT ( 'NONE',  ( 0.06250000000000001388, 0.02500000000000000139, 0.05999999999999990064 ) ) ;
#6781 = DIRECTION ( 'NONE',  ( -0.000000000000000000, -0.000000000000000000, 1.000000000000000000 ) ) ;
#6782 = ORIENTED_EDGE ( 'NONE', *, *, #7053, .T. ) ;
#6783 = VECTOR ( 'NONE', #5225, 39.37007874015748143 ) ;
#6784 = CARTESIAN_POINT ( 'NONE',  ( -0.1499999999999999667, 0.02500000000000000139, 0.2324999999999999567 ) ) ;
#6785 = CARTESIAN_POINT ( 'NONE',  ( -0.03103010096156205710, 0.04665354330708929020, -0.06759842519685134443 ) ) ;
#6786 = EDGE_CURVE ( 'NONE', #4541, #7098, #4482, .T. ) ;
#6787 = LINE ( 'NONE', #895, #439 ) ;
#6788 = ORIENTED_EDGE ( 'NONE', *, *, #3577, .T. ) ;
#6789 = EDGE_LOOP ( 'NONE', ( #1513, #1822, #3779, #5836 ) ) ;
#6790 = DIRECTION ( 'NONE',  ( 0.000000000000000000, -0.000000000000000000, -1.000000000000000000 ) ) ;
#6791 = EDGE_LOOP ( 'NONE', ( #1946, #67, #7711, #8495 ) ) ;
#6792 = ORIENTED_EDGE ( 'NONE', *, *, #1877, .F. ) ;
#6793 = VECTOR ( 'NONE', #103, 39.37007874015748143 ) ;
#6794 = DIRECTION ( 'NONE',  ( 0.000000000000000000, 0.000000000000000000, -1.000000000000000000 ) ) ;
#6795 = DIRECTION ( 'NONE',  ( -3.491481338843132961E-15, 2.610670105356085062E-29, 1.000000000000000000 ) ) ;
#6796 = DIRECTION ( 'NONE',  ( 0.000000000000000000, 0.000000000000000000, -1.000000000000000000 ) ) ;
#6797 = CARTESIAN_POINT ( 'NONE',  ( -0.03539370078740115139, 0.04665354330708926245, -0.003129921259843498633 ) ) ;
#6798 = ADVANCED_FACE ( 'NONE', ( #7637 ), #3924, .F. ) ;
#6799 =( CONVERSION_BASED_UNIT ( 'INCH', #7571 ) LENGTH_UNIT ( ) NAMED_UNIT ( #1992 ) );
#6800 = ADVANCED_FACE ( 'NONE', ( #6154 ), #249, .F. ) ;
#6801 = ADVANCED_FACE ( 'NONE', ( #3248 ), #4554, .T. ) ;
#6802 = ADVANCED_FACE ( 'NONE', ( #838 ), #3196, .F. ) ;
#6803 = LINE ( 'NONE', #6945, #6591 ) ;
#6804 = ORIENTED_EDGE ( 'NONE', *, *, #6215, .F. ) ;
#6805 = ADVANCED_FACE ( 'NONE', ( #8261 ), #884, .T. ) ;
#6806 = CARTESIAN_POINT ( 'NONE',  ( -0.03103010096156222711, 0.05236220472441212304, -0.01543307086614268027 ) ) ;
#6807 = DIRECTION ( 'NONE',  ( -1.000000000000000000, 0.000000000000000000, 2.134256245050206194E-16 ) ) ;
#6808 = ORIENTED_EDGE ( 'NONE', *, *, #4653, .F. ) ;
#6809 = CARTESIAN_POINT ( 'NONE',  ( -0.05250000000000000500, 0.05000000000000000278, 0.000000000000000000 ) ) ;
#6810 = LINE ( 'NONE', #4735, #4110 ) ;
#6811 = AXIS2_PLACEMENT_3D ( 'NONE', #6075, #368, #6885 ) ;
#6812 = EDGE_CURVE ( 'NONE', #9136, #8949, #3835, .T. ) ;
#6813 = DIRECTION ( 'NONE',  ( 3.491481338843133355E-15, 0.000000000000000000, -1.000000000000000000 ) ) ;
#6814 = DIRECTION ( 'NONE',  ( -5.711474587107752758E-31, 1.000000000000000000, 1.950360048956841636E-46 ) ) ;
#6815 = EDGE_CURVE ( 'NONE', #725, #5472, #7551, .T. ) ;
#6816 = EDGE_CURVE ( 'NONE', #7453, #8408, #8933, .T. ) ;
#6817 = VERTEX_POINT ( 'NONE', #203 ) ;
#6818 = ORIENTED_EDGE ( 'NONE', *, *, #1361, .F. ) ;
#6819 = LINE ( 'NONE', #8400, #7581 ) ;
#6820 = SURFACE_STYLE_FILL_AREA ( #2274 ) ;
#6821 = DIRECTION ( 'NONE',  ( 3.886975760670550640E-32, 1.000000000000000000, 1.138269997360109674E-16 ) ) ;
#6822 = EDGE_CURVE ( 'NONE', #6928, #2843, #9017, .T. ) ;
#6823 = ORIENTED_EDGE ( 'NONE', *, *, #7306, .F. ) ;
#6824 = ORIENTED_EDGE ( 'NONE', *, *, #2227, .T. ) ;
#6825 = CARTESIAN_POINT ( 'NONE',  ( -0.1149772726619821689, 0.03070866141732543284, -0.09023622047244218847 ) ) ;
#6826 =( LENGTH_UNIT ( ) NAMED_UNIT ( * ) SI_UNIT ( $, .METRE. ) );
#6827 = LINE ( 'NONE', #6203, #7131 ) ;
#6828 = LINE ( 'NONE', #3154, #3624 ) ;
#6829 = ORIENTED_EDGE ( 'NONE', *, *, #1637, .T. ) ;
#6830 = FACE_OUTER_BOUND ( 'NONE', #1239, .T. ) ;
#6831 = VECTOR ( 'NONE', #5882, 39.37007874015748143 ) ;
#6832 = SURFACE_STYLE_FILL_AREA ( #7603 ) ;
#6833 = DIRECTION ( 'NONE',  ( 1.000000000000000000, 0.000000000000000000, -2.134256245050206194E-16 ) ) ;
#6834 = ORIENTED_EDGE ( 'NONE', *, *, #2550, .T. ) ;
#6835 = DIRECTION ( 'NONE',  ( 0.000000000000000000, 0.000000000000000000, 1.000000000000000000 ) ) ;
#6836 = EDGE_LOOP ( 'NONE', ( #5586, #287, #4582, #6204 ) ) ;
#6837 = VERTEX_POINT ( 'NONE', #5523 ) ;
#6838 = CARTESIAN_POINT ( 'NONE',  ( -0.05250000000000000500, 0.02500000000000000139, -0.2250000000000000333 ) ) ;
#6839 = COLOUR_RGB ( '',0.7921568627450980005, 0.8196078431372548767, 0.9333333333333333481 ) ;
#6840 = PLANE ( 'NONE',  #4809 ) ;
#6841 = FACE_BOUND ( 'NONE', #6056, .T. ) ;
#6842 = DIRECTION ( 'NONE',  ( 0.9848077530122077983, 0.1736481776669318300, 3.438437891990161073E-15 ) ) ;
#6843 = FILL_AREA_STYLE_COLOUR ( '', #5314 ) ;
#6844 = EDGE_CURVE ( 'NONE', #2899, #6935, #445, .T. ) ;
#6845 = DIRECTION ( 'NONE',  ( 0.1736481776669299149, 0.9848077530122080203, 0.000000000000000000 ) ) ;
#6846 = CARTESIAN_POINT ( 'NONE',  ( 0.06250000000000001388, 0.05999999999999999778, 0.1099999999999999034 ) ) ;
#6847 = MECHANICAL_DESIGN_GEOMETRIC_PRESENTATION_REPRESENTATION (  '', ( #5615 ), #2369 ) ;
#6848 = ORIENTED_EDGE ( 'NONE', *, *, #7936, .F. ) ;
#6849 = LINE ( 'NONE', #5410, #3050 ) ;
#6850 = FACE_OUTER_BOUND ( 'NONE', #4166, .T. ) ;
#6851 = DIRECTION ( 'NONE',  ( 0.000000000000000000, 1.000000000000000000, 0.000000000000000000 ) ) ;
#6852 = LINE ( 'NONE', #7622, #4418 ) ;
#6853 = AXIS2_PLACEMENT_3D ( 'NONE', #2780, #3464, #3565 ) ;
#6854 = ORIENTED_EDGE ( 'NONE', *, *, #6215, .T. ) ;
#6855 = DIRECTION ( 'NONE',  ( 3.491481338843133355E-15, 0.000000000000000000, -1.000000000000000000 ) ) ;
#6856 = LINE ( 'NONE', #1638, #4572 ) ;
#6857 = CARTESIAN_POINT ( 'NONE',  ( -0.1549999999999999989, 0.04999999999999999584, -0.1575000000000000289 ) ) ;
#6858 = PLANE ( 'NONE',  #3351 ) ;
#6859 = ORIENTED_EDGE ( 'NONE', *, *, #940, .F. ) ;
#6860 = VERTEX_POINT ( 'NONE', #3402 ) ;
#6861 = EDGE_CURVE ( 'NONE', #6180, #8308, #7787, .T. ) ;
#6862 = DIRECTION ( 'NONE',  ( -0.9990482215818581313, 0.04361938736532856853, -3.488158222257475945E-15 ) ) ;
#6863 = DIRECTION ( 'NONE',  ( 0.000000000000000000, 0.000000000000000000, 1.000000000000000000 ) ) ;
#6864 = DIRECTION ( 'NONE',  ( 0.000000000000000000, 0.000000000000000000, 1.000000000000000000 ) ) ;
#6865 = ORIENTED_EDGE ( 'NONE', *, *, #6631, .T. ) ;
#6866 = ORIENTED_EDGE ( 'NONE', *, *, #4229, .T. ) ;
#6867 = ADVANCED_FACE ( 'NONE', ( #4120 ), #9363, .T. ) ;
#6868 = LINE ( 'NONE', #1022, #5053 ) ;
#6869 = LINE ( 'NONE', #400, #3590 ) ;
#6870 = ORIENTED_EDGE ( 'NONE', *, *, #7384, .T. ) ;
#6871 = FACE_OUTER_BOUND ( 'NONE', #3021, .T. ) ;
#6872 = AXIS2_PLACEMENT_3D ( 'NONE', #1170, #1225, #4124 ) ;
#6873 = VERTEX_POINT ( 'NONE', #4023 ) ;
#6874 = AXIS2_PLACEMENT_3D ( 'NONE', #5287, #6778, #7500 ) ;
#6875 = DIRECTION ( 'NONE',  ( -1.000000000000000000, -7.477256361968976511E-15, -3.491481338843132961E-15 ) ) ;
#6876 = FACE_OUTER_BOUND ( 'NONE', #1616, .T. ) ;
#6877 = ORIENTED_EDGE ( 'NONE', *, *, #8050, .F. ) ;
#6878 = DIRECTION ( 'NONE',  ( -1.000000000000000000, 0.000000000000000000, -3.381697939848011828E-15 ) ) ;
#6879 = VECTOR ( 'NONE', #3108, 39.37007874015748143 ) ;
#6880 = ORIENTED_EDGE ( 'NONE', *, *, #7331, .F. ) ;
#6881 = ORIENTED_EDGE ( 'NONE', *, *, #6201, .F. ) ;
#6882 = DIRECTION ( 'NONE',  ( 0.000000000000000000, 1.000000000000000000, 0.000000000000000000 ) ) ;
#6883 = CARTESIAN_POINT ( 'NONE',  ( -0.01749999999999998779, 0.05000000000000000278, -0.2250000000000000333 ) ) ;
#6884 = CARTESIAN_POINT ( 'NONE',  ( -0.1037336785659958988, 0.05236220472441212304, -0.01543307086614292660 ) ) ;
#6885 = DIRECTION ( 'NONE',  ( 0.000000000000000000, 0.000000000000000000, 1.000000000000000000 ) ) ;
#6886 = DIRECTION ( 'NONE',  ( 0.000000000000000000, -0.000000000000000000, -1.000000000000000000 ) ) ;
#6887 = PRESENTATION_LAYER_ASSIGNMENT (  '', '', ( #4271 ) ) ;
#6888 = DIRECTION ( 'NONE',  ( -0.9990482215818581313, 0.04361938736532856853, -3.488158222257475945E-15 ) ) ;
#6889 = AXIS2_PLACEMENT_3D ( 'NONE', #8563, #6320, #7759 ) ;
#6890 = DIRECTION ( 'NONE',  ( -0.1736481776669307198, -0.9848077530122080203, 0.000000000000000000 ) ) ;
#6891 = ORIENTED_EDGE ( 'NONE', *, *, #3193, .F. ) ;
#6892 = VECTOR ( 'NONE', #8433, 39.37007874015748143 ) ;
#6893 = CARTESIAN_POINT ( 'NONE',  ( 0.1500000000000000500, 0.000000000000000000, 0.1999999999999999556 ) ) ;
#6894 = EDGE_CURVE ( 'NONE', #7103, #1791, #2660, .T. ) ;
#6895 = ORIENTED_EDGE ( 'NONE', *, *, #6514, .T. ) ;
#6896 = CYLINDRICAL_SURFACE ( 'NONE', #2868, 0.002524478865958247956 ) ;
#6897 = AXIS2_PLACEMENT_3D ( 'NONE', #8904, #1483, #8765 ) ;
#6898 = DIRECTION ( 'NONE',  ( -1.000000000000000000, -0.000000000000000000, -0.000000000000000000 ) ) ;
#6899 = DIRECTION ( 'NONE',  ( -4.268512490100413374E-16, 0.000000000000000000, -1.000000000000000000 ) ) ;
#6900 = ORIENTED_EDGE ( 'NONE', *, *, #8105, .T. ) ;
#6901 = VECTOR ( 'NONE', #3751, 39.37007874015748143 ) ;
#6902 = CARTESIAN_POINT ( 'NONE',  ( -0.03103010096156222711, 0.05236220472441212304, -0.01543307086614268027 ) ) ;
#6903 = VECTOR ( 'NONE', #8012, 39.37007874015748143 ) ;
#6904 = FACE_OUTER_BOUND ( 'NONE', #2082, .T. ) ;
#6905 = EDGE_CURVE ( 'NONE', #2835, #2320, #9220, .T. ) ;
#6906 = FACE_OUTER_BOUND ( 'NONE', #2575, .T. ) ;
#6907 = CIRCLE ( 'NONE', #5681, 0.002524478865958247956 ) ;
#6909 = FACE_OUTER_BOUND ( 'NONE', #3903, .T. ) ;
#6908 = CARTESIAN_POINT ( 'NONE',  ( 0.1749999999999999056, 0.04249999999999999611, -0.2075367965644036861 ) ) ;
#6910 = EDGE_LOOP ( 'NONE', ( #1368, #7487, #8060, #3534 ) ) ;
#6911 = EDGE_CURVE ( 'NONE', #1213, #8504, #9268, .T. ) ;
#6912 = VERTEX_POINT ( 'NONE', #2561 ) ;
#6913 = EDGE_CURVE ( 'NONE', #3131, #8974, #4950, .T. ) ;
#6914 = VECTOR ( 'NONE', #8944, 39.37007874015748143 ) ;
#6915 = EDGE_CURVE ( 'NONE', #4181, #5926, #2708, .T. ) ;
#6916 = FILL_AREA_STYLE ('',( #8931 ) ) ;
#6917 = DIRECTION ( 'NONE',  ( 3.491481338843133355E-15, 0.000000000000000000, -1.000000000000000000 ) ) ;
#6918 = CIRCLE ( 'NONE', #1982, 0.002524478865958239282 ) ;
#6919 = ORIENTED_EDGE ( 'NONE', *, *, #9395, .T. ) ;
#6920 = ORIENTED_EDGE ( 'NONE', *, *, #7464, .T. ) ;
#6921 = MECHANICAL_DESIGN_GEOMETRIC_PRESENTATION_REPRESENTATION (  '', ( #4462 ), #5547 ) ;
#6922 = SURFACE_SIDE_STYLE ('',( #1704 ) ) ;
#6923 = CARTESIAN_POINT ( 'NONE',  ( 0.08250000000000003164, 0.02500000000000000139, 0.2324999999999999567 ) ) ;
#6924 = ORIENTED_EDGE ( 'NONE', *, *, #8861, .F. ) ;
#6925 = LINE ( 'NONE', #208, #6246 ) ;
#6926 = VECTOR ( 'NONE', #3715, 39.37007874015748143 ) ;
#6927 = DIMENSIONAL_EXPONENTS ( 1.000000000000000000, 0.000000000000000000, 0.000000000000000000, 0.000000000000000000, 0.000000000000000000, 0.000000000000000000, 0.000000000000000000 ) ;
#6928 = VERTEX_POINT ( 'NONE', #8595 ) ;
#6929 = CARTESIAN_POINT ( 'NONE',  ( -0.08559055118110156513, 0.06437007874016013875, -0.1035236220472452173 ) ) ;
#6930 = AXIS2_PLACEMENT_3D ( 'NONE', #3390, #4158, #4737 ) ;
#6931 = EDGE_CURVE ( 'NONE', #8042, #8269, #8452, .T. ) ;
#6932 = LINE ( 'NONE', #6210, #5997 ) ;
#6933 = EDGE_LOOP ( 'NONE', ( #1806, #460, #628, #8349 ) ) ;
#6934 = FACE_OUTER_BOUND ( 'NONE', #5267, .T. ) ;
#6935 = VERTEX_POINT ( 'NONE', #5616 ) ;
#6936 = ORIENTED_EDGE ( 'NONE', *, *, #6343, .F. ) ;
#6937 = ADVANCED_FACE ( 'NONE', ( #8548 ), #7070, .F. ) ;
#6938 = DIRECTION ( 'NONE',  ( 1.365120289045977339E-16, -0.000000000000000000, -1.000000000000000000 ) ) ;
#6939 = LINE ( 'NONE', #6172, #4494 ) ;
#6940 = LINE ( 'NONE', #8994, #9347 ) ;
#6941 = DIRECTION ( 'NONE',  ( -0.000000000000000000, 1.000000000000000000, 0.000000000000000000 ) ) ;
#6942 = EDGE_CURVE ( 'NONE', #578, #1782, #7117, .T. ) ;
#6943 = AXIS2_PLACEMENT_3D ( 'NONE', #7606, #3938, #7897 ) ;
#6944 = EDGE_CURVE ( 'NONE', #3541, #6605, #7888, .T. ) ;
#6945 = CARTESIAN_POINT ( 'NONE',  ( -0.01999999999999998307, 0.02500000000000000139, -0.1399999999999999856 ) ) ;
#6946 = VECTOR ( 'NONE', #1166, 39.37007874015748143 ) ;
#6947 = ORIENTED_EDGE ( 'NONE', *, *, #6343, .T. ) ;
#6948 = DIRECTION ( 'NONE',  ( -1.000000000000000000, 0.000000000000000000, -3.381697939847999996E-15 ) ) ;
#6949 = AXIS2_PLACEMENT_3D ( 'NONE', #6407, #6453, #9276 ) ;
#6950 = VERTEX_POINT ( 'NONE', #5717 ) ;
#6951 = DIRECTION ( 'NONE',  ( 0.000000000000000000, 0.000000000000000000, 1.000000000000000000 ) ) ;
#6952 = CARTESIAN_POINT ( 'NONE',  ( -0.1067519685039365479, 0.03287401574803415494, -0.01543307086614294395 ) ) ;
#6953 = EDGE_LOOP ( 'NONE', ( #3205, #4232 ) ) ;
#6954 = PLANE ( 'NONE',  #8876 ) ;
#6955 = DIRECTION ( 'NONE',  ( 0.04361938736532777749, 0.9990482215818581313, 0.000000000000000000 ) ) ;
#6957 = CARTESIAN_POINT ( 'NONE',  ( -0.1067519685039364091, 0.03287401574803415494, -0.06759842519685159423 ) ) ;
#6956 = DIRECTION ( 'NONE',  ( -1.000000000000000000, -0.000000000000000000, -0.000000000000000000 ) ) ;
#6958 = VECTOR ( 'NONE', #1759, 39.37007874015748143 ) ;
#6959 = ORIENTED_EDGE ( 'NONE', *, *, #5726, .F. ) ;
#6960 = ADVANCED_FACE ( 'NONE', ( #395 ), #1273, .F. ) ;
#6961 = ORIENTED_EDGE ( 'NONE', *, *, #515, .T. ) ;
#6962 = EDGE_CURVE ( 'NONE', #385, #6312, #2758, .T. ) ;
#6963 = CARTESIAN_POINT ( 'NONE',  ( 0.1524999999999999689, 0.05999999999999999778, 0.1349999999999998701 ) ) ;
#6964 = VECTOR ( 'NONE', #8500, 39.37007874015748143 ) ;
#6965 = CARTESIAN_POINT ( 'NONE',  ( -0.1549999999999999989, 0.02500000000000000139, -0.1500000000000000500 ) ) ;
#6966 = DIRECTION ( 'NONE',  ( 0.000000000000000000, 1.000000000000000000, 0.000000000000000000 ) ) ;
#6967 = ORIENTED_EDGE ( 'NONE', *, *, #1387, .T. ) ;
#6968 = AXIS2_PLACEMENT_3D ( 'NONE', #5384, #8312, #1705 ) ;
#6969 = EDGE_CURVE ( 'NONE', #5485, #2843, #4748, .T. ) ;
#6970 = CARTESIAN_POINT ( 'NONE',  ( -0.1119589827240416585, 0.04448818897638057851, -0.05283464566929257228 ) ) ;
#6971 = FACE_OUTER_BOUND ( 'NONE', #5939, .T. ) ;
#6972 = ORIENTED_EDGE ( 'NONE', *, *, #4012, .F. ) ;
#6973 = DIRECTION ( 'NONE',  ( -1.000000000000000000, -0.000000000000000000, -0.000000000000000000 ) ) ;
#6974 = ORIENTED_EDGE ( 'NONE', *, *, #2939, .F. ) ;
#6975 = DIRECTION ( 'NONE',  ( 0.000000000000000000, 1.000000000000000000, 0.000000000000000000 ) ) ;
#6976 = SURFACE_SIDE_STYLE ('',( #6832 ) ) ;
#6977 = DIRECTION ( 'NONE',  ( 0.000000000000000000, 0.000000000000000000, -1.000000000000000000 ) ) ;
#6978 = VERTEX_POINT ( 'NONE', #6965 ) ;
#6979 = CLOSED_SHELL ( 'NONE', ( #3980, #7217, #6805, #8665 ) ) ;
#6980 = CARTESIAN_POINT ( 'NONE',  ( -0.04999999999999996114, 0.000000000000000000, 0.1999999999999999556 ) ) ;
#6981 = EDGE_LOOP ( 'NONE', ( #1471, #617, #8002, #6581 ) ) ;
#6982 = ORIENTED_EDGE ( 'NONE', *, *, #2148, .T. ) ;
#6983 = DIRECTION ( 'NONE',  ( 1.000000000000000000, -0.000000000000000000, 6.829619984160657060E-16 ) ) ;
#6984 = CARTESIAN_POINT ( 'NONE',  ( -0.03539370078740077669, 0.04665354330708928327, -0.1050000000000009676 ) ) ;
#6985 = CARTESIAN_POINT ( 'NONE',  ( -0.09624617553862907515, 0.02893700787401838614, -0.006253824461371577936 ) ) ;
#6986 = FACE_OUTER_BOUND ( 'NONE', #3631, .T. ) ;
#6987 = DIRECTION ( 'NONE',  ( 1.000000000000000000, 0.000000000000000000, 3.491481338843132961E-15 ) ) ;
#6988 = CIRCLE ( 'NONE', #2820, 0.002524478865958256196 ) ;
#6989 = EDGE_CURVE ( 'NONE', #8231, #5296, #6248, .T. ) ;
#6990 = EDGE_CURVE ( 'NONE', #4008, #9505, #7741, .T. ) ;
#6991 = CARTESIAN_POINT ( 'NONE',  ( -0.1999999999999999833, 0.02500000000000000139, 0.2499999999999998890 ) ) ;
#6992 = VERTEX_POINT ( 'NONE', #6492 ) ;
#6993 = COLOUR_RGB ( '',0.2509803921568627416, 0.2509803921568627416, 0.2509803921568627416 ) ;
#6994 =( NAMED_UNIT ( * ) SI_UNIT ( $, .STERADIAN. ) SOLID_ANGLE_UNIT ( ) );
#6995 = EDGE_CURVE ( 'NONE', #7410, #845, #2904, .T. ) ;
#6996 = ORIENTED_EDGE ( 'NONE', *, *, #4945, .F. ) ;
#6997 = LINE ( 'NONE', #3952, #142 ) ;
#6998 = LINE ( 'NONE', #1825, #8127 ) ;
#6999 = LINE ( 'NONE', #8337, #6269 ) ;
#7000 = ORIENTED_EDGE ( 'NONE', *, *, #8975, .F. ) ;
#7001 = PRESENTATION_LAYER_ASSIGNMENT (  '', '', ( #7157 ) ) ;
#7002 = AXIS2_PLACEMENT_3D ( 'NONE', #7980, #6587, #3643 ) ;
#7003 = DIRECTION ( 'NONE',  ( 0.1736481776669306920, 0.9848077530122080203, -0.000000000000000000 ) ) ;
#7004 = VERTEX_POINT ( 'NONE', #8784 ) ;
#7005 = DIRECTION ( 'NONE',  ( -1.000000000000000000, 0.000000000000000000, -3.369957298309943736E-15 ) ) ;
#7007 = CARTESIAN_POINT ( 'NONE',  ( -0.01978650686557544697, 0.03070866141732543284, -0.05283464566929224615 ) ) ;
#7006 = PLANE ( 'NONE',  #2413 ) ;
#7008 = EDGE_LOOP ( 'NONE', ( #2439, #7942, #2464, #5827 ) ) ;
#7009 = VERTEX_POINT ( 'NONE', #7300 ) ;
#7010 = PLANE ( 'NONE',  #1716 ) ;
#7011 = COLOUR_RGB ( '',0.7921568627450980005, 0.8196078431372548767, 0.9333333333333333481 ) ;
#7012 = EDGE_CURVE ( 'NONE', #1132, #8017, #8929, .T. ) ;
#7013 = CARTESIAN_POINT ( 'NONE',  ( 0.1712499999999999578, 0.02500000000000002914, -0.2325000000000000400 ) ) ;
#7014 = EDGE_CURVE ( 'NONE', #5087, #9148, #621, .T. ) ;
#7015 = DIRECTION ( 'NONE',  ( -1.000000000000000000, 0.000000000000000000, -3.381697939847999996E-15 ) ) ;
#7016 = ORIENTED_EDGE ( 'NONE', *, *, #7672, .T. ) ;
#7017 = DIRECTION ( 'NONE',  ( -3.006875982979155331E-44, 1.024619509027000853E-29, 1.000000000000000000 ) ) ;
#7018 = CARTESIAN_POINT ( 'NONE',  ( -0.09836348770855329882, 0.05236220472441212304, -0.09023622047244213296 ) ) ;
#7019 = ORIENTED_EDGE ( 'NONE', *, *, #6142, .T. ) ;
#7020 = ORIENTED_EDGE ( 'NONE', *, *, #636, .T. ) ;
#7021 = PLANE ( 'NONE',  #9399 ) ;
#7022 = PRESENTATION_STYLE_ASSIGNMENT (( #7706 ) ) ;
#7023 = EDGE_LOOP ( 'NONE', ( #4855, #7752, #2241, #4836 ) ) ;
#7024 = CARTESIAN_POINT ( 'NONE',  ( -0.1037336785659955657, 0.04412906444113104398, -0.1050000000000012035 ) ) ;
#7025 = ORIENTED_EDGE ( 'NONE', *, *, #2634, .F. ) ;
#7026 = VERTEX_POINT ( 'NONE', #2169 ) ;
#7027 = CARTESIAN_POINT ( 'NONE',  ( -0.03103010096156222711, 0.04412906444113104398, -0.01543307086614268027 ) ) ;
#7028 = DIRECTION ( 'NONE',  ( -1.000000000000000000, 0.000000000000000000, -3.110729813824563327E-15 ) ) ;
#7029 = DIRECTION ( 'NONE',  ( 0.000000000000000000, 0.000000000000000000, 1.000000000000000000 ) ) ;
#7030 = MECHANICAL_DESIGN_GEOMETRIC_PRESENTATION_REPRESENTATION (  '', ( #5792 ), #7470 ) ;
#7031 = DIRECTION ( 'NONE',  ( 0.000000000000000000, 0.000000000000000000, -1.000000000000000000 ) ) ;
#7032 = CARTESIAN_POINT ( 'NONE',  ( -0.01749999999999997391, 0.04999999999999999584, -0.2000000000000000111 ) ) ;
#7033 =( CONVERSION_BASED_UNIT ( 'INCH', #3168 ) LENGTH_UNIT ( ) NAMED_UNIT ( #2538 ) );
#7034 = VECTOR ( 'NONE', #5255, 39.37007874015748143 ) ;
#7035 = AXIS2_PLACEMENT_3D ( 'NONE', #6647, #31, #2968 ) ;
#7036 = FACE_OUTER_BOUND ( 'NONE', #3925, .T. ) ;
#7037 = ORIENTED_EDGE ( 'NONE', *, *, #7809, .T. ) ;
#7038 = DIRECTION ( 'NONE',  ( 0.1710878697460351816, 0.9702875252478136980, 0.1710878697460365694 ) ) ;
#7039 = DIRECTION ( 'NONE',  ( -1.000000000000000000, 0.000000000000000000, -5.335640612625516718E-17 ) ) ;
#7040 = ORIENTED_EDGE ( 'NONE', *, *, #347, .F. ) ;
#7041 = AXIS2_PLACEMENT_3D ( 'NONE', #6617, #8, #8909 ) ;
#7042 = CARTESIAN_POINT ( 'NONE',  ( -0.1067519685039363397, 0.03287401574803415494, -0.09023622047244216071 ) ) ;
#7043 = DIRECTION ( 'NONE',  ( -5.711474587107752758E-31, 1.000000000000000000, 1.950360048956841636E-46 ) ) ;
#7044 = EDGE_CURVE ( 'NONE', #4755, #1302, #8733, .T. ) ;
#7045 =( CONVERSION_BASED_UNIT ( 'INCH', #3956 ) LENGTH_UNIT ( ) NAMED_UNIT ( #1194 ) );
#7046 = AXIS2_PLACEMENT_3D ( 'NONE', #8887, #6600, #7364 ) ;
#7047 = VERTEX_POINT ( 'NONE', #1453 ) ;
#7048 = VECTOR ( 'NONE', #5835, 39.37007874015748854 ) ;
#7049 = UNCERTAINTY_MEASURE_WITH_UNIT (LENGTH_MEASURE( 1.000000000000000082E-05 ), #4579, 'distance_accuracy_value', 'NONE');
#7050 = VECTOR ( 'NONE', #5460, 39.37007874015748143 ) ;
#7051 = DIRECTION ( 'NONE',  ( 0.000000000000000000, 0.000000000000000000, 1.000000000000000000 ) ) ;
#7052 = ORIENTED_EDGE ( 'NONE', *, *, #4953, .F. ) ;
#7053 = EDGE_CURVE ( 'NONE', #3593, #3683, #4411, .T. ) ;
#7054 = AXIS2_PLACEMENT_3D ( 'NONE', #6506, #6319, #8562 ) ;
#7055 = STYLED_ITEM ( 'NONE', ( #6159 ), #8846 ) ;
#7056 = VECTOR ( 'NONE', #6613, 39.37007874015748143 ) ;
#7057 = VECTOR ( 'NONE', #2906, 39.37007874015748143 ) ;
#7058 = CARTESIAN_POINT ( 'NONE',  ( -0.01999999999999998307, 0.04999999999999999584, -0.1399999999999999856 ) ) ;
#7060 = CARTESIAN_POINT ( 'NONE',  ( 0.1024999999999999939, 0.02500000000000000139, 0.03499999999999989231 ) ) ;
#7059 = CYLINDRICAL_SURFACE ( 'NONE', #2269, 0.01749999999999998432 ) ;
#7061 = DIMENSIONAL_EXPONENTS ( 1.000000000000000000, 0.000000000000000000, 0.000000000000000000, 0.000000000000000000, 0.000000000000000000, 0.000000000000000000, 0.000000000000000000 ) ;
#7062 = ADVANCED_FACE ( 'NONE', ( #4357 ), #2078, .T. ) ;
#7063 = EDGE_CURVE ( 'NONE', #8419, #5842, #6632, .T. ) ;
#7064 = ORIENTED_EDGE ( 'NONE', *, *, #8050, .T. ) ;
#7065 = CIRCLE ( 'NONE', #3517, 0.002524478865958256196 ) ;
#7066 = VERTEX_POINT ( 'NONE', #2955 ) ;
#7067 = DIRECTION ( 'NONE',  ( 0.000000000000000000, -0.000000000000000000, 1.000000000000000000 ) ) ;
#7068 = VECTOR ( 'NONE', #3069, 39.37007874015748143 ) ;
#7069 =( LENGTH_UNIT ( ) NAMED_UNIT ( * ) SI_UNIT ( $, .METRE. ) );
#7070 = PLANE ( 'NONE',  #4317 ) ;
#7071 = EDGE_CURVE ( 'NONE', #3290, #6586, #5898, .T. ) ;
#7072 = DIRECTION ( 'NONE',  ( 3.491481338843132961E-15, 0.000000000000000000, -1.000000000000000000 ) ) ;
#7073 = VERTEX_POINT ( 'NONE', #6539 ) ;
#7074 = VERTEX_POINT ( 'NONE', #5174 ) ;
#7075 = CARTESIAN_POINT ( 'NONE',  ( 0.1899999999999999745, 0.04250000000000002387, -0.2137500000000000788 ) ) ;
#7076 = VECTOR ( 'NONE', #2102, 39.37007874015748143 ) ;
#7077 = EDGE_LOOP ( 'NONE', ( #1599, #2428, #2293, #5536 ) ) ;
#7078 = CARTESIAN_POINT ( 'NONE',  ( 0.1500000000000000500, 0.000000000000000000, 0.2174999999999999434 ) ) ;
#7079 = EDGE_CURVE ( 'NONE', #3396, #2736, #633, .T. ) ;
#7080 = DIRECTION ( 'NONE',  ( 0.000000000000000000, -0.000000000000000000, -1.000000000000000000 ) ) ;
#7081 = VERTEX_POINT ( 'NONE', #7397 ) ;
#7082 = CARTESIAN_POINT ( 'NONE',  ( -0.1037336785659956351, 0.03070866141732543284, -0.09023622047244214683 ) ) ;
#7083 = ORIENTED_EDGE ( 'NONE', *, *, #9008, .F. ) ;
#7084 = VERTEX_POINT ( 'NONE', #784 ) ;
#7085 = CARTESIAN_POINT ( 'NONE',  ( -0.1149772726619824464, 0.02500000000000260347, -0.05283464566929260003 ) ) ;
#7086 = LINE ( 'NONE', #6367, #1347 ) ;
#7087 = LINE ( 'NONE', #2049, #2402 ) ;
#7088 = DIRECTION ( 'NONE',  ( 0.9848077530122087975, 0.1736481776669267507, 0.000000000000000000 ) ) ;
#7089 = AXIS2_PLACEMENT_3D ( 'NONE', #7576, #4538, #1590 ) ;
#7090 = DIRECTION ( 'NONE',  ( 1.000000000000000000, 0.000000000000000000, 3.491481338843132961E-15 ) ) ;
#7091 = EDGE_CURVE ( 'NONE', #6413, #4293, #4311, .T. ) ;
#7092 = EDGE_CURVE ( 'NONE', #4037, #5199, #7209, .T. ) ;
#7093 = CIRCLE ( 'NONE', #2920, 0.05999999999999997696 ) ;
#7094 = DIRECTION ( 'NONE',  ( 0.000000000000000000, 0.000000000000000000, 1.000000000000000000 ) ) ;
#7095 = ORIENTED_EDGE ( 'NONE', *, *, #6579, .F. ) ;
#7096 = ORIENTED_EDGE ( 'NONE', *, *, #380, .F. ) ;
#7097 = LINE ( 'NONE', #3523, #9332 ) ;
#7098 = VERTEX_POINT ( 'NONE', #5757 ) ;
#7099 = VECTOR ( 'NONE', #3309, 39.37007874015748143 ) ;
#7100 = CARTESIAN_POINT ( 'NONE',  ( -0.03103010096156216119, 0.04412906444113104398, -0.03019685039370173171 ) ) ;
#7101 = LINE ( 'NONE', #6476, #8835 ) ;
#7102 = EDGE_CURVE ( 'NONE', #6586, #309, #6677, .T. ) ;
#7103 = VERTEX_POINT ( 'NONE', #5944 ) ;
#7104 = AXIS2_PLACEMENT_3D ( 'NONE', #8834, #8791, #5098 ) ;
#7105 = LINE ( 'NONE', #7878, #4113 ) ;
#7106 = ADVANCED_FACE ( 'NONE', ( #686 ), #2034, .F. ) ;
#7107 = ORIENTED_EDGE ( 'NONE', *, *, #3497, .T. ) ;
#7108 = FACE_OUTER_BOUND ( 'NONE', #1844, .T. ) ;
#7110 = CARTESIAN_POINT ( 'NONE',  ( 0.01750000000000003636, 0.000000000000000000, 0.1674999999999999545 ) ) ;
#7109 = CARTESIAN_POINT ( 'NONE',  ( 0.02250000000000000611, 0.2541640786499874127, 0.04499999999999989425 ) ) ;
#7111 = ORIENTED_EDGE ( 'NONE', *, *, #8498, .F. ) ;
#7112 = ORIENTED_EDGE ( 'NONE', *, *, #6684, .T. ) ;
#7113 = PLANE ( 'NONE',  #2482 ) ;
#7114 = ADVANCED_FACE ( 'NONE', ( #8686 ), #5041, .F. ) ;
#7115 = ADVANCED_FACE ( 'NONE', ( #6582 ), #9506, .F. ) ;
#7116 = CARTESIAN_POINT ( 'NONE',  ( -0.1449999999999999900, 0.2541640786499874127, 0.1349999999999998979 ) ) ;
#7117 = LINE ( 'NONE', #493, #3564 ) ;
#7118 = LINE ( 'NONE', #8596, #2445 ) ;
#7119 = EDGE_CURVE ( 'NONE', #8017, #1132, #8775, .T. ) ;
#7120 = DIRECTION ( 'NONE',  ( 0.000000000000000000, 0.000000000000000000, 1.000000000000000000 ) ) ;
#7121 = ORIENTED_EDGE ( 'NONE', *, *, #8684, .F. ) ;
#7122 =( CONVERSION_BASED_UNIT ( 'INCH', #4956 ) LENGTH_UNIT ( ) NAMED_UNIT ( #1800 ) );
#7123 = DIMENSIONAL_EXPONENTS ( 1.000000000000000000, 0.000000000000000000, 0.000000000000000000, 0.000000000000000000, 0.000000000000000000, 0.000000000000000000, 0.000000000000000000 ) ;
#7124 = VERTEX_POINT ( 'NONE', #4500 ) ;
#7125 = FACE_OUTER_BOUND ( 'NONE', #1533, .T. ) ;
#7126 = AXIS2_PLACEMENT_3D ( 'NONE', #3003, #8878, #7307 ) ;
#7127 = SURFACE_STYLE_FILL_AREA ( #4227 ) ;
#7128 = DIRECTION ( 'NONE',  ( 0.000000000000000000, 1.000000000000000000, 0.000000000000000000 ) ) ;
#7129 = VERTEX_POINT ( 'NONE', #1732 ) ;
#7130 = CARTESIAN_POINT ( 'NONE',  ( -0.09937007874015667264, 0.04665354330708926245, -0.1173031496063003942 ) ) ;
#7131 = VECTOR ( 'NONE', #3201, 39.37007874015748143 ) ;
#7132 = ORIENTED_EDGE ( 'NONE', *, *, #5991, .F. ) ;
#7133 = ORIENTED_EDGE ( 'NONE', *, *, #1484, .T. ) ;
#7134 = LINE ( 'NONE', #5134, #3658 ) ;
#7135 = CARTESIAN_POINT ( 'NONE',  ( -0.1149772726619825158, 0.03323314028328368253, -0.01543307086614296997 ) ) ;
#7136 = DIRECTION ( 'NONE',  ( 0.000000000000000000, 0.000000000000000000, 1.000000000000000000 ) ) ;
#7137 = DIRECTION ( 'NONE',  ( -4.268512490100411895E-16, 0.000000000000000000, -1.000000000000000000 ) ) ;
#7138 = CARTESIAN_POINT ( 'NONE',  ( -0.03103010096156195649, 0.04665354330708929020, -0.09023622047244189703 ) ) ;
#7139 = LINE ( 'NONE', #7863, #275 ) ;
#7140 = CARTESIAN_POINT ( 'NONE',  ( -0.1449999999999999900, 0.02500000000000000139, 0.1349999999999998979 ) ) ;
#7141 = LINE ( 'NONE', #6328, #261 ) ;
#7142 = ORIENTED_EDGE ( 'NONE', *, *, #5643, .T. ) ;
#7143 = ORIENTED_EDGE ( 'NONE', *, *, #4534, .F. ) ;
#7144 =( CONVERSION_BASED_UNIT ( 'INCH', #8623 ) LENGTH_UNIT ( ) NAMED_UNIT ( #8588 ) );
#7145 = DIRECTION ( 'NONE',  ( 0.000000000000000000, 0.000000000000000000, -1.000000000000000000 ) ) ;
#7146 = ORIENTED_EDGE ( 'NONE', *, *, #3923, .T. ) ;
#7147 = ADVANCED_FACE ( 'NONE', ( #6093 ), #8346, .F. ) ;
#7148 = CARTESIAN_POINT ( 'NONE',  ( -0.04999999999999996114, 0.000000000000000000, 0.2324999999999999567 ) ) ;
#7149 = ORIENTED_EDGE ( 'NONE', *, *, #802, .T. ) ;
#7150 = UNCERTAINTY_MEASURE_WITH_UNIT (LENGTH_MEASURE( 1.000000000000000082E-05 ), #7045, 'distance_accuracy_value', 'NONE');
#7151 = VECTOR ( 'NONE', #8511, 39.37007874015748143 ) ;
#7152 = DIRECTION ( 'NONE',  ( 0.000000000000000000, 1.000000000000000000, 0.000000000000000000 ) ) ;
#7153 = ORIENTED_EDGE ( 'NONE', *, *, #5912, .T. ) ;
#7154 = DIRECTION ( 'NONE',  ( 3.491481338843133355E-15, 0.000000000000000000, -1.000000000000000000 ) ) ;
#7156 = PLANE ( 'NONE',  #7191 ) ;
#7155 = CARTESIAN_POINT ( 'NONE',  ( -0.02230858298703216128, 0.03312302406173386199, -0.01543307086614265425 ) ) ;
#7157 = STYLED_ITEM ( 'NONE', ( #78 ), #2686 ) ;
#7158 = ORIENTED_EDGE ( 'NONE', *, *, #5096, .T. ) ;
#7159 = ORIENTED_EDGE ( 'NONE', *, *, #8456, .F. ) ;
#7160 = FACE_OUTER_BOUND ( 'NONE', #297, .T. ) ;
#7161 = DIRECTION ( 'NONE',  ( -0.000000000000000000, -0.000000000000000000, -1.000000000000000000 ) ) ;
#7162 = COLOUR_RGB ( '',0.7921568627450980005, 0.8196078431372548767, 0.9333333333333333481 ) ;
#7163 = CARTESIAN_POINT ( 'NONE',  ( -0.1549999999999999989, 0.02500000000000000139, -0.2000000000000000111 ) ) ;
#7164 = CARTESIAN_POINT ( 'NONE',  ( 0.1900000000000000300, 0.04249999999999999611, -0.05750000000000003025 ) ) ;
#7165 = CARTESIAN_POINT ( 'NONE',  ( -0.03103010096156205710, 0.02500000000000265205, -0.06759842519685134443 ) ) ;
#7166 = VERTEX_POINT ( 'NONE', #969 ) ;
#7167 = DIRECTION ( 'NONE',  ( -0.000000000000000000, 1.000000000000000000, -0.000000000000000000 ) ) ;
#7168 = VERTEX_POINT ( 'NONE', #8969 ) ;
#7169 = AXIS2_PLACEMENT_3D ( 'NONE', #5004, #2712, #7934 ) ;
#7170 = LINE ( 'NONE', #3356, #4172 ) ;
#7171 = SURFACE_SIDE_STYLE ('',( #7983 ) ) ;
#7172 = PLANE ( 'NONE',  #2279 ) ;
#7173 = ORIENTED_EDGE ( 'NONE', *, *, #2954, .F. ) ;
#7174 = EDGE_CURVE ( 'NONE', #4828, #7074, #6145, .T. ) ;
#7175 = DIRECTION ( 'NONE',  ( -1.686880716198101922E-43, -2.426872996565747488E-29, 1.000000000000000000 ) ) ;
#7176 = EDGE_LOOP ( 'NONE', ( #2545, #9090, #1742, #8571 ) ) ;
#7177 = ORIENTED_EDGE ( 'NONE', *, *, #7763, .T. ) ;
#7178 = DIRECTION ( 'NONE',  ( -0.04361938736532778443, -0.9990482215818581313, -1.876105557667274692E-16 ) ) ;
#7179 = LINE ( 'NONE', #1861, #7973 ) ;
#7180 = DIRECTION ( 'NONE',  ( -0.000000000000000000, 0.000000000000000000, -1.000000000000000000 ) ) ;
#7181 = LENGTH_MEASURE_WITH_UNIT ( LENGTH_MEASURE( 0.02539999999999999897 ), #5061 );
#7182 = CARTESIAN_POINT ( 'NONE',  ( 0.1500000000000000500, 0.02500000000000000139, 0.2324999999999999567 ) ) ;
#7183 = LINE ( 'NONE', #2787, #8450 ) ;
#7184 = EDGE_LOOP ( 'NONE', ( #7016, #2539, #2325, #6283 ) ) ;
#7185 = ORIENTED_EDGE ( 'NONE', *, *, #8069, .F. ) ;
#7186 =( NAMED_UNIT ( * ) SI_UNIT ( $, .STERADIAN. ) SOLID_ANGLE_UNIT ( ) );
#7187 = LINE ( 'NONE', #567, #3998 ) ;
#7188 = ORIENTED_EDGE ( 'NONE', *, *, #675, .T. ) ;
#7189 = PLANE ( 'NONE',  #1654 ) ;
#7190 = CARTESIAN_POINT ( 'NONE',  ( -0.02801181102362127612, 0.03287401574803415494, -0.09023622047244189703 ) ) ;
#7191 = AXIS2_PLACEMENT_3D ( 'NONE', #6391, #532, #9306 ) ;
#7192 = ORIENTED_EDGE ( 'NONE', *, *, #8706, .F. ) ;
#7193 = VECTOR ( 'NONE', #889, 39.37007874015748143 ) ;
#7194 = LINE ( 'NONE', #9400, #6284 ) ;
#7195 = ORIENTED_EDGE ( 'NONE', *, *, #7639, .T. ) ;
#7196 = CARTESIAN_POINT ( 'NONE',  ( -0.08559055118110156513, 0.06437007874016013875, -0.09860236220472552715 ) ) ;
#7197 = AXIS2_PLACEMENT_3D ( 'NONE', #6578, #8868, #4497 ) ;
#7199 = CARTESIAN_POINT ( 'NONE',  ( -0.01999999999999998307, 0.05000000000000000278, -0.1399999999999999856 ) ) ;
#7198 = DIRECTION ( 'NONE',  ( 0.1710878697460320175, 0.9702875252478151413, 0.1710878697460323783 ) ) ;
#7200 = AXIS2_PLACEMENT_3D ( 'NONE', #8611, #1240, #5588 ) ;
#7201 = VERTEX_POINT ( 'NONE', #1007 ) ;
#7202 = AXIS2_PLACEMENT_3D ( 'NONE', #4453, #8728, #4308 ) ;
#7203 = EDGE_LOOP ( 'NONE', ( #4335, #8128, #6517, #9129 ) ) ;
#7204 = CIRCLE ( 'NONE', #8430, 0.008233140283281080787 ) ;
#7205 = FACE_OUTER_BOUND ( 'NONE', #2949, .T. ) ;
#7206 = ADVANCED_FACE ( 'NONE', ( #3963, #3872 ), #2403, .F. ) ;
#7207 = VECTOR ( 'NONE', #5106, 39.37007874015748143 ) ;
#7208 = LENGTH_MEASURE_WITH_UNIT ( LENGTH_MEASURE( 0.02539999999999999897 ), #6444 );
#7209 = LINE ( 'NONE', #7259, #2454 ) ;
#7210 = DIRECTION ( 'NONE',  ( 0.000000000000000000, 0.000000000000000000, -1.000000000000000000 ) ) ;
#7211 = EDGE_CURVE ( 'NONE', #2576, #8796, #5998, .T. ) ;
#7212 = SURFACE_STYLE_USAGE ( .BOTH. , #690 ) ;
#7213 = AXIS2_PLACEMENT_3D ( 'NONE', #232, #2643, #8336 ) ;
#7214 = VERTEX_POINT ( 'NONE', #8298 ) ;
#7215 = CARTESIAN_POINT ( 'NONE',  ( -0.01749999999999998779, 0.02500000000000000139, -0.2250000000000000333 ) ) ;
#7216 = EDGE_CURVE ( 'NONE', #333, #9146, #1692, .T. ) ;
#7217 = ADVANCED_FACE ( 'NONE', ( #6906 ), #873, .F. ) ;
#7218 = VERTEX_POINT ( 'NONE', #8251 ) ;
#7219 = CARTESIAN_POINT ( 'NONE',  ( 0.1750000000000000444, 0.04249999999999999611, -0.08246320343559634947 ) ) ;
#7220 = CARTESIAN_POINT ( 'NONE',  ( 0.08250000000000003164, 0.000000000000000000, 0.2324999999999999567 ) ) ;
#7221 = VECTOR ( 'NONE', #2730, 39.37007874015748143 ) ;
#7222 =( NAMED_UNIT ( * ) PLANE_ANGLE_UNIT ( ) SI_UNIT ( $, .RADIAN. ) );
#7223 = EDGE_CURVE ( 'NONE', #6071, #4520, #3237, .T. ) ;
#7224 = LINE ( 'NONE', #4135, #4779 ) ;
#7225 = EDGE_LOOP ( 'NONE', ( #746, #2933, #409, #6870 ) ) ;
#7226 = ORIENTED_EDGE ( 'NONE', *, *, #4892, .F. ) ;
#7227 = CARTESIAN_POINT ( 'NONE',  ( 0.1524999999999999689, 0.05999999999999999778, 0.1349999999999998701 ) ) ;
#7228 = CARTESIAN_POINT ( 'NONE',  ( 0.1674999999999999822, 0.02500000000000000139, 0.07499999999999988620 ) ) ;
#7229 = LINE ( 'NONE', #6268, #2875 ) ;
#7230 = CARTESIAN_POINT ( 'NONE',  ( 0.1674999999999999822, 0.06000000000000001166, 0.03499999999999989231 ) ) ;
#7231 = CARTESIAN_POINT ( 'NONE',  ( 0.000000000000000000, 0.05000000000000000278, -0.1649999999999999800 ) ) ;
#7232 = FACE_OUTER_BOUND ( 'NONE', #7299, .T. ) ;
#7233 = VECTOR ( 'NONE', #7765, 39.37007874015748143 ) ;
#7234 = DIRECTION ( 'NONE',  ( 1.000000000000000000, 0.000000000000000000, -0.000000000000000000 ) ) ;
#7235 = EDGE_CURVE ( 'NONE', #5974, #9050, #3915, .T. ) ;
#7236 = ORIENTED_EDGE ( 'NONE', *, *, #997, .T. ) ;
#7237 = VERTEX_POINT ( 'NONE', #6857 ) ;
#7238 = SURFACE_STYLE_USAGE ( .BOTH. , #5023 ) ;
#7239 = DIRECTION ( 'NONE',  ( 0.1736481776669306920, 0.9848077530122080203, -0.000000000000000000 ) ) ;
#7240 = ADVANCED_FACE ( 'NONE', ( #1640 ), #2264, .F. ) ;
#7241 = ORIENTED_EDGE ( 'NONE', *, *, #2939, .T. ) ;
#7242 = DIRECTION ( 'NONE',  ( -0.1736481776669306920, -0.9848077530122080203, 0.000000000000000000 ) ) ;
#7243 = ADVANCED_FACE ( 'NONE', ( #9063 ), #2451, .F. ) ;
#7244 = AXIS2_PLACEMENT_3D ( 'NONE', #1445, #7336, #720 ) ;
#7245 = SURFACE_SIDE_STYLE ('',( #2644 ) ) ;
#7246 = UNCERTAINTY_MEASURE_WITH_UNIT (LENGTH_MEASURE( 1.000000000000000082E-05 ), #1348, 'distance_accuracy_value', 'NONE');
#7247 = LINE ( 'NONE', #3385, #5967 ) ;
#7248 = VECTOR ( 'NONE', #2771, 39.37007874015748143 ) ;
#7249 = EDGE_LOOP ( 'NONE', ( #80, #2605, #6563, #8681 ) ) ;
#7250 = ADVANCED_FACE ( 'NONE', ( #6717 ), #3043, .F. ) ;
#7251 = CARTESIAN_POINT ( 'NONE',  ( -0.01226377952755831023, 0.03070866141732550222, -0.09023622047244182764 ) ) ;
#7253 = LINE ( 'NONE', #3024, #8405 ) ;
#7252 = DIRECTION ( 'NONE',  ( 0.000000000000000000, 1.000000000000000000, 0.000000000000000000 ) ) ;
#7254 = AXIS2_PLACEMENT_3D ( 'NONE', #9009, #6044, #7541 ) ;
#7255 = EDGE_LOOP ( 'NONE', ( #5531, #4634, #7708, #8453 ) ) ;
#7256 = EDGE_LOOP ( 'NONE', ( #2747, #5597 ) ) ;
#7257 = SURFACE_STYLE_USAGE ( .BOTH. , #5221 ) ;
#7258 = VECTOR ( 'NONE', #6766, 39.37007874015748143 ) ;
#7259 = CARTESIAN_POINT ( 'NONE',  ( -0.1549999999999999989, 0.05000000000000000278, -0.1500000000000000500 ) ) ;
#7260 = CARTESIAN_POINT ( 'NONE',  ( -0.01226377952755844727, 0.03070866141732550222, -0.05283464566929222533 ) ) ;
#7261 = EDGE_CURVE ( 'NONE', #3756, #2507, #4547, .T. ) ;
#7262 =( LENGTH_UNIT ( ) NAMED_UNIT ( * ) SI_UNIT ( $, .METRE. ) );
#7263 = EDGE_CURVE ( 'NONE', #2627, #8408, #1399, .T. ) ;
#7264 = EDGE_LOOP ( 'NONE', ( #5903, #4422, #9106, #1027 ) ) ;
#7265 = EDGE_LOOP ( 'NONE', ( #6438, #3838, #461, #4723 ) ) ;
#7266 = CARTESIAN_POINT ( 'NONE',  ( 0.08750000000000000833, 0.2541640786499874127, 0.07499999999999990008 ) ) ;
#7267 = SURFACE_STYLE_USAGE ( .BOTH. , #7171 ) ;
#7268 = CARTESIAN_POINT ( 'NONE',  ( -0.1149772726619823077, 0.03323314028328368253, -0.06759842519685163587 ) ) ;
#7269 = ORIENTED_EDGE ( 'NONE', *, *, #2476, .T. ) ;
#7270 = EDGE_LOOP ( 'NONE', ( #6662, #4428, #3425, #8145 ) ) ;
#7271 = CARTESIAN_POINT ( 'NONE',  ( 0.02250000000000000611, 0.02500000000000000139, 0.1249999999999999029 ) ) ;
#7272 = PLANE ( 'NONE',  #558 ) ;
#7273 = CARTESIAN_POINT ( 'NONE',  ( -0.03640029181900428928, 0.05236220472441212304, -0.09023622047244191091 ) ) ;
#7274 = CARTESIAN_POINT ( 'NONE',  ( -0.04499999999999999833, 0.06000000000000001166, 0.1349999999999998979 ) ) ;
#7275 = CARTESIAN_POINT ( 'NONE',  ( 0.000000000000000000, 0.05000000000000000278, -0.2000000000000000111 ) ) ;
#7276 = VECTOR ( 'NONE', #994, 39.37007874015748143 ) ;
#7277 = DIRECTION ( 'NONE',  ( 0.000000000000000000, 0.000000000000000000, 1.000000000000000000 ) ) ;
#7278 = VECTOR ( 'NONE', #7474, 39.37007874015748143 ) ;
#7279 = PLANE ( 'NONE',  #1052 ) ;
#7280 = ORIENTED_EDGE ( 'NONE', *, *, #7771, .T. ) ;
#7281 = EDGE_LOOP ( 'NONE', ( #1603, #8141, #3252, #672 ) ) ;
#7282 = PLANE ( 'NONE',  #3682 ) ;
#7283 = DIRECTION ( 'NONE',  ( 1.000000000000000000, 7.948530328647187309E-16, 0.000000000000000000 ) ) ;
#7284 = ORIENTED_EDGE ( 'NONE', *, *, #4258, .F. ) ;
#7285 = DIRECTION ( 'NONE',  ( 0.000000000000000000, 0.000000000000000000, 1.000000000000000000 ) ) ;
#7286 = CARTESIAN_POINT ( 'NONE',  ( 0.08250000000000003164, 0.000000000000000000, 0.2324999999999999567 ) ) ;
#7287 = EDGE_CURVE ( 'NONE', #8988, #1476, #9210, .T. ) ;
#7288 = LINE ( 'NONE', #1541, #8879 ) ;
#7289 = VERTEX_POINT ( 'NONE', #4109 ) ;
#7290 = ADVANCED_FACE ( 'NONE', ( #9259 ), #3333, .T. ) ;
#7291 = DIRECTION ( 'NONE',  ( -1.000000000000000000, -0.000000000000000000, 3.414809992080327544E-16 ) ) ;
#7292 = DIRECTION ( 'NONE',  ( -0.000000000000000000, -1.000000000000000000, -0.000000000000000000 ) ) ;
#7293 = ORIENTED_EDGE ( 'NONE', *, *, #2023, .T. ) ;
#7294 = VECTOR ( 'NONE', #5060, 39.37007874015748143 ) ;
#7295 = ORIENTED_EDGE ( 'NONE', *, *, #4543, .T. ) ;
#7296 = CYLINDRICAL_SURFACE ( 'NONE', #3265, 0.03249999999999999417 ) ;
#7297 = CARTESIAN_POINT ( 'NONE',  ( -1.691070952037113193E-18, 0.06250000000000000000, -0.03169386911171638566 ) ) ;
#7298 = LINE ( 'NONE', #5849, #6628 ) ;
#7299 = EDGE_LOOP ( 'NONE', ( #7226, #2065, #8649, #5621 ) ) ;
#7300 = CARTESIAN_POINT ( 'NONE',  ( -0.04999999999999996114, 0.000000000000000000, 0.1674999999999999545 ) ) ;
#7301 = VECTOR ( 'NONE', #6845, 39.37007874015748854 ) ;
#7303 = DIRECTION ( 'NONE',  ( 0.7071067811865469066, -1.034843700798678864E-15, 0.7071067811865482389 ) ) ;
#7302 = CARTESIAN_POINT ( 'NONE',  ( 0.000000000000000000, 0.05999999999999999778, 0.000000000000000000 ) ) ;
#7304 = ORIENTED_EDGE ( 'NONE', *, *, #3097, .F. ) ;
#7305 = ORIENTED_EDGE ( 'NONE', *, *, #1997, .F. ) ;
#7306 = EDGE_CURVE ( 'NONE', #6978, #8389, #9111, .T. ) ;
#7307 = DIRECTION ( 'NONE',  ( 0.000000000000000000, 0.000000000000000000, 1.000000000000000000 ) ) ;
#7308 =( NAMED_UNIT ( * ) SI_UNIT ( $, .STERADIAN. ) SOLID_ANGLE_UNIT ( ) );
#7309 = ADVANCED_FACE ( 'NONE', ( #4787 ), #9066, .F. ) ;
#7310 = PLANE ( 'NONE',  #148 ) ;
#7311 = ORIENTED_EDGE ( 'NONE', *, *, #1936, .T. ) ;
#7312 = ORIENTED_EDGE ( 'NONE', *, *, #2360, .F. ) ;
#7313 = FACE_OUTER_BOUND ( 'NONE', #2236, .T. ) ;
#7314 = FACE_OUTER_BOUND ( 'NONE', #3717, .T. ) ;
#7315 = CARTESIAN_POINT ( 'NONE',  ( -0.1499999999999999667, 0.02500000000000000139, 0.1999999999999999556 ) ) ;
#7316 = LINE ( 'NONE', #843, #5293 ) ;
#7317 = VECTOR ( 'NONE', #543, 39.37007874015748143 ) ;
#7318 = DIRECTION ( 'NONE',  ( 1.000000000000000000, 0.000000000000000000, 0.000000000000000000 ) ) ;
#7319 = DIRECTION ( 'NONE',  ( 1.000000000000000000, 0.000000000000000000, -3.414809992080329516E-16 ) ) ;
#7320 = FACE_BOUND ( 'NONE', #5341, .T. ) ;
#7321 = ADVANCED_FACE ( 'NONE', ( #7108 ), #1880, .F. ) ;
#7322 = LINE ( 'NONE', #8896, #1370 ) ;
#7323 = ORIENTED_EDGE ( 'NONE', *, *, #5090, .T. ) ;
#7324 = ORIENTED_EDGE ( 'NONE', *, *, #5994, .F. ) ;
#7325 = CARTESIAN_POINT ( 'NONE',  ( -0.01226377952755837789, 0.02500000000000265205, -0.06759842519685127504 ) ) ;
#7326 = DIRECTION ( 'NONE',  ( -0.000000000000000000, -1.000000000000000000, -0.000000000000000000 ) ) ;
#7327 = VERTEX_POINT ( 'NONE', #2599 ) ;
#7328 = CARTESIAN_POINT ( 'NONE',  ( 0.02250000000000000611, 0.2541640786499874127, 0.04499999999999989425 ) ) ;
#7329 = LINE ( 'NONE', #3074, #6363 ) ;
#7330 = DIRECTION ( 'NONE',  ( 4.268512490100413374E-16, -0.000000000000000000, 1.000000000000000000 ) ) ;
#7331 = EDGE_CURVE ( 'NONE', #937, #9478, #1833, .T. ) ;
#7332 = UNCERTAINTY_MEASURE_WITH_UNIT (LENGTH_MEASURE( 1.000000000000000082E-05 ), #905, 'distance_accuracy_value', 'NONE');
#7333 = DIRECTION ( 'NONE',  ( -3.414809992080327544E-16, 1.463489996605855394E-15, -1.000000000000000000 ) ) ;
#7334 = ORIENTED_EDGE ( 'NONE', *, *, #1295, .F. ) ;
#7335 = EDGE_CURVE ( 'NONE', #5094, #7453, #911, .T. ) ;
#7336 = DIRECTION ( 'NONE',  ( 0.000000000000000000, 1.000000000000000000, 0.000000000000000000 ) ) ;
#7337 = LINE ( 'NONE', #722, #6296 ) ;
#7338 =( GEOMETRIC_REPRESENTATION_CONTEXT ( 3 ) GLOBAL_UNCERTAINTY_ASSIGNED_CONTEXT ( ( #6665 ) ) GLOBAL_UNIT_ASSIGNED_CONTEXT ( ( #2129, #5137, #2959 ) ) REPRESENTATION_CONTEXT ( 'NONE', 'WORKASPACE' ) );
#7339 = ORIENTED_EDGE ( 'NONE', *, *, #3257, .T. ) ;
#7340 = EDGE_LOOP ( 'NONE', ( #4205, #5097, #7892, #5170 ) ) ;
#7341 = CARTESIAN_POINT ( 'NONE',  ( -0.1449999999999999900, 0.02500000000000000139, 0.1349999999999998979 ) ) ;
#7342 = DIRECTION ( 'NONE',  ( 0.000000000000000000, -0.000000000000000000, -1.000000000000000000 ) ) ;
#7343 = EDGE_CURVE ( 'NONE', #3553, #8434, #2301, .T. ) ;
#7344 = CARTESIAN_POINT ( 'NONE',  ( -0.03539370078740091546, 0.04665354330708928327, -0.06759842519685135831 ) ) ;
#7346 = LINE ( 'NONE', #7260, #3674 ) ;
#7345 = FACE_OUTER_BOUND ( 'NONE', #4877, .T. ) ;
#7347 = ADVANCED_FACE ( 'NONE', ( #5562 ), #6389, .T. ) ;
#7348 = VECTOR ( 'NONE', #6938, 39.37007874015748143 ) ;
#7349 = LINE ( 'NONE', #3176, #3170 ) ;
#7350 = EDGE_CURVE ( 'NONE', #7073, #8530, #6238, .T. ) ;
#7351 = VERTEX_POINT ( 'NONE', #7058 ) ;
#7352 = AXIS2_PLACEMENT_3D ( 'NONE', #2631, #1905, #9286 ) ;
#7353 = ORIENTED_EDGE ( 'NONE', *, *, #6223, .T. ) ;
#7354 = CARTESIAN_POINT ( 'NONE',  ( 0.02500000000000003955, 0.08250000000000003164, -0.1171611781858500761 ) ) ;
#7355 = VECTOR ( 'NONE', #4000, 39.37007874015748143 ) ;
#7356 = ADVANCED_FACE ( 'NONE', ( #438 ), #5463, .F. ) ;
#7357 =( CONVERSION_BASED_UNIT ( 'INCH', #3647 ) LENGTH_UNIT ( ) NAMED_UNIT ( #8527 ) );
#7358 = CARTESIAN_POINT ( 'NONE',  ( -0.03640029181900455990, 0.05236220472441210916, -0.01543307086614269762 ) ) ;
#7359 = VECTOR ( 'NONE', #5414, 39.37007874015748143 ) ;
#7360 = ORIENTED_EDGE ( 'NONE', *, *, #5960, .F. ) ;
#7361 = ORIENTED_EDGE ( 'NONE', *, *, #8392, .F. ) ;
#7362 = LINE ( 'NONE', #8937, #102 ) ;
#7363 = CARTESIAN_POINT ( 'NONE',  ( -0.04499999999999998446, 0.02500000000000000139, 0.01999999999999987899 ) ) ;
#7364 = DIRECTION ( 'NONE',  ( 1.000000000000000000, 7.948530328647187309E-16, 0.000000000000000000 ) ) ;
#7365 = PLANE ( 'NONE',  #955 ) ;
#7366 = FACE_OUTER_BOUND ( 'NONE', #2774, .T. ) ;
#7367 = ORIENTED_EDGE ( 'NONE', *, *, #89, .T. ) ;
#7368 = AXIS2_PLACEMENT_3D ( 'NONE', #3619, #9480, #2881 ) ;
#7369 = EDGE_CURVE ( 'NONE', #2646, #2697, #8540, .T. ) ;
#7370 = DIRECTION ( 'NONE',  ( 3.491481338843132961E-15, 2.610670105356077775E-29, -1.000000000000000000 ) ) ;
#7371 = VECTOR ( 'NONE', #5420, 39.37007874015748143 ) ;
#7372 = FACE_OUTER_BOUND ( 'NONE', #5595, .T. ) ;
#7373 = DIRECTION ( 'NONE',  ( -0.000000000000000000, 1.000000000000000000, -0.000000000000000000 ) ) ;
#7374 = ORIENTED_EDGE ( 'NONE', *, *, #7216, .F. ) ;
#7375 = ORIENTED_EDGE ( 'NONE', *, *, #8239, .F. ) ;
#7376 = DIRECTION ( 'NONE',  ( 0.000000000000000000, 0.000000000000000000, 1.000000000000000000 ) ) ;
#7377 = VECTOR ( 'NONE', #7468, 39.37007874015748143 ) ;
#7378 = LINE ( 'NONE', #8900, #2753 ) ;
#7379 = ORIENTED_EDGE ( 'NONE', *, *, #2675, .F. ) ;
#7380 = FACE_OUTER_BOUND ( 'NONE', #4183, .T. ) ;
#7381 = DIRECTION ( 'NONE',  ( 1.000000000000000000, 0.000000000000000000, -0.000000000000000000 ) ) ;
#7382 = SURFACE_STYLE_FILL_AREA ( #3764 ) ;
#7383 = ADVANCED_FACE ( 'NONE', ( #4014 ), #4883, .T. ) ;
#7384 = EDGE_CURVE ( 'NONE', #5199, #5361, #1261, .T. ) ;
#7385 = VECTOR ( 'NONE', #8987, 39.37007874015748143 ) ;
#7386 = DIRECTION ( 'NONE',  ( -0.04361938736532777749, -0.9990482215818581313, -0.000000000000000000 ) ) ;
#7387 = EDGE_LOOP ( 'NONE', ( #8583, #4410, #2059, #8026 ) ) ;
#7388 = AXIS2_PLACEMENT_3D ( 'NONE', #2738, #3573, #8624 ) ;
#7389 = DIRECTION ( 'NONE',  ( 2.205887687109710087E-45, -2.775214531370033128E-30, -1.000000000000000000 ) ) ;
#7390 = MECHANICAL_DESIGN_GEOMETRIC_PRESENTATION_REPRESENTATION (  '', ( #5839 ), #1056 ) ;
#7391 = CARTESIAN_POINT ( 'NONE',  ( 0.000000000000000000, 0.02500000000000000139, 0.000000000000000000 ) ) ;
#7392 = EDGE_LOOP ( 'NONE', ( #4123, #7986, #3159, #5238 ) ) ;
#7393 = EDGE_CURVE ( 'NONE', #6364, #5805, #530, .T. ) ;
#7394 = AXIS2_PLACEMENT_3D ( 'NONE', #3174, #5988, #4680 ) ;
#7395 = LINE ( 'NONE', #2076, #250 ) ;
#7396 = DIRECTION ( 'NONE',  ( -0.000000000000000000, 1.000000000000000000, -0.000000000000000000 ) ) ;
#7397 = CARTESIAN_POINT ( 'NONE',  ( -0.01749999999999997391, 0.05000000000000000278, -0.2000000000000000111 ) ) ;
#7398 = CARTESIAN_POINT ( 'NONE',  ( 0.1900000000000000300, 1.115911122411966050E-16, -0.07625000000000012323 ) ) ;
#7399 = AXIS2_PLACEMENT_3D ( 'NONE', #9035, #3160, #6878 ) ;
#7400 =( LENGTH_UNIT ( ) NAMED_UNIT ( * ) SI_UNIT ( $, .METRE. ) );
#7401 = ORIENTED_EDGE ( 'NONE', *, *, #4995, .T. ) ;
#7402 = ADVANCED_FACE ( 'NONE', ( #337 ), #2551, .F. ) ;
#7403 = ORIENTED_EDGE ( 'NONE', *, *, #620, .F. ) ;
#7404 = EDGE_CURVE ( 'NONE', #6935, #9505, #2119, .T. ) ;
#7405 = CARTESIAN_POINT ( 'NONE',  ( 0.1524999999999999689, 0.05999999999999999778, 0.1349999999999998701 ) ) ;
#7406 = AXIS2_PLACEMENT_3D ( 'NONE', #2471, #6875, #8463 ) ;
#7407 = EDGE_CURVE ( 'NONE', #314, #2564, #5787, .T. ) ;
#7408 = CARTESIAN_POINT ( 'NONE',  ( 0.01750000000000003636, 0.000000000000000000, 0.2324999999999999567 ) ) ;
#7409 = VERTEX_POINT ( 'NONE', #3628 ) ;
#7410 = VERTEX_POINT ( 'NONE', #2894 ) ;
#7411 = DIRECTION ( 'NONE',  ( -0.000000000000000000, -1.000000000000000000, -0.000000000000000000 ) ) ;
#7412 = PLANE ( 'NONE',  #6874 ) ;
#7413 = CARTESIAN_POINT ( 'NONE',  ( -0.08559055118110156513, 0.06437007874016013875, -0.1035236220472452173 ) ) ;
#7414 = CARTESIAN_POINT ( 'NONE',  ( 0.01750000000000003636, 0.000000000000000000, 0.2324999999999999567 ) ) ;
#7415 = FILL_AREA_STYLE ('',( #2924 ) ) ;
#7416 = ORIENTED_EDGE ( 'NONE', *, *, #3811, .F. ) ;
#7417 = DIRECTION ( 'NONE',  ( 2.205887687109710087E-45, -2.775214531370033128E-30, -1.000000000000000000 ) ) ;
#7418 = DIRECTION ( 'NONE',  ( -1.000000000000000000, 0.000000000000000000, 0.000000000000000000 ) ) ;
#7419 = CARTESIAN_POINT ( 'NONE',  ( -0.1549999999999999989, 0.02500000000000000139, -0.1925000000000000600 ) ) ;
#7420 = VERTEX_POINT ( 'NONE', #6484 ) ;
#7421 = VERTEX_POINT ( 'NONE', #9490 ) ;
#7422 = CARTESIAN_POINT ( 'NONE',  ( 0.1899999999999999467, 0.1000000000000000194, -0.2275000000000000355 ) ) ;
#7423 = DIRECTION ( 'NONE',  ( 1.000000000000000000, 0.000000000000000000, -0.000000000000000000 ) ) ;
#7424 = VERTEX_POINT ( 'NONE', #8719 ) ;
#7425 = PLANE ( 'NONE',  #1268 ) ;
#7426 = LINE ( 'NONE', #2026, #4032 ) ;
#7427 = DIRECTION ( 'NONE',  ( 1.000000000000000000, 0.000000000000000000, 1.224646799147353207E-16 ) ) ;
#7428 = CARTESIAN_POINT ( 'NONE',  ( -0.05999999999999999084, 0.05000000000000000278, -0.2250000000000000333 ) ) ;
#7429 = UNCERTAINTY_MEASURE_WITH_UNIT (LENGTH_MEASURE( 1.000000000000000082E-05 ), #6652, 'distance_accuracy_value', 'NONE');
#7430 = ADVANCED_FACE ( 'NONE', ( #3536 ), #673, .T. ) ;
#7431 = CIRCLE ( 'NONE', #9263, 0.002524478865958239282 ) ;
#7432 = CARTESIAN_POINT ( 'NONE',  ( -0.1549999999999999989, 0.05000000000000000278, -0.2000000000000000111 ) ) ;
#7433 = ORIENTED_EDGE ( 'NONE', *, *, #6371, .T. ) ;
#7434 = EDGE_CURVE ( 'NONE', #2568, #3290, #5075, .T. ) ;
#7435 = DIRECTION ( 'NONE',  ( 3.386200294282863932E-15, -5.970784739650144032E-16, -1.000000000000000000 ) ) ;
#7436 = VECTOR ( 'NONE', #4702, 39.37007874015748854 ) ;
#7437 = DIRECTION ( 'NONE',  ( 0.000000000000000000, -0.000000000000000000, -1.000000000000000000 ) ) ;
#7438 = APPLICATION_CONTEXT ( 'automotive_design' ) ;
#7439 = VERTEX_POINT ( 'NONE', #8819 ) ;
#7440 = LINE ( 'NONE', #100, #7050 ) ;
#7441 = CARTESIAN_POINT ( 'NONE',  ( -0.03640029181900455990, 0.05236220472441212304, -0.03019685039370175600 ) ) ;
#7442 = CLOSED_SHELL ( 'NONE', ( #2099, #4679, #799, #4959, #4794, #6960 ) ) ;
#7443 = CARTESIAN_POINT ( 'NONE',  ( 0.000000000000000000, 0.02500000000000000139, 0.000000000000000000 ) ) ;
#7445 = CARTESIAN_POINT ( 'NONE',  ( -0.1549999999999999989, 0.05000000000000000278, -0.2000000000000000111 ) ) ;
#7444 = CARTESIAN_POINT ( 'NONE',  ( 0.000000000000000000, 0.05000000000000000278, 0.000000000000000000 ) ) ;
#7446 = ORIENTED_EDGE ( 'NONE', *, *, #8857, .F. ) ;
#7447 = PRODUCT_CONTEXT ( 'NONE', #3486, 'mechanical' ) ;
#7448 = ORIENTED_EDGE ( 'NONE', *, *, #6042, .T. ) ;
#7449 = CARTESIAN_POINT ( 'NONE',  ( -0.04999999999999996808, 0.02500000000000000139, -0.1649999999999999800 ) ) ;
#7450 = STYLED_ITEM ( 'NONE', ( #7022 ), #2784 ) ;
#7451 = DIRECTION ( 'NONE',  ( 0.000000000000000000, -1.000000000000000000, 0.000000000000000000 ) ) ;
#7452 = ORIENTED_EDGE ( 'NONE', *, *, #9317, .F. ) ;
#7453 = VERTEX_POINT ( 'NONE', #5125 ) ;
#7454 = EDGE_CURVE ( 'NONE', #4037, #6978, #625, .T. ) ;
#7455 = DIRECTION ( 'NONE',  ( -0.000000000000000000, -1.000000000000000000, -0.000000000000000000 ) ) ;
#7456 = LINE ( 'NONE', #3653, #99 ) ;
#7457 = FACE_OUTER_BOUND ( 'NONE', #6206, .T. ) ;
#7458 = FACE_OUTER_BOUND ( 'NONE', #1883, .T. ) ;
#7459 = SURFACE_STYLE_USAGE ( .BOTH. , #5108 ) ;
#7460 = VECTOR ( 'NONE', #3518, 39.37007874015748143 ) ;
#7461 = ORIENTED_EDGE ( 'NONE', *, *, #8517, .T. ) ;
#7462 = LINE ( 'NONE', #37, #5673 ) ;
#7463 = CARTESIAN_POINT ( 'NONE',  ( 0.04496320343559635779, 0.08250000000000000389, -0.06249999999999997224 ) ) ;
#7464 = EDGE_CURVE ( 'NONE', #6422, #4098, #8054, .T. ) ;
#7465 = LINE ( 'NONE', #1614, #6914 ) ;
#7466 = ORIENTED_EDGE ( 'NONE', *, *, #5519, .F. ) ;
#7467 = VERTEX_POINT ( 'NONE', #9403 ) ;
#7468 = DIRECTION ( 'NONE',  ( -0.04361938736532853383, -0.9990482215818581313, 0.000000000000000000 ) ) ;
#7469 = CARTESIAN_POINT ( 'NONE',  ( -0.1499999999999999667, 0.000000000000000000, 0.1999999999999999556 ) ) ;
#7470 =( GEOMETRIC_REPRESENTATION_CONTEXT ( 3 ) GLOBAL_UNCERTAINTY_ASSIGNED_CONTEXT ( ( #8858 ) ) GLOBAL_UNIT_ASSIGNED_CONTEXT ( ( #4879, #8536, #2795 ) ) REPRESENTATION_CONTEXT ( 'NONE', 'WORKASPACE' ) );
#7471 = ORIENTED_EDGE ( 'NONE', *, *, #1637, .F. ) ;
#7472 = LINE ( 'NONE', #856, #2961 ) ;
#7473 = CARTESIAN_POINT ( 'NONE',  ( 0.06250000000000001388, 0.02500000000000000139, 0.05999999999999990064 ) ) ;
#7474 = DIRECTION ( 'NONE',  ( -1.000000000000000000, 5.514392145893227464E-16, -3.127367192324687779E-15 ) ) ;
#7475 = VECTOR ( 'NONE', #7505, 39.37007874015748854 ) ;
#7476 = DIRECTION ( 'NONE',  ( -3.491481338843133355E-15, -0.000000000000000000, 1.000000000000000000 ) ) ;
#7477 = ORIENTED_EDGE ( 'NONE', *, *, #8911, .F. ) ;
#7478 = DIRECTION ( 'NONE',  ( -1.000000000000000000, 0.000000000000000000, -0.000000000000000000 ) ) ;
#7479 = FACE_OUTER_BOUND ( 'NONE', #3053, .T. ) ;
#7480 = VERTEX_POINT ( 'NONE', #7196 ) ;
#7481 = DIRECTION ( 'NONE',  ( 0.000000000000000000, 0.000000000000000000, 1.000000000000000000 ) ) ;
#7482 = CARTESIAN_POINT ( 'NONE',  ( -0.1549999999999999989, 0.02500000000000000139, -0.2000000000000000111 ) ) ;
#7483 = DIRECTION ( 'NONE',  ( 3.491481338843132961E-15, 0.000000000000000000, -1.000000000000000000 ) ) ;
#7484 = COLOUR_RGB ( '',0.7921568627450980005, 0.8196078431372548767, 0.9333333333333333481 ) ;
#7486 = LINE ( 'NONE', #3096, #4588 ) ;
#7485 = DIRECTION ( 'NONE',  ( -0.000000000000000000, 1.000000000000000000, 0.000000000000000000 ) ) ;
#7487 = ORIENTED_EDGE ( 'NONE', *, *, #7784, .T. ) ;
#7488 = ADVANCED_FACE ( 'NONE', ( #7965 ), #1354, .F. ) ;
#7489 = VECTOR ( 'NONE', #6000, 39.37007874015748143 ) ;
#7490 = ORIENTED_EDGE ( 'NONE', *, *, #5342, .T. ) ;
#7491 = DIRECTION ( 'NONE',  ( -0.000000000000000000, -0.000000000000000000, 1.000000000000000000 ) ) ;
#7492 = AXIS2_PLACEMENT_3D ( 'NONE', #8032, #4423, #4372 ) ;
#7493 = DIRECTION ( 'NONE',  ( -0.000000000000000000, 1.000000000000000000, -0.000000000000000000 ) ) ;
#7494 = EDGE_CURVE ( 'NONE', #2091, #7851, #1682, .T. ) ;
#7495 = DIRECTION ( 'NONE',  ( -6.950840520229924419E-15, -1.000000000000000000, -2.426872996565747488E-29 ) ) ;
#7496 = EDGE_CURVE ( 'NONE', #2276, #4008, #580, .T. ) ;
#7497 = ORIENTED_EDGE ( 'NONE', *, *, #5947, .F. ) ;
#7498 = ORIENTED_EDGE ( 'NONE', *, *, #384, .F. ) ;
#7499 = CARTESIAN_POINT ( 'NONE',  ( -0.1037336785659957600, 0.04665354330708928327, -0.05283464566929253758 ) ) ;
#7500 = DIRECTION ( 'NONE',  ( 7.477256361968997021E-15, 1.000000000000000000, 0.000000000000000000 ) ) ;
#7501 = EDGE_CURVE ( 'NONE', #5694, #6250, #4299, .T. ) ;
#7502 = CARTESIAN_POINT ( 'NONE',  ( -0.04999999999999996808, 0.02500000000000000139, -0.1649999999999999800 ) ) ;
#7503 = VECTOR ( 'NONE', #7714, 39.37007874015748143 ) ;
#7504 = CARTESIAN_POINT ( 'NONE',  ( 0.02250000000000000611, 0.06000000000000001166, 0.1099999999999999034 ) ) ;
#7505 = DIRECTION ( 'NONE',  ( 0.04361938736532856159, -0.9990482215818581313, 1.876105557667275432E-16 ) ) ;
#7506 = ORIENTED_EDGE ( 'NONE', *, *, #6048, .F. ) ;
#7507 = VECTOR ( 'NONE', #5704, 39.37007874015748143 ) ;
#7508 = MECHANICAL_DESIGN_GEOMETRIC_PRESENTATION_REPRESENTATION (  '', ( #4733 ), #5655 ) ;
#7509 = CYLINDRICAL_SURFACE ( 'NONE', #5565, 0.01749999999999998432 ) ;
#7510 = EDGE_CURVE ( 'NONE', #8505, #6596, #5889, .T. ) ;
#7511 = FILL_AREA_STYLE_COLOUR ( '', #8373 ) ;
#7512 = VECTOR ( 'NONE', #9470, 39.37007874015748143 ) ;
#7513 = AXIS2_PLACEMENT_3D ( 'NONE', #8311, #2466, #8218 ) ;
#7514 = LINE ( 'NONE', #987, #1516 ) ;
#7515 = VECTOR ( 'NONE', #7543, 39.37007874015748143 ) ;
#7516 = ORIENTED_EDGE ( 'NONE', *, *, #7223, .F. ) ;
#7517 = ORIENTED_EDGE ( 'NONE', *, *, #523, .T. ) ;
#7518 = PLANE ( 'NONE',  #8626 ) ;
#7519 = EDGE_LOOP ( 'NONE', ( #7293, #4233, #4889, #2245 ) ) ;
#7520 = ORIENTED_EDGE ( 'NONE', *, *, #4519, .T. ) ;
#7521 = CARTESIAN_POINT ( 'NONE',  ( -0.1224999999999995121, 0.03070866141732548488, -0.01543307086614300466 ) ) ;
#7522 = CARTESIAN_POINT ( 'NONE',  ( -0.1149772726619825158, 0.03070866141732543284, -0.01543307086614296997 ) ) ;
#7523 = FACE_OUTER_BOUND ( 'NONE', #4805, .T. ) ;
#7524 = LINE ( 'NONE', #904, #1417 ) ;
#7525 = VECTOR ( 'NONE', #1346, 39.37007874015748143 ) ;
#7526 = ADVANCED_FACE ( 'NONE', ( #2209 ), #5168, .F. ) ;
#7527 = AXIS2_PLACEMENT_3D ( 'NONE', #9389, #4291, #2790 ) ;
#7528 = DIRECTION ( 'NONE',  ( 0.000000000000000000, 0.000000000000000000, 1.000000000000000000 ) ) ;
#7529 = EDGE_CURVE ( 'NONE', #8690, #9067, #5031, .T. ) ;
#7530 = EDGE_LOOP ( 'NONE', ( #7953, #5156 ) ) ;
#7531 = SURFACE_STYLE_FILL_AREA ( #9051 ) ;
#7532 = EDGE_CURVE ( 'NONE', #7327, #8505, #2844, .T. ) ;
#7533 = FACE_OUTER_BOUND ( 'NONE', #1801, .T. ) ;
#7534 = DIRECTION ( 'NONE',  ( -1.000000000000000000, -0.000000000000000000, 3.414809992080327544E-16 ) ) ;
#7535 = VECTOR ( 'NONE', #4195, 39.37007874015748143 ) ;
#7536 = EDGE_LOOP ( 'NONE', ( #9325, #5030 ) ) ;
#7537 = DIRECTION ( 'NONE',  ( 0.000000000000000000, -0.000000000000000000, 1.000000000000000000 ) ) ;
#7538 = EDGE_CURVE ( 'NONE', #1099, #4098, #2024, .T. ) ;
#7539 = CARTESIAN_POINT ( 'NONE',  ( -0.1549999999999999989, 0.02500000000000000139, -0.1925000000000000600 ) ) ;
#7540 = VECTOR ( 'NONE', #9372, 39.37007874015748143 ) ;
#7541 = DIRECTION ( 'NONE',  ( -1.000000000000000000, 6.950840520229924419E-15, 0.000000000000000000 ) ) ;
#7543 = DIRECTION ( 'NONE',  ( -3.491481338843132961E-15, -0.000000000000000000, 1.000000000000000000 ) ) ;
#7542 = FILL_AREA_STYLE_COLOUR ( '', #6839 ) ;
#7544 = VECTOR ( 'NONE', #1058, 39.37007874015748143 ) ;
#7545 = VERTEX_POINT ( 'NONE', #1306 ) ;
#7546 = PRESENTATION_LAYER_ASSIGNMENT (  '', '', ( #748 ) ) ;
#7547 = VERTEX_POINT ( 'NONE', #864 ) ;
#7548 = CARTESIAN_POINT ( 'NONE',  ( -0.1062557546874521031, 0.04423918066268085758, -0.1050000000000012174 ) ) ;
#7549 = VECTOR ( 'NONE', #4413, 39.37007874015748143 ) ;
#7550 = CIRCLE ( 'NONE', #5552, 0.008233140283281080787 ) ;
#7551 = LINE ( 'NONE', #929, #310 ) ;
#7552 = EDGE_CURVE ( 'NONE', #5040, #7813, #2352, .T. ) ;
#7553 = ORIENTED_EDGE ( 'NONE', *, *, #4223, .F. ) ;
#7554 = ORIENTED_EDGE ( 'NONE', *, *, #7636, .F. ) ;
#7555 = CARTESIAN_POINT ( 'NONE',  ( -0.1549999999999999989, 0.05000000000000000278, -0.1925000000000000600 ) ) ;
#7556 = PLANE ( 'NONE',  #6968 ) ;
#7557 = LINE ( 'NONE', #1662, #6555 ) ;
#7558 = ORIENTED_EDGE ( 'NONE', *, *, #6356, .F. ) ;
#7559 = CIRCLE ( 'NONE', #4790, 0.002524478865958256196 ) ;
#7560 = CARTESIAN_POINT ( 'NONE',  ( 0.08750000000000000833, 0.06000000000000001166, 0.07499999999999990008 ) ) ;
#7561 =( CONVERSION_BASED_UNIT ( 'INCH', #3258 ) LENGTH_UNIT ( ) NAMED_UNIT ( #3030 ) );
#7562 = DIRECTION ( 'NONE',  ( -1.000000000000000000, 0.000000000000000000, 0.000000000000000000 ) ) ;
#7563 = EDGE_LOOP ( 'NONE', ( #1554, #7112 ) ) ;
#7564 = CARTESIAN_POINT ( 'NONE',  ( 0.06250000000000001388, 0.2541640786499874127, 0.1249999999999999029 ) ) ;
#7565 = ORIENTED_EDGE ( 'NONE', *, *, #4945, .T. ) ;
#7566 = ORIENTED_EDGE ( 'NONE', *, *, #6387, .F. ) ;
#7567 = LINE ( 'NONE', #6218, #6437 ) ;
#7568 = LINE ( 'NONE', #4671, #3256 ) ;
#7569 = DIRECTION ( 'NONE',  ( 1.365120289045977339E-16, 0.000000000000000000, -1.000000000000000000 ) ) ;
#7570 = DIRECTION ( 'NONE',  ( 0.000000000000000000, 0.000000000000000000, -1.000000000000000000 ) ) ;
#7571 = LENGTH_MEASURE_WITH_UNIT ( LENGTH_MEASURE( 0.02539999999999999897 ), #3167 );
#7572 = CARTESIAN_POINT ( 'NONE',  ( 0.000000000000000000, 0.05999999999999999778, 0.000000000000000000 ) ) ;
#7573 = DIRECTION ( 'NONE',  ( 1.000000000000000000, 0.000000000000000000, -2.845674993400276898E-16 ) ) ;
#7574 = ORIENTED_EDGE ( 'NONE', *, *, #7014, .F. ) ;
#7575 = CARTESIAN_POINT ( 'NONE',  ( -0.03640029181900455990, 0.05236220472441212304, -0.01543307086614269762 ) ) ;
#7576 = CARTESIAN_POINT ( 'NONE',  ( -0.03103010096156205710, 0.04412906444113104398, -0.06759842519685134443 ) ) ;
#7577 = CARTESIAN_POINT ( 'NONE',  ( -0.1249999999999999445, 0.02500000000000000139, 0.07499999999999988620 ) ) ;
#7578 = EDGE_CURVE ( 'NONE', #4293, #504, #3729, .T. ) ;
#7579 = PLANE ( 'NONE',  #8564 ) ;
#7580 = ORIENTED_EDGE ( 'NONE', *, *, #3780, .T. ) ;
#7581 = VECTOR ( 'NONE', #1783, 39.37007874015748143 ) ;
#7582 = DIRECTION ( 'NONE',  ( -1.000000000000000000, 0.000000000000000000, -3.369957298309943736E-15 ) ) ;
#7583 = CARTESIAN_POINT ( 'NONE',  ( 0.1000000000000000056, 0.08250000000000003164, -0.1449999999999999900 ) ) ;
#7584 = ADVANCED_FACE ( 'NONE', ( #6850 ), #2395, .F. ) ;
#7585 = VECTOR ( 'NONE', #3462, 39.37007874015748143 ) ;
#7586 = DIRECTION ( 'NONE',  ( 0.000000000000000000, 1.000000000000000000, 0.000000000000000000 ) ) ;
#7588 = FACE_OUTER_BOUND ( 'NONE', #3621, .T. ) ;
#7587 =( NAMED_UNIT ( * ) SI_UNIT ( $, .STERADIAN. ) SOLID_ANGLE_UNIT ( ) );
#7589 = ORIENTED_EDGE ( 'NONE', *, *, #7211, .F. ) ;
#7590 = ORIENTED_EDGE ( 'NONE', *, *, #2743, .F. ) ;
#7591 = PLANE ( 'NONE',  #3735 ) ;
#7592 = CARTESIAN_POINT ( 'NONE',  ( -0.1062557546874521724, 0.04423918066268085758, -0.09023622047244216071 ) ) ;
#7593 = DIRECTION ( 'NONE',  ( -1.000000000000000000, -6.950840520229924419E-15, 0.000000000000000000 ) ) ;
#7594 = ORIENTED_EDGE ( 'NONE', *, *, #5556, .T. ) ;
#7595 = ORIENTED_EDGE ( 'NONE', *, *, #8753, .T. ) ;
#7596 = DIRECTION ( 'NONE',  ( 1.000000000000000000, 0.000000000000000000, -4.878299988686180374E-16 ) ) ;
#7597 = DIRECTION ( 'NONE',  ( 0.000000000000000000, 1.000000000000000000, -0.000000000000000000 ) ) ;
#7598 = DIRECTION ( 'NONE',  ( -0.000000000000000000, -0.000000000000000000, 1.000000000000000000 ) ) ;
#7599 = ADVANCED_FACE ( 'NONE', ( #5937 ), #5312, .F. ) ;
#7600 = ORIENTED_EDGE ( 'NONE', *, *, #968, .F. ) ;
#7601 = CARTESIAN_POINT ( 'NONE',  ( -0.04999999999999996114, 0.02500000000000000139, 0.1674999999999999545 ) ) ;
#7602 = ADVANCED_FACE ( 'NONE', ( #7533 ), #51, .T. ) ;
#7603 = FILL_AREA_STYLE ('',( #9177 ) ) ;
#7604 = DIRECTION ( 'NONE',  ( 0.000000000000000000, 1.000000000000000000, 0.000000000000000000 ) ) ;
#7605 = VERTEX_POINT ( 'NONE', #8193 ) ;
#7606 = CARTESIAN_POINT ( 'NONE',  ( 0.000000000000000000, 0.02500000000000000139, 0.000000000000000000 ) ) ;
#7607 = ORIENTED_EDGE ( 'NONE', *, *, #6522, .F. ) ;
#7608 = ORIENTED_EDGE ( 'NONE', *, *, #7663, .F. ) ;
#7609 = FACE_OUTER_BOUND ( 'NONE', #260, .T. ) ;
#7610 =( GEOMETRIC_REPRESENTATION_CONTEXT ( 3 ) GLOBAL_UNCERTAINTY_ASSIGNED_CONTEXT ( ( #6480 ) ) GLOBAL_UNIT_ASSIGNED_CONTEXT ( ( #6558, #8568, #561 ) ) REPRESENTATION_CONTEXT ( 'NONE', 'WORKASPACE' ) );
#7611 = DIRECTION ( 'NONE',  ( -0.000000000000000000, 1.000000000000000000, -0.000000000000000000 ) ) ;
#7612 = FACE_OUTER_BOUND ( 'NONE', #2340, .T. ) ;
#7613 = DIRECTION ( 'NONE',  ( 0.000000000000000000, 1.000000000000000000, 0.000000000000000000 ) ) ;
#7614 = CARTESIAN_POINT ( 'NONE',  ( -0.1062557546874524500, 0.04423918066268085758, -0.01543307086614294395 ) ) ;
#7615 = EDGE_CURVE ( 'NONE', #1808, #520, #4465, .T. ) ;
#7616 = DIRECTION ( 'NONE',  ( 1.000000000000000000, 0.000000000000000000, 3.491481338843132961E-15 ) ) ;
#7617 = ORIENTED_EDGE ( 'NONE', *, *, #8534, .T. ) ;
#7618 = CARTESIAN_POINT ( 'NONE',  ( -0.1149772726619821689, 0.03323314028328368253, -0.1050000000000012312 ) ) ;
#7619 = CARTESIAN_POINT ( 'NONE',  ( 0.02250000000000000611, 0.06000000000000001166, 0.04499999999999989425 ) ) ;
#7620 = EDGE_CURVE ( 'NONE', #2982, #6566, #6759, .T. ) ;
#7621 = LINE ( 'NONE', #2494, #3041 ) ;
#7622 = CARTESIAN_POINT ( 'NONE',  ( -0.1549999999999999989, 0.02500000000000000139, -0.1575000000000000289 ) ) ;
#7623 = EDGE_CURVE ( 'NONE', #8389, #5748, #9053, .T. ) ;
#7624 = PRESENTATION_LAYER_ASSIGNMENT (  '', '', ( #6708 ) ) ;
#7625 = VERTEX_POINT ( 'NONE', #8244 ) ;
#7626 = FACE_OUTER_BOUND ( 'NONE', #1837, .T. ) ;
#7627 = DIRECTION ( 'NONE',  ( -1.000000000000000000, 0.000000000000000000, -0.000000000000000000 ) ) ;
#7628 = DIRECTION ( 'NONE',  ( -1.000000000000000000, 0.000000000000000000, -3.381697939847999996E-15 ) ) ;
#7630 = DIRECTION ( 'NONE',  ( -1.000000000000000000, -0.000000000000000000, -0.000000000000000000 ) ) ;
#7629 = LINE ( 'NONE', #1009, #4749 ) ;
#7631 = ORIENTED_EDGE ( 'NONE', *, *, #4971, .F. ) ;
#7632 = ORIENTED_EDGE ( 'NONE', *, *, #9513, .F. ) ;
#7633 = DIRECTION ( 'NONE',  ( -0.04361938736532856853, -0.9990482215818581313, 0.000000000000000000 ) ) ;
#7634 = ADVANCED_FACE ( 'NONE', ( #962 ), #1683, .F. ) ;
#7635 =( NAMED_UNIT ( * ) SI_UNIT ( $, .STERADIAN. ) SOLID_ANGLE_UNIT ( ) );
#7636 = EDGE_CURVE ( 'NONE', #8877, #8481, #3086, .T. ) ;
#7637 = FACE_OUTER_BOUND ( 'NONE', #5719, .T. ) ;
#7638 = ORIENTED_EDGE ( 'NONE', *, *, #231, .T. ) ;
#7639 = EDGE_CURVE ( 'NONE', #6950, #2604, #4586, .T. ) ;
#7640 = VERTEX_POINT ( 'NONE', #2254 ) ;
#7641 = DIRECTION ( 'NONE',  ( -1.000000000000000000, -7.948530328647187309E-16, -0.000000000000000000 ) ) ;
#7642 = CARTESIAN_POINT ( 'NONE',  ( -0.09836348770855343759, 0.05236220472441212304, -0.05283464566929252371 ) ) ;
#7643 = ORIENTED_EDGE ( 'NONE', *, *, #3485, .F. ) ;
#7644 = CARTESIAN_POINT ( 'NONE',  ( -0.02280479680351612734, 0.04448818897638057157, -0.06759842519685130280 ) ) ;
#7645 = VECTOR ( 'NONE', #7017, 39.37007874015748143 ) ;
#7646 = ORIENTED_EDGE ( 'NONE', *, *, #211, .F. ) ;
#7647 = VECTOR ( 'NONE', #6519, 39.37007874015748143 ) ;
#7648 = DIRECTION ( 'NONE',  ( -1.000000000000000000, 0.000000000000000000, -0.000000000000000000 ) ) ;
#7649 = CARTESIAN_POINT ( 'NONE',  ( 0.000000000000000000, 0.02500000000000000139, 0.000000000000000000 ) ) ;
#7650 = DIRECTION ( 'NONE',  ( 0.000000000000000000, 0.000000000000000000, -1.000000000000000000 ) ) ;
#7651 = ORIENTED_EDGE ( 'NONE', *, *, #5503, .F. ) ;
#7652 = DIRECTION ( 'NONE',  ( 0.7071067811865465735, 6.047715011404575813E-16, -0.7071067811865483499 ) ) ;
#7653 = VECTOR ( 'NONE', #206, 39.37007874015748143 ) ;
#7654 = EDGE_LOOP ( 'NONE', ( #7367, #2090, #1340, #7269 ) ) ;
#7655 = VERTEX_POINT ( 'NONE', #1725 ) ;
#7656 = CARTESIAN_POINT ( 'NONE',  ( 0.06250000000000001388, 0.06000000000000001166, 0.1249999999999999029 ) ) ;
#7657 = LINE ( 'NONE', #9186, #1868 ) ;
#7658 = CYLINDRICAL_SURFACE ( 'NONE', #412, 0.002524478865958256196 ) ;
#7659 = CARTESIAN_POINT ( 'NONE',  ( -0.03103010096156209180, 0.05236220472441212304, -0.05283464566929229472 ) ) ;
#7660 = AXIS2_PLACEMENT_3D ( 'NONE', #7712, #5343, #2530 ) ;
#7661 = SURFACE_STYLE_USAGE ( .BOTH. , #1042 ) ;
#7662 = AXIS2_PLACEMENT_3D ( 'NONE', #6714, #6855, #7582 ) ;
#7663 = EDGE_CURVE ( 'NONE', #5871, #2056, #1544, .T. ) ;
#7664 = PLANE ( 'NONE',  #1895 ) ;
#7665 = VECTOR ( 'NONE', #9471, 39.37007874015748143 ) ;
#7666 = CARTESIAN_POINT ( 'NONE',  ( 0.1500000000000000500, 0.02500000000000000139, 0.1999999999999999556 ) ) ;
#7667 = DIMENSIONAL_EXPONENTS ( 1.000000000000000000, 0.000000000000000000, 0.000000000000000000, 0.000000000000000000, 0.000000000000000000, 0.000000000000000000, 0.000000000000000000 ) ;
#7668 = ORIENTED_EDGE ( 'NONE', *, *, #1916, .F. ) ;
#7669 = CIRCLE ( 'NONE', #5979, 0.01749999999999998432 ) ;
#7670 = VERTEX_POINT ( 'NONE', #5216 ) ;
#7671 = FACE_OUTER_BOUND ( 'NONE', #1748, .T. ) ;
#7672 = EDGE_CURVE ( 'NONE', #2557, #2468, #8290, .T. ) ;
#7673 = AXIS2_PLACEMENT_3D ( 'NONE', #858, #7381, #3025 ) ;
#7674 = DIRECTION ( 'NONE',  ( 0.000000000000000000, 1.000000000000000000, 0.000000000000000000 ) ) ;
#7675 = ADVANCED_FACE ( 'NONE', ( #822 ), #5413, .T. ) ;
#7676 = CARTESIAN_POINT ( 'NONE',  ( 0.1024999999999999800, 0.05999999999999999778, 0.1349999999999998701 ) ) ;
#7677 = ORIENTED_EDGE ( 'NONE', *, *, #5228, .F. ) ;
#7678 = AXIS2_PLACEMENT_3D ( 'NONE', #1908, #4143, #2685 ) ;
#7679 = SURFACE_STYLE_FILL_AREA ( #920 ) ;
#7680 = VECTOR ( 'NONE', #6293, 39.37007874015748143 ) ;
#7681 = DIRECTION ( 'NONE',  ( -0.000000000000000000, 1.000000000000000000, -0.000000000000000000 ) ) ;
#7682 = CARTESIAN_POINT ( 'NONE',  ( -0.1119589827240415197, 0.04448818897638057157, -0.1050000000000012312 ) ) ;
#7684 = CARTESIAN_POINT ( 'NONE',  ( -0.07499999999999996947, 0.02500000000000000139, 0.01999999999999989286 ) ) ;
#7683 = LINE ( 'NONE', #8541, #8138 ) ;
#7685 = ADVANCED_FACE ( 'NONE', ( #6083 ), #9002, .F. ) ;
#7686 = ORIENTED_EDGE ( 'NONE', *, *, #6466, .T. ) ;
#7687 = ORIENTED_EDGE ( 'NONE', *, *, #7174, .T. ) ;
#7688 = SURFACE_SIDE_STYLE ('',( #928 ) ) ;
#7689 = CIRCLE ( 'NONE', #138, 0.03249999999999999417 ) ;
#7690 = SURFACE_STYLE_USAGE ( .BOTH. , #4746 ) ;
#7691 = CARTESIAN_POINT ( 'NONE',  ( -0.009999999999999979391, 0.02500000000000000139, -0.1649999999999999800 ) ) ;
#7692 = ORIENTED_EDGE ( 'NONE', *, *, #2249, .T. ) ;
#7693 = ORIENTED_EDGE ( 'NONE', *, *, #5620, .T. ) ;
#7694 = MECHANICAL_DESIGN_GEOMETRIC_PRESENTATION_REPRESENTATION (  '', ( #1526 ), #2137 ) ;
#7695 = CARTESIAN_POINT ( 'NONE',  ( -0.01999999999999998307, 0.02500000000000000139, -0.1399999999999999856 ) ) ;
#7696 = CARTESIAN_POINT ( 'NONE',  ( 0.1024999999999999800, 0.02500000000000000139, 0.09499999999999990397 ) ) ;
#7697 = EDGE_CURVE ( 'NONE', #3209, #8164, #2307, .T. ) ;
#7698 = EDGE_CURVE ( 'NONE', #9230, #2161, #330, .T. ) ;
#7699 = EDGE_LOOP ( 'NONE', ( #2182, #3429, #8984, #1389 ) ) ;
#7700 = DIRECTION ( 'NONE',  ( 0.000000000000000000, 1.034790906691008728E-16, -1.000000000000000000 ) ) ;
#7701 = CIRCLE ( 'NONE', #1531, 0.008233140283281080787 ) ;
#7702 = VERTEX_POINT ( 'NONE', #3278 ) ;
#7703 = DIRECTION ( 'NONE',  ( 0.000000000000000000, 0.000000000000000000, 1.000000000000000000 ) ) ;
#7704 = EDGE_CURVE ( 'NONE', #3805, #2668, #1537, .T. ) ;
#7705 = AXIS2_PLACEMENT_3D ( 'NONE', #2775, #2591, #3560 ) ;
#7706 = SURFACE_STYLE_USAGE ( .BOTH. , #1030 ) ;
#7707 = DIRECTION ( 'NONE',  ( 0.000000000000000000, 1.000000000000000000, -0.000000000000000000 ) ) ;
#7708 = ORIENTED_EDGE ( 'NONE', *, *, #1102, .T. ) ;
#7709 = FACE_OUTER_BOUND ( 'NONE', #8689, .T. ) ;
#7710 = ORIENTED_EDGE ( 'NONE', *, *, #4792, .T. ) ;
#7711 = ORIENTED_EDGE ( 'NONE', *, *, #817, .T. ) ;
#7712 = CARTESIAN_POINT ( 'NONE',  ( 0.05000000000000004441, 0.02500000000000000139, 0.1999999999999999556 ) ) ;
#7713 = CARTESIAN_POINT ( 'NONE',  ( 0.1366938691117163263, 0.06250000000000000000, -0.03169386911171639259 ) ) ;
#7714 = DIRECTION ( 'NONE',  ( 0.000000000000000000, 0.000000000000000000, -1.000000000000000000 ) ) ;
#7715 = DIRECTION ( 'NONE',  ( 1.000000000000000000, 0.000000000000000000, 3.491481338843132961E-15 ) ) ;
#7716 = VECTOR ( 'NONE', #2044, 39.37007874015748143 ) ;
#7717 = DIRECTION ( 'NONE',  ( 0.000000000000000000, 0.000000000000000000, -1.000000000000000000 ) ) ;
#7718 = SURFACE_SIDE_STYLE ('',( #323 ) ) ;
#7719 = CARTESIAN_POINT ( 'NONE',  ( 0.1750000000000000444, 0.1000000000000000194, -0.08246320343559634947 ) ) ;
#7720 = VECTOR ( 'NONE', #9311, 39.37007874015748143 ) ;
#7721 = VERTEX_POINT ( 'NONE', #2493 ) ;
#7722 = CIRCLE ( 'NONE', #2781, 0.004921259842519689308 ) ;
#7723 = ORIENTED_EDGE ( 'NONE', *, *, #679, .T. ) ;
#7724 = DIRECTION ( 'NONE',  ( 6.829619984160656074E-16, 0.000000000000000000, 1.000000000000000000 ) ) ;
#7725 = DIRECTION ( 'NONE',  ( -1.000000000000000000, 0.000000000000000000, 0.000000000000000000 ) ) ;
#7726 = CARTESIAN_POINT ( 'NONE',  ( -0.1449999999999999900, 0.06000000000000001166, 0.1349999999999998979 ) ) ;
#7727 = ORIENTED_EDGE ( 'NONE', *, *, #8058, .T. ) ;
#7728 = ADVANCED_FACE ( 'NONE', ( #1150 ), #1823, .F. ) ;
#7729 = ADVANCED_FACE ( 'NONE', ( #5498 ), #1871, .F. ) ;
#7730 = DIRECTION ( 'NONE',  ( 0.000000000000000000, 0.000000000000000000, 1.000000000000000000 ) ) ;
#7731 = CARTESIAN_POINT ( 'NONE',  ( 0.1326926947801921053, 0.08519178724349479870, -0.002307305219808042807 ) ) ;
#7733 = CARTESIAN_POINT ( 'NONE',  ( -0.05999999999999997696, 0.05000000000000000278, -0.1399999999999999856 ) ) ;
#7732 = DIRECTION ( 'NONE',  ( -0.1710878697460352094, 0.9702875252478139201, -0.1710878697460361531 ) ) ;
#7734 = AXIS2_PLACEMENT_3D ( 'NONE', #2343, #4532, #9449 ) ;
#7735 = ORIENTED_EDGE ( 'NONE', *, *, #1299, .F. ) ;
#7736 = ORIENTED_EDGE ( 'NONE', *, *, #782, .T. ) ;
#7738 = CARTESIAN_POINT ( 'NONE',  ( -0.09836348770855336821, 0.05236220472441212304, -0.05283464566929252371 ) ) ;
#7737 = VECTOR ( 'NONE', #5820, 39.37007874015748143 ) ;
#7739 = AXIS2_PLACEMENT_3D ( 'NONE', #1698, #6051, #3192 ) ;
#7740 =( CONVERSION_BASED_UNIT ( 'INCH', #8594 ) LENGTH_UNIT ( ) NAMED_UNIT ( #5578 ) );
#7741 = LINE ( 'NONE', #4998, #6491 ) ;
#7742 = EDGE_LOOP ( 'NONE', ( #8120, #3831, #5529, #6347 ) ) ;
#7743 = ORIENTED_EDGE ( 'NONE', *, *, #2087, .T. ) ;
#7744 = AXIS2_PLACEMENT_3D ( 'NONE', #1534, #5881, #2246 ) ;
#7745 = CARTESIAN_POINT ( 'NONE',  ( -0.04999999999999996114, 0.000000000000000000, 0.1999999999999999556 ) ) ;
#7746 = FACE_OUTER_BOUND ( 'NONE', #4935, .T. ) ;
#7747 = ORIENTED_EDGE ( 'NONE', *, *, #263, .F. ) ;
#7748 = ORIENTED_EDGE ( 'NONE', *, *, #1212, .F. ) ;
#7749 = CARTESIAN_POINT ( 'NONE',  ( -0.1067519685039364785, 0.03287401574803415494, -0.05283464566929255840 ) ) ;
#7750 = FACE_OUTER_BOUND ( 'NONE', #7203, .T. ) ;
#7751 = EDGE_CURVE ( 'NONE', #8232, #7410, #7944, .T. ) ;
#7752 = ORIENTED_EDGE ( 'NONE', *, *, #6894, .F. ) ;
#7753 = CLOSED_SHELL ( 'NONE', ( #730, #5786, #2202, #610, #8276, #5412, #390, #5116, #2062, #1366, #4622, #1701, #3128 ) ) ;
#7754 = DIRECTION ( 'NONE',  ( -1.000000000000000000, 0.000000000000000000, -0.000000000000000000 ) ) ;
#7755 = VERTEX_POINT ( 'NONE', #430 ) ;
#7756 = VERTEX_POINT ( 'NONE', #2824 ) ;
#7757 = LINE ( 'NONE', #6366, #2871 ) ;
#7758 = LINE ( 'NONE', #2048, #421 ) ;
#7759 = DIRECTION ( 'NONE',  ( 0.000000000000000000, -0.000000000000000000, 1.000000000000000000 ) ) ;
#7760 = DIRECTION ( 'NONE',  ( 0.000000000000000000, 0.000000000000000000, 1.000000000000000000 ) ) ;
#7761 = CARTESIAN_POINT ( 'NONE',  ( 0.000000000000000000, 0.02500000000000000139, 0.000000000000000000 ) ) ;
#7762 = VECTOR ( 'NONE', #6601, 39.37007874015748143 ) ;
#7763 = EDGE_CURVE ( 'NONE', #1656, #9373, #4051, .T. ) ;
#7764 = CARTESIAN_POINT ( 'NONE',  ( 0.1900000000000000577, 5.711474587107755386E-32, -6.975968983821244808E-17 ) ) ;
#7765 = DIRECTION ( 'NONE',  ( -4.268512490100413374E-16, 0.000000000000000000, -1.000000000000000000 ) ) ;
#7766 = ADVANCED_FACE ( 'NONE', ( #4279 ), #7773, .F. ) ;
#7767 = EDGE_LOOP ( 'NONE', ( #9360, #7910, #8370, #3447 ) ) ;
#7768 = AXIS2_PLACEMENT_3D ( 'NONE', #7649, #9029, #3935 ) ;
#7769 = DIRECTION ( 'NONE',  ( 3.484838268542467023E-15, 1.521513246882047243E-16, -1.000000000000000000 ) ) ;
#7770 = FACE_OUTER_BOUND ( 'NONE', #6933, .T. ) ;
#7771 = EDGE_CURVE ( 'NONE', #8884, #7168, #2542, .T. ) ;
#7772 = ORIENTED_EDGE ( 'NONE', *, *, #660, .T. ) ;
#7773 = PLANE ( 'NONE',  #6001 ) ;
#7774 = CARTESIAN_POINT ( 'NONE',  ( 0.1024999999999999939, 0.02500000000000000139, 0.07499999999999988620 ) ) ;
#7775 = DIRECTION ( 'NONE',  ( 0.000000000000000000, 0.000000000000000000, 1.000000000000000000 ) ) ;
#7776 = ORIENTED_EDGE ( 'NONE', *, *, #6371, .F. ) ;
#7777 = VECTOR ( 'NONE', #6127, 39.37007874015748143 ) ;
#7778 = DIRECTION ( 'NONE',  ( 1.000000000000000000, 0.000000000000000000, -0.000000000000000000 ) ) ;
#7779 = EDGE_LOOP ( 'NONE', ( #6478, #2207, #6721, #4694 ) ) ;
#7780 = DIRECTION ( 'NONE',  ( 0.000000000000000000, 1.000000000000000000, 0.000000000000000000 ) ) ;
#7782 = CARTESIAN_POINT ( 'NONE',  ( -0.02499999999999999098, 0.2541640786499874127, 0.07499999999999988620 ) ) ;
#7781 = DIRECTION ( 'NONE',  ( 1.000000000000000000, 0.000000000000000000, 0.000000000000000000 ) ) ;
#7783 = ORIENTED_EDGE ( 'NONE', *, *, #3027, .T. ) ;
#7784 = EDGE_CURVE ( 'NONE', #8017, #1149, #5012, .T. ) ;
#7785 = ORIENTED_EDGE ( 'NONE', *, *, #4094, .T. ) ;
#7786 = DIRECTION ( 'NONE',  ( -1.000000000000000000, 0.000000000000000000, 0.000000000000000000 ) ) ;
#7787 = LINE ( 'NONE', #344, #8014 ) ;
#7788 = DIRECTION ( 'NONE',  ( 1.092096231236781871E-15, -1.034790906691008358E-16, 1.000000000000000000 ) ) ;
#7789 = ORIENTED_EDGE ( 'NONE', *, *, #1075, .T. ) ;
#7790 = EDGE_CURVE ( 'NONE', #1302, #1213, #6997, .T. ) ;
#7791 = CARTESIAN_POINT ( 'NONE',  ( -0.02850802484010561688, 0.04423918066268085758, -0.03019685039370172130 ) ) ;
#7792 = ORIENTED_EDGE ( 'NONE', *, *, #7063, .F. ) ;
#7793 = DIMENSIONAL_EXPONENTS ( 1.000000000000000000, 0.000000000000000000, 0.000000000000000000, 0.000000000000000000, 0.000000000000000000, 0.000000000000000000, 0.000000000000000000 ) ;
#7794 = ORIENTED_EDGE ( 'NONE', *, *, #8105, .F. ) ;
#7795 = LINE ( 'NONE', #7219, #1246 ) ;
#7796 = EDGE_CURVE ( 'NONE', #6365, #2518, #8657, .T. ) ;
#7797 = LINE ( 'NONE', #3453, #4144 ) ;
#7798 = ORIENTED_EDGE ( 'NONE', *, *, #384, .T. ) ;
#7799 = EDGE_CURVE ( 'NONE', #8515, #855, #9199, .T. ) ;
#7800 = CARTESIAN_POINT ( 'NONE',  ( -0.08499999999999997835, 0.02500000000000000139, 0.04499999999999989425 ) ) ;
#7801 = EDGE_CURVE ( 'NONE', #8590, #2468, #6505, .T. ) ;
#7802 = ORIENTED_EDGE ( 'NONE', *, *, #9513, .T. ) ;
#7803 = VERTEX_POINT ( 'NONE', #9378 ) ;
#7804 = CARTESIAN_POINT ( 'NONE',  ( 0.000000000000000000, 0.05000000000000000278, 0.000000000000000000 ) ) ;
#7805 = CARTESIAN_POINT ( 'NONE',  ( 0.000000000000000000, 0.05999999999999999778, 0.000000000000000000 ) ) ;
#7806 = CARTESIAN_POINT ( 'NONE',  ( -0.05999999999999998390, 0.05000000000000000278, -0.1649999999999999800 ) ) ;
#7807 = VECTOR ( 'NONE', #6303, 39.37007874015748143 ) ;
#7808 = FACE_OUTER_BOUND ( 'NONE', #2457, .T. ) ;
#7809 = EDGE_CURVE ( 'NONE', #7962, #6837, #5730, .T. ) ;
#7810 = CARTESIAN_POINT ( 'NONE',  ( -0.01226377952755844727, 0.03070866141732550222, -0.05283464566929222533 ) ) ;
#7811 = VECTOR ( 'NONE', #5329, 39.37007874015748143 ) ;
#7812 = FACE_OUTER_BOUND ( 'NONE', #9424, .T. ) ;
#7813 = VERTEX_POINT ( 'NONE', #7619 ) ;
#7814 = EDGE_LOOP ( 'NONE', ( #5010, #2936, #8399, #7957 ) ) ;
#7815 = LINE ( 'NONE', #6376, #9048 ) ;
#7816 = CARTESIAN_POINT ( 'NONE',  ( -0.1124551965405257703, 0.03312302406173386199, -0.06759842519685162199 ) ) ;
#7817 = ORIENTED_EDGE ( 'NONE', *, *, #184, .T. ) ;
#7818 = VECTOR ( 'NONE', #9039, 39.37007874015748143 ) ;
#7819 = DIRECTION ( 'NONE',  ( 0.000000000000000000, 1.000000000000000000, 0.000000000000000000 ) ) ;
#7820 =( NAMED_UNIT ( * ) PLANE_ANGLE_UNIT ( ) SI_UNIT ( $, .RADIAN. ) );
#7821 = VECTOR ( 'NONE', #9427, 39.37007874015748143 ) ;
#7822 = ADVANCED_FACE ( 'NONE', ( #1001 ), #6896, .F. ) ;
#7823 = ORIENTED_EDGE ( 'NONE', *, *, #8016, .F. ) ;
#7824 = ADVANCED_FACE ( 'NONE', ( #7671 ), #1050, .F. ) ;
#7825 = VECTOR ( 'NONE', #1819, 39.37007874015748143 ) ;
#7826 = LINE ( 'NONE', #2021, #4732 ) ;
#7827 = EDGE_CURVE ( 'NONE', #5625, #917, #8079, .T. ) ;
#7828 = EDGE_LOOP ( 'NONE', ( #692, #7121 ) ) ;
#7829 = VECTOR ( 'NONE', #1632, 39.37007874015748143 ) ;
#7830 = VECTOR ( 'NONE', #5135, 39.37007874015748143 ) ;
#7831 = CARTESIAN_POINT ( 'NONE',  ( 0.000000000000000000, 0.05999999999999999778, 0.000000000000000000 ) ) ;
#7833 = CARTESIAN_POINT ( 'NONE',  ( 0.000000000000000000, 0.05000000000000000278, -0.1925000000000000600 ) ) ;
#7832 = DIRECTION ( 'NONE',  ( -1.000000000000000000, 0.000000000000000000, 0.000000000000000000 ) ) ;
#7834 = EDGE_LOOP ( 'NONE', ( #7883, #2808, #7748, #9000 ) ) ;
#7835 = AXIS2_PLACEMENT_3D ( 'NONE', #8347, #8491, #4015 ) ;
#7836 = ORIENTED_EDGE ( 'NONE', *, *, #8109, .T. ) ;
#7837 = LINE ( 'NONE', #6442, #948 ) ;
#7838 = CARTESIAN_POINT ( 'NONE',  ( 0.1024999999999999800, 0.02500000000000000139, 0.1349999999999998701 ) ) ;
#7839 = CARTESIAN_POINT ( 'NONE',  ( -0.03539370078740084608, 0.04665354330708928327, -0.09023622047244191091 ) ) ;
#7840 = DIRECTION ( 'NONE',  ( 0.000000000000000000, 1.000000000000000000, 0.000000000000000000 ) ) ;
#7841 = CARTESIAN_POINT ( 'NONE',  ( -0.01978650686557541574, 0.02500000000000260347, -0.05283464566929224615 ) ) ;
#7842 = ORIENTED_EDGE ( 'NONE', *, *, #192, .F. ) ;
#7843 = PLANE ( 'NONE',  #8388 ) ;
#7844 = VECTOR ( 'NONE', #5973, 39.37007874015748143 ) ;
#7845 = VERTEX_POINT ( 'NONE', #1566 ) ;
#7846 = LINE ( 'NONE', #4859, #312 ) ;
#7847 =( NAMED_UNIT ( * ) PLANE_ANGLE_UNIT ( ) SI_UNIT ( $, .RADIAN. ) );
#7848 = ADVANCED_FACE ( 'NONE', ( #1466 ), #68, .T. ) ;
#7849 = AXIS2_PLACEMENT_3D ( 'NONE', #665, #812, #8144 ) ;
#7850 = CARTESIAN_POINT ( 'NONE',  ( 0.000000000000000000, 0.02500000000000000139, 0.000000000000000000 ) ) ;
#7851 = VERTEX_POINT ( 'NONE', #8797 ) ;
#7852 = DIRECTION ( 'NONE',  ( 0.000000000000000000, 0.000000000000000000, -1.000000000000000000 ) ) ;
#7853 = PRESENTATION_LAYER_ASSIGNMENT (  '', '', ( #5839 ) ) ;
#7854 = ORIENTED_EDGE ( 'NONE', *, *, #5092, .T. ) ;
#7855 = ORIENTED_EDGE ( 'NONE', *, *, #5095, .T. ) ;
#7856 = DIRECTION ( 'NONE',  ( -3.491481338843133355E-15, -0.000000000000000000, 1.000000000000000000 ) ) ;
#7857 = DIRECTION ( 'NONE',  ( 0.000000000000000000, 0.000000000000000000, 1.000000000000000000 ) ) ;
#7858 = CARTESIAN_POINT ( 'NONE',  ( 0.1500000000000000500, 0.000000000000000000, 0.1824999999999999678 ) ) ;
#7859 = CARTESIAN_POINT ( 'NONE',  ( -0.1149772726619823077, 0.02500000000000260347, -0.09023622047244218847 ) ) ;
#7860 = SURFACE_SIDE_STYLE ('',( #4969 ) ) ;
#7861 = AXIS2_PLACEMENT_3D ( 'NONE', #3285, #7154, #5649 ) ;
#7862 = COLOUR_RGB ( '',0.7921568627450980005, 0.8196078431372548767, 0.9333333333333333481 ) ;
#7863 = CARTESIAN_POINT ( 'NONE',  ( -0.01226377952755831023, 0.03070866141732550222, -0.09023622047244182764 ) ) ;
#7864 = CIRCLE ( 'NONE', #8767, 0.002524478865958247956 ) ;
#7865 = FACE_OUTER_BOUND ( 'NONE', #3540, .T. ) ;
#7866 = DIMENSIONAL_EXPONENTS ( 1.000000000000000000, 0.000000000000000000, 0.000000000000000000, 0.000000000000000000, 0.000000000000000000, 0.000000000000000000, 0.000000000000000000 ) ;
#7867 = ORIENTED_EDGE ( 'NONE', *, *, #8578, .T. ) ;
#7868 = VERTEX_POINT ( 'NONE', #5911 ) ;
#7869 = LINE ( 'NONE', #6424, #7535 ) ;
#7870 = CARTESIAN_POINT ( 'NONE',  ( -0.04999999999999996114, 0.000000000000000000, 0.1999999999999999556 ) ) ;
#7871 = ORIENTED_EDGE ( 'NONE', *, *, #4383, .F. ) ;
#7872 = AXIS2_PLACEMENT_3D ( 'NONE', #4036, #3119, #5441 ) ;
#7873 = LINE ( 'NONE', #7148, #8736 ) ;
#7874 = FILL_AREA_STYLE ('',( #2268 ) ) ;
#7875 = VERTEX_POINT ( 'NONE', #3007 ) ;
#7876 = AXIS2_PLACEMENT_3D ( 'NONE', #591, #8021, #3546 ) ;
#7877 = VECTOR ( 'NONE', #262, 39.37007874015748143 ) ;
#7878 = CARTESIAN_POINT ( 'NONE',  ( -0.07499999999999996947, 0.02500000000000000139, 0.01999999999999989286 ) ) ;
#7879 = VERTEX_POINT ( 'NONE', #5959 ) ;
#7880 = DIRECTION ( 'NONE',  ( 0.000000000000000000, -0.000000000000000000, 1.000000000000000000 ) ) ;
#7882 = DIRECTION ( 'NONE',  ( 0.000000000000000000, 0.000000000000000000, -1.000000000000000000 ) ) ;
#7881 = CARTESIAN_POINT ( 'NONE',  ( 0.06000000000000006023, 0.04375000000000035111, 0.004999999999999890817 ) ) ;
#7883 = ORIENTED_EDGE ( 'NONE', *, *, #5462, .F. ) ;
#7884 = ORIENTED_EDGE ( 'NONE', *, *, #9313, .T. ) ;
#7885 = EDGE_CURVE ( 'NONE', #3718, #5371, #7362, .T. ) ;
#7886 = DIRECTION ( 'NONE',  ( -3.491481338843132961E-15, -0.000000000000000000, 1.000000000000000000 ) ) ;
#7887 = CARTESIAN_POINT ( 'NONE',  ( 0.01750000000000003636, 0.02500000000000000139, 0.2324999999999999567 ) ) ;
#7888 = LINE ( 'NONE', #7163, #8167 ) ;
#7889 = DIRECTION ( 'NONE',  ( -1.000000000000000000, 0.000000000000000000, -3.381697939848011828E-15 ) ) ;
#7890 = LINE ( 'NONE', #2173, #5034 ) ;
#7891 = ORIENTED_EDGE ( 'NONE', *, *, #4522, .F. ) ;
#7892 = ORIENTED_EDGE ( 'NONE', *, *, #4331, .F. ) ;
#7893 = PLANE ( 'NONE',  #4636 ) ;
#7894 = AXIS2_PLACEMENT_3D ( 'NONE', #3292, #6245, #2993 ) ;
#7895 = CARTESIAN_POINT ( 'NONE',  ( -0.08499999999999996447, 0.02500000000000000139, 0.01999999999999989286 ) ) ;
#7896 = ORIENTED_EDGE ( 'NONE', *, *, #8906, .T. ) ;
#7897 = DIRECTION ( 'NONE',  ( 0.000000000000000000, -0.000000000000000000, 1.000000000000000000 ) ) ;
#7898 = CIRCLE ( 'NONE', #2811, 0.008233140283281080787 ) ;
#7899 = VERTEX_POINT ( 'NONE', #699 ) ;
#7900 = ORIENTED_EDGE ( 'NONE', *, *, #9313, .F. ) ;
#7901 = DIRECTION ( 'NONE',  ( -1.000000000000000000, 3.381697939847999996E-15, -3.381697939847999996E-15 ) ) ;
#7902 = LINE ( 'NONE', #2680, #4585 ) ;
#7903 = PLANE ( 'NONE',  #5351 ) ;
#7904 = PLANE ( 'NONE',  #8040 ) ;
#7905 =( CONVERSION_BASED_UNIT ( 'INCH', #7181 ) LENGTH_UNIT ( ) NAMED_UNIT ( #6255 ) );
#7906 = DIRECTION ( 'NONE',  ( -1.000000000000000000, -0.000000000000000000, -3.491481338843132961E-15 ) ) ;
#7907 = DIRECTION ( 'NONE',  ( 1.686880716198101922E-43, -2.426872996565747488E-29, -1.000000000000000000 ) ) ;
#7908 = CARTESIAN_POINT ( 'NONE',  ( 0.1674999999999999822, 0.02500000000000000139, 0.1349999999999998979 ) ) ;
#7909 = EDGE_LOOP ( 'NONE', ( #5422, #9180, #6618, #4551 ) ) ;
#7910 = ORIENTED_EDGE ( 'NONE', *, *, #8597, .T. ) ;
#7911 = CARTESIAN_POINT ( 'NONE',  ( -0.1149772726619823771, 0.03323314028328368253, -0.05283464566929257922 ) ) ;
#7912 = CARTESIAN_POINT ( 'NONE',  ( 0.06000000000000006023, 0.04374999999999965028, 0.004999999999999890817 ) ) ;
#7913 = VERTEX_POINT ( 'NONE', #3652 ) ;
#7914 = DIRECTION ( 'NONE',  ( -3.902639990948947455E-16, 1.219574997171546326E-16, -1.000000000000000000 ) ) ;
#7915 = EDGE_CURVE ( 'NONE', #3198, #5551, #1014, .T. ) ;
#7916 = ORIENTED_EDGE ( 'NONE', *, *, #4399, .T. ) ;
#7917 = COLOUR_RGB ( '',0.4862745098039215619, 0.2352941176470588203, 0.01568627450980392135 ) ;
#7918 = LINE ( 'NONE', #623, #2108 ) ;
#7919 = VERTEX_POINT ( 'NONE', #2141 ) ;
#7920 = EDGE_CURVE ( 'NONE', #7670, #1019, #8885, .T. ) ;
#7921 = DIRECTION ( 'NONE',  ( 0.000000000000000000, 0.000000000000000000, 1.000000000000000000 ) ) ;
#7923 = DIRECTION ( 'NONE',  ( -0.000000000000000000, 1.000000000000000000, -0.000000000000000000 ) ) ;
#7922 = CARTESIAN_POINT ( 'NONE',  ( -0.1449999999999999900, 0.06000000000000001166, 0.07499999999999988620 ) ) ;
#7924 = COLOUR_RGB ( '',0.7921568627450980005, 0.8196078431372548767, 0.9333333333333333481 ) ;
#7925 = VERTEX_POINT ( 'NONE', #2278 ) ;
#7926 = ORIENTED_EDGE ( 'NONE', *, *, #5259, .T. ) ;
#7927 = LINE ( 'NONE', #5568, #6964 ) ;
#7928 = FILL_AREA_STYLE_COLOUR ( '', #8899 ) ;
#7929 = VECTOR ( 'NONE', #3317, 39.37007874015748143 ) ;
#7930 = DIRECTION ( 'NONE',  ( 0.000000000000000000, 0.000000000000000000, 1.000000000000000000 ) ) ;
#7931 = LINE ( 'NONE', #3640, #5085 ) ;
#7932 = EDGE_CURVE ( 'NONE', #649, #4025, #4512, .T. ) ;
#7933 = ORIENTED_EDGE ( 'NONE', *, *, #2923, .T. ) ;
#7934 = DIRECTION ( 'NONE',  ( 0.000000000000000000, 0.000000000000000000, 1.000000000000000000 ) ) ;
#7935 = ORIENTED_EDGE ( 'NONE', *, *, #1215, .F. ) ;
#7936 = EDGE_CURVE ( 'NONE', #6586, #3607, #2230, .T. ) ;
#7937 = CARTESIAN_POINT ( 'NONE',  ( -0.03851760398892874193, 0.02893700787401836880, -0.1141792464047722971 ) ) ;
#7938 = ADVANCED_FACE ( 'NONE', ( #6011 ), #5104, .F. ) ;
#7939 = LENGTH_MEASURE_WITH_UNIT ( LENGTH_MEASURE( 0.02539999999999999897 ), #5581 );
#7940 = ADVANCED_FACE ( 'NONE', ( #7988 ), #1380, .T. ) ;
#7941 = LINE ( 'NONE', #9374, #7248 ) ;
#7942 = ORIENTED_EDGE ( 'NONE', *, *, #8924, .T. ) ;
#7943 = ORIENTED_EDGE ( 'NONE', *, *, #7552, .F. ) ;
#7944 = LINE ( 'NONE', #8385, #3548 ) ;
#7945 = CARTESIAN_POINT ( 'NONE',  ( -0.03103010096156222711, 0.04412906444113104398, -0.01543307086614268027 ) ) ;
#7946 = CARTESIAN_POINT ( 'NONE',  ( -0.01978650686557544697, 0.03070866141732543284, -0.05283464566929223921 ) ) ;
#7947 = FACE_OUTER_BOUND ( 'NONE', #8936, .T. ) ;
#7948 = EDGE_CURVE ( 'NONE', #4246, #1465, #9469, .T. ) ;
#7949 = CARTESIAN_POINT ( 'NONE',  ( -0.08499999999999996447, 0.02500000000000000139, 0.01999999999999989286 ) ) ;
#7950 = CARTESIAN_POINT ( 'NONE',  ( -0.02801181102362120673, 0.03287401574803415494, -0.1050000000000009259 ) ) ;
#7951 = CARTESIAN_POINT ( 'NONE',  ( 0.06000000000000004635, 0.04374999999999965028, -0.03500000000000010048 ) ) ;
#7952 = EDGE_LOOP ( 'NONE', ( #1317, #6575, #5856, #8064 ) ) ;
#7953 = ORIENTED_EDGE ( 'NONE', *, *, #7012, .T. ) ;
#7954 = FILL_AREA_STYLE ('',( #8531 ) ) ;
#7955 = VECTOR ( 'NONE', #1827, 39.37007874015748143 ) ;
#7956 = DIRECTION ( 'NONE',  ( -1.000000000000000000, 0.000000000000000000, -3.381697939847999996E-15 ) ) ;
#7957 = ORIENTED_EDGE ( 'NONE', *, *, #6092, .F. ) ;
#7958 = LINE ( 'NONE', #7286, #9202 ) ;
#7959 = AXIS2_PLACEMENT_3D ( 'NONE', #7007, #1835, #1779 ) ;
#7960 = VECTOR ( 'NONE', #8130, 39.37007874015748143 ) ;
#7961 = CARTESIAN_POINT ( 'NONE',  ( 0.1899999999999999745, 0.02500000000000002220, -0.2137500000000000788 ) ) ;
#7962 = VERTEX_POINT ( 'NONE', #5817 ) ;
#7963 = ADVANCED_FACE ( 'NONE', ( #747 ), #8746, .F. ) ;
#7964 = ADVANCED_FACE ( 'NONE', ( #7313 ), #6598, .F. ) ;
#7965 = FACE_OUTER_BOUND ( 'NONE', #6261, .T. ) ;
#7966 = VECTOR ( 'NONE', #3871, 39.37007874015748143 ) ;
#7968 = CARTESIAN_POINT ( 'NONE',  ( 0.1674999999999999822, 0.06000000000000001166, 0.09499999999999990397 ) ) ;
#7967 = CARTESIAN_POINT ( 'NONE',  ( -0.08559055118110156513, 0.06240157480315226129, -0.1035236220472452173 ) ) ;
#7969 = AXIS2_PLACEMENT_3D ( 'NONE', #3313, #8421, #1810 ) ;
#7970 = ORIENTED_EDGE ( 'NONE', *, *, #92, .T. ) ;
#7971 = ORIENTED_EDGE ( 'NONE', *, *, #8013, .F. ) ;
#7972 = AXIS2_PLACEMENT_3D ( 'NONE', #1287, #6462, #5630 ) ;
#7973 = VECTOR ( 'NONE', #1288, 39.37007874015748854 ) ;
#7974 =( NAMED_UNIT ( * ) PLANE_ANGLE_UNIT ( ) SI_UNIT ( $, .RADIAN. ) );
#7975 = DIRECTION ( 'NONE',  ( -6.829619984160657060E-16, 0.000000000000000000, 1.000000000000000000 ) ) ;
#7976 = DIRECTION ( 'NONE',  ( 3.491481338843133355E-15, 0.000000000000000000, -1.000000000000000000 ) ) ;
#7977 = CARTESIAN_POINT ( 'NONE',  ( 0.1400000000000000411, 0.04375000000000035111, -0.03500000000000010741 ) ) ;
#7978 = AXIS2_PLACEMENT_3D ( 'NONE', #1002, #6335, #2592 ) ;
#7979 = ORIENTED_EDGE ( 'NONE', *, *, #4847, .T. ) ;
#7980 = CARTESIAN_POINT ( 'NONE',  ( 0.000000000000000000, 0.000000000000000000, 0.000000000000000000 ) ) ;
#7981 = ORIENTED_EDGE ( 'NONE', *, *, #2221, .F. ) ;
#7982 = FACE_OUTER_BOUND ( 'NONE', #2214, .T. ) ;
#7983 = SURFACE_STYLE_FILL_AREA ( #8693 ) ;
#7984 = LINE ( 'NONE', #7408, #5091 ) ;
#7985 = ORIENTED_EDGE ( 'NONE', *, *, #5388, .F. ) ;
#7986 = ORIENTED_EDGE ( 'NONE', *, *, #1763, .F. ) ;
#7987 = ADVANCED_FACE ( 'NONE', ( #5867 ), #795, .F. ) ;
#7988 = FACE_OUTER_BOUND ( 'NONE', #6483, .T. ) ;
#7989 = AXIS2_PLACEMENT_3D ( 'NONE', #7911, #1147, #2014 ) ;
#7990 = CARTESIAN_POINT ( 'NONE',  ( 0.1674999999999999822, 0.02500000000000000139, 0.07499999999999988620 ) ) ;
#7991 = DIRECTION ( 'NONE',  ( 0.000000000000000000, 0.000000000000000000, 1.000000000000000000 ) ) ;
#7992 = DIRECTION ( 'NONE',  ( 0.000000000000000000, -0.000000000000000000, -1.000000000000000000 ) ) ;
#7993 =( NAMED_UNIT ( * ) SI_UNIT ( $, .STERADIAN. ) SOLID_ANGLE_UNIT ( ) );
#7994 = EDGE_CURVE ( 'NONE', #8605, #7875, #5187, .T. ) ;
#7995 = DIRECTION ( 'NONE',  ( -1.000000000000000000, -0.000000000000000000, 3.414809992080327544E-16 ) ) ;
#7996 = PRESENTATION_STYLE_ASSIGNMENT (( #9385 ) ) ;
#7997 = AXIS2_PLACEMENT_3D ( 'NONE', #7850, #4228, #1897 ) ;
#7998 = DIRECTION ( 'NONE',  ( -0.000000000000000000, -1.000000000000000000, -0.000000000000000000 ) ) ;
#7999 = ORIENTED_EDGE ( 'NONE', *, *, #2391, .T. ) ;
#8000 = EDGE_LOOP ( 'NONE', ( #5864, #4992, #1025, #7836 ) ) ;
#8001 = DIRECTION ( 'NONE',  ( 3.491481338843133355E-15, 0.000000000000000000, -1.000000000000000000 ) ) ;
#8002 = ORIENTED_EDGE ( 'NONE', *, *, #1202, .T. ) ;
#8003 = CARTESIAN_POINT ( 'NONE',  ( 0.1750000000000000722, 0.08250000000000000389, -0.06249999999999999306 ) ) ;
#8004 = VECTOR ( 'NONE', #8153, 39.37007874015748143 ) ;
#8005 = DIRECTION ( 'NONE',  ( 0.000000000000000000, 0.000000000000000000, 1.000000000000000000 ) ) ;
#8006 = VECTOR ( 'NONE', #4849, 39.37007874015748143 ) ;
#8007 = UNCERTAINTY_MEASURE_WITH_UNIT (LENGTH_MEASURE( 1.000000000000000082E-05 ), #9465, 'distance_accuracy_value', 'NONE');
#8008 = DIRECTION ( 'NONE',  ( 0.000000000000000000, 1.000000000000000000, 0.000000000000000000 ) ) ;
#8009 = AXIS2_PLACEMENT_3D ( 'NONE', #3649, #5955, #6593 ) ;
#8010 = EDGE_LOOP ( 'NONE', ( #4573, #1514, #1182, #133 ) ) ;
#8011 = CARTESIAN_POINT ( 'NONE',  ( -0.05250000000000000500, 0.02500000000000000139, -0.2000000000000000111 ) ) ;
#8012 = DIRECTION ( 'NONE',  ( 0.000000000000000000, 0.000000000000000000, 1.000000000000000000 ) ) ;
#8013 = EDGE_CURVE ( 'NONE', #7066, #1311, #2327, .T. ) ;
#8014 = VECTOR ( 'NONE', #8503, 39.37007874015748143 ) ;
#8015 = ORIENTED_EDGE ( 'NONE', *, *, #7751, .F. ) ;
#8016 = EDGE_CURVE ( 'NONE', #7547, #5473, #8216, .T. ) ;
#8017 = VERTEX_POINT ( 'NONE', #2373 ) ;
#8018 = LINE ( 'NONE', #2812, #3816 ) ;
#8019 = AXIS2_PLACEMENT_3D ( 'NONE', #7443, #830, #3775 ) ;
#8020 = ORIENTED_EDGE ( 'NONE', *, *, #4942, .T. ) ;
#8021 = DIRECTION ( 'NONE',  ( 0.9848077530122077983, 0.1736481776669318300, 3.438437891990161073E-15 ) ) ;
#8022 = DIRECTION ( 'NONE',  ( 0.1736481776669318300, -0.9848077530122077983, -0.000000000000000000 ) ) ;
#8023 = SURFACE_STYLE_USAGE ( .BOTH. , #3737 ) ;
#8024 = ORIENTED_EDGE ( 'NONE', *, *, #6052, .F. ) ;
#8025 = EDGE_CURVE ( 'NONE', #4987, #6762, #163, .T. ) ;
#8026 = ORIENTED_EDGE ( 'NONE', *, *, #9302, .F. ) ;
#8027 = DIRECTION ( 'NONE',  ( 0.000000000000000000, -0.9848077530122080203, 0.1736481776669307198 ) ) ;
#8028 = FILL_AREA_STYLE_COLOUR ( '', #5231 ) ;
#8029 = CARTESIAN_POINT ( 'NONE',  ( -0.09836348770855343759, 0.05236220472441212304, -0.05283464566929252371 ) ) ;
#8030 = EDGE_LOOP ( 'NONE', ( #1858, #4136 ) ) ;
#8031 = ORIENTED_EDGE ( 'NONE', *, *, #8137, .F. ) ;
#8032 = CARTESIAN_POINT ( 'NONE',  ( -0.1549999999999999989, 0.02500000000000000139, -0.1575000000000000289 ) ) ;
#8033 = DIRECTION ( 'NONE',  ( -0.04361938736532856853, 0.9990482215818581313, 0.000000000000000000 ) ) ;
#8034 = FACE_OUTER_BOUND ( 'NONE', #2224, .T. ) ;
#8035 = LINE ( 'NONE', #2188, #3433 ) ;
#8036 = CARTESIAN_POINT ( 'NONE',  ( 0.02250000000000001305, 0.02500000000000000139, 0.1099999999999999034 ) ) ;
#8037 = DIRECTION ( 'NONE',  ( -1.000000000000000000, 0.000000000000000000, -3.381697939847988951E-15 ) ) ;
#8038 = EDGE_CURVE ( 'NONE', #5831, #3469, #6058, .T. ) ;
#8039 =( NAMED_UNIT ( * ) PLANE_ANGLE_UNIT ( ) SI_UNIT ( $, .RADIAN. ) );
#8040 = AXIS2_PLACEMENT_3D ( 'NONE', #4141, #7088, #466 ) ;
#8041 = CARTESIAN_POINT ( 'NONE',  ( -0.1149772726619822383, 0.03070866141732543284, -0.09023622047244218847 ) ) ;
#8042 = VERTEX_POINT ( 'NONE', #7555 ) ;
#8043 = VERTEX_POINT ( 'NONE', #3149 ) ;
#8044 = FACE_OUTER_BOUND ( 'NONE', #2470, .T. ) ;
#8045 = PLANE ( 'NONE',  #6756 ) ;
#8046 = ORIENTED_EDGE ( 'NONE', *, *, #9001, .F. ) ;
#8047 = DIRECTION ( 'NONE',  ( 3.491481338843133355E-15, 0.000000000000000000, -1.000000000000000000 ) ) ;
#8048 = CARTESIAN_POINT ( 'NONE',  ( -0.09836348770855350698, 0.05236220472441212304, -0.03019685039370196070 ) ) ;
#8049 =( LENGTH_UNIT ( ) NAMED_UNIT ( * ) SI_UNIT ( $, .METRE. ) );
#8050 = EDGE_CURVE ( 'NONE', #7879, #691, #4557, .T. ) ;
#8051 = CARTESIAN_POINT ( 'NONE',  ( -0.1449999999999999900, 0.06000000000000001166, 0.07499999999999988620 ) ) ;
#8052 = ADVANCED_FACE ( 'NONE', ( #888 ), #6104, .T. ) ;
#8053 = ORIENTED_EDGE ( 'NONE', *, *, #7092, .F. ) ;
#8054 = LINE ( 'NONE', #8011, #6482 ) ;
#8055 = CARTESIAN_POINT ( 'NONE',  ( 0.02500000000000009159, 0.04249999999999999611, -0.2075367965644036305 ) ) ;
#8056 = ORIENTED_EDGE ( 'NONE', *, *, #6522, .T. ) ;
#8057 = AXIS2_PLACEMENT_3D ( 'NONE', #7572, #1142, #3947 ) ;
#8058 = EDGE_CURVE ( 'NONE', #9258, #896, #2416, .T. ) ;
#8059 = AXIS2_PLACEMENT_3D ( 'NONE', #2485, #8284, #8376 ) ;
#8060 = ORIENTED_EDGE ( 'NONE', *, *, #859, .F. ) ;
#8061 = EDGE_CURVE ( 'NONE', #3274, #7547, #8781, .T. ) ;
#8062 = DIRECTION ( 'NONE',  ( -3.386200294282863932E-15, 5.970784739650143046E-16, 1.000000000000000000 ) ) ;
#8063 = DIRECTION ( 'NONE',  ( -0.000000000000000000, -0.000000000000000000, 1.000000000000000000 ) ) ;
#8064 = ORIENTED_EDGE ( 'NONE', *, *, #3581, .F. ) ;
#8065 = DIRECTION ( 'NONE',  ( 3.491481338843133355E-15, 0.000000000000000000, -1.000000000000000000 ) ) ;
#8066 = MECHANICAL_DESIGN_GEOMETRIC_PRESENTATION_REPRESENTATION (  '', ( #8822 ), #4678 ) ;
#8068 = CARTESIAN_POINT ( 'NONE',  ( -0.09836348770855322943, 0.05236220472441212304, -0.09023622047244213296 ) ) ;
#8067 = DIRECTION ( 'NONE',  ( -0.04361938736532856853, 0.9990482215818581313, -0.000000000000000000 ) ) ;
#8069 = EDGE_CURVE ( 'NONE', #5309, #7421, #4354, .T. ) ;
#8070 = CARTESIAN_POINT ( 'NONE',  ( 0.1525000000000000244, 0.02500000000000000139, 0.03499999999999989231 ) ) ;
#8071 = ORIENTED_EDGE ( 'NONE', *, *, #1976, .F. ) ;
#8072 = ORIENTED_EDGE ( 'NONE', *, *, #2068, .T. ) ;
#8073 = DIRECTION ( 'NONE',  ( 3.491481338843133355E-15, 0.000000000000000000, -1.000000000000000000 ) ) ;
#8074 = SURFACE_SIDE_STYLE ('',( #5049 ) ) ;
#8075 = LINE ( 'NONE', #744, #4313 ) ;
#8076 = ADVANCED_FACE ( 'NONE', ( #6764 ), #3092, .F. ) ;
#8077 = EDGE_LOOP ( 'NONE', ( #5011, #6049, #2655, #4964 ) ) ;
#8078 = EDGE_LOOP ( 'NONE', ( #9214, #9496, #7971, #5628 ) ) ;
#8079 = LINE ( 'NONE', #7271, #1633 ) ;
#8080 = EDGE_CURVE ( 'NONE', #3277, #3837, #2167, .T. ) ;
#8081 = DIRECTION ( 'NONE',  ( 1.000000000000000000, -0.000000000000000000, 0.000000000000000000 ) ) ;
#8082 = DIRECTION ( 'NONE',  ( 0.000000000000000000, 0.000000000000000000, 1.000000000000000000 ) ) ;
#8083 = DIRECTION ( 'NONE',  ( -0.000000000000000000, 1.000000000000000000, -0.000000000000000000 ) ) ;
#8084 = CARTESIAN_POINT ( 'NONE',  ( -0.01978650686557555105, 0.03070866141732543284, -0.03019685039370169008 ) ) ;
#8085 = ORIENTED_EDGE ( 'NONE', *, *, #7261, .T. ) ;
#8086 = CARTESIAN_POINT ( 'NONE',  ( -0.05250000000000000500, 0.02500000000000000139, -0.2250000000000000333 ) ) ;
#8087 = SURFACE_STYLE_USAGE ( .BOTH. , #2238 ) ;
#8088 = ADVANCED_FACE ( 'NONE', ( #1595 ), #1498, .T. ) ;
#8089 = CARTESIAN_POINT ( 'NONE',  ( -0.03499999999999997558, 0.05000000000000000278, 0.01999999999999989286 ) ) ;
#8090 = ORIENTED_EDGE ( 'NONE', *, *, #9375, .T. ) ;
#8091 = EDGE_LOOP ( 'NONE', ( #6959, #5950, #2666, #8718 ) ) ;
#8092 = DIRECTION ( 'NONE',  ( 0.000000000000000000, -0.000000000000000000, 1.000000000000000000 ) ) ;
#8093 = CARTESIAN_POINT ( 'NONE',  ( 0.1024999999999999800, 0.02500000000000000139, 0.1349999999999998701 ) ) ;
#8094 = ORIENTED_EDGE ( 'NONE', *, *, #2068, .F. ) ;
#8095 = DIRECTION ( 'NONE',  ( 0.000000000000000000, 0.000000000000000000, 1.000000000000000000 ) ) ;
#8096 = DIRECTION ( 'NONE',  ( -1.000000000000000000, 9.782089697649614194E-16, 0.000000000000000000 ) ) ;
#8097 = ADVANCED_FACE ( 'NONE', ( #682 ), #5847, .F. ) ;
#8098 = LINE ( 'NONE', #7428, #7777 ) ;
#8099 = UNCERTAINTY_MEASURE_WITH_UNIT (LENGTH_MEASURE( 1.000000000000000082E-05 ), #7740, 'distance_accuracy_value', 'NONE');
#8100 = CARTESIAN_POINT ( 'NONE',  ( -0.08559055118110156513, 0.06240157480315226129, -0.1084448818897649075 ) ) ;
#8101 = ORIENTED_EDGE ( 'NONE', *, *, #6698, .F. ) ;
#8102 = DIRECTION ( 'NONE',  ( -0.9990482215818581313, -0.04361938736532856853, -3.488158222257475945E-15 ) ) ;
#8103 = EDGE_CURVE ( 'NONE', #2446, #9161, #9503, .T. ) ;
#8104 = DIRECTION ( 'NONE',  ( 0.000000000000000000, 1.000000000000000000, 0.000000000000000000 ) ) ;
#8105 = EDGE_CURVE ( 'NONE', #3199, #9230, #3733, .T. ) ;
#8106 = VECTOR ( 'NONE', #3000, 39.37007874015748143 ) ;
#8107 = EDGE_LOOP ( 'NONE', ( #8629, #4726, #1855, #3408 ) ) ;
#8108 = VECTOR ( 'NONE', #3708, 39.37007874015748143 ) ;
#8109 = EDGE_CURVE ( 'NONE', #1053, #527, #1337, .T. ) ;
#8110 = ORIENTED_EDGE ( 'NONE', *, *, #1223, .F. ) ;
#8111 = DIRECTION ( 'NONE',  ( -1.000000000000000000, 0.000000000000000000, -6.763395879695977903E-15 ) ) ;
#8112 = DIRECTION ( 'NONE',  ( -5.254580242600418381E-17, 0.1736481776669270283, -0.9848077530122086864 ) ) ;
#8113 = VECTOR ( 'NONE', #5286, 39.37007874015748143 ) ;
#8114 = CARTESIAN_POINT ( 'NONE',  ( 0.1024999999999999800, 0.05999999999999999778, 0.09499999999999990397 ) ) ;
#8116 = CARTESIAN_POINT ( 'NONE',  ( -0.02499999999999999098, 0.06000000000000001166, 0.1349999999999998979 ) ) ;
#8115 = CARTESIAN_POINT ( 'NONE',  ( -0.02850802484010565158, 0.04423918066268085758, -0.01543307086614267160 ) ) ;
#8117 = TOROIDAL_SURFACE ( 'NONE', #5047, 0.1385768703175861427, 0.05999999999999997696 ) ;
#8118 = MECHANICAL_DESIGN_GEOMETRIC_PRESENTATION_REPRESENTATION (  '', ( #5194 ), #7610 ) ;
#8119 =( NAMED_UNIT ( * ) PLANE_ANGLE_UNIT ( ) SI_UNIT ( $, .RADIAN. ) );
#8120 = ORIENTED_EDGE ( 'NONE', *, *, #7784, .F. ) ;
#8121 = AXIS2_PLACEMENT_3D ( 'NONE', #5418, #8343, #2401 ) ;
#8122 = ORIENTED_EDGE ( 'NONE', *, *, #8608, .F. ) ;
#8123 = DIRECTION ( 'NONE',  ( -0.000000000000000000, 1.000000000000000000, -0.000000000000000000 ) ) ;
#8124 = VECTOR ( 'NONE', #7386, 39.37007874015748143 ) ;
#8125 = LINE ( 'NONE', #5861, #1218 ) ;
#8126 = CARTESIAN_POINT ( 'NONE',  ( -0.1549999999999999989, 0.02500000000000000139, -0.1925000000000000600 ) ) ;
#8127 = VECTOR ( 'NONE', #9253, 39.37007874015748143 ) ;
#8128 = ORIENTED_EDGE ( 'NONE', *, *, #6931, .F. ) ;
#8129 = EDGE_LOOP ( 'NONE', ( #2863, #4198, #8845, #4556 ) ) ;
#8130 = DIRECTION ( 'NONE',  ( 1.000000000000000000, 0.000000000000000000, 0.000000000000000000 ) ) ;
#8131 = CARTESIAN_POINT ( 'NONE',  ( 0.08250000000000003164, 0.000000000000000000, 0.2324999999999999567 ) ) ;
#8132 = LINE ( 'NONE', #8842, #1023 ) ;
#8133 = CARTESIAN_POINT ( 'NONE',  ( -0.08499999999999996447, 0.02500000000000000139, 0.01999999999999989286 ) ) ;
#8134 = EDGE_LOOP ( 'NONE', ( #270, #6745, #8289, #1135 ) ) ;
#8135 = AXIS2_PLACEMENT_3D ( 'NONE', #8224, #5822, #2287 ) ;
#8136 = CARTESIAN_POINT ( 'NONE',  ( 0.05000000000000004441, 0.000000000000000000, 0.1824999999999999678 ) ) ;
#8137 = EDGE_CURVE ( 'NONE', #1879, #3244, #101, .T. ) ;
#8138 = VECTOR ( 'NONE', #6956, 39.37007874015748143 ) ;
#8139 = DIRECTION ( 'NONE',  ( 0.000000000000000000, 0.000000000000000000, -1.000000000000000000 ) ) ;
#8140 = ORIENTED_EDGE ( 'NONE', *, *, #1972, .F. ) ;
#8141 = ORIENTED_EDGE ( 'NONE', *, *, #6557, .F. ) ;
#8142 = CARTESIAN_POINT ( 'NONE',  ( -0.1119589827240415197, 0.04448818897638057157, -0.09023622047244218847 ) ) ;
#8143 = PRESENTATION_LAYER_ASSIGNMENT (  '', '', ( #6461 ) ) ;
#8144 = DIRECTION ( 'NONE',  ( 0.000000000000000000, 0.000000000000000000, 1.000000000000000000 ) ) ;
#8145 = ORIENTED_EDGE ( 'NONE', *, *, #9337, .T. ) ;
#8146 = FACE_OUTER_BOUND ( 'NONE', #7387, .T. ) ;
#8147 = LINE ( 'NONE', #3481, #7034 ) ;
#8148 = FACE_OUTER_BOUND ( 'NONE', #574, .T. ) ;
#8149 = VECTOR ( 'NONE', #4095, 39.37007874015748143 ) ;
#8150 = CARTESIAN_POINT ( 'NONE',  ( -0.1067519685039365479, 0.03287401574803415494, -0.03019685039370199539 ) ) ;
#8151 = EDGE_LOOP ( 'NONE', ( #1088, #2524, #7970, #6504 ) ) ;
#8152 = VECTOR ( 'NONE', #3428, 39.37007874015748143 ) ;
#8153 = DIRECTION ( 'NONE',  ( -1.000000000000000000, 0.000000000000000000, 0.000000000000000000 ) ) ;
#8154 = CARTESIAN_POINT ( 'NONE',  ( 0.1674999999999999822, 0.2541640786499874127, 0.1349999999999998979 ) ) ;
#8155 = ORIENTED_EDGE ( 'NONE', *, *, #7434, .T. ) ;
#8156 = VECTOR ( 'NONE', #6135, 39.37007874015748143 ) ;
#8157 = CARTESIAN_POINT ( 'NONE',  ( -0.1149772726619822383, 0.03070866141732543284, -0.1050000000000012729 ) ) ;
#8158 = EDGE_CURVE ( 'NONE', #1285, #3541, #1408, .T. ) ;
#8159 = CARTESIAN_POINT ( 'NONE',  ( 0.05000000000000004441, 0.000000000000000000, 0.1999999999999999556 ) ) ;
#8161 = LINE ( 'NONE', #2453, #7515 ) ;
#8160 =( CONVERSION_BASED_UNIT ( 'INCH', #152 ) LENGTH_UNIT ( ) NAMED_UNIT ( #518 ) );
#8162 = VECTOR ( 'NONE', #5584, 39.37007874015748143 ) ;
#8163 = EDGE_CURVE ( 'NONE', #1074, #6950, #2313, .T. ) ;
#8164 = VERTEX_POINT ( 'NONE', #828 ) ;
#8165 = ORIENTED_EDGE ( 'NONE', *, *, #3150, .T. ) ;
#8166 = FACE_OUTER_BOUND ( 'NONE', #8215, .T. ) ;
#8167 = VECTOR ( 'NONE', #5570, 39.37007874015748143 ) ;
#8168 = CIRCLE ( 'NONE', #5256, 0.002524478865958256196 ) ;
#8169 = DIRECTION ( 'NONE',  ( 0.000000000000000000, 1.000000000000000000, 0.000000000000000000 ) ) ;
#8170 = CARTESIAN_POINT ( 'NONE',  ( -0.1067519685039364091, 0.03287401574803415494, -0.06759842519685159423 ) ) ;
#8171 = VERTEX_POINT ( 'NONE', #4408 ) ;
#8172 = ORIENTED_EDGE ( 'NONE', *, *, #1620, .T. ) ;
#8173 = DIRECTION ( 'NONE',  ( 0.000000000000000000, -0.000000000000000000, -1.000000000000000000 ) ) ;
#8174 = DIRECTION ( 'NONE',  ( 0.000000000000000000, -0.000000000000000000, -1.000000000000000000 ) ) ;
#8175 = DIRECTION ( 'NONE',  ( 0.000000000000000000, -0.000000000000000000, 1.000000000000000000 ) ) ;
#8176 = DIRECTION ( 'NONE',  ( 1.000000000000000000, 2.934626909294889977E-15, -0.000000000000000000 ) ) ;
#8177 = LINE ( 'NONE', #8036, #1153 ) ;
#8178 = ORIENTED_EDGE ( 'NONE', *, *, #1768, .T. ) ;
#8179 = DIRECTION ( 'NONE',  ( -1.000000000000000000, 0.000000000000000000, 0.000000000000000000 ) ) ;
#8180 = FACE_OUTER_BOUND ( 'NONE', #6836, .T. ) ;
#8181 = ORIENTED_EDGE ( 'NONE', *, *, #6915, .T. ) ;
#8182 = ORIENTED_EDGE ( 'NONE', *, *, #774, .F. ) ;
#8183 = DIRECTION ( 'NONE',  ( 0.000000000000000000, 1.000000000000000000, 0.000000000000000000 ) ) ;
#8184 = DIRECTION ( 'NONE',  ( -0.1736481776669307198, 0.9848077530122080203, 0.000000000000000000 ) ) ;
#8185 = ORIENTED_EDGE ( 'NONE', *, *, #3811, .T. ) ;
#8186 = CARTESIAN_POINT ( 'NONE',  ( 0.000000000000000000, 0.05999999999999999778, 0.000000000000000000 ) ) ;
#8187 = DIRECTION ( 'NONE',  ( -0.9990482215818581313, 0.04361938736532856853, -3.488158222257475945E-15 ) ) ;
#8188 = VECTOR ( 'NONE', #7923, 39.37007874015748143 ) ;
#8189 = DIRECTION ( 'NONE',  ( 0.000000000000000000, 0.000000000000000000, -1.000000000000000000 ) ) ;
#8190 = PRESENTATION_STYLE_ASSIGNMENT (( #137 ) ) ;
#8191 = LINE ( 'NONE', #2943, #5348 ) ;
#8192 = ORIENTED_EDGE ( 'NONE', *, *, #5136, .F. ) ;
#8193 = CARTESIAN_POINT ( 'NONE',  ( -0.1299999999999999767, 0.05000000000000000278, -0.2000000000000000389 ) ) ;
#8194 = VECTOR ( 'NONE', #3112, 39.37007874015748143 ) ;
#8195 = EDGE_CURVE ( 'NONE', #6729, #3525, #3634, .T. ) ;
#8196 = CARTESIAN_POINT ( 'NONE',  ( 0.08749999999999999445, 0.06000000000000001166, 0.09499999999999990397 ) ) ;
#8197 = ORIENTED_EDGE ( 'NONE', *, *, #4167, .T. ) ;
#8198 = EDGE_CURVE ( 'NONE', #6009, #7875, #1486, .T. ) ;
#8199 = CARTESIAN_POINT ( 'NONE',  ( 0.000000000000000000, 0.05999999999999999778, 0.000000000000000000 ) ) ;
#8200 = EDGE_CURVE ( 'NONE', #7813, #6216, #5270, .T. ) ;
#8201 = CARTESIAN_POINT ( 'NONE',  ( -0.1499999999999999667, 0.02500000000000000139, 0.1999999999999999556 ) ) ;
#8202 = CLOSED_SHELL ( 'NONE', ( #6209, #9518, #8616, #6259, #8341, #9219 ) ) ;
#8203 = ADVANCED_FACE ( 'NONE', ( #3826 ), #3687, .F. ) ;
#8204 = EDGE_CURVE ( 'NONE', #9406, #2468, #5897, .T. ) ;
#8205 = CARTESIAN_POINT ( 'NONE',  ( -0.009999999999999995004, 0.02500000000000000139, -0.2250000000000000333 ) ) ;
#8207 = CARTESIAN_POINT ( 'NONE',  ( -0.1999999999999999833, 0.000000000000000000, -0.2500000000000000555 ) ) ;
#8206 = DIRECTION ( 'NONE',  ( 1.000000000000000000, -0.000000000000000000, 0.000000000000000000 ) ) ;
#8208 = DIMENSIONAL_EXPONENTS ( 1.000000000000000000, 0.000000000000000000, 0.000000000000000000, 0.000000000000000000, 0.000000000000000000, 0.000000000000000000, 0.000000000000000000 ) ;
#8209 = AXIS2_PLACEMENT_3D ( 'NONE', #5733, #2096, #5684 ) ;
#8210 = ADVANCED_FACE ( 'NONE', ( #2216 ), #3773, .F. ) ;
#8211 = ORIENTED_EDGE ( 'NONE', *, *, #6676, .T. ) ;
#8212 = VERTEX_POINT ( 'NONE', #1108 ) ;
#8213 = CARTESIAN_POINT ( 'NONE',  ( -0.1149772726619822383, 0.03070866141732543284, -0.09023622047244218847 ) ) ;
#8214 = ORIENTED_EDGE ( 'NONE', *, *, #4545, .T. ) ;
#8215 = EDGE_LOOP ( 'NONE', ( #3891, #9123, #9292, #2463 ) ) ;
#8216 = LINE ( 'NONE', #6825, #5963 ) ;
#8217 = LINE ( 'NONE', #6059, #1333 ) ;
#8218 = DIRECTION ( 'NONE',  ( 0.000000000000000000, 0.000000000000000000, 1.000000000000000000 ) ) ;
#8219 = CARTESIAN_POINT ( 'NONE',  ( 0.1024999999999999939, 0.02500000000000000139, 0.07499999999999988620 ) ) ;
#8220 = ADVANCED_FACE ( 'NONE', ( #2499 ), #1006, .T. ) ;
#8221 = DIRECTION ( 'NONE',  ( 5.122214988120492302E-16, 0.000000000000000000, 1.000000000000000000 ) ) ;
#8222 = EDGE_CURVE ( 'NONE', #896, #5974, #6144, .T. ) ;
#8223 = EDGE_LOOP ( 'NONE', ( #7565, #1378, #5244, #6865 ) ) ;
#8224 = CARTESIAN_POINT ( 'NONE',  ( -0.04999999999999996114, 0.000000000000000000, 0.1999999999999999556 ) ) ;
#8225 = EDGE_CURVE ( 'NONE', #269, #2161, #1055, .T. ) ;
#8226 = CARTESIAN_POINT ( 'NONE',  ( 0.1900000000000000300, 0.02500000000000001180, -0.07625000000000009548 ) ) ;
#8227 = LINE ( 'NONE', #8366, #6616 ) ;
#8228 = EDGE_LOOP ( 'NONE', ( #5436, #7132, #5977, #975 ) ) ;
#8229 = EDGE_LOOP ( 'NONE', ( #4477, #5579, #1728, #6412, #5610, #326, #4846, #4128, #5066, #7188, #5766, #25 ) ) ;
#8230 = LINE ( 'NONE', #5393, #3714 ) ;
#8231 = VERTEX_POINT ( 'NONE', #5461 ) ;
#8232 = VERTEX_POINT ( 'NONE', #6090 ) ;
#8233 = PLANE ( 'NONE',  #3343 ) ;
#8234 = LINE ( 'NONE', #7473, #8188 ) ;
#8235 = CARTESIAN_POINT ( 'NONE',  ( 0.2000000000000000389, 0.000000000000000000, 0.2499999999999998890 ) ) ;
#8236 = CARTESIAN_POINT ( 'NONE',  ( -0.03640029181900438643, 0.05236220472441212304, -0.06759842519685135831 ) ) ;
#8237 = ADVANCED_FACE ( 'NONE', ( #3284 ), #383, .F. ) ;
#8238 = CARTESIAN_POINT ( 'NONE',  ( -0.02850802484010534626, 0.04423918066268085758, -0.1050000000000009259 ) ) ;
#8239 = EDGE_CURVE ( 'NONE', #2046, #685, #1784, .T. ) ;
#8240 = VECTOR ( 'NONE', #2283, 39.37007874015748143 ) ;
#8241 = LINE ( 'NONE', #9144, #4894 ) ;
#8242 = ORIENTED_EDGE ( 'NONE', *, *, #2830, .F. ) ;
#8243 = FILL_AREA_STYLE_COLOUR ( '', #7862 ) ;
#8244 = CARTESIAN_POINT ( 'NONE',  ( -0.02230858298703185250, 0.03312302406173386199, -0.1050000000000009120 ) ) ;
#8245 = DIRECTION ( 'NONE',  ( 1.000000000000000000, -7.477256361968997021E-15, 3.491481338843132961E-15 ) ) ;
#8246 = ORIENTED_EDGE ( 'NONE', *, *, #9420, .T. ) ;
#8247 = FILL_AREA_STYLE_COLOUR ( '', #2717 ) ;
#8248 = EDGE_CURVE ( 'NONE', #519, #4116, #1691, .T. ) ;
#8249 = FACE_OUTER_BOUND ( 'NONE', #6112, .T. ) ;
#8250 = EDGE_CURVE ( 'NONE', #6873, #2978, #9174, .T. ) ;
#8251 = CARTESIAN_POINT ( 'NONE',  ( 0.1674999999999999822, 0.06000000000000001166, 0.07499999999999988620 ) ) ;
#8252 = AXIS2_PLACEMENT_3D ( 'NONE', #8507, #2665, #2710 ) ;
#8254 = CARTESIAN_POINT ( 'NONE',  ( -0.01999999999999998307, 0.04999999999999999584, -0.1649999999999999800 ) ) ;
#8253 = FILL_AREA_STYLE ('',( #7542 ) ) ;
#8255 = ORIENTED_EDGE ( 'NONE', *, *, #361, .T. ) ;
#8256 = ORIENTED_EDGE ( 'NONE', *, *, #943, .F. ) ;
#8257 = DIRECTION ( 'NONE',  ( -0.000000000000000000, -0.000000000000000000, -1.000000000000000000 ) ) ;
#8258 = AXIS2_PLACEMENT_3D ( 'NONE', #933, #3881, #9021 ) ;
#8259 =( NAMED_UNIT ( * ) PLANE_ANGLE_UNIT ( ) SI_UNIT ( $, .RADIAN. ) );
#8260 = AXIS2_PLACEMENT_3D ( 'NONE', #3215, #6983, #318 ) ;
#8261 = FACE_OUTER_BOUND ( 'NONE', #1294, .T. ) ;
#8262 = ORIENTED_EDGE ( 'NONE', *, *, #3836, .F. ) ;
#8263 = ORIENTED_EDGE ( 'NONE', *, *, #4369, .F. ) ;
#8264 = CARTESIAN_POINT ( 'NONE',  ( -0.1549999999999999989, 0.05000000000000000278, -0.2000000000000000111 ) ) ;
#8265 = CYLINDRICAL_SURFACE ( 'NONE', #7513, 0.01749999999999998432 ) ;
#8266 = AXIS2_PLACEMENT_3D ( 'NONE', #7315, #797, #8082 ) ;
#8267 = LINE ( 'NONE', #306, #8194 ) ;
#8268 = DIRECTION ( 'NONE',  ( 1.000000000000000000, 0.000000000000000000, -0.000000000000000000 ) ) ;
#8269 = VERTEX_POINT ( 'NONE', #1775 ) ;
#8270 = VECTOR ( 'NONE', #9336, 39.37007874015748143 ) ;
#8271 = AXIS2_PLACEMENT_3D ( 'NONE', #3040, #5362, #965 ) ;
#8272 = DIRECTION ( 'NONE',  ( 0.000000000000000000, 0.000000000000000000, -1.000000000000000000 ) ) ;
#8273 = VECTOR ( 'NONE', #669, 39.37007874015748143 ) ;
#8274 = FACE_OUTER_BOUND ( 'NONE', #3863, .T. ) ;
#8275 = VECTOR ( 'NONE', #8687, 39.37007874015748143 ) ;
#8276 = ADVANCED_FACE ( 'NONE', ( #237 ), #5508, .T. ) ;
#8277 = EDGE_LOOP ( 'NONE', ( #2479, #7553, #614, #3694 ) ) ;
#8278 = DIRECTION ( 'NONE',  ( -0.000000000000000000, -1.000000000000000000, -0.000000000000000000 ) ) ;
#8279 = ORIENTED_EDGE ( 'NONE', *, *, #3840, .T. ) ;
#8280 = ORIENTED_EDGE ( 'NONE', *, *, #8163, .F. ) ;
#8281 = FACE_OUTER_BOUND ( 'NONE', #8129, .T. ) ;
#8282 = FACE_OUTER_BOUND ( 'NONE', #6910, .T. ) ;
#8283 = LINE ( 'NONE', #3996, #1180 ) ;
#8284 = DIRECTION ( 'NONE',  ( -0.000000000000000000, 1.000000000000000000, -0.000000000000000000 ) ) ;
#8285 = VECTOR ( 'NONE', #1733, 39.37007874015748143 ) ;
#8286 = CARTESIAN_POINT ( 'NONE',  ( 0.1712499999999999578, 0.04250000000000002387, -0.2325000000000000400 ) ) ;
#8287 = PRESENTATION_LAYER_ASSIGNMENT (  '', '', ( #9515 ) ) ;
#8288 = DIRECTION ( 'NONE',  ( 0.000000000000000000, 1.000000000000000000, 0.000000000000000000 ) ) ;
#8289 = ORIENTED_EDGE ( 'NONE', *, *, #3455, .F. ) ;
#8290 = LINE ( 'NONE', #4490, #3 ) ;
#8291 = PLANE ( 'NONE',  #9501 ) ;
#8292 = CYLINDRICAL_SURFACE ( 'NONE', #1777, 0.002524478865958239282 ) ;
#8293 = ORIENTED_EDGE ( 'NONE', *, *, #2066, .F. ) ;
#8294 = DIRECTION ( 'NONE',  ( 1.000000000000000000, 0.000000000000000000, -3.414809992080329516E-16 ) ) ;
#8295 = VECTOR ( 'NONE', #7039, 39.37007874015748143 ) ;
#8296 = FACE_OUTER_BOUND ( 'NONE', #887, .T. ) ;
#8297 = EDGE_CURVE ( 'NONE', #3274, #8705, #6856, .T. ) ;
#8298 = CARTESIAN_POINT ( 'NONE',  ( -0.1062557546874523112, 0.04423918066268085758, -0.05283464566929254452 ) ) ;
#8299 = CARTESIAN_POINT ( 'NONE',  ( 0.02874999999999996655, 0.04250000000000002387, -0.2324999999999999845 ) ) ;
#8300 = VECTOR ( 'NONE', #5606, 39.37007874015748143 ) ;
#8301 = ORIENTED_EDGE ( 'NONE', *, *, #7578, .F. ) ;
#8302 = VECTOR ( 'NONE', #9409, 39.37007874015748143 ) ;
#8303 = ORIENTED_EDGE ( 'NONE', *, *, #8204, .T. ) ;
#8304 = AXIS2_PLACEMENT_3D ( 'NONE', #446, #6447, #7889 ) ;
#8305 = CLOSED_SHELL ( 'NONE', ( #3357, #7114, #322, #2536, #3926, #3219 ) ) ;
#8306 = AXIS2_PLACEMENT_3D ( 'NONE', #1563, #8881, #2861 ) ;
#8307 = CARTESIAN_POINT ( 'NONE',  ( -0.009999999999999979391, 0.05000000000000000278, -0.1649999999999999800 ) ) ;
#8308 = VERTEX_POINT ( 'NONE', #2450 ) ;
#8309 = ORIENTED_EDGE ( 'NONE', *, *, #8297, .F. ) ;
#8310 = EDGE_CURVE ( 'NONE', #7004, #3607, #6810, .T. ) ;
#8311 = CARTESIAN_POINT ( 'NONE',  ( 0.1500000000000000500, 0.000000000000000000, 0.1999999999999999556 ) ) ;
#8312 = DIRECTION ( 'NONE',  ( 0.9990482215818581313, -0.04361938736532777749, 3.488158222257477129E-15 ) ) ;
#8313 = DIRECTION ( 'NONE',  ( -0.1710878697460324616, -0.9702875252478149193, 0.1710878697460323783 ) ) ;
#8314 = ORIENTED_EDGE ( 'NONE', *, *, #2805, .F. ) ;
#8315 = AXIS2_PLACEMENT_3D ( 'NONE', #732, #3690, #20 ) ;
#8316 = DIRECTION ( 'NONE',  ( 1.000000000000000000, 0.000000000000000000, 0.000000000000000000 ) ) ;
#8317 = AXIS2_PLACEMENT_3D ( 'NONE', #1559, #2133, #5045 ) ;
#8318 = FILL_AREA_STYLE_COLOUR ( '', #7917 ) ;
#8319 = ADVANCED_FACE ( 'NONE', ( #9061 ), #3181, .F. ) ;
#8320 = DIRECTION ( 'NONE',  ( -0.000000000000000000, -1.000000000000000000, -0.000000000000000000 ) ) ;
#8321 = ORIENTED_EDGE ( 'NONE', *, *, #2977, .T. ) ;
#8322 = CARTESIAN_POINT ( 'NONE',  ( -0.1149772726619825158, 0.03070866141732543284, -0.01543307086614296997 ) ) ;
#8323 = ADVANCED_FACE ( 'NONE', ( #6904 ), #1730, .F. ) ;
#8324 = ORIENTED_EDGE ( 'NONE', *, *, #6064, .T. ) ;
#8325 = ORIENTED_EDGE ( 'NONE', *, *, #8926, .T. ) ;
#8326 = FACE_OUTER_BOUND ( 'NONE', #176, .T. ) ;
#8327 = DIRECTION ( 'NONE',  ( -1.000000000000000000, 0.000000000000000000, -3.110729813824563327E-15 ) ) ;
#8328 = CARTESIAN_POINT ( 'NONE',  ( -0.1037336785659955657, 0.05236220472441212304, -0.1050000000000012035 ) ) ;
#8329 = PLANE ( 'NONE',  #6811 ) ;
#8330 = FILL_AREA_STYLE ('',( #6843 ) ) ;
#8331 = CARTESIAN_POINT ( 'NONE',  ( -0.1037336785659958988, 0.05236220472441212304, -0.01543307086614293527 ) ) ;
#8332 = DIRECTION ( 'NONE',  ( -1.000000000000000000, -0.000000000000000000, -0.000000000000000000 ) ) ;
#8333 = ORIENTED_EDGE ( 'NONE', *, *, #5902, .T. ) ;
#8334 =( CONVERSION_BASED_UNIT ( 'INCH', #8382 ) LENGTH_UNIT ( ) NAMED_UNIT ( #7793 ) );
#8335 = DIRECTION ( 'NONE',  ( -3.491481338843132961E-15, -0.000000000000000000, 1.000000000000000000 ) ) ;
#8336 = DIRECTION ( 'NONE',  ( 0.000000000000000000, 0.000000000000000000, 1.000000000000000000 ) ) ;
#8337 = CARTESIAN_POINT ( 'NONE',  ( -0.1299999999999999767, 0.05000000000000000278, -0.2000000000000000389 ) ) ;
#8338 = EDGE_CURVE ( 'NONE', #9080, #2337, #291, .T. ) ;
#8339 = ORIENTED_EDGE ( 'NONE', *, *, #9446, .T. ) ;
#8340 = VECTOR ( 'NONE', #9164, 39.37007874015748143 ) ;
#8341 = ADVANCED_FACE ( 'NONE', ( #8296 ), #6954, .F. ) ;
#8342 = LINE ( 'NONE', #1729, #1345 ) ;
#8343 = DIRECTION ( 'NONE',  ( -3.491481338843132961E-15, 0.000000000000000000, 1.000000000000000000 ) ) ;
#8344 = ADVANCED_FACE ( 'NONE', ( #8249 ), #4593, .F. ) ;
#8345 = VECTOR ( 'NONE', #4391, 39.37007874015748143 ) ;
#8346 = CYLINDRICAL_SURFACE ( 'NONE', #8475, 0.002524478865958247956 ) ;
#8348 = CARTESIAN_POINT ( 'NONE',  ( -0.08499999999999996447, 0.05000000000000000278, 0.01999999999999989286 ) ) ;
#8347 = CARTESIAN_POINT ( 'NONE',  ( 0.02875000000000003594, 0.04249999999999999611, -0.05749999999999997474 ) ) ;
#8349 = ORIENTED_EDGE ( 'NONE', *, *, #6815, .T. ) ;
#8350 = ADVANCED_FACE ( 'NONE', ( #6841, #1039 ), #6074, .F. ) ;
#8351 = EDGE_LOOP ( 'NONE', ( #6057, #5232, #5728, #3940 ) ) ;
#8352 = PLANE ( 'NONE',  #3999 ) ;
#8353 = CARTESIAN_POINT ( 'NONE',  ( -0.02499999999999999098, 0.06000000000000001166, 0.07499999999999988620 ) ) ;
#8354 = ADVANCED_FACE ( 'NONE', ( #320 ), #1718, .F. ) ;
#8355 = EDGE_LOOP ( 'NONE', ( #6895, #2038, #9326, #9308 ) ) ;
#8356 = ORIENTED_EDGE ( 'NONE', *, *, #6232, .T. ) ;
#8357 = CARTESIAN_POINT ( 'NONE',  ( 0.02500000000000007425, 0.1000000000000000194, -0.08246320343559628008 ) ) ;
#8358 = PLANE ( 'NONE',  #807 ) ;
#8359 = EDGE_LOOP ( 'NONE', ( #414, #5429, #8172, #5566 ) ) ;
#8360 = LINE ( 'NONE', #892, #2072 ) ;
#8361 = ORIENTED_EDGE ( 'NONE', *, *, #7801, .T. ) ;
#8362 = PRESENTATION_LAYER_ASSIGNMENT (  '', '', ( #1130 ) ) ;
#8363 = FACE_OUTER_BOUND ( 'NONE', #7264, .T. ) ;
#8364 = SURFACE_STYLE_FILL_AREA ( #5438 ) ;
#8365 = EDGE_CURVE ( 'NONE', #7026, #2703, #1760, .T. ) ;
#8366 = CARTESIAN_POINT ( 'NONE',  ( 0.08750000000000000833, 0.02500000000000000139, 0.1349999999999998979 ) ) ;
#8367 = ORIENTED_EDGE ( 'NONE', *, *, #906, .F. ) ;
#8368 = EDGE_CURVE ( 'NONE', #9196, #9339, #3943, .T. ) ;
#8369 = DIRECTION ( 'NONE',  ( -1.000000000000000000, 0.000000000000000000, -4.147639751766084173E-15 ) ) ;
#8370 = ORIENTED_EDGE ( 'NONE', *, *, #3817, .T. ) ;
#8371 = ORIENTED_EDGE ( 'NONE', *, *, #5318, .T. ) ;
#8372 = DIRECTION ( 'NONE',  ( 7.477256361968997021E-15, 1.000000000000000000, 0.000000000000000000 ) ) ;
#8373 = COLOUR_RGB ( '',0.7921568627450980005, 0.8196078431372548767, 0.9333333333333333481 ) ;
#8374 = CARTESIAN_POINT ( 'NONE',  ( 0.02250000000000001305, 0.02500000000000000139, 0.05999999999999990064 ) ) ;
#8375 = FACE_OUTER_BOUND ( 'NONE', #4649, .T. ) ;
#8376 = DIRECTION ( 'NONE',  ( 0.000000000000000000, 0.000000000000000000, 1.000000000000000000 ) ) ;
#8377 = DIRECTION ( 'NONE',  ( 0.000000000000000000, -1.000000000000000000, 0.000000000000000000 ) ) ;
#8378 =( LENGTH_UNIT ( ) NAMED_UNIT ( * ) SI_UNIT ( $, .METRE. ) );
#8379 = FACE_OUTER_BOUND ( 'NONE', #2857, .T. ) ;
#8380 = AXIS2_PLACEMENT_3D ( 'NONE', #2840, #4245, #8005 ) ;
#8381 = ORIENTED_EDGE ( 'NONE', *, *, #484, .T. ) ;
#8382 = LENGTH_MEASURE_WITH_UNIT ( LENGTH_MEASURE( 0.02539999999999999897 ), #5453 );
#8383 = VERTEX_POINT ( 'NONE', #2484 ) ;
#8384 = ADVANCED_FACE ( 'NONE', ( #7612 ), #8424, .F. ) ;
#8385 = CARTESIAN_POINT ( 'NONE',  ( 0.01000000000000003490, 1.115911122411966543E-16, -0.07625000000000006772 ) ) ;
#8386 = PLANE ( 'NONE',  #7978 ) ;
#8387 = CARTESIAN_POINT ( 'NONE',  ( 0.06250000000000001388, 0.02500000000000000139, 0.1099999999999999034 ) ) ;
#8388 = AXIS2_PLACEMENT_3D ( 'NONE', #3552, #8648, #4856 ) ;
#8389 = VERTEX_POINT ( 'NONE', #2532 ) ;
#8390 = DIRECTION ( 'NONE',  ( 0.000000000000000000, 1.000000000000000000, 0.000000000000000000 ) ) ;
#8391 = DIRECTION ( 'NONE',  ( 0.000000000000000000, 0.000000000000000000, 1.000000000000000000 ) ) ;
#8392 = EDGE_CURVE ( 'NONE', #156, #3100, #3217, .T. ) ;
#8393 = EDGE_CURVE ( 'NONE', #8980, #739, #5400, .T. ) ;
#8394 = CARTESIAN_POINT ( 'NONE',  ( 0.1000000000000000056, 0.06950960878969847379, -0.1449999999999999900 ) ) ;
#8396 = LINE ( 'NONE', #4739, #1631 ) ;
#8395 = FACE_OUTER_BOUND ( 'NONE', #745, .T. ) ;
#8397 = EDGE_CURVE ( 'NONE', #4421, #6312, #6940, .T. ) ;
#8398 = EDGE_LOOP ( 'NONE', ( #3155, #1035, #852, #4922 ) ) ;
#8399 = ORIENTED_EDGE ( 'NONE', *, *, #2684, .F. ) ;
#8400 = CARTESIAN_POINT ( 'NONE',  ( -0.1067519685039365479, 0.03287401574803415494, -0.01543307086614294395 ) ) ;
#8401 = FILL_AREA_STYLE ('',( #4065 ) ) ;
#8402 = DIRECTION ( 'NONE',  ( 0.000000000000000000, 1.000000000000000000, 0.000000000000000000 ) ) ;
#8403 = ORIENTED_EDGE ( 'NONE', *, *, #2657, .F. ) ;
#8404 = ORIENTED_EDGE ( 'NONE', *, *, #6631, .F. ) ;
#8405 = VECTOR ( 'NONE', #5710, 39.37007874015748143 ) ;
#8406 = DIRECTION ( 'NONE',  ( 0.000000000000000000, 1.000000000000000000, 0.000000000000000000 ) ) ;
#8407 = CARTESIAN_POINT ( 'NONE',  ( -0.03103010096156195649, 0.04412906444113104398, -0.09023622047244189703 ) ) ;
#8408 = VERTEX_POINT ( 'NONE', #223 ) ;
#8409 = CARTESIAN_POINT ( 'NONE',  ( 0.1525000000000000244, 0.02500000000000000139, 0.07499999999999988620 ) ) ;
#8410 =( GEOMETRIC_REPRESENTATION_CONTEXT ( 3 ) GLOBAL_UNCERTAINTY_ASSIGNED_CONTEXT ( ( #2890 ) ) GLOBAL_UNIT_ASSIGNED_CONTEXT ( ( #2080, #8119, #1367 ) ) REPRESENTATION_CONTEXT ( 'NONE', 'WORKASPACE' ) );
#8411 = ORIENTED_EDGE ( 'NONE', *, *, #6323, .T. ) ;
#8412 = VECTOR ( 'NONE', #5105, 39.37007874015748143 ) ;
#8413 = CARTESIAN_POINT ( 'NONE',  ( -0.02801181102362120673, 0.03287401574803415494, -0.1050000000000009259 ) ) ;
#8414 = SURFACE_STYLE_USAGE ( .BOTH. , #6976 ) ;
#8415 = SURFACE_STYLE_USAGE ( .BOTH. , #8466 ) ;
#8416 = ORIENTED_EDGE ( 'NONE', *, *, #5136, .T. ) ;
#8417 = CARTESIAN_POINT ( 'NONE',  ( 0.1550367965644037782, 0.08250000000000003164, -0.2274999999999999245 ) ) ;
#8418 = VECTOR ( 'NONE', #9425, 39.37007874015748143 ) ;
#8419 = VERTEX_POINT ( 'NONE', #3897 ) ;
#8420 = ORIENTED_EDGE ( 'NONE', *, *, #9416, .T. ) ;
#8421 = DIRECTION ( 'NONE',  ( 0.000000000000000000, 1.000000000000000000, 0.000000000000000000 ) ) ;
#8422 = EDGE_CURVE ( 'NONE', #3993, #4493, #8283, .T. ) ;
#8423 = LINE ( 'NONE', #6219, #3102 ) ;
#8424 = PLANE ( 'NONE',  #2101 ) ;
#8425 = FACE_OUTER_BOUND ( 'NONE', #5539, .T. ) ;
#8426 = AXIS2_PLACEMENT_3D ( 'NONE', #7302, #2679, #4818 ) ;
#8427 = DIRECTION ( 'NONE',  ( -0.000000000000000000, -1.000000000000000000, -0.000000000000000000 ) ) ;
#8428 = CIRCLE ( 'NONE', #5048, 0.03249999999999999417 ) ;
#8429 = ADVANCED_FACE ( 'NONE', ( #3267 ), #7658, .F. ) ;
#8430 = AXIS2_PLACEMENT_3D ( 'NONE', #3510, #3417, #7028 ) ;
#8431 = SURFACE_STYLE_USAGE ( .BOTH. , #7718 ) ;
#8432 = CIRCLE ( 'NONE', #4274, 0.03249999999999999417 ) ;
#8433 = DIRECTION ( 'NONE',  ( 1.000000000000000000, 0.000000000000000000, -1.067128122525103097E-16 ) ) ;
#8434 = VERTEX_POINT ( 'NONE', #6884 ) ;
#8435 =( LENGTH_UNIT ( ) NAMED_UNIT ( * ) SI_UNIT ( $, .METRE. ) );
#8436 = ORIENTED_EDGE ( 'NONE', *, *, #3093, .T. ) ;
#8437 = DIRECTION ( 'NONE',  ( 0.04361938736532857547, 0.9990482215818581313, 0.000000000000000000 ) ) ;
#8438 = VECTOR ( 'NONE', #6851, 39.37007874015748143 ) ;
#8439 = CARTESIAN_POINT ( 'NONE',  ( -0.1224999999999992345, 0.03070866141732548488, -0.1050000000000012729 ) ) ;
#8440 = VERTEX_POINT ( 'NONE', #950 ) ;
#8441 = AXIS2_PLACEMENT_3D ( 'NONE', #2147, #5109, #8037 ) ;
#8442 = DIRECTION ( 'NONE',  ( 0.000000000000000000, -0.000000000000000000, 1.000000000000000000 ) ) ;
#8443 = CARTESIAN_POINT ( 'NONE',  ( -0.03103010096156222711, 0.04412906444113104398, -0.01543307086614268027 ) ) ;
#8444 = AXIS2_PLACEMENT_3D ( 'NONE', #2491, #960, #6134 ) ;
#8446 = DIRECTION ( 'NONE',  ( 6.829619984160655088E-16, 0.000000000000000000, 1.000000000000000000 ) ) ;
#8445 = LINE ( 'NONE', #241, #277 ) ;
#8447 = VERTEX_POINT ( 'NONE', #4768 ) ;
#8448 = ORIENTED_EDGE ( 'NONE', *, *, #829, .T. ) ;
#8449 = DIRECTION ( 'NONE',  ( -3.340973314421270495E-45, -3.415398363423329871E-30, 1.000000000000000000 ) ) ;
#8450 = VECTOR ( 'NONE', #3373, 39.37007874015748143 ) ;
#8451 = PLANE ( 'NONE',  #292 ) ;
#8452 = LINE ( 'NONE', #3344, #2779 ) ;
#8453 = ORIENTED_EDGE ( 'NONE', *, *, #1094, .T. ) ;
#8454 = ORIENTED_EDGE ( 'NONE', *, *, #2378, .F. ) ;
#8455 = VECTOR ( 'NONE', #8437, 39.37007874015748854 ) ;
#8456 = EDGE_CURVE ( 'NONE', #7218, #3993, #8952, .T. ) ;
#8457 = COLOUR_RGB ( '',0.2509803921568627416, 0.2509803921568627416, 0.2509803921568627416 ) ;
#8458 = CARTESIAN_POINT ( 'NONE',  ( -0.1124551965405256315, 0.03312302406173385505, -0.09023622047244218847 ) ) ;
#8459 = CARTESIAN_POINT ( 'NONE',  ( -0.04499999999999999140, 0.05999999999999999778, 0.1349999999999998979 ) ) ;
#8460 = EDGE_LOOP ( 'NONE', ( #8416, #8214, #3845, #1848 ) ) ;
#8461 = DIMENSIONAL_EXPONENTS ( 1.000000000000000000, 0.000000000000000000, 0.000000000000000000, 0.000000000000000000, 0.000000000000000000, 0.000000000000000000, 0.000000000000000000 ) ;
#8462 = ORIENTED_EDGE ( 'NONE', *, *, #4369, .T. ) ;
#8463 = DIRECTION ( 'NONE',  ( 7.477256361968976511E-15, -1.000000000000000000, 0.000000000000000000 ) ) ;
#8464 = VECTOR ( 'NONE', #2136, 39.37007874015748143 ) ;
#8465 = CARTESIAN_POINT ( 'NONE',  ( -0.03539370078740104730, 0.04665354330708928327, -0.03019685039370173865 ) ) ;
#8466 = SURFACE_SIDE_STYLE ('',( #1282 ) ) ;
#8467 = ORIENTED_EDGE ( 'NONE', *, *, #1898, .T. ) ;
#8468 = LINE ( 'NONE', #7130, #9 ) ;
#8469 = EDGE_LOOP ( 'NONE', ( #3458, #1598, #2355, #3874 ) ) ;
#8470 = VERTEX_POINT ( 'NONE', #8328 ) ;
#8471 = PLANE ( 'NONE',  #2252 ) ;
#8472 = CARTESIAN_POINT ( 'NONE',  ( 0.1525000000000000244, 0.02500000000000000139, 0.07499999999999988620 ) ) ;
#8473 = DIRECTION ( 'NONE',  ( -1.000000000000000000, -0.000000000000000000, -0.000000000000000000 ) ) ;
#8474 = PLANE ( 'NONE',  #639 ) ;
#8475 = AXIS2_PLACEMENT_3D ( 'NONE', #922, #6813, #7628 ) ;
#8476 = PRESENTATION_STYLE_ASSIGNMENT (( #7661 ) ) ;
#8477 = CARTESIAN_POINT ( 'NONE',  ( 0.1500000000000000500, 0.02500000000000000139, 0.1674999999999999545 ) ) ;
#8478 = EDGE_LOOP ( 'NONE', ( #3005, #9376, #4801, #6532 ) ) ;
#8479 = SURFACE_STYLE_USAGE ( .BOTH. , #3275 ) ;
#8480 = VECTOR ( 'NONE', #9514, 39.37007874015748143 ) ;
#8481 = VERTEX_POINT ( 'NONE', #273 ) ;
#8482 = DIRECTION ( 'NONE',  ( -0.000000000000000000, 1.000000000000000000, -0.000000000000000000 ) ) ;
#8483 = EDGE_CURVE ( 'NONE', #9282, #3067, #4577, .T. ) ;
#8484 = CARTESIAN_POINT ( 'NONE',  ( -0.1499999999999999667, 0.000000000000000000, 0.1824999999999999678 ) ) ;
#8485 = LINE ( 'NONE', #5415, #393 ) ;
#8486 = ORIENTED_EDGE ( 'NONE', *, *, #4402, .F. ) ;
#8487 = DIRECTION ( 'NONE',  ( -3.491481338843132961E-15, -0.000000000000000000, 1.000000000000000000 ) ) ;
#8488 = VERTEX_POINT ( 'NONE', #6985 ) ;
#8489 = ADVANCED_FACE ( 'NONE', ( #8375 ), #367, .F. ) ;
#8490 = DIRECTION ( 'NONE',  ( -1.000000000000000000, -0.000000000000000000, -0.000000000000000000 ) ) ;
#8492 = LINE ( 'NONE', #7833, #4566 ) ;
#8491 = DIRECTION ( 'NONE',  ( 0.7071067811865482389, 1.034843700798676892E-15, -0.7071067811865469066 ) ) ;
#8493 = CIRCLE ( 'NONE', #6038, 0.008233140283281080787 ) ;
#8494 = ADVANCED_FACE ( 'NONE', ( #7523 ), #1623, .F. ) ;
#8495 = ORIENTED_EDGE ( 'NONE', *, *, #3098, .F. ) ;
#8496 = EDGE_CURVE ( 'NONE', #629, #4606, #6130, .T. ) ;
#8497 = EDGE_LOOP ( 'NONE', ( #3875, #3665, #4865, #8462 ) ) ;
#8498 = EDGE_CURVE ( 'NONE', #7845, #3118, #7179, .T. ) ;
#8500 = DIRECTION ( 'NONE',  ( -0.000000000000000000, 1.000000000000000000, -0.000000000000000000 ) ) ;
#8499 = VECTOR ( 'NONE', #274, 39.37007874015748143 ) ;
#8501 = EDGE_CURVE ( 'NONE', #8408, #2627, #4736, .T. ) ;
#8502 = CARTESIAN_POINT ( 'NONE',  ( -0.1037336785659958988, 0.04412906444113104398, -0.01543307086614293527 ) ) ;
#8503 = DIRECTION ( 'NONE',  ( 6.829619984160655088E-16, 0.000000000000000000, 1.000000000000000000 ) ) ;
#8504 = VERTEX_POINT ( 'NONE', #555 ) ;
#8505 = VERTEX_POINT ( 'NONE', #8659 ) ;
#8506 = EDGE_CURVE ( 'NONE', #1935, #4828, #8720, .T. ) ;
#8507 = CARTESIAN_POINT ( 'NONE',  ( 0.2000000000000000389, 0.02500000000000000139, 0.2499999999999998890 ) ) ;
#8508 = ORIENTED_EDGE ( 'NONE', *, *, #1369, .F. ) ;
#8509 = ORIENTED_EDGE ( 'NONE', *, *, #5026, .F. ) ;
#8510 = LINE ( 'NONE', #8650, #16 ) ;
#8511 = DIRECTION ( 'NONE',  ( -1.000000000000000000, -0.000000000000000000, -0.000000000000000000 ) ) ;
#8512 = CARTESIAN_POINT ( 'NONE',  ( -0.06738188976377888773, 0.02893700787401840349, -0.06021653543307194795 ) ) ;
#8513 = ORIENTED_EDGE ( 'NONE', *, *, #829, .F. ) ;
#8514 = LINE ( 'NONE', #7800, #7716 ) ;
#8515 = VERTEX_POINT ( 'NONE', #3461 ) ;
#8516 = ORIENTED_EDGE ( 'NONE', *, *, #4516, .T. ) ;
#8517 = EDGE_CURVE ( 'NONE', #5087, #2646, #5590, .T. ) ;
#8518 = DIRECTION ( 'NONE',  ( 1.000000000000000000, 0.000000000000000000, 0.000000000000000000 ) ) ;
#8519 = CARTESIAN_POINT ( 'NONE',  ( -0.1299999999999999767, 0.05000000000000000278, -0.1500000000000000500 ) ) ;
#8520 = DIRECTION ( 'NONE',  ( 0.000000000000000000, 0.000000000000000000, -1.000000000000000000 ) ) ;
#8521 = CARTESIAN_POINT ( 'NONE',  ( 0.009999999999999984596, 0.02500000000000002220, -0.2137499999999999123 ) ) ;
#8522 = EDGE_CURVE ( 'NONE', #2617, #6950, #9493, .T. ) ;
#8523 = AXIS2_PLACEMENT_3D ( 'NONE', #5401, #7613, #996 ) ;
#8524 = EDGE_CURVE ( 'NONE', #4116, #5901, #4868, .T. ) ;
#8525 = DIRECTION ( 'NONE',  ( 0.000000000000000000, 1.000000000000000000, 0.000000000000000000 ) ) ;
#8526 = CARTESIAN_POINT ( 'NONE',  ( -0.1300000000000000044, 0.04999999999999999584, -0.1575000000000000289 ) ) ;
#8527 = DIMENSIONAL_EXPONENTS ( 1.000000000000000000, 0.000000000000000000, 0.000000000000000000, 0.000000000000000000, 0.000000000000000000, 0.000000000000000000, 0.000000000000000000 ) ;
#8528 = VERTEX_POINT ( 'NONE', #7858 ) ;
#8529 = PRESENTATION_LAYER_ASSIGNMENT (  '', '', ( #4531 ) ) ;
#8530 = VERTEX_POINT ( 'NONE', #7946 ) ;
#8531 = FILL_AREA_STYLE_COLOUR ( '', #5366 ) ;
#8532 = CARTESIAN_POINT ( 'NONE',  ( -0.03103010096156209180, 0.04412906444113104398, -0.05283464566929229472 ) ) ;
#8533 = ORIENTED_EDGE ( 'NONE', *, *, #2522, .T. ) ;
#8534 = EDGE_CURVE ( 'NONE', #6186, #8927, #5972, .T. ) ;
#8535 = CARTESIAN_POINT ( 'NONE',  ( -0.05999999999999998390, 0.02500000000000000139, -0.1649999999999999800 ) ) ;
#8536 =( NAMED_UNIT ( * ) PLANE_ANGLE_UNIT ( ) SI_UNIT ( $, .RADIAN. ) );
#8537 = ORIENTED_EDGE ( 'NONE', *, *, #2800, .T. ) ;
#8538 = DIRECTION ( 'NONE',  ( 1.067128122525103097E-16, -0.000000000000000000, 1.000000000000000000 ) ) ;
#8539 = ORIENTED_EDGE ( 'NONE', *, *, #1768, .F. ) ;
#8540 = LINE ( 'NONE', #1925, #1988 ) ;
#8542 = DIRECTION ( 'NONE',  ( -0.000000000000000000, -1.000000000000000000, -0.000000000000000000 ) ) ;
#8541 = CARTESIAN_POINT ( 'NONE',  ( -0.05999999999999998390, 0.02500000000000000139, -0.1649999999999999800 ) ) ;
#8543 = VECTOR ( 'NONE', #3059, 39.37007874015748143 ) ;
#8544 = VERTEX_POINT ( 'NONE', #1954 ) ;
#8545 = ADVANCED_FACE ( 'NONE', ( #1138 ), #7903, .F. ) ;
#8546 = ORIENTED_EDGE ( 'NONE', *, *, #4189, .F. ) ;
#8547 = SURFACE_SIDE_STYLE ('',( #1219 ) ) ;
#8548 = FACE_OUTER_BOUND ( 'NONE', #2012, .T. ) ;
#8549 = ORIENTED_EDGE ( 'NONE', *, *, #6077, .F. ) ;
#8550 = DIRECTION ( 'NONE',  ( -3.491481338843132961E-15, -0.000000000000000000, 1.000000000000000000 ) ) ;
#8551 = ORIENTED_EDGE ( 'NONE', *, *, #7350, .T. ) ;
#8552 = FILL_AREA_STYLE_COLOUR ( '', #4864 ) ;
#8553 = VERTEX_POINT ( 'NONE', #4967 ) ;
#8554 = LINE ( 'NONE', #1372, #2311 ) ;
#8555 = SURFACE_STYLE_USAGE ( .BOTH. , #5046 ) ;
#8556 = PLANE ( 'NONE',  #2131 ) ;
#8557 = ORIENTED_EDGE ( 'NONE', *, *, #8636, .F. ) ;
#8558 = FACE_OUTER_BOUND ( 'NONE', #4038, .T. ) ;
#8559 = VERTEX_POINT ( 'NONE', #1242 ) ;
#8560 = VERTEX_POINT ( 'NONE', #9329 ) ;
#8561 = CARTESIAN_POINT ( 'NONE',  ( 0.06250000000000001388, 0.2541640786499874127, 0.04499999999999989425 ) ) ;
#8562 = DIRECTION ( 'NONE',  ( -0.1736481776669306920, -0.9848077530122080203, 0.000000000000000000 ) ) ;
#8563 = CARTESIAN_POINT ( 'NONE',  ( 0.000000000000000000, 0.02500000000000000139, 0.000000000000000000 ) ) ;
#8564 = AXIS2_PLACEMENT_3D ( 'NONE', #5501, #4782, #6899 ) ;
#8565 = PLANE ( 'NONE',  #3132 ) ;
#8566 = FACE_OUTER_BOUND ( 'NONE', #8724, .T. ) ;
#8567 = CARTESIAN_POINT ( 'NONE',  ( -0.02499999999999999098, 0.2541640786499874127, 0.1349999999999998979 ) ) ;
#8568 =( NAMED_UNIT ( * ) PLANE_ANGLE_UNIT ( ) SI_UNIT ( $, .RADIAN. ) );
#8569 = AXIS2_PLACEMENT_3D ( 'NONE', #5173, #2994, #2359 ) ;
#8570 = CARTESIAN_POINT ( 'NONE',  ( -0.1224999999999992345, 0.02500000000000265205, -0.09023622047244221622 ) ) ;
#8571 = ORIENTED_EDGE ( 'NONE', *, *, #263, .T. ) ;
#8572 = ORIENTED_EDGE ( 'NONE', *, *, #540, .T. ) ;
#8573 = CARTESIAN_POINT ( 'NONE',  ( 0.1900000000000000300, 0.02500000000000003261, -0.07625000000000008160 ) ) ;
#8574 = CARTESIAN_POINT ( 'NONE',  ( 0.05000000000000004441, 0.02500000000000000139, 0.1824999999999999678 ) ) ;
#8575 = ORIENTED_EDGE ( 'NONE', *, *, #5021, .F. ) ;
#8576 = AXIS2_PLACEMENT_3D ( 'NONE', #2987, #7476, #1443 ) ;
#8577 = FACE_OUTER_BOUND ( 'NONE', #5263, .T. ) ;
#8578 = EDGE_CURVE ( 'NONE', #7409, #7605, #4281, .T. ) ;
#8579 = CIRCLE ( 'NONE', #8266, 0.01749999999999998432 ) ;
#8580 = EDGE_LOOP ( 'NONE', ( #8178, #436, #2739, #1458 ) ) ;
#8581 = AXIS2_PLACEMENT_3D ( 'NONE', #2438, #958, #7616 ) ;
#8582 = CARTESIAN_POINT ( 'NONE',  ( -0.04999999999999996808, 0.02500000000000000139, -0.1649999999999999800 ) ) ;
#8583 = ORIENTED_EDGE ( 'NONE', *, *, #2977, .F. ) ;
#8584 = AXIS2_PLACEMENT_3D ( 'NONE', #9004, #8245, #6672 ) ;
#8585 = DIRECTION ( 'NONE',  ( 0.000000000000000000, 0.000000000000000000, 1.000000000000000000 ) ) ;
#8587 = LINE ( 'NONE', #9261, #8715 ) ;
#8586 = LINE ( 'NONE', #2025, #6903 ) ;
#8588 = DIMENSIONAL_EXPONENTS ( 1.000000000000000000, 0.000000000000000000, 0.000000000000000000, 0.000000000000000000, 0.000000000000000000, 0.000000000000000000, 0.000000000000000000 ) ;
#8589 = CIRCLE ( 'NONE', #3972, 0.03249999999999999417 ) ;
#8590 = VERTEX_POINT ( 'NONE', #1184 ) ;
#8591 = ORIENTED_EDGE ( 'NONE', *, *, #4219, .F. ) ;
#8592 = LINE ( 'NONE', #5612, #9107 ) ;
#8593 = VECTOR ( 'NONE', #9479, 39.37007874015748143 ) ;
#8594 = LENGTH_MEASURE_WITH_UNIT ( LENGTH_MEASURE( 0.02539999999999999897 ), #7069 );
#8595 = CARTESIAN_POINT ( 'NONE',  ( -0.009999999999999979391, 0.05000000000000000278, -0.1649999999999999800 ) ) ;
#8596 = CARTESIAN_POINT ( 'NONE',  ( -0.02499999999999999098, 0.02500000000000000139, 0.1349999999999998979 ) ) ;
#8597 = EDGE_CURVE ( 'NONE', #6330, #2394, #7087, .T. ) ;
#8598 = FILL_AREA_STYLE ('',( #6353 ) ) ;
#8599 = VERTEX_POINT ( 'NONE', #2681 ) ;
#8600 = AXIS2_PLACEMENT_3D ( 'NONE', #3850, #313, #5391 ) ;
#8601 = ORIENTED_EDGE ( 'NONE', *, *, #5074, .F. ) ;
#8602 = DIRECTION ( 'NONE',  ( 0.000000000000000000, -0.000000000000000000, -1.000000000000000000 ) ) ;
#8603 = VECTOR ( 'NONE', #1198, 39.37007874015748143 ) ;
#8604 = CARTESIAN_POINT ( 'NONE',  ( -0.09836348770855336821, 0.05236220472441212304, -0.06759842519685158035 ) ) ;
#8605 = VERTEX_POINT ( 'NONE', #4820 ) ;
#8606 = CARTESIAN_POINT ( 'NONE',  ( -0.1037336785659958988, 0.04665354330708929020, -0.01543307086614293527 ) ) ;
#8607 = AXIS2_PLACEMENT_3D ( 'NONE', #5954, #1740, #3877 ) ;
#8608 = EDGE_CURVE ( 'NONE', #740, #931, #7229, .T. ) ;
#8609 = ORIENTED_EDGE ( 'NONE', *, *, #1414, .F. ) ;
#8610 = VERTEX_POINT ( 'NONE', #3418 ) ;
#8611 = CARTESIAN_POINT ( 'NONE',  ( -0.01978650686557555105, 0.03323314028328368253, -0.03019685039370169008 ) ) ;
#8612 = CARTESIAN_POINT ( 'NONE',  ( -0.09937007874015701958, 0.04665354330708928327, -0.01543307086614293527 ) ) ;
#8613 = DIRECTION ( 'NONE',  ( 0.000000000000000000, 0.000000000000000000, 1.000000000000000000 ) ) ;
#8614 = DIRECTION ( 'NONE',  ( 0.000000000000000000, -1.000000000000000000, 0.000000000000000000 ) ) ;
#8615 = AXIS2_PLACEMENT_3D ( 'NONE', #5708, #5838, #8773 ) ;
#8616 = ADVANCED_FACE ( 'NONE', ( #2580 ), #5631, .F. ) ;
#8617 = DIRECTION ( 'NONE',  ( 0.000000000000000000, -1.034790906691008358E-16, 1.000000000000000000 ) ) ;
#8618 = ADVANCED_FACE ( 'NONE', ( #4915 ), #4187, .F. ) ;
#8619 = EDGE_CURVE ( 'NONE', #3718, #2168, #5683, .T. ) ;
#8620 = DIRECTION ( 'NONE',  ( -0.000000000000000000, 0.000000000000000000, 1.000000000000000000 ) ) ;
#8621 = EDGE_LOOP ( 'NONE', ( #3405, #4156, #544, #2081 ) ) ;
#8622 = ORIENTED_EDGE ( 'NONE', *, *, #407, .F. ) ;
#8623 = LENGTH_MEASURE_WITH_UNIT ( LENGTH_MEASURE( 0.02539999999999999897 ), #5692 );
#8624 = DIRECTION ( 'NONE',  ( -1.000000000000000000, 0.000000000000000000, -3.629184782795323356E-15 ) ) ;
#8625 = VERTEX_POINT ( 'NONE', #2867 ) ;
#8626 = AXIS2_PLACEMENT_3D ( 'NONE', #3853, #8989, #6790 ) ;
#8627 = DIRECTION ( 'NONE',  ( -1.000000000000000000, 0.000000000000000000, -0.000000000000000000 ) ) ;
#8628 =( LENGTH_UNIT ( ) NAMED_UNIT ( * ) SI_UNIT ( $, .METRE. ) );
#8629 = ORIENTED_EDGE ( 'NONE', *, *, #997, .F. ) ;
#8630 = CARTESIAN_POINT ( 'NONE',  ( -0.009999999999999979391, 0.05000000000000000278, -0.1399999999999999856 ) ) ;
#8631 = ORIENTED_EDGE ( 'NONE', *, *, #6262, .F. ) ;
#8632 = CARTESIAN_POINT ( 'NONE',  ( -0.1249999999999999445, 0.05999999999999999778, 0.1349999999999998979 ) ) ;
#8634 = DIRECTION ( 'NONE',  ( 0.000000000000000000, -0.000000000000000000, 1.000000000000000000 ) ) ;
#8633 = PLANE ( 'NONE',  #6143 ) ;
#8635 = ADVANCED_FACE ( 'NONE', ( #4325 ), #2233, .F. ) ;
#8636 = EDGE_CURVE ( 'NONE', #1476, #1703, #5962, .T. ) ;
#8637 = EDGE_LOOP ( 'NONE', ( #5619, #7710, #886, #4463 ) ) ;
#8638 = EDGE_CURVE ( 'NONE', #6837, #3478, #8132, .T. ) ;
#8639 = ORIENTED_EDGE ( 'NONE', *, *, #2675, .T. ) ;
#8640 = FACE_BOUND ( 'NONE', #7536, .T. ) ;
#8641 = CARTESIAN_POINT ( 'NONE',  ( 0.000000000000000000, 0.000000000000000000, 0.000000000000000000 ) ) ;
#8642 = DIRECTION ( 'NONE',  ( -0.000000000000000000, -0.000000000000000000, 1.000000000000000000 ) ) ;
#8643 = VECTOR ( 'NONE', #5542, 39.37007874015748143 ) ;
#8644 = LINE ( 'NONE', #2563, #4937 ) ;
#8645 = EDGE_CURVE ( 'NONE', #4957, #9148, #2281, .T. ) ;
#8646 = DIRECTION ( 'NONE',  ( 0.000000000000000000, 1.000000000000000000, 0.000000000000000000 ) ) ;
#8647 = ORIENTED_EDGE ( 'NONE', *, *, #2606, .F. ) ;
#8648 = DIRECTION ( 'NONE',  ( 1.067128122525103097E-16, -0.000000000000000000, 1.000000000000000000 ) ) ;
#8649 = ORIENTED_EDGE ( 'NONE', *, *, #2360, .T. ) ;
#8650 = CARTESIAN_POINT ( 'NONE',  ( 0.1400000000000000411, 0.04374999999999965028, 0.004999999999999895153 ) ) ;
#8651 = VECTOR ( 'NONE', #7491, 39.37007874015748143 ) ;
#8652 =( NAMED_UNIT ( * ) SI_UNIT ( $, .STERADIAN. ) SOLID_ANGLE_UNIT ( ) );
#8653 = DIRECTION ( 'NONE',  ( 1.000000000000000000, 0.000000000000000000, 0.000000000000000000 ) ) ;
#8654 = VECTOR ( 'NONE', #1846, 39.37007874015748143 ) ;
#8655 = ORIENTED_EDGE ( 'NONE', *, *, #8673, .F. ) ;
#8656 = ORIENTED_EDGE ( 'NONE', *, *, #9043, .F. ) ;
#8657 = LINE ( 'NONE', #6279, #8418 ) ;
#8658 = DIRECTION ( 'NONE',  ( -0.04361938736532853383, -0.9990482215818581313, 0.000000000000000000 ) ) ;
#8659 = CARTESIAN_POINT ( 'NONE',  ( -0.1249999999999999445, 0.05999999999999999778, 0.1349999999999998979 ) ) ;
#8660 = FACE_OUTER_BOUND ( 'NONE', #1298, .T. ) ;
#8661 = DIRECTION ( 'NONE',  ( -3.491481338843133355E-15, -0.000000000000000000, 1.000000000000000000 ) ) ;
#8662 = EDGE_CURVE ( 'NONE', #2001, #5128, #2187, .T. ) ;
#8663 = CLOSED_SHELL ( 'NONE', ( #7824, #5311, #8354, #1948, #5789, #9484 ) ) ;
#8664 = SURFACE_STYLE_USAGE ( .BOTH. , #4972 ) ;
#8665 = ADVANCED_FACE ( 'NONE', ( #8034 ), #5148, .T. ) ;
#8666 = DIRECTION ( 'NONE',  ( -0.04361938736532857547, 0.9990482215818581313, -1.876105557667276171E-16 ) ) ;
#8667 = EDGE_LOOP ( 'NONE', ( #6199, #863, #9531, #7802 ) ) ;
#8668 = ORIENTED_EDGE ( 'NONE', *, *, #1771, .F. ) ;
#8669 = FILL_AREA_STYLE_COLOUR ( '', #3365 ) ;
#8670 = DIRECTION ( 'NONE',  ( 0.000000000000000000, 1.000000000000000000, 0.000000000000000000 ) ) ;
#8671 = EDGE_LOOP ( 'NONE', ( #6409, #851, #4815, #8325 ) ) ;
#8672 = LINE ( 'NONE', #2793, #2117 ) ;
#8673 = EDGE_CURVE ( 'NONE', #5160, #5472, #1568, .T. ) ;
#8674 = UNCERTAINTY_MEASURE_WITH_UNIT (LENGTH_MEASURE( 1.000000000000000082E-05 ), #3375, 'distance_accuracy_value', 'NONE');
#8675 = DIRECTION ( 'NONE',  ( 0.000000000000000000, 0.000000000000000000, -1.000000000000000000 ) ) ;
#8676 = VERTEX_POINT ( 'NONE', #5769 ) ;
#8677 = DIRECTION ( 'NONE',  ( 7.477256361968976511E-15, -1.000000000000000000, 0.000000000000000000 ) ) ;
#8679 = CARTESIAN_POINT ( 'NONE',  ( -0.01978650686557541574, 0.02500000000000260347, -0.05283464566929224615 ) ) ;
#8678 = CARTESIAN_POINT ( 'NONE',  ( 0.1524999999999999689, 0.02500000000000000139, 0.1349999999999998701 ) ) ;
#8680 = VECTOR ( 'NONE', #1525, 39.37007874015748143 ) ;
#8681 = ORIENTED_EDGE ( 'NONE', *, *, #6108, .F. ) ;
#8682 = VERTEX_POINT ( 'NONE', #8749 ) ;
#8683 = EDGE_CURVE ( 'NONE', #5472, #2576, #6507, .T. ) ;
#8684 = EDGE_CURVE ( 'NONE', #527, #1053, #8579, .T. ) ;
#8685 = DIRECTION ( 'NONE',  ( -0.000000000000000000, -1.000000000000000000, -0.000000000000000000 ) ) ;
#8686 = FACE_OUTER_BOUND ( 'NONE', #1020, .T. ) ;
#8687 = DIRECTION ( 'NONE',  ( 0.000000000000000000, 0.000000000000000000, -1.000000000000000000 ) ) ;
#8688 = EDGE_CURVE ( 'NONE', #7702, #855, #2826, .T. ) ;
#8689 = EDGE_LOOP ( 'NONE', ( #1216, #2013, #5707, #602 ) ) ;
#8690 = VERTEX_POINT ( 'NONE', #7273 ) ;
#8691 = AXIS2_PLACEMENT_3D ( 'NONE', #5477, #351, #1799 ) ;
#8692 = DIRECTION ( 'NONE',  ( -8.758115402030106693E-47, 1.000000000000000000, 1.463489996605855394E-15 ) ) ;
#8693 = FILL_AREA_STYLE ('',( #1233 ) ) ;
#8694 = LINE ( 'NONE', #5142, #3543 ) ;
#8695 = DIRECTION ( 'NONE',  ( 0.000000000000000000, 0.000000000000000000, -1.000000000000000000 ) ) ;
#8696 = ORIENTED_EDGE ( 'NONE', *, *, #6114, .T. ) ;
#8697 = ORIENTED_EDGE ( 'NONE', *, *, #3524, .T. ) ;
#8698 = DIRECTION ( 'NONE',  ( -5.122214988120492302E-16, -0.000000000000000000, -1.000000000000000000 ) ) ;
#8699 = DIRECTION ( 'NONE',  ( 0.7071067811865462405, 4.038622411118523009E-31, -0.7071067811865487940 ) ) ;
#8700 = DIRECTION ( 'NONE',  ( -0.7071067811865454633, -6.047715011404571869E-16, 0.7071067811865494601 ) ) ;
#8701 = CARTESIAN_POINT ( 'NONE',  ( -0.1549999999999999989, 0.05000000000000000278, -0.1500000000000000500 ) ) ;
#8702 = LINE ( 'NONE', #422, #8891 ) ;
#8703 = LINE ( 'NONE', #658, #420 ) ;
#8704 = CARTESIAN_POINT ( 'NONE',  ( 0.08250000000000003164, 0.000000000000000000, 0.2324999999999999567 ) ) ;
#8705 = VERTEX_POINT ( 'NONE', #5819 ) ;
#8706 = EDGE_CURVE ( 'NONE', #8676, #7026, #4425, .T. ) ;
#8707 = ORIENTED_EDGE ( 'NONE', *, *, #3636, .F. ) ;
#8708 = CARTESIAN_POINT ( 'NONE',  ( 0.08250000000000003164, 0.02500000000000000139, 0.2324999999999999567 ) ) ;
#8709 = VECTOR ( 'NONE', #9314, 39.37007874015748143 ) ;
#8710 = DIRECTION ( 'NONE',  ( 1.000000000000000000, 0.000000000000000000, -3.414809992080329516E-16 ) ) ;
#8711 = ORIENTED_EDGE ( 'NONE', *, *, #9453, .F. ) ;
#8712 = EDGE_CURVE ( 'NONE', #7851, #2091, #2255, .T. ) ;
#8713 = LINE ( 'NONE', #4199, #7525 ) ;
#8714 = SURFACE_SIDE_STYLE ('',( #3432 ) ) ;
#8715 = VECTOR ( 'NONE', #3336, 39.37007874015748143 ) ;
#8716 = VECTOR ( 'NONE', #1328, 39.37007874015748143 ) ;
#8717 = CARTESIAN_POINT ( 'NONE',  ( -0.1119589827240417973, 0.04448818897638057157, -0.01543307086614296129 ) ) ;
#8718 = ORIENTED_EDGE ( 'NONE', *, *, #6515, .F. ) ;
#8719 = CARTESIAN_POINT ( 'NONE',  ( -0.1037336785659955657, 0.04665354330708929020, -0.1050000000000012035 ) ) ;
#8720 = CIRCLE ( 'NONE', #4580, 0.008233140283281080787 ) ;
#8722 = FACE_OUTER_BOUND ( 'NONE', #6791, .T. ) ;
#8721 = FACE_OUTER_BOUND ( 'NONE', #7530, .T. ) ;
#8723 = VECTOR ( 'NONE', #8487, 39.37007874015748143 ) ;
#8724 = EDGE_LOOP ( 'NONE', ( #454, #5377, #3060, #1146 ) ) ;
#8725 = VECTOR ( 'NONE', #6089, 39.37007874015748143 ) ;
#8726 = ORIENTED_EDGE ( 'NONE', *, *, #2851, .T. ) ;
#8727 = AXIS2_PLACEMENT_3D ( 'NONE', #7805, #4966, #4280 ) ;
#8728 = DIRECTION ( 'NONE',  ( 3.491481338843133355E-15, 0.000000000000000000, -1.000000000000000000 ) ) ;
#8729 = VECTOR ( 'NONE', #7641, 39.37007874015748143 ) ;
#8730 = AXIS2_PLACEMENT_3D ( 'NONE', #833, #6767, #3777 ) ;
#8731 = LINE ( 'NONE', #683, #2442 ) ;
#8732 = ORIENTED_EDGE ( 'NONE', *, *, #3600, .T. ) ;
#8733 = LINE ( 'NONE', #9458, #154 ) ;
#8734 = LINE ( 'NONE', #1364, #9229 ) ;
#8735 = SURFACE_STYLE_FILL_AREA ( #6637 ) ;
#8736 = VECTOR ( 'NONE', #6427, 39.37007874015748143 ) ;
#8737 = ORIENTED_EDGE ( 'NONE', *, *, #7496, .F. ) ;
#8738 = EDGE_LOOP ( 'NONE', ( #1421, #174, #3814, #2898 ) ) ;
#8739 = DIRECTION ( 'NONE',  ( -1.000000000000000000, 0.000000000000000000, -4.147639751766084173E-15 ) ) ;
#8740 = STYLED_ITEM ( 'NONE', ( #3572 ), #6128 ) ;
#8741 = FILL_AREA_STYLE_COLOUR ( '', #5373 ) ;
#8742 = ADVANCED_FACE ( 'NONE', ( #7457 ), #1425, .F. ) ;
#8743 = CARTESIAN_POINT ( 'NONE',  ( -0.1224999999999995121, 0.03070866141732548488, -0.01543307086614300466 ) ) ;
#8744 = EDGE_LOOP ( 'NONE', ( #2155, #5850, #4896, #7149 ) ) ;
#8745 = ORIENTED_EDGE ( 'NONE', *, *, #8297, .T. ) ;
#8746 = PLANE ( 'NONE',  #7492 ) ;
#8747 = COLOUR_RGB ( '',0.7921568627450980005, 0.8196078431372548767, 0.9333333333333333481 ) ;
#8748 = CARTESIAN_POINT ( 'NONE',  ( 0.1500000000000000500, 0.000000000000000000, 0.1999999999999999556 ) ) ;
#8749 = CARTESIAN_POINT ( 'NONE',  ( -0.09624617553862881147, 0.02893700787401838614, -0.1141792464047724637 ) ) ;
#8750 = CARTESIAN_POINT ( 'NONE',  ( -0.03499999999999997558, 0.02500000000000000139, 0.01999999999999989286 ) ) ;
#8751 = EDGE_CURVE ( 'NONE', #1857, #8164, #8432, .T. ) ;
#8752 =( LENGTH_UNIT ( ) NAMED_UNIT ( * ) SI_UNIT ( $, .METRE. ) );
#8753 = EDGE_CURVE ( 'NONE', #4830, #2276, #3562, .T. ) ;
#8754 = DIRECTION ( 'NONE',  ( 0.000000000000000000, 0.000000000000000000, -1.000000000000000000 ) ) ;
#8755 = FILL_AREA_STYLE_COLOUR ( '', #7924 ) ;
#8756 = CIRCLE ( 'NONE', #5223, 0.004921259842519689308 ) ;
#8757 = LINE ( 'NONE', #3569, #6314 ) ;
#8758 = ORIENTED_EDGE ( 'NONE', *, *, #7404, .F. ) ;
#8759 = EDGE_LOOP ( 'NONE', ( #8745, #1680, #7823, #6211 ) ) ;
#8760 = FACE_OUTER_BOUND ( 'NONE', #7265, .T. ) ;
#8761 = DIRECTION ( 'NONE',  ( 0.000000000000000000, -0.000000000000000000, 1.000000000000000000 ) ) ;
#8762 = VERTEX_POINT ( 'NONE', #5915 ) ;
#8763 = CARTESIAN_POINT ( 'NONE',  ( 0.000000000000000000, 0.02500000000000000139, 0.000000000000000000 ) ) ;
#8764 = EDGE_CURVE ( 'NONE', #1935, #7214, #1382, .T. ) ;
#8765 = DIRECTION ( 'NONE',  ( 1.000000000000000000, 8.936794954581332298E-15, 0.000000000000000000 ) ) ;
#8766 = VECTOR ( 'NONE', #4449, 39.37007874015748143 ) ;
#8767 = AXIS2_PLACEMENT_3D ( 'NONE', #9364, #2759, #7015 ) ;
#8768 = UNCERTAINTY_MEASURE_WITH_UNIT (LENGTH_MEASURE( 1.000000000000000082E-05 ), #3051, 'distance_accuracy_value', 'NONE');
#8769 = PLANE ( 'NONE',  #575 ) ;
#8770 = VECTOR ( 'NONE', #64, 39.37007874015748143 ) ;
#8771 = ORIENTED_EDGE ( 'NONE', *, *, #2506, .T. ) ;
#8772 = ADVANCED_FACE ( 'NONE', ( #2921 ), #5869, .T. ) ;
#8773 = DIRECTION ( 'NONE',  ( -1.000000000000000000, 0.000000000000000000, -5.335640612625516718E-17 ) ) ;
#8774 = LINE ( 'NONE', #9305, #1968 ) ;
#8775 = CIRCLE ( 'NONE', #3082, 0.004921259842519689308 ) ;
#8776 = ORIENTED_EDGE ( 'NONE', *, *, #906, .T. ) ;
#8777 = AXIS2_PLACEMENT_3D ( 'NONE', #5007, #1896, #2041 ) ;
#8778 = EDGE_LOOP ( 'NONE', ( #6183, #3254, #3232, #3879 ) ) ;
#8779 = SURFACE_STYLE_FILL_AREA ( #9500 ) ;
#8780 = EDGE_CURVE ( 'NONE', #787, #9067, #5474, .T. ) ;
#8781 = LINE ( 'NONE', #8157, #6274 ) ;
#8782 = ADVANCED_FACE ( 'NONE', ( #305, #9125, #4657, #2514, #2417 ), #5432, .F. ) ;
#8783 = ORIENTED_EDGE ( 'NONE', *, *, #3923, .F. ) ;
#8784 = CARTESIAN_POINT ( 'NONE',  ( -0.07499999999999995559, 0.02500000000000000139, 0.04499999999999989425 ) ) ;
#8786 = LINE ( 'NONE', #592, #5814 ) ;
#8785 = LINE ( 'NONE', #4412, #1944 ) ;
#8787 = EDGE_LOOP ( 'NONE', ( #1064, #5993, #7295, #5505 ) ) ;
#8788 = EDGE_CURVE ( 'NONE', #2834, #3277, #9022, .T. ) ;
#8789 = ADVANCED_FACE ( 'NONE', ( #3791 ), #8265, .F. ) ;
#8790 = EDGE_LOOP ( 'NONE', ( #707, #6550 ) ) ;
#8791 = DIRECTION ( 'NONE',  ( 0.000000000000000000, 1.000000000000000000, 0.000000000000000000 ) ) ;
#8792 = DIRECTION ( 'NONE',  ( -1.000000000000000000, -0.000000000000000000, -0.000000000000000000 ) ) ;
#8793 = EDGE_CURVE ( 'NONE', #1047, #488, #4701, .T. ) ;
#8794 = DIRECTION ( 'NONE',  ( 0.000000000000000000, 0.000000000000000000, 1.000000000000000000 ) ) ;
#8795 = ORIENTED_EDGE ( 'NONE', *, *, #5502, .F. ) ;
#8796 = VERTEX_POINT ( 'NONE', #8357 ) ;
#8797 = CARTESIAN_POINT ( 'NONE',  ( -0.04999999999999996114, 0.02500000000000000139, 0.2324999999999999567 ) ) ;
#8798 = DIRECTION ( 'NONE',  ( 0.000000000000000000, 0.000000000000000000, 1.000000000000000000 ) ) ;
#8799 = CARTESIAN_POINT ( 'NONE',  ( 0.1750000000000000444, 0.1000000000000000194, -0.08246320343559634947 ) ) ;
#8800 = CARTESIAN_POINT ( 'NONE',  ( -0.03640029181900442112, 0.05236220472441212304, -0.05283464566929230860 ) ) ;
#8801 = VECTOR ( 'NONE', #7886, 39.37007874015748143 ) ;
#8802 = EDGE_LOOP ( 'NONE', ( #4619, #640, #8539, #2002 ) ) ;
#8803 = DIRECTION ( 'NONE',  ( -3.902639990948947455E-16, 1.219574997171546326E-16, -1.000000000000000000 ) ) ;
#8804 = LINE ( 'NONE', #8226, #6692 ) ;
#8805 = VECTOR ( 'NONE', #4392, 39.37007874015748143 ) ;
#8806 = FACE_OUTER_BOUND ( 'NONE', #4952, .T. ) ;
#8807 = ADVANCED_FACE ( 'NONE', ( #6013 ), #1744, .T. ) ;
#8808 = EDGE_CURVE ( 'NONE', #691, #9478, #4753, .T. ) ;
#8809 = ORIENTED_EDGE ( 'NONE', *, *, #118, .T. ) ;
#8810 = ORIENTED_EDGE ( 'NONE', *, *, #8906, .F. ) ;
#8811 = DIRECTION ( 'NONE',  ( -0.000000000000000000, 0.000000000000000000, 1.000000000000000000 ) ) ;
#8812 = FACE_OUTER_BOUND ( 'NONE', #2817, .T. ) ;
#8813 = ORIENTED_EDGE ( 'NONE', *, *, #7532, .T. ) ;
#8814 = LINE ( 'NONE', #2198, #4201 ) ;
#8815 = DIRECTION ( 'NONE',  ( -3.491481338843133355E-15, -0.000000000000000000, 1.000000000000000000 ) ) ;
#8816 = EDGE_CURVE ( 'NONE', #5572, #8690, #982, .T. ) ;
#8817 = CARTESIAN_POINT ( 'NONE',  ( 0.1525000000000000244, 0.02500000000000000139, 0.03499999999999989231 ) ) ;
#8818 = ORIENTED_EDGE ( 'NONE', *, *, #2256, .T. ) ;
#8819 = CARTESIAN_POINT ( 'NONE',  ( -0.01226377952755837789, 0.03070866141732546059, -0.06759842519685127504 ) ) ;
#8820 = PLANE ( 'NONE',  #885 ) ;
#8821 = ORIENTED_EDGE ( 'NONE', *, *, #5656, .T. ) ;
#8822 = STYLED_ITEM ( 'NONE', ( #4646 ), #2929 ) ;
#8823 = ORIENTED_EDGE ( 'NONE', *, *, #7620, .T. ) ;
#8824 = CARTESIAN_POINT ( 'NONE',  ( -0.1499999999999999667, 0.000000000000000000, 0.1999999999999999556 ) ) ;
#8825 = DIRECTION ( 'NONE',  ( 1.000000000000000000, 7.948530328647187309E-16, 0.000000000000000000 ) ) ;
#8826 = DIRECTION ( 'NONE',  ( 0.7071067811865469066, -1.034843700798679234E-16, 0.7071067811865482389 ) ) ;
#8827 = PRESENTATION_LAYER_ASSIGNMENT (  '', '', ( #2204 ) ) ;
#8829 = CARTESIAN_POINT ( 'NONE',  ( -0.04999999999999996808, 0.05000000000000000278, 0.000000000000000000 ) ) ;
#8828 = LINE ( 'NONE', #6094, #5905 ) ;
#8830 = EDGE_CURVE ( 'NONE', #740, #4741, #6868, .T. ) ;
#8831 = SURFACE_STYLE_FILL_AREA ( #2222 ) ;
#8832 = ORIENTED_EDGE ( 'NONE', *, *, #2256, .F. ) ;
#8833 = EDGE_LOOP ( 'NONE', ( #7153, #5605 ) ) ;
#8834 = CARTESIAN_POINT ( 'NONE',  ( -0.04999999999999996114, 0.02500000000000000139, 0.1999999999999999556 ) ) ;
#8835 = VECTOR ( 'NONE', #572, 39.37007874015748143 ) ;
#8836 =( NAMED_UNIT ( * ) SI_UNIT ( $, .STERADIAN. ) SOLID_ANGLE_UNIT ( ) );
#8837 = FACE_OUTER_BOUND ( 'NONE', #4654, .T. ) ;
#8838 = ORIENTED_EDGE ( 'NONE', *, *, #5229, .F. ) ;
#8839 = ORIENTED_EDGE ( 'NONE', *, *, #4971, .T. ) ;
#8840 = DIRECTION ( 'NONE',  ( -1.000000000000000000, 0.000000000000000000, -3.491481338843132961E-15 ) ) ;
#8841 = CARTESIAN_POINT ( 'NONE',  ( -0.1499999999999999667, 0.02500000000000000139, 0.2174999999999999434 ) ) ;
#8842 = CARTESIAN_POINT ( 'NONE',  ( -0.05250000000000000500, 0.02500000000000000139, -0.2250000000000000333 ) ) ;
#8843 = CARTESIAN_POINT ( 'NONE',  ( -0.09624617553862907515, 0.02893700787401840349, -0.06021653543307194795 ) ) ;
#8844 = AXIS2_PLACEMENT_3D ( 'NONE', #6509, #2235, #703 ) ;
#8845 = ORIENTED_EDGE ( 'NONE', *, *, #738, .F. ) ;
#8846 = MANIFOLD_SOLID_BREP ( 'Cut-Extrude1[5]', #6633 ) ;
#8847 = LINE ( 'NONE', #804, #1504 ) ;
#8848 =( CONVERSION_BASED_UNIT ( 'INCH', #2191 ) LENGTH_UNIT ( ) NAMED_UNIT ( #4518 ) );
#8849 = CARTESIAN_POINT ( 'NONE',  ( 0.1550367965644038060, 0.1000000000000000056, -0.06249999999999999306 ) ) ;
#8850 = ORIENTED_EDGE ( 'NONE', *, *, #407, .T. ) ;
#8851 = EDGE_LOOP ( 'NONE', ( #2040, #7280, #1580, #2130, #2019, #7723, #7520, #6549, #5600, #2590, #8697, #4108 ) ) ;
#8852 = DIRECTION ( 'NONE',  ( -1.686880716198101922E-43, -2.426872996565747488E-29, 1.000000000000000000 ) ) ;
#8853 = PLANE ( 'NONE',  #1214 ) ;
#8854 = EDGE_LOOP ( 'NONE', ( #7173, #4322, #3637, #8024 ) ) ;
#8855 = FACE_OUTER_BOUND ( 'NONE', #7952, .T. ) ;
#8856 = CARTESIAN_POINT ( 'NONE',  ( 0.1674999999999999822, 0.02500000000000000139, 0.1349999999999998979 ) ) ;
#8857 = EDGE_CURVE ( 'NONE', #1615, #3312, #253, .T. ) ;
#8858 = UNCERTAINTY_MEASURE_WITH_UNIT (LENGTH_MEASURE( 1.000000000000000082E-05 ), #4879, 'distance_accuracy_value', 'NONE');
#8859 = CARTESIAN_POINT ( 'NONE',  ( -0.04999999999999996114, 0.000000000000000000, 0.1824999999999999678 ) ) ;
#8860 = VERTEX_POINT ( 'NONE', #7791 ) ;
#8861 = EDGE_CURVE ( 'NONE', #6244, #6912, #9271, .T. ) ;
#8862 = DIRECTION ( 'NONE',  ( -0.000000000000000000, -0.000000000000000000, -1.000000000000000000 ) ) ;
#8863 = LINE ( 'NONE', #4589, #7829 ) ;
#8864 = VECTOR ( 'NONE', #4026, 39.37007874015748143 ) ;
#8865 = EDGE_LOOP ( 'NONE', ( #4926, #146, #36, #5893, #24, #6668, #6471, #793, #6769, #8809, #8897, #1495 ) ) ;
#8866 = AXIS2_PLACEMENT_3D ( 'NONE', #8131, #8081, #5961 ) ;
#8867 = DIRECTION ( 'NONE',  ( 3.491481338843132961E-15, 0.000000000000000000, -1.000000000000000000 ) ) ;
#8868 = DIRECTION ( 'NONE',  ( 0.9990482215818581313, 0.04361938736532856853, 3.488158222257475945E-15 ) ) ;
#8869 = AXIS2_PLACEMENT_3D ( 'NONE', #650, #3608, #6551 ) ;
#8870 = DIRECTION ( 'NONE',  ( -3.414809992080328037E-16, -0.000000000000000000, -1.000000000000000000 ) ) ;
#8872 = CARTESIAN_POINT ( 'NONE',  ( 0.06000000000000004635, 0.04375000000000035111, -0.03500000000000010048 ) ) ;
#8871 = LENGTH_MEASURE_WITH_UNIT ( LENGTH_MEASURE( 0.02539999999999999897 ), #3044 );
#8873 = CIRCLE ( 'NONE', #7200, 0.002524478865958239282 ) ;
#8874 = CARTESIAN_POINT ( 'NONE',  ( 0.1674999999999999822, 0.06000000000000001166, 0.07499999999999988620 ) ) ;
#8875 = ORIENTED_EDGE ( 'NONE', *, *, #2684, .T. ) ;
#8876 = AXIS2_PLACEMENT_3D ( 'NONE', #5364, #4785, #7730 ) ;
#8877 = VERTEX_POINT ( 'NONE', #5618 ) ;
#8878 = DIRECTION ( 'NONE',  ( 0.000000000000000000, 1.000000000000000000, 0.000000000000000000 ) ) ;
#8879 = VECTOR ( 'NONE', #2205, 39.37007874015748143 ) ;
#8880 =( CONVERSION_BASED_UNIT ( 'INCH', #5426 ) LENGTH_UNIT ( ) NAMED_UNIT ( #9262 ) );
#8881 = DIRECTION ( 'NONE',  ( 0.000000000000000000, 1.000000000000000000, 0.000000000000000000 ) ) ;
#8882 = AXIS2_PLACEMENT_3D ( 'NONE', #3763, #5257, #1536 ) ;
#8883 = ORIENTED_EDGE ( 'NONE', *, *, #6243, .F. ) ;
#8884 = VERTEX_POINT ( 'NONE', #5573 ) ;
#8885 = LINE ( 'NONE', #3746, #9015 ) ;
#8886 = FACE_OUTER_BOUND ( 'NONE', #4816, .T. ) ;
#8887 = CARTESIAN_POINT ( 'NONE',  ( -0.03640029181900455990, 0.05236220472441212304, -0.01543307086614269762 ) ) ;
#8888 = DIRECTION ( 'NONE',  ( 0.000000000000000000, -0.000000000000000000, -1.000000000000000000 ) ) ;
#8889 = LINE ( 'NONE', #800, #8240 ) ;
#8890 = ORIENTED_EDGE ( 'NONE', *, *, #5646, .F. ) ;
#8891 = VECTOR ( 'NONE', #7995, 39.37007874015748143 ) ;
#8892 = CYLINDRICAL_SURFACE ( 'NONE', #8135, 0.03249999999999999417 ) ;
#8893 =( GEOMETRIC_REPRESENTATION_CONTEXT ( 3 ) GLOBAL_UNCERTAINTY_ASSIGNED_CONTEXT ( ( #2203 ) ) GLOBAL_UNIT_ASSIGNED_CONTEXT ( ( #8160, #3095, #7587 ) ) REPRESENTATION_CONTEXT ( 'NONE', 'WORKASPACE' ) );
#8894 = LENGTH_MEASURE_WITH_UNIT ( LENGTH_MEASURE( 0.02539999999999999897 ), #126 );
#8895 = EDGE_CURVE ( 'NONE', #8974, #6216, #3406, .T. ) ;
#8896 = CARTESIAN_POINT ( 'NONE',  ( 0.01750000000000003636, 0.000000000000000000, 0.2324999999999999567 ) ) ;
#8897 = ORIENTED_EDGE ( 'NONE', *, *, #7578, .T. ) ;
#8898 = ORIENTED_EDGE ( 'NONE', *, *, #6107, .T. ) ;
#8899 = COLOUR_RGB ( '',0.4862745098039215619, 0.2352941176470588203, 0.01568627450980392135 ) ;
#8900 = CARTESIAN_POINT ( 'NONE',  ( 0.01750000000000003636, 0.000000000000000000, 0.1674999999999999545 ) ) ;
#8901 = ORIENTED_EDGE ( 'NONE', *, *, #3946, .T. ) ;
#8902 = DIRECTION ( 'NONE',  ( -0.000000000000000000, -0.000000000000000000, 1.000000000000000000 ) ) ;
#8903 = CARTESIAN_POINT ( 'NONE',  ( 0.1500000000000000500, 0.000000000000000000, 0.2324999999999999567 ) ) ;
#8904 = CARTESIAN_POINT ( 'NONE',  ( -0.01978650686557558575, 0.03070866141732543284, -0.01543307086614264557 ) ) ;
#8905 = ADVANCED_FACE ( 'NONE', ( #348 ), #5720, .F. ) ;
#8906 = EDGE_CURVE ( 'NONE', #3209, #7009, #5645, .T. ) ;
#8907 = VECTOR ( 'NONE', #2474, 39.37007874015748143 ) ;
#8908 = ADVANCED_FACE ( 'NONE', ( #1276 ), #1845, .F. ) ;
#8909 = DIRECTION ( 'NONE',  ( 0.000000000000000000, 0.000000000000000000, 1.000000000000000000 ) ) ;
#8910 = ORIENTED_EDGE ( 'NONE', *, *, #9499, .T. ) ;
#8911 = EDGE_CURVE ( 'NONE', #3713, #8470, #1989, .T. ) ;
#8912 = VECTOR ( 'NONE', #377, 39.37007874015748143 ) ;
#8913 = DIRECTION ( 'NONE',  ( 0.7071067811865457964, 0.000000000000000000, 0.7071067811865493491 ) ) ;
#8914 = LINE ( 'NONE', #6036, #4742 ) ;
#8915 = AXIS2_PLACEMENT_3D ( 'NONE', #2380, #2570, #5387 ) ;
#8916 = ORIENTED_EDGE ( 'NONE', *, *, #113, .T. ) ;
#8917 = AXIS2_PLACEMENT_3D ( 'NONE', #8443, #6342, #6292 ) ;
#8918 = CARTESIAN_POINT ( 'NONE',  ( 0.04496320343559635085, 0.1000000000000000056, -0.06249999999999997224 ) ) ;
#8919 = CARTESIAN_POINT ( 'NONE',  ( 0.1024999999999999939, 0.02500000000000000139, 0.07499999999999988620 ) ) ;
#8920 = EDGE_CURVE ( 'NONE', #2709, #6596, #541, .T. ) ;
#8921 = CARTESIAN_POINT ( 'NONE',  ( 0.1750000000000000444, 0.04249999999999999611, -0.08246320343559634947 ) ) ;
#8923 = CARTESIAN_POINT ( 'NONE',  ( -0.009999999999999995004, 0.05000000000000000278, -0.2250000000000000333 ) ) ;
#8922 = LINE ( 'NONE', #8115, #1442 ) ;
#8924 = EDGE_CURVE ( 'NONE', #2701, #9239, #2761, .T. ) ;
#8925 = VECTOR ( 'NONE', #7175, 39.37007874015748143 ) ;
#8926 = EDGE_CURVE ( 'NONE', #6912, #3161, #3446, .T. ) ;
#8927 = VERTEX_POINT ( 'NONE', #5665 ) ;
#8928 = ORIENTED_EDGE ( 'NONE', *, *, #3701, .F. ) ;
#8929 = CIRCLE ( 'NONE', #5408, 0.004921259842519689308 ) ;
#8930 = VECTOR ( 'NONE', #2272, 39.37007874015748143 ) ;
#8931 = FILL_AREA_STYLE_COLOUR ( '', #449 ) ;
#8932 = ADVANCED_FACE ( 'NONE', ( #9226 ), #4071, .T. ) ;
#8933 = LINE ( 'NONE', #5282, #1546 ) ;
#8934 = EDGE_CURVE ( 'NONE', #6364, #7755, #6251, .T. ) ;
#8935 = ORIENTED_EDGE ( 'NONE', *, *, #5640, .F. ) ;
#8936 = EDGE_LOOP ( 'NONE', ( #5124, #7185, #8631, #4946 ) ) ;
#8937 = CARTESIAN_POINT ( 'NONE',  ( -0.1037336785659958294, 0.05236220472441212304, -0.03019685039370197804 ) ) ;
#8938 = FACE_OUTER_BOUND ( 'NONE', #836, .T. ) ;
#8939 = CARTESIAN_POINT ( 'NONE',  ( -0.1067519685039365479, 0.03287401574803415494, -0.03019685039370199539 ) ) ;
#8940 = LENGTH_MEASURE_WITH_UNIT ( LENGTH_MEASURE( 0.02539999999999999897 ), #8752 );
#8941 = EDGE_LOOP ( 'NONE', ( #8990, #4711, #7064, #5369 ) ) ;
#8942 = DIRECTION ( 'NONE',  ( 1.000000000000000000, 0.000000000000000000, 0.000000000000000000 ) ) ;
#8943 = PLANE ( 'NONE',  #9139 ) ;
#8944 = DIRECTION ( 'NONE',  ( -0.1710878697460320730, 0.9702875252478151413, 0.1710878697460323505 ) ) ;
#8945 = ORIENTED_EDGE ( 'NONE', *, *, #8422, .F. ) ;
#8946 = VERTEX_POINT ( 'NONE', #7695 ) ;
#8947 = CARTESIAN_POINT ( 'NONE',  ( 0.1024999999999999800, 0.02500000000000000139, 0.1349999999999998701 ) ) ;
#8948 = ORIENTED_EDGE ( 'NONE', *, *, #8662, .T. ) ;
#8949 = VERTEX_POINT ( 'NONE', #1892 ) ;
#8950 = CARTESIAN_POINT ( 'NONE',  ( -0.01978650686557562044, 0.03323314028328368253, -0.01543307086614264557 ) ) ;
#8951 = DIRECTION ( 'NONE',  ( -0.9848077530122080203, -0.1736481776669307198, -3.438437891990161467E-15 ) ) ;
#8952 = LINE ( 'NONE', #2431, #7503 ) ;
#8953 = LINE ( 'NONE', #2345, #1721 ) ;
#8954 = DIRECTION ( 'NONE',  ( 0.9848077530122085754, 0.1736481776669272503, -4.203664194080335198E-16 ) ) ;
#8955 = ADVANCED_FACE ( 'NONE', ( #4854 ), #9330, .F. ) ;
#8956 = EDGE_CURVE ( 'NONE', #3593, #2320, #9170, .T. ) ;
#8957 = VECTOR ( 'NONE', #1383, 39.37007874015748143 ) ;
#8958 = PRESENTATION_LAYER_ASSIGNMENT (  '', '', ( #4040 ) ) ;
#8959 = DIRECTION ( 'NONE',  ( 0.000000000000000000, -0.000000000000000000, 1.000000000000000000 ) ) ;
#8960 = ORIENTED_EDGE ( 'NONE', *, *, #238, .F. ) ;
#8961 = FACE_OUTER_BOUND ( 'NONE', #2139, .T. ) ;
#8962 = DIRECTION ( 'NONE',  ( -7.477256361968997021E-15, -1.000000000000000000, -0.000000000000000000 ) ) ;
#8963 = VECTOR ( 'NONE', #3843, 39.37007874015748143 ) ;
#8964 = CARTESIAN_POINT ( 'NONE',  ( -0.1449999999999999900, 0.02500000000000000139, 0.1349999999999998979 ) ) ;
#8965 = ORIENTED_EDGE ( 'NONE', *, *, #9205, .F. ) ;
#8966 = DIRECTION ( 'NONE',  ( 0.000000000000000000, -0.000000000000000000, 1.000000000000000000 ) ) ;
#8967 = CARTESIAN_POINT ( 'NONE',  ( -0.04999999999999996808, 0.02500000000000000139, -0.1399999999999999856 ) ) ;
#8968 = CLOSED_SHELL ( 'NONE', ( #6707, #356, #5001, #4498, #4610, #7766 ) ) ;
#8969 = CARTESIAN_POINT ( 'NONE',  ( -0.1062557546874521724, 0.04423918066268085758, -0.09023622047244216071 ) ) ;
#8971 = CARTESIAN_POINT ( 'NONE',  ( 0.000000000000000000, 0.02500000000000000139, 0.000000000000000000 ) ) ;
#8970 = DIRECTION ( 'NONE',  ( 3.491481338843132961E-15, 0.000000000000000000, -1.000000000000000000 ) ) ;
#8972 = AXIS2_PLACEMENT_3D ( 'NONE', #1469, #6554, #3749 ) ;
#8973 = EDGE_LOOP ( 'NONE', ( #8795, #4550, #4149, #4923 ) ) ;
#8974 = VERTEX_POINT ( 'NONE', #2614 ) ;
#8975 = EDGE_CURVE ( 'NONE', #2568, #3607, #495, .T. ) ;
#8976 =( NAMED_UNIT ( * ) SI_UNIT ( $, .STERADIAN. ) SOLID_ANGLE_UNIT ( ) );
#8977 =( GEOMETRIC_REPRESENTATION_CONTEXT ( 3 ) GLOBAL_UNCERTAINTY_ASSIGNED_CONTEXT ( ( #5885 ) ) GLOBAL_UNIT_ASSIGNED_CONTEXT ( ( #7033, #9143, #956 ) ) REPRESENTATION_CONTEXT ( 'NONE', 'WORKASPACE' ) );
#8978 = CARTESIAN_POINT ( 'NONE',  ( -0.05250000000000000500, 0.02500000000000000139, -0.2250000000000000333 ) ) ;
#8979 = ORIENTED_EDGE ( 'NONE', *, *, #4251, .T. ) ;
#8980 = VERTEX_POINT ( 'NONE', #3348 ) ;
#8981 = DIRECTION ( 'NONE',  ( 0.7071067811865456854, -6.047715011404604410E-16, 0.7071067811865493491 ) ) ;
#8982 = CARTESIAN_POINT ( 'NONE',  ( -0.09836348770855336821, 0.05236220472441212304, -0.05283464566929252371 ) ) ;
#8983 = LINE ( 'NONE', #9025, #844 ) ;
#8984 = ORIENTED_EDGE ( 'NONE', *, *, #9396, .F. ) ;
#8985 = PLANE ( 'NONE',  #2756 ) ;
#8986 = MANIFOLD_SOLID_BREP ( 'Cut-Extrude1[1]', #3597 ) ;
#8987 = DIRECTION ( 'NONE',  ( 0.000000000000000000, 1.000000000000000000, 0.000000000000000000 ) ) ;
#8988 = VERTEX_POINT ( 'NONE', #5093 ) ;
#8989 = DIRECTION ( 'NONE',  ( 0.000000000000000000, -1.000000000000000000, 0.000000000000000000 ) ) ;
#8990 = ORIENTED_EDGE ( 'NONE', *, *, #6530, .T. ) ;
#8991 = ORIENTED_EDGE ( 'NONE', *, *, #2743, .T. ) ;
#8992 = CARTESIAN_POINT ( 'NONE',  ( 0.02500000000000009159, 0.1000000000000000194, -0.2075367965644036305 ) ) ;
#8993 = DIRECTION ( 'NONE',  ( 1.092096231236781871E-15, -1.034790906691008358E-16, 1.000000000000000000 ) ) ;
#8994 = CARTESIAN_POINT ( 'NONE',  ( 0.02250000000000001305, 0.02500000000000000139, 0.1099999999999999034 ) ) ;
#8995 = CARTESIAN_POINT ( 'NONE',  ( 0.000000000000000000, 0.05000000000000000278, 0.000000000000000000 ) ) ;
#8996 = PLANE ( 'NONE',  #210 ) ;
#8997 = CARTESIAN_POINT ( 'NONE',  ( -0.009999999999999979391, 0.02500000000000000139, -0.1649999999999999800 ) ) ;
#8998 = EDGE_CURVE ( 'NONE', #1838, #5744, #7890, .T. ) ;
#8999 = FACE_OUTER_BOUND ( 'NONE', #8787, .T. ) ;
#9000 = ORIENTED_EDGE ( 'NONE', *, *, #1787, .F. ) ;
#9001 = EDGE_CURVE ( 'NONE', #5070, #8988, #1316, .T. ) ;
#9002 = PLANE ( 'NONE',  #7394 ) ;
#9003 = MANIFOLD_SOLID_BREP ( 'Boss-Extrude4[3]', #4988 ) ;
#9004 = CARTESIAN_POINT ( 'NONE',  ( -0.1224999999999993733, 0.03070866141732548488, -0.05283464566929260697 ) ) ;
#9005 = VERTEX_POINT ( 'NONE', #7977 ) ;
#9006 = LINE ( 'NONE', #288, #3503 ) ;
#9007 = CARTESIAN_POINT ( 'NONE',  ( -0.03539370078740115139, 0.04665354330708926245, -0.003129921259843498633 ) ) ;
#9008 = EDGE_CURVE ( 'NONE', #3478, #1099, #637, .T. ) ;
#9009 = CARTESIAN_POINT ( 'NONE',  ( -0.1149772726619824464, 0.02500000000000260347, -0.05283464566929257922 ) ) ;
#9011 = DIRECTION ( 'NONE',  ( 0.000000000000000000, 0.000000000000000000, -1.000000000000000000 ) ) ;
#9010 = SURFACE_STYLE_USAGE ( .BOTH. , #5226 ) ;
#9012 = EDGE_LOOP ( 'NONE', ( #1634, #813, #6673, #6713 ) ) ;
#9013 = ORIENTED_EDGE ( 'NONE', *, *, #6223, .F. ) ;
#9014 = EDGE_CURVE ( 'NONE', #7237, #5361, #9461, .T. ) ;
#9015 = VECTOR ( 'NONE', #1423, 39.37007874015748143 ) ;
#9016 = VECTOR ( 'NONE', #3766, 39.37007874015748143 ) ;
#9017 = LINE ( 'NONE', #8307, #5859 ) ;
#9018 = VERTEX_POINT ( 'NONE', #5948 ) ;
#9019 = EDGE_LOOP ( 'NONE', ( #5202, #4240, #1106, #3017 ) ) ;
#9020 = EDGE_CURVE ( 'NONE', #1737, #9161, #2856, .T. ) ;
#9021 = DIRECTION ( 'NONE',  ( 0.000000000000000000, 0.000000000000000000, -1.000000000000000000 ) ) ;
#9022 = LINE ( 'NONE', #7502, #3810 ) ;
#9023 = AXIS2_PLACEMENT_3D ( 'NONE', #4644, #1998, #7569 ) ;
#9024 = DIRECTION ( 'NONE',  ( 0.000000000000000000, 0.000000000000000000, -1.000000000000000000 ) ) ;
#9025 = CARTESIAN_POINT ( 'NONE',  ( 0.02250000000000000611, 0.2541640786499874127, 0.1249999999999999029 ) ) ;
#9026 = ORIENTED_EDGE ( 'NONE', *, *, #954, .T. ) ;
#9027 = AXIS2_PLACEMENT_3D ( 'NONE', #3273, #6131, #7573 ) ;
#9028 = CARTESIAN_POINT ( 'NONE',  ( -0.02850802484010541218, 0.04423918066268085758, -0.09023622047244189703 ) ) ;
#9029 = DIRECTION ( 'NONE',  ( 0.000000000000000000, -1.000000000000000000, 0.000000000000000000 ) ) ;
#9030 = MANIFOLD_SOLID_BREP ( 'Cut-Extrude1[12]', #2347 ) ;
#9031 = VECTOR ( 'NONE', #2543, 39.37007874015748143 ) ;
#9032 = DIRECTION ( 'NONE',  ( 0.7071067811865484609, -8.048784339545263758E-17, 0.7071067811865466846 ) ) ;
#9033 = AXIS2_PLACEMENT_3D ( 'NONE', #786, #3736, #9508 ) ;
#9034 = ORIENTED_EDGE ( 'NONE', *, *, #3685, .F. ) ;
#9035 = CARTESIAN_POINT ( 'NONE',  ( -0.01978650686557562044, 0.03323314028328368253, -0.01543307086614264557 ) ) ;
#9036 = ORIENTED_EDGE ( 'NONE', *, *, #4920, .T. ) ;
#9037 = EDGE_LOOP ( 'NONE', ( #9236, #6645, #6880, #1663 ) ) ;
#9038 = EDGE_CURVE ( 'NONE', #1743, #1358, #7349, .T. ) ;
#9039 = DIRECTION ( 'NONE',  ( -0.000000000000000000, -1.000000000000000000, -0.000000000000000000 ) ) ;
#9040 = DIRECTION ( 'NONE',  ( -3.484838268542468207E-15, 1.521513246882020126E-16, 1.000000000000000000 ) ) ;
#9041 = DIRECTION ( 'NONE',  ( 0.000000000000000000, 1.463489996605855296E-16, -1.000000000000000000 ) ) ;
#9042 = CYLINDRICAL_SURFACE ( 'NONE', #8523, 0.004921259842519689308 ) ;
#9043 = EDGE_CURVE ( 'NONE', #3142, #258, #1152, .T. ) ;
#9044 = DIRECTION ( 'NONE',  ( 3.491481338843133355E-15, 0.000000000000000000, -1.000000000000000000 ) ) ;
#9045 = VECTOR ( 'NONE', #4548, 39.37007874015748143 ) ;
#9046 = ADVANCED_FACE ( 'NONE', ( #2544 ), #7579, .T. ) ;
#9047 = FACE_OUTER_BOUND ( 'NONE', #5434, .T. ) ;
#9048 = VECTOR ( 'NONE', #1197, 39.37007874015748143 ) ;
#9049 = CARTESIAN_POINT ( 'NONE',  ( -0.1149772726619824464, 0.03070866141732543284, -0.01543307086614296997 ) ) ;
#9050 = VERTEX_POINT ( 'NONE', #3231 ) ;
#9051 = FILL_AREA_STYLE ('',( #5355 ) ) ;
#9052 = ADVANCED_FACE ( 'NONE', ( #6138 ), #8292, .F. ) ;
#9053 = LINE ( 'NONE', #6035, #2914 ) ;
#9054 = LINE ( 'NONE', #2443, #7359 ) ;
#9055 =( LENGTH_UNIT ( ) NAMED_UNIT ( * ) SI_UNIT ( $, .METRE. ) );
#9056 = AXIS2_PLACEMENT_3D ( 'NONE', #4180, #7128, #502 ) ;
#9057 = ORIENTED_EDGE ( 'NONE', *, *, #6861, .F. ) ;
#9058 = LINE ( 'NONE', #2449, #1644 ) ;
#9059 = EDGE_CURVE ( 'NONE', #1610, #4993, #6852, .T. ) ;
#9060 = CIRCLE ( 'NONE', #7388, 0.008233140283281080787 ) ;
#9061 = FACE_OUTER_BOUND ( 'NONE', #5283, .T. ) ;
#9062 = STYLED_ITEM ( 'NONE', ( #3103 ), #5930 ) ;
#9063 = FACE_OUTER_BOUND ( 'NONE', #4030, .T. ) ;
#9065 = FACE_OUTER_BOUND ( 'NONE', #7767, .T. ) ;
#9064 = CARTESIAN_POINT ( 'NONE',  ( -0.02280479680351629734, 0.04448818897638057157, -0.01543307086614265425 ) ) ;
#9066 = TOROIDAL_SURFACE ( 'NONE', #5843, 0.1385768703175861427, 0.05999999999999997696 ) ;
#9067 = VERTEX_POINT ( 'NONE', #6281 ) ;
#9068 = ADVANCED_FACE ( 'NONE', ( #234 ), #2593, .T. ) ;
#9069 = ORIENTED_EDGE ( 'NONE', *, *, #6653, .T. ) ;
#9070 = EDGE_CURVE ( 'NONE', #2822, #2507, #5557, .T. ) ;
#9071 = PLANE ( 'NONE',  #7739 ) ;
#9072 = AXIS2_PLACEMENT_3D ( 'NONE', #3345, #6301, #3547 ) ;
#9073 = CLOSED_SHELL ( 'NONE', ( #8076, #1065, #1665, #8782, #6016, #8908, #5457, #500, #7356, #1143, #6054, #5534, #6348, #2177, #8618, #7728 ) ) ;
#9074 = PRESENTATION_STYLE_ASSIGNMENT (( #4553 ) ) ;
#9075 = CIRCLE ( 'NONE', #301, 0.002524478865958256196 ) ;
#9076 = CARTESIAN_POINT ( 'NONE',  ( -0.01978650686557534635, 0.03323314028328368253, -0.09023622047244185540 ) ) ;
#9077 = VERTEX_POINT ( 'NONE', #7726 ) ;
#9078 = VERTEX_POINT ( 'NONE', #6231 ) ;
#9079 = CARTESIAN_POINT ( 'NONE',  ( 0.1524999999999999689, 0.02500000000000000139, 0.1349999999999998701 ) ) ;
#9080 = VERTEX_POINT ( 'NONE', #4835 ) ;
#9081 = CARTESIAN_POINT ( 'NONE',  ( -0.01749999999999987330, 0.05000000000000000278, 8.963876229210795893E-18 ) ) ;
#9082 = ORIENTED_EDGE ( 'NONE', *, *, #7014, .T. ) ;
#9083 = AXIS2_PLACEMENT_3D ( 'NONE', #6727, #4605, #112 ) ;
#9084 = DIRECTION ( 'NONE',  ( -0.000000000000000000, -1.000000000000000000, -0.000000000000000000 ) ) ;
#9085 = AXIS2_PLACEMENT_3D ( 'NONE', #7266, #2179, #4464 ) ;
#9086 = EDGE_CURVE ( 'NONE', #9463, #7467, #1727, .T. ) ;
#9087 = LINE ( 'NONE', #173, #8907 ) ;
#9088 = ORIENTED_EDGE ( 'NONE', *, *, #1271, .F. ) ;
#9089 = CARTESIAN_POINT ( 'NONE',  ( 0.02250000000000001305, 0.05999999999999999778, 0.1099999999999999034 ) ) ;
#9090 = ORIENTED_EDGE ( 'NONE', *, *, #4545, .F. ) ;
#9091 = ORIENTED_EDGE ( 'NONE', *, *, #8861, .T. ) ;
#9092 = CARTESIAN_POINT ( 'NONE',  ( 0.08250000000000003164, 0.02500000000000000139, 0.1674999999999999545 ) ) ;
#9093 = CARTESIAN_POINT ( 'NONE',  ( -0.1149772726619824464, 0.02500000000000260347, -0.05283464566929260697 ) ) ;
#9094 = DIRECTION ( 'NONE',  ( 1.000000000000000000, 8.936794954581332298E-15, 0.000000000000000000 ) ) ;
#9095 = DIRECTION ( 'NONE',  ( 0.000000000000000000, 1.000000000000000000, 0.000000000000000000 ) ) ;
#9096 = LINE ( 'NONE', #3220, #677 ) ;
#9097 = EDGE_CURVE ( 'NONE', #8946, #7351, #8485, .T. ) ;
#9098 = EDGE_CURVE ( 'NONE', #7605, #1285, #6999, .T. ) ;
#9099 = DIRECTION ( 'NONE',  ( -0.9848077530122080203, 0.1736481776669307198, -3.438437891990161467E-15 ) ) ;
#9100 = EDGE_LOOP ( 'NONE', ( #8165, #2286, #6848, #9134 ) ) ;
#9101 = ADVANCED_FACE ( 'NONE', ( #332 ), #3381, .T. ) ;
#9102 = ORIENTED_EDGE ( 'NONE', *, *, #9401, .F. ) ;
#9103 = CARTESIAN_POINT ( 'NONE',  ( -0.03103010096156195649, 0.04412906444113104398, -0.09023622047244189703 ) ) ;
#9104 = MANIFOLD_SOLID_BREP ( 'Boss-Extrude5[1]', #6526 ) ;
#9105 = CARTESIAN_POINT ( 'NONE',  ( 0.01750000000000003636, 0.02500000000000000139, 0.1674999999999999545 ) ) ;
#9106 = ORIENTED_EDGE ( 'NONE', *, *, #2620, .T. ) ;
#9107 = VECTOR ( 'NONE', #4890, 39.37007874015748143 ) ;
#9108 = CARTESIAN_POINT ( 'NONE',  ( -0.1499999999999999667, 0.02500000000000000139, 0.1999999999999999556 ) ) ;
#9109 = DIRECTION ( 'NONE',  ( 0.000000000000000000, 1.000000000000000000, -0.000000000000000000 ) ) ;
#9110 = AXIS2_PLACEMENT_3D ( 'NONE', #7328, #7285, #3072 ) ;
#9111 = LINE ( 'NONE', #9304, #4327 ) ;
#9113 = FACE_OUTER_BOUND ( 'NONE', #2677, .T. ) ;
#9112 = LINE ( 'NONE', #2502, #9509 ) ;
#9114 = ORIENTED_EDGE ( 'NONE', *, *, #3914, .F. ) ;
#9115 = MANIFOLD_SOLID_BREP ( 'Cut-Extrude2[2]', #5394 ) ;
#9116 = EDGE_LOOP ( 'NONE', ( #2029, #472, #1004, #3141 ) ) ;
#9117 = CLOSED_SHELL ( 'NONE', ( #5525, #9068, #8210, #8494, #6512, #3728 ) ) ;
#9118 = PRESENTATION_STYLE_ASSIGNMENT (( #2321 ) ) ;
#9119 = ADVANCED_FACE ( 'NONE', ( #5360 ), #1301, .T. ) ;
#9120 = FILL_AREA_STYLE ('',( #300 ) ) ;
#9121 = CARTESIAN_POINT ( 'NONE',  ( 0.08750000000000000833, 0.02500000000000000139, 0.03499999999999990619 ) ) ;
#9122 = EDGE_CURVE ( 'NONE', #6736, #1285, #7101, .T. ) ;
#9123 = ORIENTED_EDGE ( 'NONE', *, *, #967, .F. ) ;
#9124 = ORIENTED_EDGE ( 'NONE', *, *, #8198, .T. ) ;
#9125 = FACE_BOUND ( 'NONE', #8854, .T. ) ;
#9126 = LINE ( 'NONE', #8459, #2031 ) ;
#9127 = ORIENTED_EDGE ( 'NONE', *, *, #6542, .T. ) ;
#9128 = PLANE ( 'NONE',  #8691 ) ;
#9129 = ORIENTED_EDGE ( 'NONE', *, *, #6243, .T. ) ;
#9130 = STYLED_ITEM ( 'NONE', ( #6454 ), #2801 ) ;
#9131 = CARTESIAN_POINT ( 'NONE',  ( 0.1024999999999999800, 0.05999999999999999778, 0.1349999999999998701 ) ) ;
#9132 = CARTESIAN_POINT ( 'NONE',  ( -0.04999999999999996114, 0.000000000000000000, 0.1999999999999999556 ) ) ;
#9133 = DIRECTION ( 'NONE',  ( -1.000000000000000000, 0.000000000000000000, -3.491481338843132961E-15 ) ) ;
#9134 = ORIENTED_EDGE ( 'NONE', *, *, #7102, .T. ) ;
#9135 = CARTESIAN_POINT ( 'NONE',  ( -0.02499999999999999098, 0.02500000000000000139, 0.07499999999999988620 ) ) ;
#9136 = VERTEX_POINT ( 'NONE', #5781 ) ;
#9137 = ORIENTED_EDGE ( 'NONE', *, *, #5207, .F. ) ;
#9138 = PLANE ( 'NONE',  #8260 ) ;
#9139 = AXIS2_PLACEMENT_3D ( 'NONE', #2334, #7418, #5873 ) ;
#9140 = FACE_OUTER_BOUND ( 'NONE', #6535, .T. ) ;
#9141 = CARTESIAN_POINT ( 'NONE',  ( 0.000000000000000000, 0.02500000000000000139, 0.000000000000000000 ) ) ;
#9142 = CARTESIAN_POINT ( 'NONE',  ( -0.1549999999999999989, 0.05000000000000000278, -0.1500000000000000500 ) ) ;
#9143 =( NAMED_UNIT ( * ) PLANE_ANGLE_UNIT ( ) SI_UNIT ( $, .RADIAN. ) );
#9144 = CARTESIAN_POINT ( 'NONE',  ( 0.06250000000000001388, 0.02500000000000000139, 0.1099999999999999034 ) ) ;
#9145 = AXIS2_PLACEMENT_3D ( 'NONE', #3126, #9044, #4823 ) ;
#9146 = VERTEX_POINT ( 'NONE', #4200 ) ;
#9147 = DIRECTION ( 'NONE',  ( 0.000000000000000000, 0.000000000000000000, 1.000000000000000000 ) ) ;
#9148 = VERTEX_POINT ( 'NONE', #7190 ) ;
#9149 = DIRECTION ( 'NONE',  ( -1.000000000000000000, 0.000000000000000000, -3.381697939847988951E-15 ) ) ;
#9150 = MANIFOLD_SOLID_BREP ( 'Cut-Extrude1[11]', #4163 ) ;
#9151 = CARTESIAN_POINT ( 'NONE',  ( -0.05999999999999998390, 0.05000000000000000278, -0.1649999999999999800 ) ) ;
#9152 = PRESENTATION_STYLE_ASSIGNMENT (( #5002 ) ) ;
#9153 = MECHANICAL_DESIGN_GEOMETRIC_PRESENTATION_REPRESENTATION (  '', ( #6708 ), #3145 ) ;
#9154 = VERTEX_POINT ( 'NONE', #8238 ) ;
#9155 = LINE ( 'NONE', #7950, #876 ) ;
#9156 = DIRECTION ( 'NONE',  ( 0.000000000000000000, 0.000000000000000000, 1.000000000000000000 ) ) ;
#9157 = ADVANCED_FACE ( 'NONE', ( #5258 ), #9394, .F. ) ;
#9158 = DIRECTION ( 'NONE',  ( -0.000000000000000000, 1.000000000000000000, -0.000000000000000000 ) ) ;
#9160 = LINE ( 'NONE', #6345, #96 ) ;
#9159 = LINE ( 'NONE', #5513, #8285 ) ;
#9161 = VERTEX_POINT ( 'NONE', #1625 ) ;
#9162 = MANIFOLD_SOLID_BREP ( 'Cut-Extrude1[13]', #8663 ) ;
#9163 = ORIENTED_EDGE ( 'NONE', *, *, #7331, .T. ) ;
#9164 = DIRECTION ( 'NONE',  ( -0.000000000000000000, -0.000000000000000000, 1.000000000000000000 ) ) ;
#9165 = STYLED_ITEM ( 'NONE', ( #5177 ), #9003 ) ;
#9166 = DIRECTION ( 'NONE',  ( 1.000000000000000000, -6.950840520229924419E-15, -0.000000000000000000 ) ) ;
#9167 = ORIENTED_EDGE ( 'NONE', *, *, #5705, .T. ) ;
#9168 = ORIENTED_EDGE ( 'NONE', *, *, #1549, .F. ) ;
#9169 = VECTOR ( 'NONE', #1112, 39.37007874015748143 ) ;
#9170 = LINE ( 'NONE', #1937, #7645 ) ;
#9171 = LINE ( 'NONE', #891, #8963 ) ;
#9172 = EDGE_LOOP ( 'NONE', ( #662, #5185, #2415, #2189 ) ) ;
#9173 = LINE ( 'NONE', #3885, #6561 ) ;
#9174 = CIRCLE ( 'NONE', #867, 0.03249999999999999417 ) ;
#9175 = ORIENTED_EDGE ( 'NONE', *, *, #2964, .T. ) ;
#9176 = PLANE ( 'NONE',  #3724 ) ;
#9177 = FILL_AREA_STYLE_COLOUR ( '', #6392 ) ;
#9178 = MANIFOLD_SOLID_BREP ( '<LT1806CS6#PBF>-<Body-Move/Copy1[8]>', #819 ) ;
#9179 = CARTESIAN_POINT ( 'NONE',  ( 0.000000000000000000, 0.02500000000000000139, 0.000000000000000000 ) ) ;
#9180 = ORIENTED_EDGE ( 'NONE', *, *, #437, .T. ) ;
#9181 = CARTESIAN_POINT ( 'NONE',  ( 0.02250000000000001305, 0.05999999999999999778, 0.1099999999999999034 ) ) ;
#9182 = VECTOR ( 'NONE', #903, 39.37007874015748143 ) ;
#9183 = ORIENTED_EDGE ( 'NONE', *, *, #6627, .T. ) ;
#9184 = ORIENTED_EDGE ( 'NONE', *, *, #1413, .T. ) ;
#9185 = CARTESIAN_POINT ( 'NONE',  ( 0.1750000000000000444, 0.08250000000000000389, -0.08246320343559634947 ) ) ;
#9186 = CARTESIAN_POINT ( 'NONE',  ( 0.1024999999999999800, 0.02500000000000000139, 0.09499999999999990397 ) ) ;
#9187 = DIRECTION ( 'NONE',  ( 3.491481338843132961E-15, 0.000000000000000000, -1.000000000000000000 ) ) ;
#9188 = CARTESIAN_POINT ( 'NONE',  ( -0.04999999999999996114, 0.000000000000000000, 0.1999999999999999556 ) ) ;
#9189 = VECTOR ( 'NONE', #8518, 39.37007874015748143 ) ;
#9190 = FILL_AREA_STYLE_COLOUR ( '', #7162 ) ;
#9191 = CIRCLE ( 'NONE', #3035, 0.008233140283281080787 ) ;
#9192 = DIRECTION ( 'NONE',  ( -3.491481338843132961E-15, 0.000000000000000000, 1.000000000000000000 ) ) ;
#9193 = EDGE_CURVE ( 'NONE', #307, #839, #8098, .T. ) ;
#9194 = AXIS2_PLACEMENT_3D ( 'NONE', #9141, #1092, #4042 ) ;
#9195 = CARTESIAN_POINT ( 'NONE',  ( -0.01978650686557527696, 0.02500000000000262776, -0.1050000000000009120 ) ) ;
#9196 = VERTEX_POINT ( 'NONE', #4718 ) ;
#9197 =( NAMED_UNIT ( * ) PLANE_ANGLE_UNIT ( ) SI_UNIT ( $, .RADIAN. ) );
#9198 = EDGE_LOOP ( 'NONE', ( #2016, #6460, #9423, #2406 ) ) ;
#9199 = LINE ( 'NONE', #7227, #8716 ) ;
#9200 = ADVANCED_FACE ( 'NONE', ( #2583 ), #4770, .T. ) ;
#9201 = MANIFOLD_SOLID_BREP ( '<LT1806CS6#PBF>-<Body-Move/Copy1[7]>', #342 ) ;
#9202 = VECTOR ( 'NONE', #7819, 39.37007874015748143 ) ;
#9203 = LINE ( 'NONE', #5555, #1031 ) ;
#9204 = EDGE_CURVE ( 'NONE', #519, #6503, #3945, .T. ) ;
#9205 = EDGE_CURVE ( 'NONE', #1302, #6382, #9096, .T. ) ;
#9206 = ORIENTED_EDGE ( 'NONE', *, *, #3796, .T. ) ;
#9207 = DIRECTION ( 'NONE',  ( 0.000000000000000000, 1.000000000000000000, 0.000000000000000000 ) ) ;
#9208 = EDGE_CURVE ( 'NONE', #9275, #4957, #4389, .T. ) ;
#9209 = ORIENTED_EDGE ( 'NONE', *, *, #9416, .F. ) ;
#9210 = LINE ( 'NONE', #1776, #9248 ) ;
#9211 = MECHANICAL_DESIGN_GEOMETRIC_PRESENTATION_REPRESENTATION (  '', ( #9515 ), #2897 ) ;
#9213 = DIRECTION ( 'NONE',  ( -1.000000000000000000, 0.000000000000000000, 0.000000000000000000 ) ) ;
#9212 = LINE ( 'NONE', #4111, #1816 ) ;
#9214 = ORIENTED_EDGE ( 'NONE', *, *, #147, .T. ) ;
#9215 = VERTEX_POINT ( 'NONE', #2486 ) ;
#9216 = FACE_OUTER_BOUND ( 'NONE', #209, .T. ) ;
#9217 = ADVANCED_FACE ( 'NONE', ( #6222 ), #8996, .F. ) ;
#9218 = FACE_OUTER_BOUND ( 'NONE', #4243, .T. ) ;
#9219 = ADVANCED_FACE ( 'NONE', ( #6076 ), #5448, .F. ) ;
#9220 = LINE ( 'NONE', #1934, #5099 ) ;
#9221 = ORIENTED_EDGE ( 'NONE', *, *, #1117, .T. ) ;
#9222 = ADVANCED_FACE ( 'NONE', ( #1675 ), #1762, .F. ) ;
#9223 = VERTEX_POINT ( 'NONE', #1815 ) ;
#9224 = AXIS2_PLACEMENT_3D ( 'NONE', #2652, #7780, #1110 ) ;
#9225 = PRESENTATION_LAYER_ASSIGNMENT (  '', '', ( #3849 ) ) ;
#9226 = FACE_OUTER_BOUND ( 'NONE', #3642, .T. ) ;
#9227 = LINE ( 'NONE', #6304, #1574 ) ;
#9228 = EDGE_LOOP ( 'NONE', ( #1508, #8898, #5442, #8279 ) ) ;
#9229 = VECTOR ( 'NONE', #8022, 39.37007874015748143 ) ;
#9230 = VERTEX_POINT ( 'NONE', #4630 ) ;
#9231 = CARTESIAN_POINT ( 'NONE',  ( -0.1449999999999999900, 0.06000000000000001166, 0.1349999999999998979 ) ) ;
#9232 = VECTOR ( 'NONE', #8811, 39.37007874015748143 ) ;
#9233 = EDGE_CURVE ( 'NONE', #8383, #3440, #1095, .T. ) ;
#9234 = MANIFOLD_SOLID_BREP ( 'Cut-Extrude1[4]', #4941 ) ;
#9235 = CARTESIAN_POINT ( 'NONE',  ( -0.1149772726619822383, 0.03323314028328368253, -0.09023622047244218847 ) ) ;
#9236 = ORIENTED_EDGE ( 'NONE', *, *, #5667, .T. ) ;
#9237 = CARTESIAN_POINT ( 'NONE',  ( -0.1549999999999999989, 0.02500000000000000139, -0.2000000000000000111 ) ) ;
#9238 = ORIENTED_EDGE ( 'NONE', *, *, #478, .T. ) ;
#9239 = VERTEX_POINT ( 'NONE', #9245 ) ;
#9240 = DIRECTION ( 'NONE',  ( 0.000000000000000000, 1.000000000000000000, 0.000000000000000000 ) ) ;
#9241 = DIRECTION ( 'NONE',  ( 0.000000000000000000, 1.000000000000000000, 0.000000000000000000 ) ) ;
#9242 = CARTESIAN_POINT ( 'NONE',  ( 0.01750000000000003636, 0.000000000000000000, 0.1674999999999999545 ) ) ;
#9243 = PLANE ( 'NONE',  #183 ) ;
#9244 = AXIS2_PLACEMENT_3D ( 'NONE', #5662, #4067, #2610 ) ;
#9245 = CARTESIAN_POINT ( 'NONE',  ( -0.01226377952755858258, 0.03070866141732546059, -0.01543307086614261088 ) ) ;
#9246 = LINE ( 'NONE', #3567, #124 ) ;
#9247 = DIRECTION ( 'NONE',  ( 0.000000000000000000, 1.000000000000000000, 0.000000000000000000 ) ) ;
#9248 = VECTOR ( 'NONE', #8490, 39.37007874015748143 ) ;
#9249 = ORIENTED_EDGE ( 'NONE', *, *, #6942, .T. ) ;
#9250 = DIRECTION ( 'NONE',  ( 0.000000000000000000, 1.000000000000000000, 0.000000000000000000 ) ) ;
#9251 = ORIENTED_EDGE ( 'NONE', *, *, #2231, .F. ) ;
#9252 = EDGE_CURVE ( 'NONE', #8590, #5627, #953, .T. ) ;
#9253 = DIRECTION ( 'NONE',  ( -1.000000000000000000, 0.000000000000000000, 0.000000000000000000 ) ) ;
#9254 = ADVANCED_FACE ( 'NONE', ( #5685 ), #3369, .T. ) ;
#9255 = ORIENTED_EDGE ( 'NONE', *, *, #8712, .F. ) ;
#9256 = UNCERTAINTY_MEASURE_WITH_UNIT (LENGTH_MEASURE( 1.000000000000000082E-05 ), #4269, 'distance_accuracy_value', 'NONE');
#9257 = DIRECTION ( 'NONE',  ( -0.000000000000000000, -1.000000000000000000, -0.000000000000000000 ) ) ;
#9258 = VERTEX_POINT ( 'NONE', #7032 ) ;
#9259 = FACE_OUTER_BOUND ( 'NONE', #4362, .T. ) ;
#9261 = CARTESIAN_POINT ( 'NONE',  ( -0.1062557546874521031, 0.04423918066268085064, -0.1050000000000012174 ) ) ;
#9260 = DIRECTION ( 'NONE',  ( 0.000000000000000000, 0.000000000000000000, -1.000000000000000000 ) ) ;
#9262 = DIMENSIONAL_EXPONENTS ( 1.000000000000000000, 0.000000000000000000, 0.000000000000000000, 0.000000000000000000, 0.000000000000000000, 0.000000000000000000, 0.000000000000000000 ) ;
#9263 = AXIS2_PLACEMENT_3D ( 'NONE', #392, #9267, #1932 ) ;
#9264 = ORIENTED_EDGE ( 'NONE', *, *, #8688, .T. ) ;
#9265 = MANIFOLD_SOLID_BREP ( 'Cut-Extrude2[3]', #5749 ) ;
#9266 = ORIENTED_EDGE ( 'NONE', *, *, #1558, .F. ) ;
#9267 = DIRECTION ( 'NONE',  ( -3.491481338843133355E-15, -0.000000000000000000, 1.000000000000000000 ) ) ;
#9268 = LINE ( 'NONE', #1888, #2937 ) ;
#9269 = DIRECTION ( 'NONE',  ( -0.04361938736532777749, -0.9990482215818581313, -0.000000000000000000 ) ) ;
#9270 = ORIENTED_EDGE ( 'NONE', *, *, #3214, .T. ) ;
#9271 = LINE ( 'NONE', #7165, #3328 ) ;
#9272 = ADVANCED_FACE ( 'NONE', ( #8566 ), #1957, .F. ) ;
#9273 = VERTEX_POINT ( 'NONE', #1245 ) ;
#9274 =( NAMED_UNIT ( * ) PLANE_ANGLE_UNIT ( ) SI_UNIT ( $, .RADIAN. ) );
#9275 = VERTEX_POINT ( 'NONE', #7138 ) ;
#9276 = DIRECTION ( 'NONE',  ( 1.000000000000000000, 0.000000000000000000, -0.000000000000000000 ) ) ;
#9277 = CARTESIAN_POINT ( 'NONE',  ( -0.1037336785659958294, 0.04412906444113104398, -0.03019685039370197804 ) ) ;
#9278 = MANIFOLD_SOLID_BREP ( 'Cut-Extrude1[9]', #8968 ) ;
#9279 = LINE ( 'NONE', #6456, #2426 ) ;
#9280 = EDGE_LOOP ( 'NONE', ( #6525, #1432, #6782, #1820, #401, #8339, #1066, #5495, #1134, #9091, #3976, #5567 ) ) ;
#9281 = DIRECTION ( 'NONE',  ( 1.000000000000000000, 5.514392145893227464E-16, 3.127367192324687779E-15 ) ) ;
#9282 = VERTEX_POINT ( 'NONE', #8084 ) ;
#9283 = ORIENTED_EDGE ( 'NONE', *, *, #6716, .F. ) ;
#9284 = PLANE ( 'NONE',  #9344 ) ;
#9285 = DIRECTION ( 'NONE',  ( -6.829619984160657060E-16, 0.000000000000000000, 1.000000000000000000 ) ) ;
#9286 = DIRECTION ( 'NONE',  ( 0.000000000000000000, 0.000000000000000000, 1.000000000000000000 ) ) ;
#9287 = PLANE ( 'NONE',  #9439 ) ;
#9288 = AXIS2_PLACEMENT_3D ( 'NONE', #1044, #2316, #5175 ) ;
#9289 = CIRCLE ( 'NONE', #5141, 0.03249999999999999417 ) ;
#9290 = LINE ( 'NONE', #7949, #2740 ) ;
#9291 = DIRECTION ( 'NONE',  ( -0.000000000000000000, 1.000000000000000000, -0.000000000000000000 ) ) ;
#9292 = ORIENTED_EDGE ( 'NONE', *, *, #3788, .F. ) ;
#9293 = ORIENTED_EDGE ( 'NONE', *, *, #4719, .T. ) ;
#9294 = LINE ( 'NONE', #8573, #5218 ) ;
#9295 = DIRECTION ( 'NONE',  ( 0.000000000000000000, 0.000000000000000000, 1.000000000000000000 ) ) ;
#9296 = EDGE_LOOP ( 'NONE', ( #6167, #5396, #2229, #8072 ) ) ;
#9297 = MANIFOLD_SOLID_BREP ( 'Cut-Extrude1[14]', #2447 ) ;
#9298 = DIRECTION ( 'NONE',  ( -3.484838268542467023E-15, 1.521513246882047243E-16, 1.000000000000000000 ) ) ;
#9299 = ORIENTED_EDGE ( 'NONE', *, *, #8397, .T. ) ;
#9300 = EDGE_CURVE ( 'NONE', #1850, #5392, #1309, .T. ) ;
#9301 = DIRECTION ( 'NONE',  ( -1.000000000000000000, 0.000000000000000000, 0.000000000000000000 ) ) ;
#9302 = EDGE_CURVE ( 'NONE', #2617, #1696, #8889, .T. ) ;
#9303 = ORIENTED_EDGE ( 'NONE', *, *, #2634, .T. ) ;
#9304 = CARTESIAN_POINT ( 'NONE',  ( -0.1549999999999999989, 0.02500000000000000139, -0.1500000000000000500 ) ) ;
#9306 = DIRECTION ( 'NONE',  ( 1.000000000000000000, 8.936794954581332298E-15, 0.000000000000000000 ) ) ;
#9305 = CARTESIAN_POINT ( 'NONE',  ( -0.1249999999999999445, 0.02500000000000000139, 0.1349999999999998979 ) ) ;
#9307 = ORIENTED_EDGE ( 'NONE', *, *, #7393, .F. ) ;
#9308 = ORIENTED_EDGE ( 'NONE', *, *, #3614, .T. ) ;
#9309 = CARTESIAN_POINT ( 'NONE',  ( 0.1024999999999999800, 0.05999999999999999778, 0.1349999999999998701 ) ) ;
#9310 = EDGE_CURVE ( 'NONE', #739, #4421, #8177, .T. ) ;
#9311 = DIRECTION ( 'NONE',  ( -1.000000000000000000, -0.000000000000000000, -0.000000000000000000 ) ) ;
#9312 = FACE_OUTER_BOUND ( 'NONE', #762, .T. ) ;
#9313 = EDGE_CURVE ( 'NONE', #9067, #6097, #3612, .T. ) ;
#9314 = DIRECTION ( 'NONE',  ( -0.000000000000000000, 1.000000000000000000, -0.000000000000000000 ) ) ;
#9315 = ORIENTED_EDGE ( 'NONE', *, *, #243, .F. ) ;
#9316 = CARTESIAN_POINT ( 'NONE',  ( -0.05250000000000000500, 0.02500000000000000139, -0.2000000000000000111 ) ) ;
#9317 = EDGE_CURVE ( 'NONE', #8544, #3570, #3793, .T. ) ;
#9318 = DIMENSIONAL_EXPONENTS ( 1.000000000000000000, 0.000000000000000000, 0.000000000000000000, 0.000000000000000000, 0.000000000000000000, 0.000000000000000000, 0.000000000000000000 ) ;
#9319 = ORIENTED_EDGE ( 'NONE', *, *, #1211, .T. ) ;
#9320 = CARTESIAN_POINT ( 'NONE',  ( -0.09937007874015707509, 0.04665354330708928327, -0.003129921259843703330 ) ) ;
#9321 = CARTESIAN_POINT ( 'NONE',  ( -0.06738188976377888773, 0.02893700787401840349, -0.006253824461371433087 ) ) ;
#9322 = PLANE ( 'NONE',  #4455 ) ;
#9323 = ORIENTED_EDGE ( 'NONE', *, *, #1021, .T. ) ;
#9324 = CARTESIAN_POINT ( 'NONE',  ( -0.08499999999999997835, 0.05000000000000000278, 0.04499999999999989425 ) ) ;
#9325 = ORIENTED_EDGE ( 'NONE', *, *, #5220, .T. ) ;
#9326 = ORIENTED_EDGE ( 'NONE', *, *, #361, .F. ) ;
#9327 = LINE ( 'NONE', #8561, #3815 ) ;
#9328 = LINE ( 'NONE', #1137, #1646 ) ;
#9329 = CARTESIAN_POINT ( 'NONE',  ( -0.03103010096156209180, 0.05236220472441212304, -0.05283464566929229472 ) ) ;
#9330 = TOROIDAL_SURFACE ( 'NONE', #2705, 0.1385768703175861427, 0.05999999999999997696 ) ;
#9331 = CYLINDRICAL_SURFACE ( 'NONE', #8209, 0.002524478865958239282 ) ;
#9332 = VECTOR ( 'NONE', #8670, 39.37007874015748143 ) ;
#9333 = PRESENTATION_STYLE_ASSIGNMENT (( #3420 ) ) ;
#9334 = LINE ( 'NONE', #7231, #7221 ) ;
#9335 = VECTOR ( 'NONE', #7411, 39.37007874015748143 ) ;
#9336 = DIRECTION ( 'NONE',  ( 0.000000000000000000, 1.000000000000000000, 0.000000000000000000 ) ) ;
#9337 = EDGE_CURVE ( 'NONE', #4098, #7081, #4328, .T. ) ;
#9338 = ORIENTED_EDGE ( 'NONE', *, *, #2318, .F. ) ;
#9339 = VERTEX_POINT ( 'NONE', #9473 ) ;
#9340 = LINE ( 'NONE', #566, #3372 ) ;
#9341 = CYLINDRICAL_SURFACE ( 'NONE', #5182, 0.03249999999999999417 ) ;
#9342 = EDGE_CURVE ( 'NONE', #1782, #9273, #3920, .T. ) ;
#9343 = EDGE_LOOP ( 'NONE', ( #2879, #7361, #1251, #2719 ) ) ;
#9344 = AXIS2_PLACEMENT_3D ( 'NONE', #1859, #4965, #1952 ) ;
#9345 = DIRECTION ( 'NONE',  ( 3.533614327882317320E-32, 1.000000000000000000, 1.034790906691008358E-16 ) ) ;
#9346 = EDGE_CURVE ( 'NONE', #893, #519, #1427, .T. ) ;
#9347 = VECTOR ( 'NONE', #2389, 39.37007874015748143 ) ;
#9348 = EDGE_LOOP ( 'NONE', ( #2770, #4177, #1592, #2973 ) ) ;
#9349 = VECTOR ( 'NONE', #1865, 39.37007874015748143 ) ;
#9350 = CARTESIAN_POINT ( 'NONE',  ( -0.02280479680351606142, 0.04448818897638057157, -0.09023622047244185540 ) ) ;
#9351 = VERTEX_POINT ( 'NONE', #3657 ) ;
#9352 = ADVANCED_FACE ( 'NONE', ( #7366 ), #936, .F. ) ;
#9353 = VECTOR ( 'NONE', #5751, 39.37007874015748143 ) ;
#9354 = DIRECTION ( 'NONE',  ( 0.000000000000000000, 1.000000000000000000, 0.000000000000000000 ) ) ;
#9356 = DIRECTION ( 'NONE',  ( 0.000000000000000000, 0.000000000000000000, -1.000000000000000000 ) ) ;
#9355 = DIRECTION ( 'NONE',  ( 1.000000000000000000, 0.000000000000000000, 0.000000000000000000 ) ) ;
#9357 = VECTOR ( 'NONE', #6465, 39.37007874015748143 ) ;
#9358 = ORIENTED_EDGE ( 'NONE', *, *, #1585, .T. ) ;
#9359 = EDGE_CURVE ( 'NONE', #9223, #5625, #8983, .T. ) ;
#9360 = ORIENTED_EDGE ( 'NONE', *, *, #1522, .T. ) ;
#9361 = LINE ( 'NONE', #1885, #5122 ) ;
#9362 =( CONVERSION_BASED_UNIT ( 'INCH', #9504 ) LENGTH_UNIT ( ) NAMED_UNIT ( #1928 ) );
#9363 = PLANE ( 'NONE',  #9244 ) ;
#9364 = CARTESIAN_POINT ( 'NONE',  ( -0.03103010096156216119, 0.04412906444113104398, -0.03019685039370173171 ) ) ;
#9365 = EDGE_CURVE ( 'NONE', #691, #3199, #1079, .T. ) ;
#9366 = DIRECTION ( 'NONE',  ( 3.491481338843132961E-15, 0.000000000000000000, -1.000000000000000000 ) ) ;
#9367 = EDGE_CURVE ( 'NONE', #3683, #1808, #6925, .T. ) ;
#9368 = ORIENTED_EDGE ( 'NONE', *, *, #1096, .F. ) ;
#9369 = VECTOR ( 'NONE', #7373, 39.37007874015748143 ) ;
#9370 = EDGE_LOOP ( 'NONE', ( #5753, #3339, #1488, #5515 ) ) ;
#9371 = CARTESIAN_POINT ( 'NONE',  ( -0.1037336785659955657, 0.04412906444113104398, -0.1050000000000012035 ) ) ;
#9372 = DIRECTION ( 'NONE',  ( -0.000000000000000000, -1.000000000000000000, -0.000000000000000000 ) ) ;
#9373 = VERTEX_POINT ( 'NONE', #3931 ) ;
#9374 = CARTESIAN_POINT ( 'NONE',  ( 0.000000000000000000, 0.05000000000000000278, -0.2250000000000000333 ) ) ;
#9375 = EDGE_CURVE ( 'NONE', #7201, #2697, #9173, .T. ) ;
#9376 = ORIENTED_EDGE ( 'NONE', *, *, #8706, .T. ) ;
#9377 = ORIENTED_EDGE ( 'NONE', *, *, #6323, .F. ) ;
#9378 = CARTESIAN_POINT ( 'NONE',  ( 0.1674999999999999822, 0.02500000000000000139, 0.1349999999999998979 ) ) ;
#9379 = CARTESIAN_POINT ( 'NONE',  ( -0.04499999999999998446, 0.04999999999999999584, 0.04499999999999989425 ) ) ;
#9380 = DIRECTION ( 'NONE',  ( 0.000000000000000000, 1.000000000000000000, 0.000000000000000000 ) ) ;
#9381 = CARTESIAN_POINT ( 'NONE',  ( -0.09836348770855357637, 0.05236220472441212304, -0.01543307086614291966 ) ) ;
#9382 =( NAMED_UNIT ( * ) SI_UNIT ( $, .STERADIAN. ) SOLID_ANGLE_UNIT ( ) );
#9383 = ADVANCED_FACE ( 'NONE', ( #6871 ), #4756, .F. ) ;
#9384 = CARTESIAN_POINT ( 'NONE',  ( -0.05999999999999999084, 0.02500000000000000139, -0.2250000000000000333 ) ) ;
#9385 = SURFACE_STYLE_USAGE ( .BOTH. , #1054 ) ;
#9386 = DIRECTION ( 'NONE',  ( 3.484838268542467023E-15, 1.521513246882047243E-16, -1.000000000000000000 ) ) ;
#9387 = ORIENTED_EDGE ( 'NONE', *, *, #1485, .T. ) ;
#9388 = ORIENTED_EDGE ( 'NONE', *, *, #7763, .F. ) ;
#9389 = CARTESIAN_POINT ( 'NONE',  ( -0.01978650686557527696, 0.03323314028328368253, -0.1050000000000009120 ) ) ;
#9390 = CARTESIAN_POINT ( 'NONE',  ( -0.01999999999999998307, 0.05000000000000000278, 0.000000000000000000 ) ) ;
#9391 = ORIENTED_EDGE ( 'NONE', *, *, #5120, .T. ) ;
#9392 = VECTOR ( 'NONE', #8653, 39.37007874015748143 ) ;
#9393 = CARTESIAN_POINT ( 'NONE',  ( -0.03103010096156205710, 0.04665354330708929020, -0.06759842519685134443 ) ) ;
#9394 = PLANE ( 'NONE',  #3140 ) ;
#9395 = EDGE_CURVE ( 'NONE', #718, #7081, #2469, .T. ) ;
#9396 = EDGE_CURVE ( 'NONE', #5340, #5087, #8360, .T. ) ;
#9397 = ORIENTED_EDGE ( 'NONE', *, *, #3235, .T. ) ;
#9398 = AXIS2_PLACEMENT_3D ( 'NONE', #6300, #3490, #6446 ) ;
#9399 = AXIS2_PLACEMENT_3D ( 'NONE', #9371, #5580, #9417 ) ;
#9400 = CARTESIAN_POINT ( 'NONE',  ( -0.01226377952755858258, 0.04412906444113104398, -0.01543307086614261088 ) ) ;
#9401 = EDGE_CURVE ( 'NONE', #9532, #1879, #7557, .T. ) ;
#9402 = VERTEX_POINT ( 'NONE', #3203 ) ;
#9403 = CARTESIAN_POINT ( 'NONE',  ( -0.01999999999999998307, 0.05000000000000000278, -0.1649999999999999800 ) ) ;
#9405 = DIRECTION ( 'NONE',  ( -1.000000000000000000, 0.000000000000000000, -0.000000000000000000 ) ) ;
#9404 = PLANE ( 'NONE',  #3974 ) ;
#9406 = VERTEX_POINT ( 'NONE', #4612 ) ;
#9407 = ORIENTED_EDGE ( 'NONE', *, *, #912, .T. ) ;
#9408 = LENGTH_MEASURE_WITH_UNIT ( LENGTH_MEASURE( 0.02539999999999999897 ), #5844 );
#9409 = DIRECTION ( 'NONE',  ( 0.000000000000000000, 1.000000000000000000, 0.000000000000000000 ) ) ;
#9410 = CARTESIAN_POINT ( 'NONE',  ( -0.01978650686557534635, 0.03323314028328368253, -0.09023622047244185540 ) ) ;
#9411 = AXIS2_PLACEMENT_3D ( 'NONE', #6486, #4484, #8634 ) ;
#9412 = LINE ( 'NONE', #2814, #2889 ) ;
#9413 = PRESENTATION_STYLE_ASSIGNMENT (( #7212 ) ) ;
#9414 = EDGE_LOOP ( 'NONE', ( #8839, #9184, #6308, #397 ) ) ;
#9415 = ORIENTED_EDGE ( 'NONE', *, *, #1562, .F. ) ;
#9416 = EDGE_CURVE ( 'NONE', #7640, #5765, #4561, .T. ) ;
#9417 = DIRECTION ( 'NONE',  ( 1.000000000000000000, 0.000000000000000000, 3.491481338843132961E-15 ) ) ;
#9418 = VECTOR ( 'NONE', #1496, 39.37007874015748143 ) ;
#9419 =( NAMED_UNIT ( * ) SI_UNIT ( $, .STERADIAN. ) SOLID_ANGLE_UNIT ( ) );
#9420 = EDGE_CURVE ( 'NONE', #4520, #7201, #6828, .T. ) ;
#9421 = FACE_OUTER_BOUND ( 'NONE', #9100, .T. ) ;
#9422 = VECTOR ( 'NONE', #349, 39.37007874015748143 ) ;
#9423 = ORIENTED_EDGE ( 'NONE', *, *, #3075, .F. ) ;
#9424 = EDGE_LOOP ( 'NONE', ( #4473, #6919, #8486, #7037 ) ) ;
#9425 = DIRECTION ( 'NONE',  ( 1.365120289045977339E-16, 1.034790906691008358E-16, -1.000000000000000000 ) ) ;
#9426 = DIRECTION ( 'NONE',  ( -0.04361938736532857547, 0.9990482215818581313, 0.000000000000000000 ) ) ;
#9427 = DIRECTION ( 'NONE',  ( -1.000000000000000000, -0.000000000000000000, 3.414809992080327544E-16 ) ) ;
#9428 = DIRECTION ( 'NONE',  ( -1.000000000000000000, 6.950840520229924419E-15, 0.000000000000000000 ) ) ;
#9429 = PRESENTATION_STYLE_ASSIGNMENT (( #5016 ) ) ;
#9430 = CARTESIAN_POINT ( 'NONE',  ( -0.1037336785659956351, 0.04412906444113104398, -0.09023622047244214683 ) ) ;
#9431 = CLOSED_SHELL ( 'NONE', ( #3080, #9101, #6020, #3576, #4460, #850 ) ) ;
#9432 = DIRECTION ( 'NONE',  ( 0.000000000000000000, 0.000000000000000000, 1.000000000000000000 ) ) ;
#9433 = DIRECTION ( 'NONE',  ( 0.9990482215818581313, -0.04361938736532777749, 3.488158222257477129E-15 ) ) ;
#9434 = ORIENTED_EDGE ( 'NONE', *, *, #4640, .T. ) ;
#9435 = ORIENTED_EDGE ( 'NONE', *, *, #2087, .F. ) ;
#9436 = CARTESIAN_POINT ( 'NONE',  ( -0.09937007874015667264, 0.04665354330708928327, -0.1050000000000011896 ) ) ;
#9437 = LINE ( 'NONE', #2015, #2707 ) ;
#9438 = ORIENTED_EDGE ( 'NONE', *, *, #5096, .F. ) ;
#9439 = AXIS2_PLACEMENT_3D ( 'NONE', #4188, #5870, #5149 ) ;
#9440 = DIRECTION ( 'NONE',  ( 0.000000000000000000, 0.000000000000000000, -1.000000000000000000 ) ) ;
#9441 = PRESENTATION_STYLE_ASSIGNMENT (( #4152 ) ) ;
#9442 = UNCERTAINTY_MEASURE_WITH_UNIT (LENGTH_MEASURE( 1.000000000000000082E-05 ), #88, 'distance_accuracy_value', 'NONE');
#9443 = AXIS2_PLACEMENT_3D ( 'NONE', #3207, #4079, #3157 ) ;
#9444 = DIRECTION ( 'NONE',  ( -1.000000000000000000, 0.000000000000000000, 1.067128122525103097E-16 ) ) ;
#9445 = ORIENTED_EDGE ( 'NONE', *, *, #8506, .T. ) ;
#9446 = EDGE_CURVE ( 'NONE', #520, #4669, #4029, .T. ) ;
#9447 = CARTESIAN_POINT ( 'NONE',  ( 0.1674999999999999822, 0.06000000000000001166, 0.03499999999999989231 ) ) ;
#9449 = DIRECTION ( 'NONE',  ( -1.000000000000000000, 0.000000000000000000, -3.110729813824563327E-15 ) ) ;
#9448 = CARTESIAN_POINT ( 'NONE',  ( -0.04999999999999996114, 0.000000000000000000, 0.2324999999999999567 ) ) ;
#9450 = PRESENTATION_LAYER_ASSIGNMENT (  '', '', ( #5615 ) ) ;
#9451 = VERTEX_POINT ( 'NONE', #308 ) ;
#9452 = VERTEX_POINT ( 'NONE', #3844 ) ;
#9453 = EDGE_CURVE ( 'NONE', #314, #9161, #1706, .T. ) ;
#9454 = DIRECTION ( 'NONE',  ( -5.711474587107752758E-31, 1.000000000000000000, 1.950360048956841636E-46 ) ) ;
#9455 =( NAMED_UNIT ( * ) SI_UNIT ( $, .STERADIAN. ) SOLID_ANGLE_UNIT ( ) );
#9456 = AXIS2_PLACEMENT_3D ( 'NONE', #5403, #5349, #7717 ) ;
#9457 = EDGE_CURVE ( 'NONE', #6755, #385, #1747, .T. ) ;
#9458 = CARTESIAN_POINT ( 'NONE',  ( -0.1224999999999994427, 0.04412906444113104398, -0.03019685039370204743 ) ) ;
#9459 = LINE ( 'NONE', #3916, #6595 ) ;
#9460 = EDGE_CURVE ( 'NONE', #1358, #8974, #1026, .T. ) ;
#9461 = LINE ( 'NONE', #4414, #8106 ) ;
#9462 = ORIENTED_EDGE ( 'NONE', *, *, #8712, .T. ) ;
#9463 = VERTEX_POINT ( 'NONE', #6205 ) ;
#9464 = CARTESIAN_POINT ( 'NONE',  ( 0.1674999999999999822, 0.2541640786499874127, 0.1349999999999998979 ) ) ;
#9465 =( CONVERSION_BASED_UNIT ( 'INCH', #6546 ) LENGTH_UNIT ( ) NAMED_UNIT ( #8208 ) );
#9466 = LINE ( 'NONE', #8743, #8464 ) ;
#9467 = VERTEX_POINT ( 'NONE', #167 ) ;
#9468 = ORIENTED_EDGE ( 'NONE', *, *, #3790, .T. ) ;
#9469 = LINE ( 'NONE', #2865, #9335 ) ;
#9470 = DIRECTION ( 'NONE',  ( 0.000000000000000000, 1.000000000000000000, 0.000000000000000000 ) ) ;
#9471 = DIRECTION ( 'NONE',  ( -0.000000000000000000, 0.000000000000000000, 1.000000000000000000 ) ) ;
#9472 = LINE ( 'NONE', #5964, #6384 ) ;
#9473 = CARTESIAN_POINT ( 'NONE',  ( 0.2000000000000000389, 0.000000000000000000, -0.2500000000000000555 ) ) ;
#9474 = ADVANCED_FACE ( 'NONE', ( #3253 ), #9128, .T. ) ;
#9475 = DIRECTION ( 'NONE',  ( 0.000000000000000000, 0.000000000000000000, -1.000000000000000000 ) ) ;
#9476 = CARTESIAN_POINT ( 'NONE',  ( 0.1712499999999999578, 0.04249999999999999611, -0.05750000000000001638 ) ) ;
#9477 = ORIENTED_EDGE ( 'NONE', *, *, #7263, .F. ) ;
#9478 = VERTEX_POINT ( 'NONE', #3303 ) ;
#9479 = DIRECTION ( 'NONE',  ( -1.000000000000000000, -0.000000000000000000, -0.000000000000000000 ) ) ;
#9480 = DIRECTION ( 'NONE',  ( 0.000000000000000000, 0.000000000000000000, -1.000000000000000000 ) ) ;
#9481 = VERTEX_POINT ( 'NONE', #6254 ) ;
#9482 = CARTESIAN_POINT ( 'NONE',  ( -0.05250000000000000500, 0.04999999999999999584, -0.2250000000000000333 ) ) ;
#9483 = FACE_OUTER_BOUND ( 'NONE', #3263, .T. ) ;
#9484 = ADVANCED_FACE ( 'NONE', ( #5290 ), #3113, .F. ) ;
#9485 = AXIS2_PLACEMENT_3D ( 'NONE', #7297, #8112, #4454 ) ;
#9486 = FACE_OUTER_BOUND ( 'NONE', #7699, .T. ) ;
#9487 = EDGE_CURVE ( 'NONE', #7124, #893, #1849, .T. ) ;
#9488 = ORIENTED_EDGE ( 'NONE', *, *, #540, .F. ) ;
#9489 = AXIS2_PLACEMENT_3D ( 'NONE', #5680, #7856, #7901 ) ;
#9490 = CARTESIAN_POINT ( 'NONE',  ( -0.1149772726619823077, 0.02500000000000262776, -0.09023622047244218847 ) ) ;
#9491 = EDGE_CURVE ( 'NONE', #6422, #7962, #402, .T. ) ;
#9492 = EDGE_CURVE ( 'NONE', #497, #2899, #3353, .T. ) ;
#9493 = CIRCLE ( 'NONE', #4433, 0.008233140283281080787 ) ;
#9494 = DIRECTION ( 'NONE',  ( 0.000000000000000000, 0.000000000000000000, -1.000000000000000000 ) ) ;
#9495 = AXIS2_PLACEMENT_3D ( 'NONE', #5548, #5689, #7094 ) ;
#9496 = ORIENTED_EDGE ( 'NONE', *, *, #5347, .F. ) ;
#9497 = AXIS2_PLACEMENT_3D ( 'NONE', #9108, #2498, #3091 ) ;
#9498 = EDGE_LOOP ( 'NONE', ( #6611, #909, #6974, #2714 ) ) ;
#9499 = EDGE_CURVE ( 'NONE', #7702, #8383, #1172, .T. ) ;
#9500 = FILL_AREA_STYLE ('',( #5941 ) ) ;
#9501 = AXIS2_PLACEMENT_3D ( 'NONE', #4400, #2948, #1493 ) ;
#9502 = AXIS2_PLACEMENT_3D ( 'NONE', #5900, #7976, #4312 ) ;
#9503 = LINE ( 'NONE', #8919, #5504 ) ;
#9504 = LENGTH_MEASURE_WITH_UNIT ( LENGTH_MEASURE( 0.02539999999999999897 ), #6247 );
#9505 = VERTEX_POINT ( 'NONE', #4176 ) ;
#9506 = PLANE ( 'NONE',  #7254 ) ;
#9508 = DIRECTION ( 'NONE',  ( -3.414809992080327544E-16, 0.000000000000000000, -1.000000000000000000 ) ) ;
#9507 = DIRECTION ( 'NONE',  ( -1.000000000000000000, 0.000000000000000000, -3.381697939847999996E-15 ) ) ;
#9509 = VECTOR ( 'NONE', #7732, 39.37007874015748143 ) ;
#9510 = ORIENTED_EDGE ( 'NONE', *, *, #6995, .F. ) ;
#9511 = APPLICATION_PROTOCOL_DEFINITION ( 'draft international standard', 'automotive_design', 1998, #7438 ) ;
#9512 = ORIENTED_EDGE ( 'NONE', *, *, #482, .F. ) ;
#9513 = EDGE_CURVE ( 'NONE', #3099, #8949, #3495, .T. ) ;
#9514 = DIRECTION ( 'NONE',  ( -0.000000000000000000, -1.000000000000000000, -0.000000000000000000 ) ) ;
#9515 = STYLED_ITEM ( 'NONE', ( #2737 ), #6101 ) ;
#9516 = ADVANCED_FACE ( 'NONE', ( #5722 ), #2618, .T. ) ;
#9517 = PRESENTATION_STYLE_ASSIGNMENT (( #743 ) ) ;
#9518 = ADVANCED_FACE ( 'NONE', ( #4265 ), #7843, .F. ) ;
#9519 = DIRECTION ( 'NONE',  ( 0.9990482215818581313, -0.04361938736532777749, 3.488158222257477129E-15 ) ) ;
#9520 = ORIENTED_EDGE ( 'NONE', *, *, #8013, .T. ) ;
#9521 = EDGE_LOOP ( 'NONE', ( #7353, #6829, #1199, #1773 ) ) ;
#9522 = CARTESIAN_POINT ( 'NONE',  ( -0.03103010096156209180, 0.04412906444113104398, -0.05283464566929229472 ) ) ;
#9523 =( GEOMETRIC_REPRESENTATION_CONTEXT ( 3 ) GLOBAL_UNCERTAINTY_ASSIGNED_CONTEXT ( ( #4247 ) ) GLOBAL_UNIT_ASSIGNED_CONTEXT ( ( #3604, #2043, #8836 ) ) REPRESENTATION_CONTEXT ( 'NONE', 'WORKASPACE' ) );
#9524 = LINE ( 'NONE', #4470, #8108 ) ;
#9525 = DIRECTION ( 'NONE',  ( 0.04361938736532856853, 0.9990482215818581313, -0.000000000000000000 ) ) ;
#9526 = DIRECTION ( 'NONE',  ( -2.806057134721434486E-15, -4.947835822608779889E-16, 1.000000000000000000 ) ) ;
#9527 = DIRECTION ( 'NONE',  ( 0.000000000000000000, 1.000000000000000000, 0.000000000000000000 ) ) ;
#9528 = CARTESIAN_POINT ( 'NONE',  ( -0.08559055118110156513, 0.06240157480315226129, -0.1035236220472452173 ) ) ;
#9529 = VECTOR ( 'NONE', #2981, 39.37007874015748143 ) ;
#9530 = DIRECTION ( 'NONE',  ( 0.7071067811865457964, -7.317076672313902364E-17, 0.7071067811865493491 ) ) ;
#9531 = ORIENTED_EDGE ( 'NONE', *, *, #3581, .T. ) ;
#9532 = VERTEX_POINT ( 'NONE', #6451 ) ;
#9533 = PLANE ( 'NONE',  #5711 ) ;
#9534 = CARTESIAN_POINT ( 'NONE',  ( -0.03103010096156205710, 0.04412906444113104398, -0.06759842519685134443 ) ) ;
#9535 = VERTEX_POINT ( 'NONE', #2039 ) ;
ENDSEC;
END-ISO-10303-21;
